date,campaign_id,channel,country,creative_type,spend,impressions,clicks,installs,tutorial_completion_rate,d1_retention,d7_retention,arpu_d1,arpu_d7,d1_revenue,d7_revenue,d7_roas,ctr,cvr,cpi
2026-01-01,C001,Meta,US,static,733.57,30019,465,62,0.6034522995094831,0.36560870466908446,0.15482008835729327,0.14640718815046214,0.4749781741066767,9.077245665328652,29.448646794613957,0.04014402014789431,0.015490189546620474,0.13333333333333333,11.831774193548387
2026-01-02,C001,Meta,US,static,1141.08,47406,728,94,0.6216776002462231,0.35817231839310076,0.14435049354693946,0.13165172762170246,0.4933456204691951,12.375262396440032,46.37448832410434,0.04064103611741472,0.015356705902206471,0.12912087912087913,12.139148936170212
2026-01-03,C001,Meta,US,static,726.91,41835,577,69,0.5910138608750412,0.380874075661362,0.1692275932664553,0.11655334260356039,0.5424790622257415,8.042180639645666,37.431055293576165,0.05149342231642995,0.013792279192064062,0.1195840554592721,10.534927536231883
2026-01-04,C001,Meta,US,static,693.87,34615,545,68,0.5476333108397818,0.3540613066746817,0.15044683473205905,0.11941997997145433,0.45920748511110043,8.120558638058894,31.22610898755483,0.045002701834635776,0.01574461938465983,0.12477064220183487,10.203970588235293
2026-01-05,C001,Meta,US,static,909.93,50563,654,73,0.6551751885721171,0.3708113397689341,0.15825996201493553,0.1477250425941503,0.5236297887775918,10.783928109372972,38.224974580764204,0.04200856248755043,0.0129343591163499,0.11162079510703364,12.464794520547944
2026-01-06,C001,Meta,US,static,954.85,54421,706,100,0.5213122754044152,0.37413039288881206,0.15521208020599403,0.10744144870777757,0.407739745420418,10.744144870777756,40.7739745420418,0.04270207410973494,0.012972933242682052,0.141643059490085,9.5485
2026-01-07,C001,Meta,US,static,1007.4,46268,709,92,0.5687283800079583,0.38061669182438,0.16074927650263968,0.14129797207855127,0.5639748481671398,12.999413431226717,51.88568603137686,0.051504392637487156,0.015323765885709346,0.12976022566995768,10.95
2026-01-08,C001,Meta,US,static,752.43,37965,505,72,0.5482919141472381,0.3892809672875618,0.14981656225932857,0.09723309144480191,0.44606979504250005,7.000782584025737,32.117025243060006,0.042684370313383874,0.013301725273278019,0.14257425742574256,10.450416666666666
2026-01-09,C001,Meta,US,static,812.93,38182,562,81,0.5207586796989365,0.3775777366786455,0.13771884176393118,0.1128457010022112,0.46934744665226413,9.140501781179108,38.01714317883339,0.04676580512238237,0.014718977528678436,0.14412811387900357,10.036172839506172
2026-01-10,C001,Meta,US,static,1132.06,52935,697,90,0.5239891465858055,0.3341857862775434,0.17527495777246976,0.11015610250276771,0.5188228055542498,9.914049225249094,46.69405249988248,0.04124698502932914,0.013167091716255786,0.1291248206599713,12.578444444444443
2026-01-11,C001,Meta,US,static,805.14,42925,644,78,0.6550217996565725,0.36126198450098945,0.180443876858985,0.13090919999674802,0.5224252020374449,10.210917599746345,40.749165758920704,0.050611219090253526,0.015002912055911474,0.12111801242236025,10.322307692307692
2026-01-12,C001,Meta,US,static,1090.86,65595,836,104,0.6508015293359173,0.44756919079167773,0.16994835439620407,0.12717261555148038,0.5651963777594492,13.22595201735396,58.78042328698272,0.0538846056952184,0.012744873847092004,0.12440191387559808,10.48903846153846
2026-01-13,C001,Meta,US,static,1182.64,54716,777,87,0.6223443313582517,0.34556800728972054,0.13192934861564318,0.14795014419456576,0.6269614003941602,12.87166254492722,54.545641834291935,0.04612204084170968,0.014200599459024783,0.11196911196911197,13.593563218390806
2026-01-14,C001,Meta,US,static,739.39,30148,495,57,0.5872099544232047,0.3386612704164049,0.14593898937484548,0.11048705984394992,0.5002439620456609,6.297762411105146,28.51390583660267,0.038563998084527894,0.016418999601963646,0.11515151515151516,12.971754385964912
2026-01-15,C001,Meta,US,static,858.35,42948,562,71,0.5671063987301629,0.35213016710282086,0.15101533873210182,0.13569150930433815,0.4387165644038675,9.63409716060801,31.148876072674593,0.03628945745084615,0.013085591878550806,0.12633451957295375,12.08943661971831
2026-01-16,C001,Meta,US,static,806.71,34459,493,59,0.6044538985470448,0.4036101311037765,0.14836329803187456,0.10668483247532091,0.4843453505012913,6.294405116043934,28.576375679576188,0.03542324334159775,0.014306857424765663,0.11967545638945233,13.673050847457628
2026-01-17,C001,Meta,US,static,1087.06,64553,850,105,0.707381458025171,0.37269422152963627,0.1602071336216835,0.10638674929850747,0.5099956912979564,11.170608676343285,53.54954758628542,0.04926107005638839,0.013167474788158568,0.12352941176470589,10.352952380952381
2026-01-18,C001,Meta,US,static,826.69,32225,518,60,0.5533875993645195,0.35067881262842726,0.13519694920723552,0.11670048244213248,0.39652258473126567,7.002028946527949,23.791355083875942,0.02877895523889428,0.016074476338246702,0.11583011583011583,13.778166666666667
2026-01-19,C001,Meta,US,static,648.06,30600,485,67,0.4996179723413485,0.3245115133068501,0.14664735352318145,0.134055025536131,0.40031795899200595,8.981686710920776,26.8213032524644,0.041386864962588636,0.01584967320261438,0.13814432989690723,9.672537313432835
2026-01-20,C001,Meta,US,static,1057.37,58666,810,92,0.5334855285146901,0.3283114432986438,0.1447696761254053,0.10003441362847545,0.4888406794734413,9.203166053819741,44.973342511556595,0.04253317392544645,0.013806975079262264,0.11358024691358025,11.493152173913042
2026-01-21,C001,Meta,US,static,955.69,47158,697,98,0.6392573430944783,0.38698625690436866,0.20432372236893412,0.14923633232431116,0.5571038304989159,14.625160567782494,54.596175388893755,0.05712749351373946,0.014780100937274693,0.1406025824964132,9.751938775510204
2026-01-22,C001,Meta,US,static,765.92,40319,524,73,0.551168926546778,0.27933656982888766,0.1567463318970442,0.11368908655882977,0.38758348024899225,8.299303318794573,28.293594058176435,0.03694047562401118,0.012996354076241971,0.13931297709923665,10.492054794520547
2026-01-23,C001,Meta,US,static,1064.5,44012,704,79,0.5965337867995515,0.4110928205610834,0.10156185675274434,0.11468606580754777,0.5131057293269172,9.060199198796274,40.53535261682646,0.03807936787397345,0.015995637553394528,0.11221590909090909,13.474683544303797
2026-01-24,C001,Meta,US,static,840.52,40508,583,68,0.6016409268924718,0.34481062383854194,0.14655117163851838,0.09848791162204781,0.4656285341097274,6.697177990299251,31.662740319461463,0.03767060504161744,0.014392218820973635,0.11663807890222985,12.360588235294117
2026-01-25,C001,Meta,US,static,1382.69,68500,959,123,0.643242973453954,0.41455715675791327,0.15645087736847313,0.1265738298175108,0.49185105156538,15.56858106755383,60.497679342541744,0.04375363984378194,0.014,0.12825860271115747,11.241382113821139
2026-01-26,C001,Meta,US,static,857.05,34113,558,63,0.6266676811072912,0.42727355014425056,0.1698880627456256,0.09649684946554082,0.5063119861525506,6.079301516329072,31.897655127610687,0.03721777326213299,0.01635740040453786,0.11290322580645161,13.603968253968253
2026-01-27,C001,Meta,US,static,889.78,37223,596,82,0.6404673822089214,0.36032251142368826,0.1519185760792026,0.13254414386491914,0.6127407297809163,10.868619796923369,50.24473984203514,0.05646880951062041,0.01601160572764151,0.13758389261744966,10.850975609756098
2026-01-28,C001,Meta,US,static,949.32,40806,650,90,0.5138255105946649,0.346015149143955,0.16337989808073716,0.09348385406475705,0.5866899656236169,8.413546865828135,52.80209690612552,0.055620886469151615,0.015929030044601285,0.13846153846153847,10.548
2026-01-29,C001,Meta,US,static,901.54,36988,574,69,0.6419290769723198,0.4014568772854028,0.14662750308310862,0.12453207894196781,0.5295149369215442,8.592713446995779,36.536530647586545,0.04052692219477573,0.015518546555639667,0.12020905923344948,13.065797101449276
2026-01-30,C001,Meta,US,static,1261.36,62204,886,120,0.5644022113110073,0.3742504724615232,0.17029657327078446,0.11880758321664361,0.5839414530549627,14.256909985997234,70.07297436659553,0.05555340015638549,0.014243457012410778,0.13544018058690746,10.511333333333333
2026-01-31,C001,Meta,US,static,1338.09,63878,1042,138,0.5987255323162155,0.32304071824150493,0.14247915104111472,0.12815858620553103,0.36505456275011283,17.68588489636328,50.377529659515574,0.03764879604327306,0.01631234540843483,0.1324376199616123,9.696304347826086
2026-02-01,C001,Meta,US,static,823.87,41633,578,83,0.5705348634711438,0.31551310549870276,0.1614271586235085,0.11691969337690031,0.554547565299267,9.704334550282725,46.027447919839155,0.05586753873847726,0.013883217639853002,0.14359861591695502,9.926144578313252
2026-02-02,C001,Meta,US,static,1219.33,51929,801,89,0.6521208094593242,0.37210924369110737,0.16026170571387244,0.12966535040250893,0.587764971573827,11.540216185823294,52.3110824700706,0.042901605033650425,0.015424907084673305,0.1111111111111111,13.700337078651685
2026-02-03,C001,Meta,US,static,924.47,58870,740,81,0.5540182369718054,0.32757257022083947,0.10834356599641895,0.10970498708855678,0.5544515871699233,8.886103954173098,44.91057856076378,0.04857957920671835,0.012570069644980466,0.10945945945945947,11.41320987654321
2026-02-04,C001,Meta,US,static,987.5,39491,642,70,0.5993271116764604,0.3453544514684566,0.1259981404048813,0.10147431582532528,0.38032667395640085,7.103202107772769,26.62286717694806,0.026959995021642157,0.01625686865361728,0.10903426791277258,14.107142857142858
2026-02-05,C001,Meta,US,static,711.92,27300,461,60,0.49824286310694454,0.34610002360542186,0.1356528965493812,0.0794687928077787,0.5101604353249486,4.768127568466722,30.609626119496916,0.04299604710330813,0.016886446886446888,0.1301518438177874,11.865333333333332
2026-02-06,C001,Meta,US,static,772.85,31900,465,64,0.614476418176603,0.3851169130572064,0.18235459037695545,0.11545285735637756,0.4239157918714649,7.388982870808164,27.130610679773753,0.03510472911723388,0.014576802507836991,0.13763440860215054,12.07578125
2026-02-07,C001,Meta,US,static,1200.12,55364,731,93,0.6439798448022606,0.41963697771854785,0.1502741068055453,0.11754173993932417,0.5539146538661474,10.931381814357147,51.5140628095517,0.0429242086458943,0.013203525756809479,0.12722298221614228,12.904516129032256
2026-02-08,C001,Meta,US,static,938.9,43286,622,77,0.4812574277463146,0.3102237615795593,0.13405369637173312,0.10636449580147053,0.5869739405508794,8.19006617671323,45.19699342241771,0.0481382835014946,0.014369542115233563,0.12379421221864952,12.193506493506494
2026-02-09,C001,Meta,US,static,1056.38,45609,714,95,0.6265254104652559,0.36524912771382806,0.17770489825066574,0.10384181088208735,0.5145066019071857,9.8649720337983,48.87812718118264,0.04626942001046696,0.015654804972702756,0.1330532212885154,11.119789473684211
2026-02-10,C001,Meta,US,static,1188.07,46445,765,109,0.5814222110123474,0.3412002375587788,0.16051632278771,0.10470423743283239,0.5392136190789361,11.41276188017873,58.77428447960403,0.04947045462707659,0.016471094843363118,0.14248366013071895,10.899724770642202
2026-02-11,C001,Meta,US,static,791.17,41638,584,67,0.5010133575202659,0.3406913054536928,0.10633356280470846,0.09059660164015096,0.5621774186864605,6.069972309890114,37.665887051992854,0.04760780644702156,0.014025649646957107,0.11472602739726027,11.808507462686567
2026-02-12,C001,Meta,US,static,1046.93,57548,815,118,0.6603445148667662,0.38363435474884955,0.17614390557764537,0.10561033777819107,0.5305156287988496,12.462019857826546,62.600844198264255,0.05979452076088542,0.014162090776395356,0.14478527607361963,8.872288135593221
2026-02-13,C001,Meta,US,static,756.74,38396,571,65,0.5791636783281313,0.38884474644967554,0.12225394211570334,0.09623259297103404,0.5457261783579118,6.255118543117212,35.472201593264266,0.04687520344143862,0.014871340764662986,0.1138353765323993,11.642153846153846
2026-02-14,C001,Meta,US,static,942.24,52013,671,92,0.6339513183339006,0.3486417607235084,0.1309670893510148,0.10910877439466549,0.5194482964777243,10.038007244309224,47.78924327595063,0.050718858653064684,0.012900620998596504,0.13710879284649777,10.241739130434782
2026-02-15,C001,Meta,US,static,720.4,32886,498,63,0.479112082061108,0.30923009574623417,0.1441270595793258,0.104939294089114,0.4422150431142755,6.611175527614182,27.85954771619936,0.038672495956890464,0.015143222039773764,0.12650602409638553,11.434920634920635
2026-02-16,C001,Meta,US,static,687.76,33076,494,59,0.6468777343892239,0.39831264864745747,0.2029598446476204,0.1241734002127983,0.5148642112089157,7.3262306125551,30.376988461326025,0.044168306048275284,0.014935300520014513,0.1194331983805668,11.656949152542373
2026-02-17,C001,Meta,US,static,961.99,47171,696,89,0.5381139654506492,0.34556609587398274,0.14083002534564795,0.09663452660024863,0.5135106858283986,8.600472867422127,45.70245103872748,0.047508257820841865,0.014754828178329906,0.1278735632183908,10.808876404494383
2026-02-18,C001,Meta,US,static,747.05,31381,456,54,0.5961411255118917,0.37935651644789437,0.13679587180593783,0.12255173778683083,0.4214530201851767,6.617793840488865,22.758463089999545,0.03046428193144641,0.014531085688792581,0.11842105263157894,13.834259259259259
2026-02-19,C001,Meta,US,static,1032.56,39888,660,89,0.6310550297495844,0.36590743194989633,0.18015102239957237,0.15822690635220168,0.4745398149959145,14.08219466534595,42.23404353463639,0.040902158822742216,0.01654632972322503,0.13484848484848486,11.601797752808988
2026-02-20,C001,Meta,US,static,959.12,34248,579,69,0.5565892203849576,0.34292013863194143,0.1504246240529984,0.11507133192141523,0.5709967492507659,7.939921902577651,39.39877569830285,0.041077867818277845,0.016906096706377015,0.11917098445595854,13.900289855072463
2026-02-21,C001,Meta,US,static,1262.14,55664,894,99,0.5711892261679142,0.38459511037161404,0.16874234716652128,0.12541564267434155,0.4033143078719302,12.416148624759813,39.92811647932109,0.031635292215135793,0.01606064961195746,0.11073825503355705,12.74888888888889
2026-02-22,C001,Meta,US,static,848.03,35340,555,76,0.5849694623302323,0.41236323001199987,0.16772815123250498,0.11676268299697663,0.6224531547672117,8.873963907770223,47.306439762308095,0.055784173590341136,0.015704584040747028,0.13693693693693693,11.15828947368421
2026-02-23,C001,Meta,US,static,641.23,28304,440,48,0.5609725903347401,0.39801165053967036,0.12799343367707222,0.07888428135851916,0.585729161571175,3.7864455052089196,28.114999755416402,0.04384575479499108,0.015545505935556812,0.10909090909090909,13.358958333333334
2026-02-24,C001,Meta,US,static,1057.17,49567,709,84,0.5933701838712155,0.40987296448438554,0.17402603509325973,0.10405166877040646,0.5794397544394015,8.740340176714144,48.67293937290973,0.046040617740126646,0.014303871527427523,0.11847672778561354,12.585357142857143
2026-02-25,C001,Meta,US,static,1007.48,54288,714,93,0.600894542660858,0.34865552366990876,0.17019434399084823,0.12321742390493154,0.6594356291515759,11.459220423158634,61.32751351109656,0.06087214976785844,0.013152077807250221,0.13025210084033614,10.833118279569893
2026-02-26,C001,Meta,US,static,821.88,48436,651,71,0.5876842999700803,0.397291352940816,0.143905744179213,0.09091564745401104,0.49320035097547255,6.455010969234784,35.01722491925855,0.04260646726897438,0.013440416219340987,0.10906298003072197,11.575774647887323
2026-02-27,C001,Meta,US,static,787.69,35695,485,58,0.6166857823288001,0.3171837683834968,0.17991608849804347,0.1310817336680614,0.49690130674833916,7.60274055274756,28.82027579140367,0.03658837926174819,0.013587337162067517,0.11958762886597939,13.580862068965518
2026-02-28,C001,Meta,US,static,759.58,35571,584,69,0.607747972933264,0.3637925253313528,0.17000233535843653,0.128211950616541,0.5801551090546412,8.84662459254133,40.03070252477024,0.0527011789578619,0.016417868488375363,0.11815068493150685,11.00840579710145
2026-03-01,C001,Meta,US,static,1074.07,41163,660,76,0.6467014521853067,0.3550847935485755,0.1451920289204109,0.12356282771303123,0.490373904757909,9.390774906190373,37.26841676160108,0.03469832599340724,0.01603381677720283,0.11515151515151516,14.132499999999999
2026-01-01,C002,Meta,BR,playable,1233.36,121227,2258,350,0.48062381730922,0.3121660694868107,0.15484232163419512,0.040164870155666776,0.12447449145872186,14.057704554483372,43.56607201055265,0.03532314285873886,0.018626213632276636,0.1550044286979628,3.523885714285714
2026-01-02,C002,Meta,BR,playable,767.18,59234,1167,184,0.5722135594426058,0.3406915864123458,0.15615868553104328,0.03146996471228971,0.19900850075002607,5.790473507061306,36.617564138004795,0.04772994740900198,0.019701522774082453,0.15766923736075408,4.16945652173913
2026-01-03,C002,Meta,BR,playable,959.9,77003,1629,297,0.5963868189711484,0.4061010992288367,0.10949379872104387,0.028839648712601598,0.1626060369961778,8.565375667642675,48.293992987864804,0.050311226559059966,0.021155019934288276,0.18232044198895028,3.2319865319865317
2026-01-04,C002,Meta,BR,playable,1065.11,81446,1521,252,0.5872350309575597,0.37968691383305286,0.1475902257094014,0.05421645468473497,0.22217541494294768,13.662546580553212,55.988204565622816,0.05256559973018695,0.018674950273801047,0.16568047337278108,4.226626984126984
2026-01-05,C002,Meta,BR,playable,753.39,61442,1375,213,0.5334898770357931,0.2975087408704476,0.14919061436465086,0.06263998626224154,0.31473467603073924,13.342317073857448,67.03848599454746,0.08898237300297984,0.022378828814166207,0.1549090909090909,3.5370422535211268
2026-01-06,C002,Meta,BR,playable,1086.19,79119,1583,299,0.6280325637135908,0.39886091712425925,0.16659841744698162,0.03376271877475178,0.2534969271108637,10.095052913650783,75.79558120614824,0.06978104957231514,0.02000783629722317,0.18888186986734049,3.6327424749163884
2026-01-07,C002,Meta,BR,playable,1017.89,85254,1794,285,0.5259943345222816,0.26556750867270357,0.13462068928326493,0.035618681148320896,0.11004617479859434,10.151324127271456,31.36315981759939,0.030811957083511473,0.021043000914913082,0.1588628762541806,3.5715438596491227
2026-01-08,C002,Meta,BR,playable,1210.66,85629,2066,357,0.5265451505534675,0.2896113908005134,0.14227963105429886,0.04532748443456875,0.11063307889979272,16.181911943141042,39.496009167226,0.03262340627876964,0.02412734003666982,0.1727976766698935,3.3912044817927174
2026-01-09,C002,Meta,BR,playable,746.09,47317,1048,156,0.6075997026396346,0.3700829545701949,0.13508911193309314,0.04956214004716673,0.1755027569987496,7.73169384735801,27.378430091804937,0.03669563941563079,0.02214848785848638,0.14885496183206107,4.782628205128205
2026-01-10,C002,Meta,BR,playable,755.11,48782,1160,166,0.6092603391932823,0.38592597252705363,0.14875779215490273,0.03625621734470892,0.14293863373156268,6.018532079221681,23.727813199439407,0.0314230052628105,0.02377926284285187,0.14310344827586208,4.548855421686747
2026-01-11,C002,Meta,BR,playable,1122.5,76927,1695,307,0.6045532057337136,0.38868917237271955,0.15519676697904683,0.043986429856081914,0.23895616517649265,13.503833965817147,73.35954270918324,0.06535387855382287,0.022033876272310113,0.18112094395280237,3.6563517915309447
2026-01-12,C002,Meta,BR,playable,673.95,46511,973,172,0.48218891023206184,0.30960554748627234,0.16377336429926037,0.027214701607960252,0.06274578383241003,4.680928676569163,10.792274819174525,0.01601342334038525,0.02091978241706263,0.17677286742034942,3.918313953488372
2026-01-13,C002,Meta,BR,playable,831.14,64071,1391,250,0.601251482151468,0.41143239908290047,0.1293565734641629,0.04453519940711864,0.16831374757314282,11.13379985177966,42.078436893285705,0.0506270983921174,0.021710290146868316,0.17972681524083392,3.32456
2026-01-14,C002,Meta,BR,playable,642.67,49054,1137,163,0.616496352364185,0.434490770871895,0.15725071036978958,0.054580450689344355,0.2455404473778419,8.89661346236313,40.023092922588226,0.062275958158590036,0.02317853793778285,0.14335971855760773,3.942760736196319
2026-01-15,C002,Meta,BR,playable,1293.66,96363,2145,407,0.5896074367323112,0.3471572229589819,0.1498317913426725,0.047911841950651686,0.22292875799268336,19.500119673915236,90.73200450302213,0.07013568569122855,0.022259580959496903,0.18974358974358974,3.178525798525799
2026-01-16,C002,Meta,BR,playable,956.98,68109,1358,200,0.5928448554861789,0.3453430690856977,0.16918240966288703,0.030314465280920168,0.1899835193737025,6.062893056184033,37.996703874740504,0.039704996332567175,0.019938627787810716,0.14727540500736377,4.7849
2026-01-17,C002,Meta,BR,playable,809.8,70390,1512,289,0.5123479571481981,0.3003522350037467,0.14938277173127112,0.04616286500958419,0.20407363598513487,13.341067987769831,58.977280799703976,0.07282970116956444,0.021480323909646257,0.19113756613756613,2.8020761245674737
2026-01-18,C002,Meta,BR,playable,1184.82,67460,1668,318,0.5234728478636927,0.35598613726388245,0.12413892619541357,0.006375698751112574,0.08434051300078389,2.0274722028537986,26.820283134249276,0.02263657332768874,0.02472576341535725,0.1906474820143885,3.7258490566037734
2026-01-19,C002,Meta,BR,playable,827.19,74145,1483,224,0.5772972647236145,0.34713879458140007,0.1649976496727702,0.028357628214822243,0.2417986041899848,6.3521087201201825,54.162887338556594,0.06547814648994717,0.020001348708611505,0.15104517869184086,3.6928125
2026-01-20,C002,Meta,BR,playable,1035.14,74812,1830,272,0.5612241808172267,0.3781857120864422,0.13517848126720688,0.04054024834659536,0.24404248877207038,11.026947550273936,66.37955694600315,0.06412598735927541,0.02446131636635834,0.14863387978142076,3.805661764705883
2026-01-21,C002,Meta,BR,playable,837.73,53231,1271,237,0.5619272743498672,0.3781842576318263,0.10291794655270858,0.041701283034337136,0.14547667999159175,9.8832040791379,34.477973158007245,0.04115658332018042,0.02387706411677406,0.18646734854445318,3.5347257383966246
2026-01-22,C002,Meta,BR,playable,1039.47,77393,1667,282,0.557416722561196,0.35330004291297384,0.14638226872300011,0.05508880753405221,0.2754652249467636,15.535043724602723,77.68119343498734,0.07473128766031108,0.021539415709431086,0.16916616676664667,3.6860638297872343
2026-01-23,C002,Meta,BR,playable,986.26,79417,1565,243,0.5389796708845357,0.32207497590519063,0.14928066415858368,0.05086162153073624,0.25689388930283236,12.359374031968906,62.42521510058826,0.06329487347770746,0.019706108263973707,0.15527156549520768,4.058683127572016
2026-01-24,C002,Meta,BR,playable,1040.71,74779,1852,341,0.5282492046209668,0.3788726314710853,0.16176707567985912,0.03289648730558339,0.17118878326991366,11.217702171203936,58.37537509504056,0.05609200750660799,0.024766311397584884,0.18412526997840173,3.051935483870968
2026-01-25,C002,Meta,BR,playable,1322.55,88566,2057,376,0.5336819084357817,0.2983340691531455,0.13464061287189316,0.04471266582732621,0.11041451506616079,16.811962351074655,41.51585766487646,0.03139080674957686,0.023225617053948468,0.18279047156052503,3.5174202127659573
2026-01-26,C002,Meta,BR,playable,681.35,57928,1112,167,0.5841030431537519,0.37620400892764694,0.12904724831700967,0.0336592391597723,0.27573373093279013,5.621092939681974,46.04753306577595,0.06758292728804394,0.019196243612760667,0.15017985611510792,4.079940119760479
2026-01-27,C002,Meta,BR,playable,898.11,59551,1460,233,0.5509428281992714,0.3372161990462572,0.1484665486315068,0.023849398063514986,0.2107445060729957,5.556909748798992,49.103469915008,0.05467418473832299,0.024516800725428625,0.15958904109589042,3.854549356223176
2026-01-28,C002,Meta,BR,playable,936.7,65510,1605,259,0.5843811945490999,0.37568484752219766,0.1674628085321046,0.05212078266870806,0.22163408334886125,13.499282711195388,57.40322758735506,0.061282366146889596,0.02450007632422531,0.16137071651090343,3.6166023166023167
2026-01-29,C002,Meta,BR,playable,1061.69,85551,1797,296,0.5313299676626417,0.3425026232143587,0.12683660655383658,0.05576331189621191,0.2115138113350042,16.505940321278725,62.60808815516124,0.058970227024927005,0.021005014552722936,0.16471897607122982,3.586790540540541
2026-01-30,C002,Meta,BR,playable,715.89,44492,1065,165,0.5821135125017364,0.3519628998086822,0.1433377002201337,0.05892011110102451,0.23129699355140837,9.721818331669045,38.16400393598238,0.05331023702515183,0.023936887530342534,0.15492957746478872,4.338727272727272
2026-01-31,C002,Meta,BR,playable,874.71,60816,1393,266,0.5750605689403578,0.3560117862485741,0.16930680191883715,0.06688417828136989,0.2207125680549926,17.791191422844392,58.70954310262803,0.06711883052618058,0.022905156537753223,0.19095477386934673,3.2883834586466167
2026-02-01,C002,Meta,BR,playable,708.73,49020,1178,204,0.583344211201119,0.36489508447102303,0.12447626507832273,0.06208292012645157,0.24368064058585015,12.66491570579612,49.71085067951343,0.070141228248029,0.024031007751937984,0.1731748726655348,3.4741666666666666
2026-02-02,C002,Meta,BR,playable,835.45,60105,1459,276,0.6153039688981367,0.3351555659797152,0.15108872491375092,0.052954294928512696,0.36477351779562095,14.615385400269505,100.67749091159138,0.12050762065360307,0.024274186839697197,0.18917066483893077,3.0269927536231886
2026-02-03,C002,Meta,BR,playable,653.67,49914,1010,157,0.5657134521218272,0.3980926693727224,0.138566895419255,0.06582176783512854,0.16890053211008788,10.334017550115181,26.517383541283795,0.040566777629297356,0.020234803862643747,0.15544554455445544,4.163503184713376
2026-02-04,C002,Meta,BR,playable,820.28,51013,1214,182,0.5532330359646652,0.3607213353622848,0.12131082937592527,0.03695395715048192,0.22885745230942156,6.725620201387709,41.65205632031473,0.05077757614644535,0.023797855448611138,0.14991762767710048,4.507032967032967
2026-02-05,C002,Meta,BR,playable,1104.83,63805,1577,231,0.5359322710383769,0.32510736947947844,0.13689536241602754,0.03841165199778426,0.10539418053285225,8.873091611488165,24.34605570308887,0.022036062479892225,0.024715931353342213,0.14648065948002537,4.782813852813852
2026-02-06,C002,Meta,BR,playable,676.09,50870,1116,187,0.588656599474518,0.34177316246748457,0.175132030182443,0.0734882231116939,0.24132527172899126,13.742297721886759,45.127825813321365,0.06674834593824311,0.02193827403184588,0.16756272401433692,3.6154545454545457
2026-02-07,C002,Meta,BR,playable,1005.24,77678,1640,238,0.5423764098440718,0.38150783650433684,0.12308627966019778,0.03774798770981319,0.2892985670994136,8.984021074935539,68.85305896966044,0.06849445063189576,0.021112798990705218,0.14512195121951219,4.223697478991597
2026-02-08,C002,Meta,BR,playable,1225.4,84109,1812,340,0.5242198247371695,0.35767227484459224,0.12763370003405242,0.049873928965659994,0.13020437156054218,16.9571358483244,44.26948633058434,0.03612647553580512,0.021543473350057664,0.18763796909492272,3.604117647058824
2026-02-09,C002,Meta,BR,playable,711.72,50043,1170,169,0.6405336455942069,0.35613836607100785,0.1447436386882217,0.018013098437392648,0.15661572578779667,3.0442136359193577,26.46805765813764,0.037188771741191846,0.02337989329176908,0.14444444444444443,4.211360946745562
2026-02-10,C002,Meta,BR,playable,1010.69,88782,1857,334,0.5355077398833245,0.32891147832566797,0.13823232993119708,0.07146564293227381,0.0549791574126621,23.869524739379454,18.36303857582914,0.01816875151204261,0.02091640197337298,0.17985998922994076,3.0260179640718565
2026-02-11,C002,Meta,BR,playable,584.12,45790,876,129,0.5607579340590667,0.35682466507116434,0.13948065786567398,0.059344231997409534,0.20720228154888212,7.6554059276658295,26.729094319805792,0.04575934879513344,0.019130814588338065,0.14726027397260275,4.528062015503876
2026-02-12,C002,Meta,BR,playable,817.84,56677,1362,261,0.5536886408072502,0.33885466519949414,0.14876261121142606,0.047774077976676134,0.12883156335707516,12.469034351912471,33.625038036196614,0.04111431284734086,0.02403091201016285,0.19162995594713655,3.133486590038314
2026-02-13,C002,Meta,BR,playable,895.18,57219,1314,189,0.4706275276902615,0.25983519162577073,0.1297786896145498,0.028718674583332472,0.18057639901124903,5.427829496249838,34.12893941312607,0.038125056598243015,0.022964399937083834,0.14383561643835616,4.736402116402116
2026-02-14,C002,Meta,BR,playable,824.38,68459,1377,233,0.5705526057241019,0.3115624385174076,0.15247748721525578,0.04607434194796869,0.11391091896859988,10.735321673876705,26.54124411968377,0.03219533882379479,0.02011422895455674,0.1692084241103849,3.5381115879828324
2026-02-15,C002,Meta,BR,playable,1022.1,75759,1828,304,0.5497724970999421,0.3693173454375843,0.18318157431771206,0.07719048867075765,0.12939869070145224,23.465908555910325,39.337201973241484,0.038486572277567355,0.024129146372048205,0.16630196936542668,3.362171052631579
2026-02-16,C002,Meta,BR,playable,685.58,63752,1256,206,0.5214903326061584,0.3063912262869992,0.12231080697349606,0.034217842619916825,0.13806674127142013,7.048875579702866,28.441748701912548,0.041485631258447515,0.019701342702974023,0.16401273885350318,3.3280582524271844
2026-02-17,C002,Meta,BR,playable,1011.6,80189,1579,296,0.516876613807643,0.3370857665061734,0.121465145071896,0.018391942838103185,0.14986793444846735,5.444015080078543,44.360908596746334,0.043852140361886525,0.019690980059609172,0.18746041798606713,3.4175675675675676
2026-02-18,C002,Meta,BR,playable,1175.71,79471,1730,334,0.5285946173561374,0.33857225499702664,0.12042989914482459,0.05202881963576999,0.21942305033973183,17.377625758347175,73.28729881347043,0.06233450783721478,0.021768947163116104,0.1930635838150289,3.5200898203592814
2026-02-19,C002,Meta,BR,playable,1041.83,77972,1681,322,0.5594930207839769,0.31639174773365275,0.1422681745962679,0.0554255808846066,0.23627842558566767,17.847037044843326,76.08165303858499,0.07302694956501077,0.021559021187092804,0.19155264723378942,3.2354968944099376
2026-02-20,C002,Meta,BR,playable,1389.36,105491,2182,356,0.5561299377978338,0.3313426671272849,0.10705737467158215,0.04478173947080282,0.10769663615886767,15.942299251605805,38.34000247255689,0.02759550569945354,0.020684228986359025,0.16315307057745188,3.902696629213483
2026-02-21,C002,Meta,BR,playable,1142.45,82373,1864,318,0.5684158219424725,0.334828442887088,0.17478654031461624,0.03905772309951886,0.2566978236387357,12.420355945646998,81.62990791711796,0.07145187865516563,0.02262877399147779,0.17060085836909872,3.592610062893082
2026-02-22,C002,Meta,BR,playable,858.62,58436,1359,211,0.6213074359718148,0.39076341777790824,0.1665610720691769,0.07420530425733035,0.30435167073058234,15.657319198296705,64.21820252415287,0.07479254226181387,0.02325621192415634,0.15526122148638705,4.069289099526066
2026-02-23,C002,Meta,BR,playable,1041.68,89233,1641,237,0.5944283021130679,0.35451359523683823,0.17431173355378207,0.0171860512596426,0.09057129453602115,4.073094148535296,21.465396805037013,0.020606548094382483,0.01839005748994206,0.14442413162705667,4.395274261603376
2026-02-24,C002,Meta,BR,playable,742.16,53748,1102,206,0.576033213948574,0.3447240270647305,0.13273260126058714,0.040875263897620556,0.07112201751956018,8.420304362909835,14.651135609029398,0.01974118129289811,0.02050308848701347,0.1869328493647913,3.6027184466019415
2026-02-25,C002,Meta,BR,playable,1143.74,67727,1619,246,0.5738975492365023,0.29251836505238876,0.16022308780965916,0.06022588525239782,0.19283559633220376,14.815567772089864,47.43755669772212,0.041475913331741804,0.023904794247493612,0.1519456454601606,4.649349593495935
2026-02-26,C002,Meta,BR,playable,665.97,52896,1098,180,0.5467507568074357,0.30163052393691664,0.14219738979022076,0.05283036058770456,0.29865448115951587,9.509464905786821,53.757806608712855,0.08072145516984569,0.02075771324863884,0.16393442622950818,3.6998333333333333
2026-02-27,C002,Meta,BR,playable,975.77,69682,1591,240,0.5795628494026839,0.3133254489502636,0.15466372529127,0.06414120013220508,0.22850015507273963,15.393888031729219,54.840037217457514,0.056201788434227296,0.022832295284291496,0.1508485229415462,4.065708333333333
2026-02-28,C002,Meta,BR,playable,656.87,56726,1168,172,0.6211219854197908,0.39201554794697313,0.19538006302045396,0.059336506855274314,0.26178319513113624,10.205879179107182,45.02670956255543,0.06854787055112382,0.020590205549483483,0.14726027397260275,3.819011627906977
2026-03-01,C002,Meta,BR,playable,1400.1,109060,2307,334,0.5291913534763505,0.4201868666245597,0.15274167522520102,0.037360775069269214,0.26042230524555243,12.478498873135917,86.98104995201452,0.06212502537332634,0.021153493489822116,0.1447767663632423,4.191916167664671
2026-01-01,C003,Meta,JP,static,686.19,27623,449,50,0.5827753387458237,0.33415065981605113,0.1258779787368856,0.08844301977861592,0.38359039728571154,4.422150988930796,19.179519864285577,0.02795053948713014,0.01625457046664012,0.111358574610245,13.7238
2026-01-02,C003,Meta,JP,static,933.44,47221,795,95,0.5436689766405446,0.2954512066436885,0.16376463964936974,0.11746277758749243,0.47738300758089036,11.158963870811782,45.35138572018458,0.048585132723589046,0.016835729865949473,0.11949685534591195,9.825684210526317
2026-01-03,C003,Meta,JP,static,1002.8,40243,673,76,0.6185391835989065,0.3771584576385254,0.1607582185994725,0.13365635587281438,0.5476588207979671,10.157883046333893,41.6220703806455,0.04150598430049142,0.016723405312725193,0.11292719167904904,13.194736842105263
2026-01-04,C003,Meta,JP,static,635.24,34423,487,60,0.4811776980962973,0.3323587977219177,0.11596135110458022,0.08660135051317132,0.4995337492407596,5.196081030790279,29.972024954445576,0.047182330117274414,0.01414751764808413,0.12320328542094455,10.587333333333333
2026-01-05,C003,Meta,JP,static,697.32,33557,566,66,0.5875424603698648,0.3098836924887255,0.1703915629005364,0.10079371097470148,0.43678313017747267,6.652384924330298,28.827686591713196,0.04134049653575248,0.01686682361355306,0.1166077738515901,10.565454545454546
2026-01-06,C003,Meta,JP,static,717.8,31351,520,67,0.5978303352080828,0.34735281881214086,0.1945605872989793,0.08445652809251014,0.5345520478543915,5.65858738219818,35.814987206244226,0.049895400910224895,0.01658639277853976,0.12884615384615383,10.713432835820894
2026-01-07,C003,Meta,JP,static,833.25,46393,672,97,0.5442471021606586,0.3362453323808677,0.150530444089747,0.12377607328312525,0.44760153949155657,12.006279108463149,43.417349330680985,0.05210591202586308,0.014484943849287607,0.14434523809523808,8.59020618556701
2026-01-08,C003,Meta,JP,static,775.42,39701,625,71,0.582498852037227,0.3556866974932714,0.126345943536049,0.1180739792969377,0.48170201103233534,8.383252530082578,34.20084278329581,0.04410638953504507,0.015742676506888997,0.1136,10.921408450704226
2026-01-09,C003,Meta,JP,static,1169.73,59335,870,108,0.4679399531651106,0.36381809474168736,0.13072650107845246,0.10054768502852618,0.5483843736083119,10.859149983080828,59.22551234969769,0.050631749463370325,0.014662509480070784,0.12413793103448276,10.830833333333333
2026-01-10,C003,Meta,JP,static,1402.29,81634,1046,146,0.5685454726127598,0.40549206918961134,0.14833106535958496,0.14293682589606183,0.4663272592022641,20.868776580825028,68.08377984353055,0.04855201553481407,0.012813288580738418,0.13957934990439771,9.60472602739726
2026-01-11,C003,Meta,JP,static,1299.78,54465,915,112,0.5917403732891406,0.3470193563169581,0.11836032548871948,0.08333962288274338,0.3552816839714295,9.334037762867258,39.791548604800106,0.03061397255777178,0.016799779675020655,0.12240437158469945,11.60517857142857
2026-01-12,C003,Meta,JP,static,578.32,30675,470,64,0.6045663918815839,0.44166473567045467,0.12868423055981365,0.10777526791011952,0.5853017466163806,6.897617146247649,37.459311783448356,0.06477224952763615,0.015321923390383048,0.13617021276595745,9.03625
2026-01-13,C003,Meta,JP,static,962.54,40154,639,86,0.5596034366754754,0.28707490795710244,0.143344442149826,0.10116061398839551,0.3815602877496511,8.699812803002015,32.81418474647,0.03409131545711482,0.015913732131294517,0.13458528951486698,11.192325581395348
2026-01-14,C003,Meta,JP,static,920.1,49939,642,81,0.5572876411891852,0.3922466004387426,0.13090678937017822,0.10277176319098826,0.4354050899370785,8.32451281847005,35.26781228490336,0.03833056603705033,0.012855683934399969,0.1261682242990654,11.35925925925926
2026-01-15,C003,Meta,JP,static,874.32,45791,654,76,0.6640112357496224,0.37272102662229406,0.1550043598126425,0.11884711512369711,0.5238933696723834,9.03238074940098,39.81589609510114,0.04553945233905398,0.014282282544604835,0.1162079510703364,11.50421052631579
2026-01-16,C003,Meta,JP,static,653.34,26884,448,57,0.5140838634933106,0.3230721309905027,0.09547004148064789,0.10482188148950311,0.44911545169631095,5.974847244901677,25.599580746689725,0.039182428004188745,0.016664186876952834,0.12723214285714285,11.462105263157895
2026-01-17,C003,Meta,JP,static,921.22,61826,780,98,0.5844104498377435,0.35995454548812145,0.1657432609792511,0.08772941806810834,0.5676331411099601,8.597482970674617,55.62804782877609,0.06038519933890206,0.012616051499369197,0.12564102564102564,9.400204081632653
2026-01-18,C003,Meta,JP,static,1004.36,39702,673,95,0.6391199145364928,0.3855571865037569,0.15558772223090467,0.13399231232664421,0.46832233969466497,12.7292696710312,44.49062227099317,0.04429752531556906,0.016951287088811648,0.1411589895988113,10.57221052631579
2026-01-19,C003,Meta,JP,static,727.85,43164,574,66,0.4952491155771771,0.30906930977611136,0.10582897722777651,0.08658445265806924,0.3643259528238395,5.714573875432571,24.04551288637341,0.033036366552026845,0.013298118802705958,0.11498257839721254,11.028030303030304
2026-01-20,C003,Meta,JP,static,1136.72,54550,905,103,0.5455798442587955,0.3353430674709804,0.13878277994505087,0.09161280412474154,0.4732494458106814,9.436118824848378,48.744692918500185,0.042881935445139574,0.016590284142988083,0.1138121546961326,11.03611650485437
2026-01-21,C003,Meta,JP,static,945.78,47305,756,104,0.5009749695890331,0.30465649341219964,0.14330854333583057,0.11819016550955702,0.30387217751926104,12.29177721299393,31.602706462003148,0.03341436268429768,0.015981397315294365,0.13756613756613756,9.094038461538462
2026-01-22,C003,Meta,JP,static,800.49,36510,589,65,0.49703263564331285,0.2733856648203223,0.16207030105487574,0.08833986530599994,0.4109061834927271,5.742091244889996,26.708901927027263,0.03336585135150075,0.01613256642015886,0.11035653650254669,12.31523076923077
2026-01-23,C003,Meta,JP,static,974.59,44350,692,101,0.5668731854872164,0.352040163782522,0.17525625578808302,0.08745073548072733,0.4364286365975276,8.832524283553461,44.07929229635029,0.04522847130680912,0.01560315670800451,0.14595375722543352,9.64940594059406
2026-01-24,C003,Meta,JP,static,1106.7,67330,900,113,0.5486298207901684,0.3297563924518146,0.13244353700870104,0.10520936592281116,0.41362339240087026,11.88865834927766,46.73944334129834,0.04223313990149811,0.013366998366255755,0.12555555555555556,9.793805309734514
2026-01-25,C003,Meta,JP,static,805.21,36715,526,61,0.6161729769275035,0.3526075971502388,0.16797025980405417,0.11332235204255973,0.5243632436987755,6.912663474596144,31.986157865625305,0.03972406545689422,0.014326569521993735,0.11596958174904944,13.20016393442623
2026-01-26,C003,Meta,JP,static,1241.28,50973,831,97,0.5524957102023397,0.282916881776225,0.11651508325183939,0.09804302064861282,0.40635699814462733,9.510173002915444,39.416628820028855,0.0317548786029136,0.016302748513919135,0.11672683513838748,12.796701030927835
2026-01-27,C003,Meta,JP,static,1134.6,54207,786,111,0.5172330617747529,0.3680913810722727,0.09880114340478205,0.11562588647487074,0.36054854917335316,12.834473398710651,40.0208889582422,0.0352729856461052,0.014499972328297084,0.14122137404580154,10.22162162162162
2026-01-28,C003,Meta,JP,static,908.16,45888,656,90,0.6569041712376905,0.3961702517638058,0.1506546264896947,0.11047770650704601,0.3905730864925565,9.942993585634142,35.15157778433009,0.038706230126815136,0.014295676429567642,0.13719512195121952,10.090666666666666
2026-01-29,C003,Meta,JP,static,1158.9,48403,804,117,0.545286325645678,0.3946324578889955,0.16577938733137146,0.0917619672846926,0.44780992495056904,10.736150172309035,52.39376121921658,0.04520991170410943,0.0166105406689668,0.1455223880597015,9.905128205128205
2026-01-30,C003,Meta,JP,static,883.32,42272,602,87,0.6247528459614906,0.37117873496727233,0.12519953108271628,0.12822837314674862,0.503823181896469,11.15586846376713,43.832616824992805,0.049622732426579316,0.01424110522331567,0.14451827242524917,10.153103448275862
2026-01-31,C003,Meta,JP,static,688.86,35481,557,72,0.542736213701302,0.36996982298270914,0.13538509811062105,0.10894823737363205,0.4387396217050011,7.844273090901507,31.58925276276008,0.045857238618654234,0.015698542882105915,0.12926391382405744,9.5675
2026-02-01,C003,Meta,JP,static,848.11,42669,584,82,0.5996968791107598,0.3308777163815029,0.1616832051060262,0.1035183321776822,0.6121220252664377,8.48850323856994,50.19400607184789,0.05918309152059226,0.013686751505777028,0.1404109589041096,10.342804878048781
2026-02-02,C003,Meta,JP,static,543.93,22562,354,47,0.6015063779019509,0.42529116692542024,0.14434954363979283,0.11435830076924124,0.530955328985448,5.374840136154338,24.954900462316054,0.04587918604230868,0.01569009839553231,0.1327683615819209,11.572978723404255
2026-02-03,C003,Meta,JP,static,1019.82,52356,791,90,0.6234802039339613,0.36672709768672335,0.14953043920723483,0.12436561985890328,0.40959987851897817,11.192905787301296,36.86398906670804,0.03614749181591704,0.015108106043242418,0.11378002528445007,11.331333333333333
2026-02-04,C003,Meta,JP,static,820.68,41172,697,77,0.49112942678934035,0.30939299348775817,0.1369951574120285,0.09814419729172047,0.4092684766506049,7.557103191462476,31.513672702096578,0.038399690174680486,0.01692898086077917,0.11047345767575323,10.658181818181818
2026-02-05,C003,Meta,JP,static,906.59,43436,631,76,0.5553222990051412,0.3242081184941949,0.14756064873684566,0.0988107231911938,0.5333645587540635,7.509614962530729,40.53570646530883,0.04471230313540508,0.014527120360990882,0.12044374009508717,11.928815789473685
2026-02-06,C003,Meta,JP,static,961.02,41253,674,75,0.5783852491012822,0.39646620408462196,0.13854335276762098,0.10161996058960955,0.43196042162065346,7.621497044220717,32.39703162154901,0.03371100920685939,0.016338205706251666,0.11127596439169139,12.8136
2026-02-07,C003,Meta,JP,static,825.83,39282,601,79,0.5820566301388254,0.32446072471734067,0.13434235403530284,0.09847278261115806,0.3952477936779243,7.779349826281487,31.22457570055602,0.037809869453740534,0.015299628328496512,0.1314475873544093,10.453544303797468
2026-02-08,C003,Meta,JP,static,825.69,51586,698,87,0.5772958832875842,0.37028805006041104,0.12747964331188738,0.13602963261278445,0.5365326298718719,11.834578037312246,46.678338798852856,0.05653239560009793,0.013530802931027798,0.12464183381088825,9.490689655172414
2026-02-09,C003,Meta,JP,static,928.25,44768,681,93,0.5205227062183472,0.24791845829854503,0.11408573384180466,0.10661933543278751,0.4820604249532444,9.915598195249238,44.83161952065173,0.048296856005786336,0.015211758398856325,0.13656387665198239,9.981182795698924
2026-02-10,C003,Meta,JP,static,994.59,60267,814,91,0.5187031525405813,0.3069817533096372,0.09462538408157564,0.08991593560540584,0.3832676550248736,8.18235014009193,34.87735660726349,0.03506708647704403,0.013506562463703187,0.11179361179361179,10.92956043956044
2026-02-11,C003,Meta,JP,static,1078.97,57895,887,107,0.5672921576964506,0.3637822647134252,0.11200319963450946,0.1154590199781343,0.4602560597190066,12.35411513766037,49.24739838993371,0.04564315463176158,0.015320839450729769,0.12063134160090191,10.083831775700935
2026-02-12,C003,Meta,JP,static,1062.42,50525,684,81,0.5433403851687064,0.31968499666985417,0.15226574387022676,0.11405422532237507,0.45431366901650183,9.23839225111238,36.79940719033665,0.034637503386908734,0.013537852548243443,0.11842105263157894,13.116296296296298
2026-02-13,C003,Meta,JP,static,1131.62,55098,741,95,0.6268503964802568,0.4002578453296687,0.18719380582715894,0.09919093736382825,0.46382621639315413,9.423139049563684,44.063490557349645,0.03893835087540795,0.013448764020472612,0.1282051282051282,11.911789473684209
2026-02-14,C003,Meta,JP,static,954.25,49835,746,96,0.5739239689859914,0.343697200108893,0.17600656919743157,0.09192713039214932,0.4128701851124911,8.825004517646335,39.63553777079915,0.041535901134496706,0.014969399016755293,0.128686327077748,9.940104166666666
2026-02-15,C003,Meta,JP,static,837.01,38630,561,65,0.5558127915238237,0.35774497643287445,0.16709484702008914,0.1011613031082809,0.48471080802470223,6.575484702038259,31.506202521605644,0.03764116714235707,0.014522391923375615,0.11586452762923351,12.877076923076922
2026-02-16,C003,Meta,JP,static,678.93,38354,580,63,0.61884067043161,0.3336533672160487,0.1695966232853371,0.09639950934803124,0.5635926261071034,6.073169088925968,35.50633544474751,0.05229750127365235,0.015122281900192939,0.10862068965517241,10.776666666666666
2026-02-17,C003,Meta,JP,static,1209.21,78654,1049,150,0.5794598213318999,0.38070519532217195,0.13649185426556673,0.09712125819811614,0.3803857056729328,14.56818872971742,57.057855850939916,0.04718595792406588,0.013336893228570701,0.14299332697807435,8.0614
2026-02-18,C003,Meta,JP,static,782.71,42021,616,75,0.5598109574146841,0.3743852177523242,0.12908131174131734,0.101038319636136,0.3024720017013572,7.577873972710201,22.68540012760179,0.02898326701616095,0.014659336998167584,0.12175324675324675,10.436133333333334
2026-02-19,C003,Meta,JP,static,980.08,41524,670,90,0.49327190918049085,0.2890750011138729,0.09153898854741116,0.09295860055572813,0.3771622791022408,8.366274050015532,33.944605119201675,0.034634539385608294,0.01613524708602254,0.13432835820895522,10.889777777777779
2026-02-20,C003,Meta,JP,static,771.06,39020,632,90,0.5529343591972969,0.3262015695683403,0.14992474679150328,0.08161702607818742,0.42282270409557304,7.345532347036868,38.054043368601576,0.04935263602969438,0.01619682214249103,0.14240506329113925,8.567333333333332
2026-02-21,C003,Meta,JP,static,1244.37,48740,821,106,0.41579507681908534,0.35716165757367213,0.07298588472143183,0.08719501055716872,0.4713728023026353,9.242671119059883,49.96551704407934,0.040153380744491575,0.016844480919162904,0.12911084043848964,11.73933962264151
2026-02-22,C003,Meta,JP,static,1066.47,57360,905,127,0.560572995239383,0.313367044800711,0.13381224218477286,0.0894833062976706,0.4971256155618414,11.364379899804165,63.13495317635386,0.059199734037429994,0.015777545327754532,0.14033149171270717,8.39740157480315
2026-02-23,C003,Meta,JP,static,841.82,37680,630,86,0.5895514802379951,0.33007916844664204,0.11471048296912746,0.08916429042950588,0.37402733310988445,7.668128976937506,32.16635064745006,0.03821039060839414,0.016719745222929936,0.1365079365079365,9.78860465116279
2026-02-24,C003,Meta,JP,static,670.06,27722,469,53,0.4927291196290273,0.2948988271420728,0.11681397597622264,0.12666602066390434,0.41415388412539544,6.71329909518693,21.95015585864596,0.03275861404593269,0.016917971286342978,0.11300639658848614,12.642641509433961
2026-02-25,C003,Meta,JP,static,850.09,38386,570,80,0.5174570272911353,0.33871678628122004,0.1329905381826452,0.10665714099788133,0.40438800289407295,8.532571279830506,32.351040231525836,0.038056218012147126,0.014849163757619965,0.14035087719298245,10.626125
2026-02-26,C003,Meta,JP,static,719.53,39511,504,60,0.5098015778830725,0.34967622270788745,0.13102494087050284,0.09313351122029723,0.4216507765784543,5.588010673217834,25.299046594707256,0.03516029261660233,0.012755941383412215,0.11904761904761904,11.992166666666666
2026-02-27,C003,Meta,JP,static,1116.32,60642,790,86,0.5542456382187334,0.33851738399491094,0.12770710714007064,0.10048529749894347,0.4099594864151631,8.641735584909139,35.25651583170403,0.03158284488551024,0.013027274826028166,0.10886075949367088,12.980465116279069
2026-02-28,C003,Meta,JP,static,682.26,35742,503,62,0.5340746073505693,0.3393661173719167,0.1392192170151074,0.11137948324480147,0.4171052431037975,6.905527961177691,25.860525072435443,0.03790438703504641,0.014073079290470594,0.12326043737574553,11.004193548387097
2026-03-01,C003,Meta,JP,static,1185.61,50659,844,123,0.49053900803388306,0.33195840169025387,0.13792796621704623,0.0746095588818703,0.4740067816819315,9.176975742470047,58.30283414687757,0.04917552377217463,0.01666041572079986,0.1457345971563981,9.63910569105691
2026-01-01,C004,Meta,KR,video,868.7,46160,787,113,0.6839293466646786,0.4098901819758526,0.20271940338102057,0.0935441479673566,0.3857224106358841,10.570488720311296,43.5866324018549,0.050174717065583865,0.01704939341421144,0.14358322744599747,7.687610619469027
2026-01-02,C004,Meta,KR,video,876.76,43079,776,128,0.5716629737746451,0.31633738295431046,0.11903942485532316,0.08766432568577688,0.18043155736232763,11.22103368777944,23.095239342377937,0.026341574554976047,0.01801341721024165,0.16494845360824742,6.8496875
2026-01-03,C004,Meta,KR,video,1029.99,55252,901,122,0.5506094219244405,0.3613915875808311,0.13211825719568743,0.0903453214126382,0.2608153694905502,11.02212921234186,31.819475077847123,0.030893124162958897,0.01630710200535727,0.13540510543840178,8.442540983606557
2026-01-04,C004,Meta,KR,video,950.8,51902,995,142,0.5516653703602584,0.3838273385425421,0.1616309843295913,0.08242586357161989,0.276413635180434,11.704472627170025,39.25073619562163,0.04128193359889648,0.01917074486532311,0.14271356783919598,6.6957746478873235
2026-01-05,C004,Meta,KR,video,980.17,66555,1104,171,0.5790626835137401,0.33196490271875195,0.10827519015560483,0.06801491972912861,0.26191305377604834,11.630551273680993,44.78713219570427,0.04569331473735951,0.016587784539102996,0.15489130434782608,5.731988304093567
2026-01-06,C004,Meta,KR,video,684.8,42036,761,111,0.5981026364664235,0.34931197356275884,0.15656474839533438,0.07490039933757262,0.31029279772838053,8.31394432647056,34.44250054785024,0.05029588045560711,0.0181035303073556,0.14586070959264127,6.1693693693693685
2026-01-07,C004,Meta,KR,video,650.9,45098,698,94,0.5649498708143615,0.35302005411834697,0.10329962205740906,0.06436368060305903,0.35632067322894717,6.0501859766875485,33.49414328352103,0.05145824421432014,0.015477404762960664,0.1346704871060172,6.9244680851063825
2026-01-08,C004,Meta,KR,video,801.53,36028,744,121,0.5873298520857262,0.355835610812633,0.16548803955097152,0.08619676967329179,0.3916626331897631,10.429809130468307,47.39117861596133,0.059126070723910656,0.02065060508493394,0.16263440860215053,6.624214876033058
2026-01-09,C004,Meta,KR,video,972.66,45790,900,123,0.5916987426764259,0.45284644491161713,0.1745255326272371,0.06462530250782052,0.3411268416629923,7.948912208461923,41.95860152454805,0.04313820608360622,0.019654946494867875,0.13666666666666666,7.90780487804878
2026-01-10,C004,Meta,KR,video,1227.83,60690,1126,180,0.56208716555181,0.35600314798410515,0.15338081902951828,0.09017734845130948,0.3370770228176859,16.231922721235705,60.67386410718347,0.0494155613674394,0.01855330367441094,0.15985790408525755,6.8212777777777776
2026-01-11,C004,Meta,KR,video,1008.89,53998,905,146,0.6136992360630913,0.3701832159321917,0.13750777440334014,0.08298322572542648,0.34668359953782013,12.115550955912266,50.61580553252174,0.05016992569685181,0.01675987999555539,0.16132596685082873,6.910205479452054
2026-01-12,C004,Meta,KR,video,852.69,47683,836,132,0.6556754924826282,0.34484214675180896,0.15489150340629812,0.06716976393855044,0.31530387886716943,8.866408839888658,41.620112010466364,0.04881051334599686,0.01753245391439297,0.15789473684210525,6.459772727272727
2026-01-13,C004,Meta,KR,video,773.94,38256,706,95,0.7496662987377236,0.4183955005071579,0.15501385700705278,0.0799345704604783,0.3274204444284668,7.593784193745439,31.104942220704345,0.040190436203138453,0.018454621497281474,0.13456090651558072,8.146736842105264
2026-01-14,C004,Meta,KR,video,784.66,46777,781,118,0.5195522075493864,0.35257548046231174,0.1561219195468579,0.0818427760846566,0.2780656396539763,9.657447577989478,32.811745479169204,0.04181626909530562,0.01669623960493405,0.15108834827144688,6.649661016949152
2026-01-15,C004,Meta,KR,video,945.27,66383,1053,175,0.6433542221337635,0.39005941308450887,0.1667068537026143,0.1011652306179564,0.519201456922807,17.70391535814237,90.86025496149122,0.09612139339142947,0.015862494915867015,0.16619183285849953,5.401542857142857
2026-01-16,C004,Meta,KR,video,963.02,59182,1019,145,0.5505046150481887,0.37817345762956117,0.15441821084667176,0.08902036032777455,0.378134661112654,12.90795224752731,54.82952586133483,0.05693498688034313,0.01721807306275557,0.1422963689892051,6.641517241379311
2026-01-17,C004,Meta,KR,video,1143.24,63749,1201,152,0.5965524658570764,0.40860491020263917,0.1675992585723083,0.08365914149330812,0.5060690563316809,12.716189506982834,76.92249656241549,0.0672846318058616,0.01883951120801895,0.12656119900083265,7.521315789473684
2026-01-18,C004,Meta,KR,video,948.05,63092,1091,146,0.5244666397531161,0.3604485756192795,0.1527221859511224,0.07807449280338097,0.296728928991478,11.398875949293622,43.32242363275579,0.04569658842956174,0.01729220820389273,0.13382218148487626,6.493493150684931
2026-01-19,C004,Meta,KR,video,956.15,53701,992,163,0.5898862141031641,0.38917554115118885,0.16890267788870028,0.0770527426000411,0.40257804228839894,12.559597043806699,65.62022089300903,0.06862985885088597,0.0184726541405188,0.16431451612903225,5.865950920245399
2026-01-20,C004,Meta,KR,video,984.86,61140,1121,144,0.6301107448534682,0.3737558970854169,0.13413617021609567,0.08877547717348418,0.325286123730084,12.783668712981722,46.841201817132095,0.047561146631001375,0.018334968923781485,0.12845673505798394,6.839305555555556
2026-01-21,C004,Meta,KR,video,1064.98,61819,958,141,0.6454759613585935,0.36147293185396606,0.15684923780696622,0.06231530138202139,0.25632011915670044,8.786457494865015,36.14113680109476,0.03393590413736144,0.015496853718112555,0.14718162839248433,7.553049645390071
2026-01-22,C004,Meta,KR,video,912.64,51703,1039,162,0.5563091977796386,0.38880191593718416,0.13051372965989777,0.05729950038065876,0.38892511475013075,9.282519061666719,63.005868589521185,0.0690370743613195,0.02009554571301472,0.15591915303176132,5.6335802469135805
2026-01-23,C004,Meta,KR,video,807.08,48605,755,93,0.5946059182791106,0.38904899573368595,0.17666313993916052,0.05129978816017789,0.43185706268986246,4.770880298896544,40.162706830157205,0.0497627583838302,0.015533381339368378,0.12317880794701987,8.678279569892474
2026-01-24,C004,Meta,KR,video,858.75,47274,876,142,0.6354506624554848,0.4156124590498053,0.16754469609810715,0.09860111765061977,0.43596905933332225,14.001358706388007,61.90760642533176,0.07209051791181416,0.01853027033887549,0.16210045662100456,6.047535211267606
2026-01-25,C004,Meta,KR,video,1202.55,59366,1203,149,0.5730548430584984,0.36922711254134255,0.14502705353563494,0.030037816143830373,0.24629138332598616,4.475634605430725,36.69741611557194,0.030516435455239053,0.02026412424620153,0.12385702410640066,8.070805369127516
2026-01-26,C004,Meta,KR,video,1144.35,62112,1145,159,0.6523141647304043,0.4126247395952988,0.1734551705830127,0.09909965034746694,0.5133544610051366,15.756844405247243,81.62335929981671,0.07132743378165773,0.01843444100978877,0.1388646288209607,7.197169811320754
2026-01-27,C004,Meta,KR,video,788.39,55763,874,135,0.6184046102082236,0.3863622024444501,0.2008378197635254,0.06842329183580875,0.30816756640400433,9.237144397834182,41.60262146454058,0.05276910187792291,0.015673475243440992,0.15446224256292906,5.839925925925926
2026-01-28,C004,Meta,KR,video,674.6,36758,609,89,0.5770393360789351,0.4269386014399959,0.15396633539353502,0.10133813936867817,0.3640692148126917,9.019094403812357,32.40216011832956,0.04803138964050275,0.01656782197072746,0.14614121510673234,7.579775280898876
2026-01-29,C004,Meta,KR,video,767.54,38434,772,117,0.615454300645874,0.40041834026587636,0.206466421048177,0.08222601713482083,0.39186627145276787,9.620444004774038,45.84835375997384,0.059734485427097764,0.020086381849404172,0.15155440414507773,6.56017094017094
2026-01-30,C004,Meta,KR,video,1028.6,64326,1111,144,0.6995384660766543,0.4073473862698254,0.1876031346199513,0.07586014851262371,0.28676476783968957,10.923861385817814,41.294126568915296,0.04014579244985627,0.01727139881229985,0.12961296129612962,7.143055555555555
2026-01-31,C004,Meta,KR,video,770.13,45889,891,148,0.5850268133087542,0.3656387452936243,0.1713895089383037,0.07277573347249407,0.19812825794500472,10.770808553929122,29.322982175860698,0.03807525652454329,0.019416417877922813,0.16610549943883277,5.203581081081081
2026-02-01,C004,Meta,KR,video,1013.65,52902,883,116,0.5840614152410137,0.365785789468702,0.1566985141163291,0.0763833880671366,0.33885741608717884,8.860473015787845,39.30746026611275,0.038778200493902806,0.016691240406789914,0.13137032842582105,8.738362068965516
2026-02-02,C004,Meta,KR,video,674.45,39216,663,91,0.71025971567887,0.3768032865691258,0.1624313636209805,0.09759256874220786,0.536061386456476,8.880923755540914,48.781586167539324,0.07232847042727562,0.01690636474908201,0.13725490196078433,7.411538461538462
2026-02-03,C004,Meta,KR,video,920.32,58223,912,149,0.5494752295053377,0.34279007643386195,0.17612216465908934,0.07162029932314253,0.18064324687267833,10.671424599148237,26.91584378402907,0.029246102310311897,0.01566391288665991,0.16337719298245615,6.1766442953020135
2026-02-04,C004,Meta,KR,video,1046.04,51883,1006,160,0.5758915411988647,0.37523966342177506,0.17649329583335008,0.07762208174103578,0.27251334927140725,12.419533078565726,43.60213588342516,0.04168316327783042,0.01938978085307326,0.15904572564612326,6.53775
2026-02-05,C004,Meta,KR,video,941.64,42247,874,113,0.5781061476090196,0.3254921925869769,0.12351825900517807,0.07161937359474725,0.3215562479808705,8.092989216206439,36.33585602183837,0.03858776902001115,0.02068785949298175,0.12929061784897025,8.333097345132742
2026-02-06,C004,Meta,KR,video,952.38,47370,909,137,0.6079070383320516,0.3467085185041378,0.17087025000548686,0.08271083289690985,0.23179426426533012,11.33138410687665,31.755814204350227,0.03334371356495625,0.019189360354654846,0.15071507150715072,6.951678832116788
2026-02-07,C004,Meta,KR,video,736.64,43400,716,111,0.6901891749578941,0.3765692828740858,0.1535744381420947,0.09789214673404525,0.23713062927270004,10.866028287479024,26.321499849269703,0.03573169623738736,0.016497695852534563,0.15502793296089384,6.636396396396396
2026-02-08,C004,Meta,KR,video,776.48,51887,808,104,0.6399075245307648,0.3341082719982587,0.14608565143895985,0.10542276747407778,0.24055878489273866,10.96396781730409,25.01811362884482,0.03221972523843589,0.015572301347158249,0.12871287128712872,7.466153846153846
2026-02-09,C004,Meta,KR,video,1170.58,62296,1213,191,0.4975901615381775,0.3157652014052907,0.14938589529967466,0.09165714753022668,0.31829307264178225,17.506515178273297,60.79397687458041,0.05193504101547144,0.01947155515602928,0.1574608408903545,6.128691099476439
2026-02-10,C004,Meta,KR,video,917.62,54915,903,143,0.5898674619620409,0.3605527168247587,0.17133563862930928,0.09546326717252708,0.32139576551248855,13.651247205671373,45.959594468285864,0.05008566658971557,0.01644359464627151,0.1583610188261351,6.416923076923077
2026-02-11,C004,Meta,KR,video,1045.03,50783,923,139,0.577527119757868,0.3163279586851052,0.11650117254381301,0.06368646900963587,0.27216501320147224,8.852419192339386,37.83093683500464,0.03620082211239535,0.018175373648661952,0.15059588299024917,7.51820143884892
2026-02-12,C004,Meta,KR,video,762.6,45621,751,97,0.6340066370285103,0.37962500263662363,0.1487549411293597,0.0777550924125088,0.377742512809997,7.542243964013354,36.64102374256971,0.048047612518414086,0.016461717191644198,0.12916111850865514,7.861855670103093
2026-02-13,C004,Meta,KR,video,1233.72,63596,1186,179,0.6163789813580863,0.443160116759393,0.14431869224927477,0.08963145220181333,0.3649223605821665,16.044029944124585,65.3211025442078,0.052946591387999536,0.018648971633436064,0.15092748735244518,6.892290502793296
2026-02-14,C004,Meta,KR,video,982.85,55493,980,135,0.5810620236365487,0.35559947012006726,0.164500895383096,0.06851060190715204,0.38186502809347755,9.248931257465525,51.55177879261947,0.052451569856363456,0.017659885030544394,0.1377551020408163,7.28037037037037
2026-02-15,C004,Meta,KR,video,918.95,48944,919,151,0.6204047014541058,0.37490965849253816,0.15427716984090925,0.09475610420194054,0.3674780415210317,14.308171734493023,55.48918426967579,0.060383037670397786,0.018776560967636483,0.16430903155603918,6.085761589403973
2026-02-16,C004,Meta,KR,video,1123.48,57823,1046,156,0.5696101835096715,0.4178203952283024,0.1570813293663426,0.09354373426920973,0.3536741354350981,14.592822545996718,55.17316512787531,0.04910919627907853,0.018089687494595576,0.1491395793499044,7.201794871794872
2026-02-17,C004,Meta,KR,video,941.66,46974,857,128,0.689313180142587,0.3827168580466599,0.12612824445788245,0.11486923637070673,0.408455938718584,14.703262255450461,52.28236015597875,0.055521463566104164,0.018244135053433815,0.14935822637106183,7.35671875
2026-02-18,C004,Meta,KR,video,868.01,56370,913,130,0.5999858907379495,0.37145497589200094,0.14945461082068856,0.09726005329912413,0.2947750989318268,12.643806928886136,38.32076286113748,0.04414777993029316,0.016196558453077877,0.14238773274917854,6.677
2026-02-19,C004,Meta,KR,video,691.08,29852,610,86,0.6509566552337323,0.38556793517820176,0.15148051169237894,0.081307114534133,0.4866766898528969,6.992411849935438,41.85419532734913,0.06056388431573128,0.020434141766045827,0.14098360655737704,8.035813953488372
2026-02-20,C004,Meta,KR,video,848.97,44205,888,141,0.6159522678654796,0.36246255260338456,0.11379241251092112,0.09567434235475832,0.43919385990020043,13.490082272020922,61.92633424592826,0.07294309111416339,0.02008822531387852,0.15878378378378377,6.021063829787234
2026-02-21,C004,Meta,KR,video,1401.69,61469,1259,167,0.622341466363504,0.412775348491201,0.17826324075864244,0.06324130166507565,0.41230025342229126,10.561297378067634,68.85414232152264,0.04912235580724519,0.020481868909531634,0.13264495631453535,8.393353293413174
2026-02-22,C004,Meta,KR,video,996.95,49617,997,150,0.5771765676562014,0.3470573997637207,0.18198053088536748,0.10413416967205386,0.29561701781324734,15.620125450808079,44.3425526719871,0.04447801043656572,0.020093919422778484,0.15045135406218657,6.646333333333334
2026-02-23,C004,Meta,KR,video,1135.13,55611,1110,150,0.6985939714063067,0.41225788271946334,0.180390142752168,0.07705117168842256,0.5101075105285854,11.557675753263384,76.51612657928781,0.06740754425877077,0.01996007984031936,0.13513513513513514,7.567533333333334
2026-02-24,C004,Meta,KR,video,1099.97,57704,1024,167,0.5234812534246255,0.39764331147591053,0.1418304329156105,0.10261300225623868,0.34086366102315196,17.13637137679186,56.924231390866375,0.05175083677653407,0.017745736863995564,0.1630859375,6.586646706586826
2026-02-25,C004,Meta,KR,video,804.99,41065,807,130,0.5047579012403381,0.29216913067479555,0.15906198882065437,0.06700202946071017,0.2996649318589477,8.710263829892321,38.956441141663205,0.04839358672509473,0.019651771581638864,0.161090458488228,6.192230769230769
2026-02-26,C004,Meta,KR,video,728.14,40729,727,115,0.6088755128166421,0.3723013675363356,0.19441136836457723,0.09045948485965673,0.33785074219964684,10.402840758860524,38.85283535295939,0.0533588556324596,0.017849689410493752,0.15818431911966988,6.331652173913043
2026-02-27,C004,Meta,KR,video,1087.76,62349,1180,158,0.5700259797521076,0.3735638934261344,0.15645414262804827,0.10048857440752532,0.42683358864843773,15.877194756389,67.43970700645316,0.06199889864681319,0.018925724550514042,0.13389830508474576,6.884556962025316
2026-02-28,C004,Meta,KR,video,900.16,42588,810,118,0.5557429657651156,0.33729815681179726,0.1814425315031998,0.07898773519022534,0.4440909894877416,9.32055275244659,52.40273675955351,0.05821485931706358,0.019019442096365174,0.145679012345679,7.628474576271186
2026-03-01,C004,Meta,KR,video,995.31,52358,871,116,0.6047397956132118,0.32260140057361664,0.14433823677429566,0.06841248767331708,0.3441951253852051,7.935848570104781,39.926634544683786,0.0401147352018478,0.016635471179189426,0.13318025258323765,8.580258620689655
2026-01-01,C005,Meta,BR,static,802.24,83857,1184,147,0.38837432013684975,0.25942287693072213,0.11575080847084324,0.03149605875997455,0.14304690518025068,4.629920637716259,21.02789506149685,0.026211431763141575,0.014119274479172878,0.1241554054054054,5.457414965986395
2026-01-02,C005,Meta,BR,static,888.26,100460,1409,167,0.45742837590199364,0.3000911573911453,0.15178498105739432,0.04746510491522568,0.06289477769372451,7.926672520842689,10.503427874851992,0.011824731398854404,0.014025482779215608,0.1185237757274663,5.318922155688623
2026-01-03,C005,Meta,BR,static,874.28,92345,1306,180,0.44692394660039064,0.2216399934445923,0.10951053602003721,0.05709980348224447,0.04605219621111134,10.277964626804005,8.289395318000041,0.009481356062910134,0.014142617358817477,0.13782542113323124,4.857111111111111
2026-01-04,C005,Meta,BR,static,662.35,59586,958,135,0.5055376930156963,0.3073915479909826,0.1341240282733074,0.028820050427546706,0.2288692106816979,3.8907068077188054,30.897343442029218,0.04664836191123927,0.01607760212130366,0.1409185803757829,4.906296296296296
2026-01-05,C005,Meta,BR,static,613.18,60064,872,117,0.4014506703363095,0.32040804445859816,0.12745804416988482,0.04213635268203431,0.22469899187989867,4.929953263798015,26.289782049948144,0.042874619276472695,0.014517847629195524,0.1341743119266055,5.2408547008547
2026-01-06,C005,Meta,BR,static,827.14,86154,1277,151,0.4716882414748469,0.23761157886582232,0.1160942655636498,0.05657548360888361,0.05413609723461078,8.542898024941426,8.174550682426228,0.009882935693839062,0.014822294960187572,0.1182458888018794,5.477748344370861
2026-01-07,C005,Meta,BR,static,1005.3,96008,1602,197,0.4568550380973935,0.27594555555648786,0.10355874844291851,0.06876482774189455,0.1543872197992332,13.546671065153225,30.41428230044894,0.030254033975184197,0.01668610949087576,0.1229712858926342,5.103045685279188
2026-01-08,C005,Meta,BR,static,831.41,79712,1272,186,0.43900734177928236,0.31044387747930624,0.10462648387477899,0.013450113355133908,0.23157707379564346,2.501721084054907,43.073335725989686,0.051807300534368016,0.015957446808510637,0.14622641509433962,4.46994623655914
2026-01-09,C005,Meta,BR,static,949.52,133541,1702,241,0.5014431523279891,0.2909265392533127,0.09375842334439671,0.04341837486839216,0.24200912791828022,10.463828343282511,58.32419982830553,0.061425226423411944,0.012745149429763144,0.14159811985898943,3.9399170124481326
2026-01-10,C005,Meta,BR,static,1027.15,113738,1769,195,0.455785924857832,0.3020230718000271,0.15029448700492076,0.03568722315682563,0.14458084783483108,6.959008515580998,28.19326532779206,0.027447966518806148,0.015553289138194799,0.11023176936122103,5.267435897435898
2026-01-11,C005,Meta,BR,static,666.07,74681,1090,152,0.47828200621539324,0.2972596041397885,0.11735393240126356,0.08115377062807874,0.21029352395334494,12.335373135467968,31.96461564090843,0.047989721380715486,0.014595412487781364,0.13944954128440368,4.382039473684211
2026-01-12,C005,Meta,BR,static,821.44,98955,1349,157,0.5151248906057837,0.308118301987044,0.12546241886176535,0.04102350956389677,0.17027481692376387,6.440691001531793,26.733146257030928,0.03254437283618548,0.013632459198625638,0.11638250555967383,5.232101910828026
2026-01-13,C005,Meta,BR,static,969.68,103882,1652,238,0.523188685229206,0.321101399177226,0.13655375030726666,0.03758531181924665,0.21055629987267416,8.945304212980703,50.11239936969645,0.05167954559213928,0.01590265878593019,0.1440677966101695,4.074285714285714
2026-01-14,C005,Meta,BR,static,795.14,100602,1445,187,0.5138222129357439,0.36834664284597995,0.09358980987974287,0.04779029551481415,0.10280243114595164,8.936785261270247,19.224054624292958,0.02417700737597493,0.014363531540128427,0.12941176470588237,4.252085561497326
2026-01-15,C005,Meta,BR,static,737.77,82344,1226,133,0.3866269259164479,0.2951420476499653,0.12828492637392847,0.05008816903924112,0.0666782863769847,6.661726482219069,8.868212088138964,0.012020282226163779,0.014888759351015253,0.10848287112561175,5.547142857142857
2026-01-16,C005,Meta,BR,static,1251.82,174477,2287,260,0.5821237722591346,0.26957949431549066,0.18300778432930842,0.030293017603043683,0.2459313621961056,7.876184576791357,63.94215417098745,0.051079152357867974,0.013107744860354088,0.11368605159597726,4.814692307692307
2026-01-17,C005,Meta,BR,static,1173.31,136036,1938,279,0.47849759518560553,0.2732710496584385,0.10956296167983073,0.05377999000379441,0.1935146205502472,15.00461721105864,53.99057913351897,0.04601560031545286,0.014246228939398394,0.14396284829721362,4.205412186379928
2026-01-18,C005,Meta,BR,static,1113.45,128117,1692,218,0.5200227393595125,0.29691641396182017,0.15427268147973378,0.062076729804617196,0.19119011280112844,13.532727097406548,41.679444590646,0.037432576248326216,0.01320667827064324,0.1288416075650118,5.10756880733945
2026-01-19,C005,Meta,BR,static,1013.8,144655,1918,257,0.3768427751818793,0.2847933874437001,0.09508503631247653,0.0825153127453809,0.09048054836257263,21.206435375562894,23.25350092918117,0.022937034110420747,0.013259133801112993,0.13399374348279458,3.944747081712062
2026-01-20,C005,Meta,BR,static,652.49,62731,1032,138,0.443205934809571,0.25760322124166923,0.08285395513262414,0.04168431456186801,0.03513118967229023,5.752435409537785,4.848104174776052,0.0074301533173869805,0.016451196378186223,0.13372093023255813,4.728188405797101
2026-01-21,C005,Meta,BR,static,876.42,113680,1569,195,0.4794107344248728,0.31544477913045255,0.11713679677049021,0.04329792466308536,0.19536098700620158,8.443095309301645,38.09539246620931,0.04346728298500139,0.013801900070372977,0.124282982791587,4.494461538461538
2026-01-22,C005,Meta,BR,static,1104.48,126180,1771,202,0.400509152711321,0.2431314213411222,0.08537484457803587,0.05091800564543204,0.15871744866112195,10.285437140377272,32.06092462954663,0.029028004306136588,0.014035504834363607,0.11405985319028797,5.467722772277228
2026-01-23,C005,Meta,BR,static,807.83,92331,1393,160,0.4523577417891169,0.2908921516117044,0.14354209737298107,0.040208822834275126,0.09766309218422813,6.43341165348402,15.6260947494765,0.019343385223004557,0.015087023859808731,0.11486001435750179,5.0489375
2026-01-24,C005,Meta,BR,static,1165.35,107484,1765,232,0.5168004970290099,0.3258056202907835,0.15267242395614042,0.02307856771113173,0.2178227683489849,5.354227708982561,50.534882256964494,0.04336464988058906,0.016421048714227234,0.13144475920679888,5.023060344827586
2026-01-25,C005,Meta,BR,static,750.66,72968,1171,163,0.4797067144642718,0.28865865442147665,0.08980576436453898,0.033951968218701375,0.11939588986721195,5.534170819648324,19.46153004835555,0.02592584631322303,0.016048130687424625,0.13919726729291204,4.605276073619632
2026-01-26,C005,Meta,BR,static,794.19,76762,1165,137,0.5423971679748885,0.2937390424188949,0.11239246205073511,0.06676913732844653,0.2549588366686375,9.147371813997173,34.92936062360334,0.04398135000373151,0.015176780177692088,0.11759656652360514,5.797007299270073
2026-01-27,C005,Meta,BR,static,809.19,73364,1168,157,0.47418711354096676,0.31362878440737213,0.09266926378587287,0.0497010222324141,0.145432773562843,7.803060490489013,22.832945449366353,0.028217099693396447,0.015920615015538958,0.1344178082191781,5.15407643312102
2026-01-28,C005,Meta,BR,static,620.17,70244,979,111,0.5159629218269124,0.23979759427116454,0.11523061738172508,0.04285088290543268,0.11853210077640804,4.756448002503028,13.157063186181292,0.021215234821466013,0.013937133420648028,0.11338100102145046,5.587117117117117
2026-01-29,C005,Meta,BR,static,781.19,70122,1099,145,0.4590612308256504,0.2610018935392385,0.10880219819186156,0.027420139414461746,0.16091489826634206,3.975920215096953,23.3326602486196,0.02986798957637984,0.015672684749436696,0.13193812556869883,5.387517241379311
2026-01-30,C005,Meta,BR,static,1156.0,111810,1631,217,0.5893745436295399,0.31316853971211245,0.16251316920453995,0.040584217691632646,0.20051110727052332,8.806775239084285,43.51091027770356,0.037639154138931784,0.014587246221268222,0.13304721030042918,5.3271889400921655
2026-01-31,C005,Meta,BR,static,831.16,97900,1294,151,0.49638863167033326,0.29726502994451554,0.14839934205530533,0.03742253498838535,0.3062230776929433,5.6508027832461885,46.23968473163444,0.05563256820315976,0.013217568947906027,0.11669242658423493,5.504370860927152
2026-02-01,C005,Meta,BR,static,890.24,100534,1587,199,0.46785375810619306,0.2838888119977118,0.14901340211258615,0.013053616130099248,0.1382306051412359,2.5976696098897505,27.50789042310594,0.03089939189373566,0.015785704338830645,0.12539382482671707,4.47356783919598
2026-02-02,C005,Meta,BR,static,897.21,102042,1401,163,0.42094511115220545,0.256315601092392,0.11443586279952435,0.05186406988468583,0.12348249673861345,8.45384339120379,20.127646968393993,0.022433651976668124,0.01372964073616746,0.11634546752319772,5.504355828220859
2026-02-03,C005,Meta,BR,static,851.33,74240,1219,174,0.4595736885512875,0.3569102906592547,0.13798573847175893,0.03153625951034167,0.17239451408847778,5.48730915479945,29.996645451395132,0.035235155368306015,0.016419719827586207,0.14273995077932733,4.892701149425288
2026-02-04,C005,Meta,BR,static,1105.7,116826,1962,269,0.5028197868659842,0.2627866704421979,0.13200586201000383,0.05766188168289568,0.2046836542459498,15.511046172698938,55.059902992160495,0.04979663742363254,0.01679420676904114,0.13710499490316005,4.110408921933086
2026-02-05,C005,Meta,BR,static,803.02,78820,1218,153,0.4508633630790622,0.28440903729264594,0.12867386009368842,0.03561715648061545,0.20430262934668308,5.449424941534163,31.25830229004251,0.038925983307726154,0.015452930728241563,0.12561576354679804,5.248496732026144
2026-02-06,C005,Meta,BR,static,963.34,117632,1575,182,0.47083581784765793,0.28035373071135317,0.09968721188933764,0.03386599523978111,0.14361755563045575,6.1636111336401616,26.138395124742946,0.02713302982511962,0.013389213819368879,0.11555555555555555,5.2930769230769235
2026-02-07,C005,Meta,BR,static,702.19,66726,1062,149,0.41779485063438065,0.265746357134795,0.11580582734184953,0.04312566931449759,0.2801393343685009,6.425724727860142,41.74076082090664,0.05944384962736685,0.01591583490693283,0.14030131826741996,4.71268456375839
2026-02-08,C005,Meta,BR,static,1035.03,101386,1602,217,0.4732286987251587,0.31208156021953876,0.0956385715333034,0.02415273361115822,0.24577980430933405,5.241143193621334,53.33421753512549,0.05152939242810766,0.01580099816542718,0.13545568039950062,4.7697235023041475
2026-02-09,C005,Meta,BR,static,778.15,112517,1440,206,0.4112612251990011,0.25334228740267123,0.11995795141927995,0.053188260449120464,0.23853985083795487,10.956781652518815,49.1392092726187,0.06314861182755177,0.012798066070016087,0.14305555555555555,3.777427184466019
2026-02-10,C005,Meta,BR,static,660.96,91188,1175,154,0.49228850592220597,0.3802173713643726,0.14508473862727245,0.028823837878150328,0.15593805595936266,4.43887103323515,24.01446061774185,0.036332621252823195,0.01288546738605957,0.13106382978723405,4.291948051948053
2026-02-11,C005,Meta,BR,static,917.76,117495,1738,250,0.4015053811481116,0.2529212938142148,0.12024844659362505,0.05643946269704775,0.2593396578604478,14.109865674261938,64.83491446511195,0.0706443975475504,0.014792118813566535,0.14384349827387802,3.67104
2026-02-12,C005,Meta,BR,static,808.66,103806,1392,152,0.4308799409242483,0.30457704901744226,0.1264480072435099,0.05090006699527537,0.20525414869601757,7.7368101832818565,31.198630601794672,0.03858072585179888,0.013409629501184902,0.10919540229885058,5.320131578947368
2026-02-13,C005,Meta,BR,static,1238.79,111352,1852,265,0.5069926174710199,0.2800738320801846,0.1261050898641697,0.03200192912263904,0.1441724569691207,8.480511217499346,38.20570109681699,0.030841194996011827,0.016631941949852718,0.14308855291576675,4.674679245283019
2026-02-14,C005,Meta,BR,static,792.86,75091,1205,157,0.5424752328517466,0.2640204578774392,0.11795650884276024,0.03134993818195648,0.1809351128906216,4.921940294567167,28.406812723827592,0.03582826338212502,0.016047196068769892,0.13029045643153528,5.050063694267516
2026-02-15,C005,Meta,BR,static,1230.84,142460,1875,261,0.5008547000025282,0.2977629827922282,0.11357845517013307,0.0299319851307158,0.33701698311040146,7.812248119116824,87.96143259181478,0.07146477517766159,0.013161589218026112,0.1392,4.715862068965517
2026-02-16,C005,Meta,BR,static,697.21,95180,1250,181,0.4730453779046497,0.259569695444483,0.1230236024715321,0.025287466455904385,0.12614194429380232,4.577031428518694,22.83169191717822,0.032747418746982504,0.013133011136793445,0.1448,3.8519889502762434
2026-02-17,C005,Meta,BR,static,646.65,72818,1025,142,0.532389287715446,0.26073436367427494,0.14791718611655347,0.04586019487327585,0.22124101505755162,6.51214767200517,31.41622413817233,0.048583012236766726,0.01407618995303359,0.13853658536585367,4.553873239436619
2026-02-18,C005,Meta,BR,static,1084.08,142670,1985,258,0.3787691690515874,0.23538249062006208,0.09587506613289509,0.031126111300297164,0.07334112076711333,8.030536715476668,18.922009157915237,0.017454415306174927,0.013913226326487699,0.12997481108312342,4.201860465116279
2026-02-19,C005,Meta,BR,static,630.27,56207,942,107,0.4671760273355584,0.3120579971308067,0.15309987212631665,0.03757394066177313,0.1519336762467235,4.0204116508097245,16.256903358399413,0.02579364296184728,0.0167594783567883,0.11358811040339703,5.890373831775701
2026-02-20,C005,Meta,BR,static,1147.04,150091,1953,261,0.4369833661867812,0.2948960500659038,0.09914540817429529,0.037028564461771926,0.1510535714289242,9.664455324522473,39.42498214294922,0.03437102321636536,0.01301210598903332,0.1336405529953917,4.394789272030652
2026-02-21,C005,Meta,BR,static,853.65,99518,1404,190,0.5551829310996831,0.3261175749103348,0.15189909360446796,0.04207141174865851,0.07367077917032308,7.993568232245117,13.997448042361386,0.01639724566616307,0.014108000562712273,0.13532763532763534,4.492894736842105
2026-02-22,C005,Meta,BR,static,588.4,59960,837,98,0.47103899521033654,0.3390347041873965,0.10451449304457283,0.037433864638453315,0.27830211399352,3.668518734568425,27.27360717136496,0.04635250948770658,0.013959306204136091,0.11708482676224612,6.004081632653061
2026-02-23,C005,Meta,BR,static,953.73,90885,1360,179,0.4818446401445674,0.24477746893594998,0.13865872535907126,0.025694418938628137,0.17913297248143167,4.599300990014436,32.06480207417627,0.03362046565287028,0.014963965450844474,0.13161764705882353,5.328100558659218
2026-02-24,C005,Meta,BR,static,897.29,84625,1362,179,0.5086484153747207,0.3461570187772882,0.12897022196147334,0.021864521789868547,0.2404712264603439,3.91374940038647,43.04434953640156,0.04797167778676167,0.01609453471196455,0.13142437591776798,5.012793296089385
2026-02-25,C005,Meta,BR,static,656.27,80947,1147,139,0.4756453192092859,0.2601284289138684,0.12864951504111738,0.06453292765321587,0.14207791994599234,8.970076943797007,19.748830872492935,0.030092694518342036,0.014169765402053195,0.12118570183086312,4.72136690647482
2026-02-26,C005,Meta,BR,static,755.79,78409,1217,169,0.46656646372897476,0.2913560156128668,0.11607295093158292,0.012123719910172328,0.10580363503863838,2.0489086648191233,17.880814321529886,0.02365829041022332,0.015521177415857873,0.1388660640920296,4.472130177514793
2026-02-27,C005,Meta,BR,static,1101.69,123500,1856,235,0.4667782806702709,0.3409639103654779,0.110951558361649,0.05672175698050942,0.09520471992374126,13.329612890419714,22.373109182079194,0.020308013202628566,0.01502834008097166,0.12661637931034483,4.688042553191489
2026-02-28,C005,Meta,BR,static,1022.69,101085,1558,177,0.4834194033809193,0.2705294439066122,0.1324154730521831,0.04631598458793816,0.16499589476142787,8.197929272065055,29.204273372772732,0.02855624948751793,0.015412771429984666,0.11360718870346598,5.777909604519774
2026-03-01,C005,Meta,BR,static,707.92,69709,1015,147,0.5576382788391118,0.2945038003837951,0.12595330609321728,0.049003676908173935,0.10284670721643863,7.203540505501568,15.118465960816478,0.0213561398172446,0.01456053020413433,0.14482758620689656,4.81578231292517
2026-01-01,C006,Meta,JP,video,1041.44,46865,785,101,0.6694342594603591,0.39190808387093,0.151916645546672,0.13605703516344805,0.5523021061563554,13.741760551508253,55.7825127217919,0.05356280110458703,0.016750240051210924,0.1286624203821656,10.311287128712872
2026-01-02,C006,Meta,JP,video,875.88,39625,621,99,0.6381638599285678,0.38531181213886684,0.14626784459785638,0.11109734655463786,0.4899587989844974,10.998637308909148,48.50592109946524,0.05537961010244257,0.01567192429022082,0.15942028985507245,8.847272727272728
2026-01-03,C006,Meta,JP,video,789.1,34761,557,81,0.5770865055217125,0.31522171665695253,0.11226850249948059,0.09905458281797336,0.48902466547233214,8.023421208255842,39.610997903258905,0.05019743362055029,0.016023704726561377,0.14542190305206462,9.741975308641976
2026-01-04,C006,Meta,JP,video,1405.22,57904,1092,153,0.5911549702270378,0.32769637973488985,0.14930213180464513,0.11286719688525576,0.5024302635623283,17.268681123444132,76.87183032503624,0.05470428997192145,0.018858800773694392,0.1401098901098901,9.184444444444445
2026-01-05,C006,Meta,JP,video,836.4,32454,540,68,0.5867307981801403,0.3912956957962215,0.1598508127296121,0.08200999122310842,0.5054978255518889,5.576679403171373,34.373852137528445,0.04109759255240525,0.016638935108153077,0.1259259259259259,12.299999999999999
2026-01-06,C006,Meta,JP,video,615.97,23694,475,65,0.6411833695941024,0.38761201846568377,0.1339691136009182,0.09642196366298278,0.46893213689278446,6.2674276380938805,30.48058889803099,0.04948362176326378,0.02004726935089052,0.1368421052631579,9.476461538461539
2026-01-07,C006,Meta,JP,video,690.1,22792,445,72,0.6721722963478,0.42205032216408134,0.20936082455625585,0.11365749407975187,0.5212786005687394,8.183339573742135,37.53205924094924,0.05438605324807268,0.019524394524394525,0.16179775280898875,9.584722222222222
2026-01-08,C006,Meta,JP,video,1064.9,38881,725,98,0.5310509503854234,0.34325650771697214,0.13202769598762495,0.11889486006952114,0.5041522732778971,11.651696286813072,49.40692278123392,0.046395823636688,0.018646639746920088,0.13517241379310344,10.866326530612247
2026-01-09,C006,Meta,JP,video,852.76,28452,575,94,0.5977492136095856,0.41806273224472446,0.1307307809151051,0.09723770894151276,0.5353762471351187,9.1403446405022,50.325367230701154,0.059014820675737656,0.020209475608041615,0.1634782608695652,9.071914893617022
2026-01-10,C006,Meta,JP,video,1015.39,40700,752,92,0.5877835031222085,0.4126493447795363,0.1631583543888516,0.10604258986951631,0.5251099546574449,9.7559182679955,48.31011582848493,0.04757801217488143,0.018476658476658477,0.12234042553191489,11.036847826086957
2026-01-11,C006,Meta,JP,video,1181.43,48855,898,110,0.6698645246994414,0.36330348971097143,0.21989591411207926,0.1234258770061654,0.5234870682133339,13.576846470678195,57.58357750346673,0.048740568031679754,0.018380923139903797,0.12249443207126949,10.740272727272728
2026-01-12,C006,Meta,JP,video,1176.31,39738,820,135,0.6700595670661049,0.3751935708796081,0.1828453695478388,0.11430074266244657,0.5333134455868127,15.430600259430287,71.99731515421972,0.06120604776081843,0.020635160299964768,0.16463414634146342,8.713407407407407
2026-01-13,C006,Meta,JP,video,1029.38,49720,863,125,0.645188938582663,0.366567470470729,0.14842119891572364,0.1276094129291936,0.44765676417143235,15.951176616149198,55.957095521429046,0.054360229467694275,0.01735720032180209,0.14484356894553882,8.235040000000001
2026-01-14,C006,Meta,JP,video,884.04,38099,728,114,0.5517777885056792,0.3679533332502924,0.13149663684154816,0.10484259825311376,0.5064337847476944,11.952056200854969,57.73345146123716,0.06530634485779757,0.01910811307383396,0.1565934065934066,7.754736842105263
2026-01-15,C006,Meta,JP,video,785.85,34354,613,88,0.7236768325849152,0.3627009368810781,0.20324672411783734,0.13992015411185774,0.4422471316589862,12.312973561843481,38.91774758599079,0.049523284535803326,0.017843628107352856,0.14355628058727568,8.930113636363636
2026-01-16,C006,Meta,JP,video,854.99,32294,581,95,0.6220873515505169,0.42510250648325476,0.1632694690619486,0.10980507777094684,0.551839624562939,10.43148238823995,52.4247643334792,0.061316313105070956,0.017990958072707005,0.16351118760757316,8.999894736842105
2026-01-17,C006,Meta,JP,video,1278.41,47688,854,136,0.5941737563083866,0.35973520648569024,0.1286080499965606,0.09572622678528658,0.45081670360861825,13.018766842798975,61.31107169077208,0.04795882042091144,0.017908069115920147,0.1592505854800937,9.400073529411765
2026-01-18,C006,Meta,JP,video,1181.73,48849,944,119,0.6682894380580084,0.39457536743380367,0.1938932215005485,0.13010201267965385,0.4409695157927743,15.482139508878808,52.47537237934014,0.044405649574095096,0.019324858236606686,0.1260593220338983,9.930504201680673
2026-01-19,C006,Meta,JP,video,910.2,36848,622,98,0.6115344059117663,0.3266633350392123,0.14102018020541005,0.12667936139248823,0.4912153241588217,12.414577416463846,48.139101767564526,0.05288831082873737,0.016880156317846288,0.15755627009646303,9.287755102040817
2026-01-20,C006,Meta,JP,video,774.7,35820,645,85,0.6697671075390809,0.40547319554814526,0.14113844975230525,0.11064553607216397,0.6230149695914197,9.404870566133937,52.956272415270675,0.06835738163150709,0.018006700167504188,0.13178294573643412,9.114117647058825
2026-01-21,C006,Meta,JP,video,860.35,30635,616,92,0.6844647363857139,0.40700466575553634,0.1746111519198248,0.09889821514972445,0.5617209721594807,9.09863579377465,51.67832943867222,0.06006683703604527,0.020107719928186715,0.14935064935064934,9.351630434782608
2026-01-22,C006,Meta,JP,video,842.63,29984,567,83,0.6763187090689126,0.40300371848891947,0.15826698441613055,0.1473809399653179,0.5869566011811724,12.232618017121386,48.71739789803731,0.057816091184297765,0.01891008537886873,0.14638447971781304,10.152168674698794
2026-01-23,C006,Meta,JP,video,861.68,39721,621,98,0.6123986920281698,0.35239271789707843,0.14575839596933532,0.1141385844766304,0.4938392724943497,11.18558127870978,48.39624870444627,0.056164776675247066,0.01563404748118124,0.15780998389694043,8.79265306122449
2026-01-24,C006,Meta,JP,video,691.97,27690,476,66,0.6423802484706367,0.38381665198952486,0.12714987951215947,0.11604796301521769,0.5129793070146639,7.659165559004368,33.856634262967816,0.04892764486525035,0.01719032141567353,0.13865546218487396,10.48439393939394
2026-01-25,C006,Meta,JP,video,851.79,39995,702,113,0.4939367270694198,0.3580016827912454,0.14864290261881247,0.11270736657932572,0.36320822638447864,12.735932423463806,41.04252958144609,0.048183907582275864,0.01755219402425303,0.16096866096866097,7.537964601769911
2026-01-26,C006,Meta,JP,video,829.65,39822,691,102,0.5617496501156563,0.3770062697932911,0.1385527106338279,0.10306794772476728,0.469934910311213,10.512930667926263,47.93336085174372,0.057775204126223216,0.017352217367284414,0.1476121562952243,8.133823529411764
2026-01-27,C006,Meta,JP,video,1082.9,55106,859,133,0.5543568312961262,0.30324269450322117,0.17645974215180446,0.12147097963774431,0.5995943391137302,16.155640291819992,79.74604710212611,0.07364145167332926,0.015588139222589191,0.1548311990686845,8.142105263157896
2026-01-28,C006,Meta,JP,video,793.1,39264,609,90,0.5921920858260274,0.3493138021126011,0.15893604673496728,0.09366190143122258,0.4120970013892373,8.429571128810032,37.08873012503136,0.04676405507991281,0.01551039119804401,0.1477832512315271,8.812222222222223
2026-01-29,C006,Meta,JP,video,820.21,32735,544,80,0.6129151983460891,0.406112310636304,0.1595501155732317,0.1236239754786033,0.46681979622873665,9.889918038288265,37.34558369829893,0.045531673470008506,0.01661829845730869,0.14705882352941177,10.252625
2026-01-30,C006,Meta,JP,video,1047.72,34853,720,112,0.701046884493374,0.4274023210873492,0.18473675567516543,0.1404025050319094,0.48164207547703747,15.725080563573853,53.9439124534282,0.051486946611915635,0.02065819298195277,0.15555555555555556,9.354642857142858
2026-01-31,C006,Meta,JP,video,982.16,37324,658,104,0.6044964920744512,0.3577715588184128,0.20181499666178246,0.11997923719668133,0.4768249826475631,12.477840668454858,49.58979819534657,0.050490316107273246,0.017629407351837958,0.1580547112462006,9.443846153846154
2026-02-01,C006,Meta,JP,video,992.65,44311,718,118,0.6347105663239088,0.37060376772481807,0.16827420857135048,0.11965727551738273,0.5000987032358634,14.119558511051162,59.01164698183187,0.059448687675635464,0.016203651463519216,0.16434540389972144,8.41228813559322
2026-02-02,C006,Meta,JP,video,942.62,41519,796,106,0.6751669249193513,0.397442268000472,0.1772642791856697,0.12056529543514764,0.4282490693597927,12.77992131612565,45.394401352138026,0.04815771816913554,0.019171945374406897,0.13316582914572864,8.892641509433963
2026-02-03,C006,Meta,JP,video,885.08,41105,687,92,0.6872591527544374,0.35627568123928055,0.14538522471997511,0.1538788271124547,0.46534049802643895,14.156852094345833,42.81132581843239,0.04836975823993903,0.016713295219559665,0.1339155749636099,9.620434782608696
2026-02-04,C006,Meta,JP,video,1106.05,47664,816,124,0.6151741547533033,0.36006577927010713,0.16851004347507043,0.0992805008725197,0.5249018146744242,12.310782108192443,65.0878250196286,0.05884703887759857,0.017119838872104734,0.15196078431372548,8.91975806451613
2026-02-05,C006,Meta,JP,video,1304.66,57029,1106,182,0.6086662456079357,0.326232590754813,0.13181715518611756,0.1024928248123066,0.38243194774636613,18.6536941158398,69.60261448983863,0.05334903350961527,0.01939364183134896,0.16455696202531644,7.168461538461539
2026-02-06,C006,Meta,JP,video,687.18,27949,533,70,0.5851293973295583,0.362869335340568,0.16536662393675416,0.108337354189721,0.45279355422373385,7.58361479328047,31.69554879566137,0.04612422681291044,0.01907044974775484,0.13133208255159476,9.816857142857142
2026-02-07,C006,Meta,JP,video,1001.59,51741,796,105,0.6186513679572008,0.38062969970359817,0.16213990119635632,0.11439724657906071,0.4710560297786532,12.011710890801375,49.46088312675858,0.0493825445231055,0.015384318045650451,0.13190954773869346,9.53895238095238
2026-02-08,C006,Meta,JP,video,1232.66,55725,894,132,0.5830268954298106,0.35660357177401664,0.14999885708675442,0.0934060006609363,0.4859607424881267,12.32959208724359,64.14681800843273,0.05203928826350802,0.01604306864064603,0.1476510067114094,9.338333333333335
2026-02-09,C006,Meta,JP,video,1369.38,53605,976,121,0.6186579788586973,0.3843919085791766,0.13433944468377707,0.10822012096591653,0.40572926796751274,13.0946346368759,49.09324142406904,0.03585068165764291,0.018207256785747597,0.12397540983606557,11.317190082644629
2026-02-10,C006,Meta,JP,video,1026.78,43724,780,105,0.6528815044101226,0.368548732467456,0.1444510211771587,0.11043351783416101,0.5261538506301431,11.595519372586907,55.246154316165025,0.05380549956906737,0.017839172994236575,0.1346153846153846,9.778857142857143
2026-02-11,C006,Meta,JP,video,942.25,33009,676,98,0.657262064524057,0.34572879708078436,0.1575053187860779,0.13118995660130064,0.5273294054685309,12.856615746927464,51.67828173591603,0.05484580159561004,0.020479263231239966,0.14497041420118342,9.614795918367347
2026-02-12,C006,Meta,JP,video,911.21,39666,654,103,0.6333842948327493,0.3636488693483945,0.13013567791150715,0.11935526431227973,0.5132271416546074,12.293592224164813,52.86239559042456,0.05801334123221616,0.016487672061715322,0.15749235474006115,8.846699029126214
2026-02-13,C006,Meta,JP,video,1371.03,58436,1072,144,0.6426978345867617,0.3351943083915924,0.14391445056305793,0.13750531934527993,0.6077206607660348,19.80076598572031,87.511775150309,0.06382930663873705,0.018344855910739956,0.13432835820895522,9.521041666666667
2026-02-14,C006,Meta,JP,video,808.51,34432,704,87,0.6589947445443857,0.36414281852077424,0.1708550729719633,0.0904588034540102,0.468343814059921,7.869915900498887,40.74591182321313,0.050396556293481894,0.020446096654275093,0.12357954545454546,9.293218390804597
2026-02-15,C006,Meta,JP,video,931.35,36639,611,79,0.6271582841882224,0.4030976171347453,0.1838517500132871,0.07884206637506533,0.4525262127494302,6.2285232436301605,35.74957080720499,0.03838485722004355,0.016676219329130163,0.12929623567921442,11.789240506329115
2026-02-16,C006,Meta,JP,video,749.11,38011,611,96,0.6313986894811092,0.43169821357031435,0.15087481762339908,0.11822868207553032,0.5174763602613363,11.34995347925091,49.677730585088284,0.06631595106725276,0.0160742942832338,0.15711947626841244,7.803229166666667
2026-02-17,C006,Meta,JP,video,1074.56,40153,802,112,0.5904845444931572,0.365981361637109,0.17277482040503103,0.11556196635814865,0.490528853522285,12.94294023211265,54.939231594495915,0.05112727372510372,0.019973600976265785,0.1396508728179551,9.594285714285714
2026-02-18,C006,Meta,JP,video,921.26,35249,715,94,0.6320479664819313,0.4035282340922848,0.15814888623868148,0.1110749796172527,0.48220889054775784,10.441048084021753,45.327635711489236,0.04920153286429558,0.020284263383358394,0.13146853146853146,9.800638297872341
2026-02-19,C006,Meta,JP,video,754.48,36087,649,87,0.5921674485117965,0.4517790859196853,0.17132480883571585,0.09871485442080202,0.5066986923220396,8.588192334609776,44.08278623201744,0.058428037060582576,0.01798431568154737,0.13405238828967642,8.672183908045977
2026-02-20,C006,Meta,JP,video,950.68,38831,779,103,0.5648872672410105,0.338149956635273,0.1538942053874808,0.08689852066485404,0.48960064360474853,8.950547628479967,50.4288662912891,0.05304481040916938,0.0200612912363833,0.13222079589216945,9.229902912621359
2026-02-21,C006,Meta,JP,video,666.3,23254,480,78,0.5773805727443182,0.3684158478345938,0.14682161729559534,0.09006305625700872,0.4187925896477679,7.024918388046681,32.66582199252589,0.049025374616398776,0.020641610045583555,0.1625,8.542307692307691
2026-02-22,C006,Meta,JP,video,672.74,30828,498,70,0.5253815633020835,0.36327136899442664,0.13788463128362574,0.12741319652203686,0.471257478683172,8.918923756542581,32.98802350782204,0.04903519343578445,0.0161541455819385,0.14056224899598393,9.61057142857143
2026-02-23,C006,Meta,JP,video,803.4,37128,667,101,0.5386542659371766,0.3136406889209077,0.11760705964622965,0.06993551067027261,0.38300407491479777,7.0634865776975335,38.683411566394575,0.04814951085854073,0.017964878258995905,0.15142428785607195,7.954455445544554
2026-02-24,C006,Meta,JP,video,951.68,29690,614,101,0.6278238021870057,0.39560573689587947,0.12610786247218922,0.10925309070223996,0.3819620539070089,11.034562160926235,38.5781674446079,0.04053684319943968,0.02068036375884136,0.16449511400651465,9.422574257425742
2026-02-25,C006,Meta,JP,video,1070.87,45755,877,121,0.7428513480805176,0.39418208117119785,0.14378093487585195,0.0889824839442826,0.5061330341956588,10.766880557258194,61.24209713767471,0.05718912328608542,0.01916730411976833,0.1379703534777651,8.850165289256198
2026-02-26,C006,Meta,JP,video,914.42,44914,729,119,0.5200509156758975,0.3666970010306822,0.14471777856196424,0.11734196530146399,0.48947509329134686,13.963693870874215,58.24753610167028,0.0636991752483774,0.016231019281293137,0.16323731138545952,7.684201680672269
2026-02-27,C006,Meta,JP,video,706.84,33881,576,93,0.6897249788554304,0.4161209391193276,0.17260063105288406,0.1392638470842626,0.5435722169952781,12.951537778836421,50.55221618056087,0.07151879756244107,0.017000678846551164,0.16145833333333334,7.600430107526882
2026-02-28,C006,Meta,JP,video,925.76,36056,658,84,0.6262154079612617,0.41052431984507065,0.15457692013374666,0.13164257543363658,0.35790042265869626,11.057976336425472,30.063635503330485,0.03247458721381719,0.01824938983802973,0.1276595744680851,11.02095238095238
2026-03-01,C006,Meta,JP,video,804.08,29505,528,71,0.5839222359687894,0.30178607460198725,0.13558201097550257,0.12330974556900971,0.42364814932018025,8.754991935399689,30.0790186017328,0.037408083226180486,0.017895271987798677,0.13446969696969696,11.325070422535212
2026-01-01,C007,Meta,IN,playable,943.48,93637,1897,362,0.48404046202788664,0.2880651785772159,0.11157349196219607,0.02252002111302942,0.07302779872184734,8.15224764291665,26.436063137308736,0.028019761001913522,0.020259085617864735,0.1908276225619399,2.6062983425414363
2026-01-02,C007,Meta,IN,playable,920.5,95735,2189,413,0.5007283629699395,0.29638837690815767,0.1415547983341284,0.04202878817695308,0.14884615480216995,17.357889517081624,61.47346193329619,0.06678265291317889,0.022865200814749048,0.1886706258565555,2.2288135593220337
2026-01-03,C007,Meta,IN,playable,1031.22,115679,2241,371,0.5248998333381051,0.3521417636928056,0.1136066378630817,0.03587591429848908,0.0723565758680754,13.30996420473945,26.844289647055973,0.02603151463283927,0.01937257410593107,0.16555109326193662,2.779568733153639
2026-01-04,C007,Meta,IN,playable,1009.58,131800,2572,380,0.5281317785765492,0.3043188542476668,0.14752992858841604,0.047620077245194875,0.1617144305423717,18.095629353174054,61.45148360610124,0.06086824267072296,0.0195144157814871,0.14774494556765164,2.656789473684211
2026-01-05,C007,Meta,IN,playable,1248.41,121991,2473,435,0.5702290115280485,0.33944665615149394,0.142045278423915,0.04316416906618089,0.24302421521302275,18.77641354378869,105.7155336176649,0.08468006692256225,0.02027198727775,0.17589971694298423,2.8699080459770117
2026-01-06,C007,Meta,IN,playable,927.0,91722,2176,395,0.530031355425796,0.3355948856010076,0.1081765435074086,0.009336780609262414,0.0847713100165675,3.688028340658654,33.484667456544166,0.03612169678435701,0.023723861232855803,0.18152573529411764,2.3468354430379748
2026-01-07,C007,Meta,IN,playable,975.28,82503,1989,323,0.5589528612238501,0.374582767434052,0.1606344814892472,0.024827896335352064,0.16140988415499863,8.019410516318716,52.135392582064554,0.05345679890403082,0.024108214246754665,0.1623931623931624,3.0194427244582043
2026-01-08,C007,Meta,IN,playable,1209.6,126783,2747,463,0.47187777961486627,0.25026740624685306,0.10306856139618023,0.027117052459423363,0.11485151611451107,12.555195288713017,53.17625196101862,0.043961821134765836,0.02166694272891476,0.1685475063705861,2.6125269978401726
2026-01-09,C007,Meta,IN,playable,707.5,75999,1629,253,0.45515679556356237,0.3114397858475232,0.1301299868437341,0.04241494646165417,0.167875316255986,10.730981454798505,42.472455012764456,0.06003167109252915,0.02143449255911262,0.1553100061387354,2.7964426877470356
2026-01-10,C007,Meta,IN,playable,798.31,83950,1580,261,0.4988919376103096,0.31817401471751,0.11089938001869756,0.029450123949755016,0.12428921375033013,7.68648235088606,32.43948478883616,0.040635288295571365,0.018820726622989874,0.1651898734177215,3.0586590038314174
2026-01-11,C007,Meta,IN,playable,552.17,57839,1263,209,0.5426396969229335,0.276359186894272,0.13818377536145554,0.029537852772495196,0.12015952027858177,6.173411229451496,25.11333973822359,0.045481093355572585,0.02183647711751586,0.16547901821060965,2.641961722488038
2026-01-12,C007,Meta,IN,playable,1267.32,111270,2691,483,0.45553321332615804,0.24903350396475565,0.11639077857595807,0.041371750686518355,0.2643137311955346,19.982555581588365,127.66353216744321,0.10073470746435202,0.02418441628471286,0.1794871794871795,2.6238509316770187
2026-01-13,C007,Meta,IN,playable,711.55,83883,1584,284,0.5572582893135237,0.3412087593107029,0.13232358977527758,0.041286147374573916,0.14970746194602771,11.725265854378993,42.51691919267187,0.05975279255125137,0.018883444798111656,0.17929292929292928,2.505457746478873
2026-01-14,C007,Meta,IN,playable,653.73,67544,1593,236,0.5865395087028173,0.33304639283856896,0.14957182870507593,0.04159286564659043,0.10259732199208375,9.815916292595341,24.212967990131766,0.03703795944570108,0.0235846263176596,0.14814814814814814,2.770042372881356
2026-01-15,C007,Meta,IN,playable,1054.65,115081,2448,364,0.504552749559574,0.3097390877358556,0.1517807020833039,0.017910926868802628,0.16127322731123114,6.519577380244156,58.703454741288134,0.05566163277016693,0.021271973653339823,0.14869281045751634,2.89739010989011
2026-01-16,C007,Meta,IN,playable,816.65,98655,1909,293,0.5977628122075804,0.32593227937462416,0.15238205834763047,0.03382304827151001,0.08512737064649613,9.910153143552433,24.942319599423367,0.030542382130665638,0.01935026101059247,0.1534834992142483,2.7872013651877134
2026-01-17,C007,Meta,IN,playable,1024.23,111890,2103,318,0.6319463984339118,0.3257601269091156,0.12455684125402583,0.053021059933691314,0.02435055492168947,16.86069705891384,7.743476465097252,0.007560285337177273,0.018795245330235053,0.15121255349500715,3.2208490566037735
2026-01-18,C007,Meta,IN,playable,1110.34,111101,2655,382,0.5044904101536349,0.2797965076485328,0.11336272341221466,0.022100715026143643,0.15128080419015086,8.442473139986872,57.789267200637624,0.052046482416809085,0.023897174642892503,0.14387947269303203,2.906649214659686
2026-01-19,C007,Meta,IN,playable,820.29,99231,2121,405,0.4529458653231756,0.30360100204086893,0.1354030142041098,0.013972891336852377,0.0704506653244622,5.659020991425213,28.532519456407194,0.03478336438472829,0.021374368896816518,0.19094766619519093,2.0254074074074073
2026-01-20,C007,Meta,IN,playable,855.54,73874,1736,314,0.5443986049302453,0.3346928918890147,0.12736466612299552,0.02804471712463541,0.1763545972595177,8.80604117713552,55.375343539488554,0.06472568219248115,0.02349947207407207,0.18087557603686635,2.7246496815286623
2026-01-21,C007,Meta,IN,playable,1103.37,114299,2617,375,0.5904802326384664,0.31445853572316257,0.1390728407248538,0.03752555010993757,0.11195815679974619,14.072081291226588,41.984308799904824,0.03805092689092584,0.022896088329731668,0.14329384791746275,2.9423199999999996
2026-01-22,C007,Meta,IN,playable,1024.43,116732,2207,322,0.5233967636339303,0.2718197349015225,0.12946311706379415,0.005120522882218967,0.02,1.6488083680745074,6.44,0.006286436554306102,0.018906555186238565,0.145899410965111,3.181459627329193
2026-01-23,C007,Meta,IN,playable,1124.46,109632,2520,487,0.49849023784587426,0.3152631022679122,0.14900318474692983,0.04833169460422399,0.11326189767393473,23.537535272257085,55.15854416720621,0.04905340010558274,0.02298598949211909,0.19325396825396826,2.3089527720739222
2026-01-24,C007,Meta,IN,playable,1004.18,102217,2048,377,0.5194584210655433,0.32873242146758025,0.1314010449663441,0.0550313160897733,0.1011031444339898,20.746806165844532,38.115885451614155,0.037957320495445195,0.020035806177054697,0.18408203125,2.6636074270557026
2026-01-25,C007,Meta,IN,playable,1212.87,138834,2602,398,0.5423957005782787,0.3865340025263627,0.12331160341780605,0.04637676108051948,0.20916045930639243,18.457950910046755,83.24586280394419,0.06863536215630714,0.018741806762032354,0.15295926210607225,3.0474120603015074
2026-01-26,C007,Meta,IN,playable,765.08,71960,1713,250,0.48066533398053624,0.2910699250370152,0.13507903552013473,0.02981022267459432,0.07379710097062507,7.452555668648579,18.449275242656267,0.024114225651233227,0.023804891606448025,0.14594279042615294,3.0603200000000004
2026-01-27,C007,Meta,IN,playable,963.63,82473,1983,335,0.5359750010317982,0.3902719499434639,0.138938343831177,0.028128809717587723,0.17612158581951615,9.423151255391888,59.00073124953791,0.06122771196729922,0.02404423265796079,0.16893595562279376,2.876507462686567
2026-01-28,C007,Meta,IN,playable,860.3,94094,2024,365,0.48331551398290545,0.3167694214545569,0.15072134104359036,0.023799666022523962,0.18297292256507208,8.686878098221246,66.78511673625131,0.07762987186338839,0.021510404489127895,0.18033596837944665,2.356986301369863
2026-01-29,C007,Meta,IN,playable,681.3,76483,1545,230,0.479926250985214,0.2930208466582461,0.14351784314693192,0.060211951333599106,0.16196187177277538,13.848748806727794,37.251230507738335,0.054676416228079,0.020200567446360628,0.1488673139158576,2.962173913043478
2026-01-30,C007,Meta,IN,playable,720.4,77810,1590,245,0.4313164648772596,0.3468115468984795,0.12525667244825817,0.026132466117235954,0.23876111199536187,6.4024541987228085,58.49647243886366,0.08120012313551082,0.020434391466392494,0.1540880503144654,2.940408163265306
2026-01-31,C007,Meta,IN,playable,769.85,73011,1586,279,0.47814292547079557,0.35402492991565393,0.13298925004175954,0.03832480067772917,0.11843831611384806,10.692619389086438,33.04429019576361,0.04292319530498005,0.02172275410554574,0.17591424968474148,2.7593189964157707
2026-02-01,C007,Meta,IN,playable,1024.06,132092,2659,442,0.512341542401806,0.33123243465189056,0.1378908329698401,0.03698667363168658,0.26614328486956734,16.34810974520547,117.63533191234876,0.11487166165655496,0.02012990945704509,0.16622790522752914,2.3168778280542983
2026-02-02,C007,Meta,IN,playable,1049.84,130134,2606,474,0.535400635406239,0.3261142938660565,0.13518719251235076,0.041893127396191845,0.10643937522925767,19.857342385794936,50.45226385866814,0.04805719110979249,0.020025512164384404,0.18188795088257867,2.214852320675105
2026-02-03,C007,Meta,IN,playable,689.34,71573,1490,227,0.45263128065855623,0.28794288581064775,0.14640840752215084,0.03720185093528591,0.16212182796535207,8.444820162309902,36.80165494813492,0.05338652107924617,0.020817906193676388,0.1523489932885906,3.036740088105727
2026-02-04,C007,Meta,IN,playable,735.58,67508,1602,248,0.4719311483955971,0.31604428441675914,0.12037181723384173,0.03158525247979672,0.11739371481054013,7.833142614989586,29.113641273013954,0.03957906180400106,0.023730520827161226,0.15480649188514356,2.9660483870967744
2026-02-05,C007,Meta,IN,playable,665.57,71199,1533,262,0.44168224273787027,0.22590841815637125,0.13046079811024575,0.03714291346041158,0.11278665660634385,9.731443326627833,29.550104030862087,0.04439795538960266,0.021531201280916866,0.17090671885192432,2.540343511450382
2026-02-06,C007,Meta,IN,playable,703.81,81764,1525,281,0.5021934496737174,0.30614769705712586,0.1722537208958998,0.03724530639887268,0.15616273862791794,10.465931098083223,43.88172955444494,0.06234902777288337,0.018651240154591263,0.1842622950819672,2.504661921708185
2026-02-07,C007,Meta,IN,playable,1021.07,99417,1977,372,0.4951932732588005,0.3324268016890472,0.09821516263057609,0.022186027408814476,0.0637173796004648,8.253202196078986,23.702865211372902,0.023213766099918525,0.01988593500105616,0.18816388467374812,2.7448118279569895
2026-02-08,C007,Meta,IN,playable,1397.63,127533,2721,476,0.5071931438108429,0.4019234664289496,0.14940938132108278,0.041480304772889866,0.10450085774832701,19.744625071895577,49.742408288203656,0.035590585785537074,0.021335654301239678,0.1749356854097758,2.936197478991597
2026-02-09,C007,Meta,IN,playable,994.45,91869,2193,423,0.48844530773937384,0.33763902743695373,0.10316273035659904,0.016073593256931203,0.057450534702766204,6.799129947681899,24.301576179270103,0.024437304638239177,0.02387094667406851,0.19288645690834474,2.3509456264775417
2026-02-10,C007,Meta,IN,playable,704.01,70869,1585,263,0.46821813714288024,0.28016441573658535,0.1562470503506877,0.028838377377842315,0.20401394187623212,7.584493250372529,53.655666713449044,0.07621412342592755,0.02236520904767952,0.16593059936908516,2.676844106463878
2026-02-11,C007,Meta,IN,playable,849.03,88456,1694,251,0.528391685306833,0.28919109891767836,0.1265997626148735,0.018172410660302195,0.2066544922172018,4.561275075735851,51.870277546517656,0.061093258927014615,0.019150764221759972,0.14817001180637543,3.382589641434263
2026-02-12,C007,Meta,IN,playable,1061.25,92289,2133,365,0.5222688569543359,0.309163261798058,0.15591730132184872,0.03648776971409063,0.06076321398048373,13.31803594564308,22.178573102876562,0.020898536411499618,0.02311218021649384,0.17112048757618378,2.9075342465753424
2026-02-13,C007,Meta,IN,playable,958.62,112333,2128,375,0.5677455921364891,0.40570763362447043,0.16215295696664017,0.028503204045068863,0.19718360659669637,10.688701516900823,73.94385247376114,0.0771359196754783,0.01894367639073113,0.1762218045112782,2.55632
2026-02-14,C007,Meta,IN,playable,764.43,73693,1821,283,0.5503220677931958,0.3070463153113741,0.1498926319377671,0.03422775196029005,0.22825777758531646,9.686453804762085,64.59695105664456,0.08450293201386554,0.024710623804160503,0.15540911587040088,2.701166077738516
2026-02-15,C007,Meta,IN,playable,1112.72,99209,2287,329,0.6308992312708155,0.3192963913080128,0.13545722145405673,0.025158769236041257,0.15635619725398506,8.277235078657574,51.44118889656109,0.046230124337862444,0.023052344041367214,0.14385658067337123,3.382127659574468
2026-02-16,C007,Meta,IN,playable,1061.24,124747,2738,471,0.5021727900434351,0.3025066963054983,0.17851451997804935,0.018940349791690077,0.1504567787175953,8.920904751886026,70.8651427759874,0.06677573846213905,0.021948423609385394,0.17202337472607743,2.253163481953291
2026-02-17,C007,Meta,IN,playable,646.61,76453,1441,255,0.5354843483337498,0.3663377496220721,0.15094978411593274,0.03759476301881198,0.14351176714518174,9.586664569797057,36.59550062202134,0.05659592682116092,0.018848181235530326,0.17696044413601666,2.5357254901960786
2026-02-18,C007,Meta,IN,playable,1014.59,101630,2021,339,0.562173681009539,0.33003813774052476,0.17670984539297258,0.02041229794259916,0.10023348229844638,6.919769002541115,33.97915049917332,0.03349047712256544,0.01988586047426941,0.16773874319643742,2.9928908554572273
2026-02-19,C007,Meta,IN,playable,754.45,66389,1616,311,0.5215250244859184,0.2899302218807677,0.1611171564756159,0.013842188944098246,0.19000968918615035,4.304920761614555,59.09301333689276,0.07832560320417668,0.024341381855427856,0.19245049504950495,2.4258842443729907
2026-02-20,C007,Meta,IN,playable,1071.8,111281,2530,421,0.4954703158905571,0.30815296300927053,0.15595862649373843,0.0200929907214418,0.13860175257398966,8.459149093726998,58.351337833649644,0.05444229421372603,0.022735237821371122,0.16640316205533598,2.5458432304038006
2026-02-21,C007,Meta,IN,playable,1345.39,118646,2870,426,0.5635011527730643,0.3010110833466076,0.1449915316675628,0.031201610478522802,0.14589245879276305,13.291886063850713,62.15018744571706,0.04619480507870954,0.024189606054987104,0.14843205574912893,3.158192488262911
2026-02-22,C007,Meta,IN,playable,1016.57,107479,2425,353,0.5382574808907764,0.3230565850201693,0.16686487942303282,0.008951829326598534,0.13313627184684942,3.1599957522892828,46.997103961937846,0.04623097552825238,0.02256254710222462,0.14556701030927835,2.879801699716714
2026-02-23,C007,Meta,IN,playable,722.98,69498,1724,326,0.5028794809985051,0.2506319488329566,0.10825408094538971,0.03909223837668791,0.13141366900682658,12.74406971080026,42.840856096225465,0.059256309021829386,0.024806469250913694,0.18909512761020883,2.2177300613496933
2026-02-24,C007,Meta,IN,playable,721.75,75462,1438,247,0.4630367831094473,0.31310874953251444,0.16160334001905147,0.05458962466980263,0.1500849121851361,13.48363729344125,37.070973309728615,0.051362580992203574,0.01905594868940659,0.1717663421418637,2.922064777327935
2026-02-25,C007,Meta,IN,playable,1097.6,106578,2561,401,0.4616328138932815,0.31203216734905226,0.12148307467500108,0.0377659074412287,0.13563928367207842,15.144128883932709,54.391352752503444,0.0495545841825889,0.024029349396685995,0.15657946114798907,2.73715710723192
2026-02-26,C007,Meta,IN,playable,463.69,49068,1179,224,0.4721252783103861,0.3445367181957865,0.12925740734821417,0.03609228624668403,0.1881600573041307,8.084672119257222,42.14785283612528,0.0908967292791342,0.024027879677182687,0.18999151823579305,2.070044642857143
2026-02-27,C007,Meta,IN,playable,1018.42,106193,2450,455,0.5407329402389142,0.32268427802805527,0.15835400171793,0.0273939926682348,0.1633014235130013,12.464266664046834,74.3021476984156,0.07295835194155652,0.023071200549942085,0.18571428571428572,2.238285714285714
2026-02-28,C007,Meta,IN,playable,1020.89,114576,2381,356,0.5560196708075966,0.3187345347680966,0.12395107895691784,0.042510014469000094,0.18452342600415553,15.133565150964033,65.69033965747937,0.06434623539676877,0.020780966345482474,0.1495170096598068,2.8676685393258428
2026-03-01,C007,Meta,IN,playable,978.97,116295,2395,413,0.5219591056140261,0.34187125057637263,0.1331654405923126,0.035359542871392216,0.07471589951888719,14.603491205884986,30.857666501300407,0.0315204703966749,0.02059417859753214,0.17244258872651358,2.3703874092009687
2026-01-01,C008,Meta,JP,playable,955.11,32335,648,112,0.6408004254689882,0.39568230700539436,0.204930782737813,0.08147683945503215,0.4653994077909803,9.1254060189636,52.1247336725898,0.054574522819259015,0.020040204113190043,0.1728395061728395,8.527767857142857
2026-01-02,C008,Meta,JP,playable,1433.96,63924,1228,215,0.7013616178359856,0.40702285593042914,0.15394019456142938,0.13041615827908887,0.4621968776905956,28.039474030004108,99.37232870347805,0.06929909426269894,0.019210312245791877,0.1750814332247557,6.669581395348837
2026-01-03,C008,Meta,JP,playable,918.03,32078,612,93,0.6383316475250598,0.3279518318261617,0.15506418987775406,0.11960065155024996,0.5020568523584849,11.122860594173247,46.69128726933909,0.050860374724950086,0.01907849616559636,0.15196078431372548,9.871290322580645
2026-01-04,C008,Meta,JP,playable,916.06,27763,600,101,0.7312958151816625,0.43223186597810537,0.19306079869551968,0.13301168044615305,0.5236828799844147,13.434179725061458,52.89197087842588,0.057738685684088256,0.021611497316572418,0.16833333333333333,9.06990099009901
2026-01-05,C008,Meta,JP,playable,1112.58,37688,789,112,0.6715221480639713,0.3966450280753701,0.1541327319207611,0.10024110426187957,0.5079596692051612,11.227003677330512,56.89148295097806,0.05113487073372324,0.020935045637868816,0.14195183776932827,9.93375
2026-01-06,C008,Meta,JP,playable,869.25,23047,560,96,0.8042876763060562,0.4353510866785035,0.14001906319627744,0.13099645972951068,0.6186685759157691,12.575660134033026,59.39218328791383,0.06832576133205785,0.024298173298043128,0.17142857142857143,9.0546875
2026-01-07,C008,Meta,JP,playable,812.92,25923,529,80,0.5956779742150092,0.4419510576933647,0.1659878807040372,0.10870985424909699,0.4644640713905263,8.696788339927759,37.1571257112421,0.04570821825502567,0.020406588743586775,0.15122873345935728,10.1615
2026-01-08,C008,Meta,JP,playable,814.39,23864,551,90,0.7278396795834023,0.4365027783108339,0.18351905306523733,0.11716633750053118,0.5380691554120551,10.544970375047807,48.42622398708496,0.05946331349222053,0.02308917197452229,0.16333938294010888,9.048777777777778
2026-01-09,C008,Meta,JP,playable,995.72,43334,862,145,0.6646227590984326,0.3687884371126977,0.18168638313943586,0.13782968738012652,0.5740576022483944,19.985304670118346,83.23835232601719,0.08359634902729463,0.0198920016615129,0.16821345707656613,6.867034482758621
2026-01-10,C008,Meta,JP,playable,989.28,38493,810,147,0.7704258994603772,0.42760813632549594,0.17753540815831417,0.1607746087137022,0.6310848960104879,23.633867480914223,92.76947971354173,0.09377511588737651,0.02104278700023381,0.1814814814814815,6.729795918367347
2026-01-11,C008,Meta,JP,playable,745.51,33773,647,97,0.7150510236008014,0.45898492711893973,0.2107445838314697,0.13064851828239926,0.5122948212045129,12.672906273392728,49.69259765683775,0.06665552038640617,0.019157315014952773,0.14992272024729522,7.685670103092783
2026-01-12,C008,Meta,JP,playable,1007.98,35835,838,128,0.6939826709079807,0.43907341320700416,0.1673705184778677,0.14525261267486103,0.6087551677931597,18.592334422382212,77.92066147752445,0.07730370030421164,0.02338495883912376,0.15274463007159905,7.87484375
2026-01-13,C008,Meta,JP,playable,681.54,24959,540,101,0.6542015358728211,0.4231682439282005,0.1422997478744304,0.10441160610651215,0.40581806775977847,10.545572216757726,40.98762484373763,0.060139800311244156,0.0216354821907929,0.18703703703703703,6.747920792079207
2026-01-14,C008,Meta,JP,playable,1060.8,40161,801,142,0.6935924256351912,0.4524830571635702,0.1581152037770865,0.11986058982527574,0.5549859910886569,17.020203755189154,78.80801073458927,0.07429090084020104,0.01994472249196982,0.1772784019975031,7.470422535211267
2026-01-15,C008,Meta,JP,playable,996.94,32202,717,114,0.7620432556700429,0.40502682172453397,0.21950505746269824,0.13799111921546647,0.4146985054289281,15.730987590563178,47.2756296188978,0.047420726032452155,0.022265697782746414,0.1589958158995816,8.745087719298246
2026-01-16,C008,Meta,JP,playable,922.06,32087,733,122,0.6360265985797434,0.3972741899619861,0.15816865462179053,0.1373075331826195,0.45430476291934974,16.75151904827958,55.42518107616067,0.060110072785462924,0.022844142487611806,0.1664392905866303,7.557868852459016
2026-01-17,C008,Meta,JP,playable,1221.54,38563,851,159,0.6453857849255282,0.33623109825129066,0.09945696494995893,0.12739584679675459,0.4889273733564859,20.25593964068398,77.73945236368125,0.06364041012539974,0.02206778518268807,0.18683901292596944,7.682641509433962
2026-01-18,C008,Meta,JP,playable,1026.52,29897,694,122,0.7182286914125986,0.4558113454388947,0.2004591354753495,0.13630102808410424,0.6386329424106466,16.62872542626072,77.91321897409888,0.07590036887112565,0.02321303140783356,0.17579250720461095,8.414098360655737
2026-01-19,C008,Meta,JP,playable,729.44,23561,542,85,0.7134890445769257,0.4297953080806155,0.18356624595904647,0.1318223117351566,0.5732688267492101,11.204896497488312,48.72785027368286,0.06680146240560157,0.023004116972963794,0.15682656826568267,8.58164705882353
2026-01-20,C008,Meta,JP,playable,717.79,26101,511,95,0.5923369851468654,0.4263546346050991,0.1475599452257168,0.1260500763050542,0.44835999796865783,11.974757248980147,42.59419980702249,0.05934063931121051,0.019577793954254626,0.18590998043052837,7.555684210526316
2026-01-21,C008,Meta,JP,playable,917.33,32365,642,115,0.60276816543902,0.3734090092694807,0.13344246275371052,0.10831488704235315,0.3862573199206812,12.456212009870612,44.419591790878336,0.04842261302178422,0.019836242854935886,0.1791277258566978,7.976782608695652
2026-01-22,C008,Meta,JP,playable,874.85,37182,721,120,0.6017429855468018,0.3969465351044655,0.18329804805759414,0.13300836023043358,0.5455963498859661,15.96100322765203,65.47156198631593,0.07483779472415755,0.019391103221989135,0.1664355062413315,7.290416666666667
2026-01-23,C008,Meta,JP,playable,959.52,39922,815,152,0.6791799004252096,0.46301055692915355,0.14845637414652463,0.11834121553498694,0.5122467545303596,17.987864761318015,77.86150668861467,0.0811459976548762,0.020414808877310755,0.18650306748466258,6.312631578947368
2026-01-24,C008,Meta,JP,playable,830.48,33606,652,103,0.6566938010893697,0.3787404694133639,0.16239959870141832,0.15401912188769415,0.523039410321332,15.863969554432497,53.873059263097204,0.06486960747073489,0.019401297387371303,0.1579754601226994,8.062912621359223
2026-01-25,C008,Meta,JP,playable,935.41,32584,724,111,0.6642216251628011,0.4092725937235818,0.17376017647456188,0.10109232585106488,0.46721996459728393,11.221248169468202,51.86141607029852,0.055442196745113546,0.02221949423029708,0.15331491712707182,8.427117117117117
2026-01-26,C008,Meta,JP,playable,774.47,31308,664,120,0.7524193734011012,0.42726250478651057,0.20376103484276767,0.1381160316364465,0.4632987730548476,16.57392379637358,55.595852766581714,0.07178605493564244,0.021208636770154592,0.18072289156626506,6.453916666666667
2026-01-27,C008,Meta,JP,playable,662.64,24165,523,87,0.7007066113606872,0.41485612016652673,0.13678288631412044,0.129526795685697,0.5475350078530564,11.268831224655639,47.63554568321591,0.07188759850047337,0.02164287192220153,0.16634799235181644,7.616551724137931
2026-01-28,C008,Meta,JP,playable,969.97,35799,732,126,0.6087857729215008,0.3566652350711367,0.1683123941628054,0.11933186737566977,0.4191090296258138,15.03581528933439,52.80773773285254,0.05444240388382387,0.02044749853347859,0.1721311475409836,7.6981746031746034
2026-01-29,C008,Meta,JP,playable,1232.91,41757,1006,182,0.6294022548124367,0.42283300045767935,0.16957402824968063,0.09967263659471527,0.4225334304447347,18.14041986023818,76.90108434094171,0.06237361888728457,0.024091769044711067,0.18091451292246521,6.77423076923077
2026-01-30,C008,Meta,JP,playable,1309.07,43703,1080,166,0.6337920050601311,0.46512846008216246,0.18288669429049553,0.11816809764618336,0.4867154365594522,19.615904209266436,80.79476246886907,0.06171915522331418,0.02471226231608814,0.1537037037037037,7.885963855421687
2026-01-31,C008,Meta,JP,playable,1072.88,47140,917,138,0.6402515901981859,0.3804345111475277,0.1647511644307505,0.14928323538940422,0.59710938196928,20.60108648373778,82.40109471176063,0.07680374459636992,0.01945269410267289,0.1504907306434024,7.774492753623189
2026-02-01,C008,Meta,JP,playable,1033.75,39636,816,135,0.6132869775589245,0.453934417814328,0.2164010495317259,0.12727364572129662,0.40830711950160803,17.181942172375045,55.12146113271709,0.0533217611651242,0.020587344838026038,0.16544117647058823,7.657407407407407
2026-02-02,C008,Meta,JP,playable,808.56,27730,584,85,0.7121198277203503,0.4598926143292234,0.1818596608966687,0.12019670279773444,0.5615960632688615,10.216719737807427,47.73566537785322,0.05903755319256724,0.02106022358456545,0.14554794520547945,9.512470588235294
2026-02-03,C008,Meta,JP,playable,1057.91,39669,822,158,0.6620952523773872,0.4288743169968989,0.18807863226470323,0.14423015732214248,0.498402619691335,22.78836485689851,78.74761391123093,0.07443683082242912,0.02072147016562051,0.1922141119221411,6.695632911392406
2026-02-04,C008,Meta,JP,playable,733.5,22143,525,86,0.6445780917851537,0.39988051337636144,0.15327988315113833,0.12989221273905427,0.40568249919418803,11.170730295558666,34.88869493070017,0.04756497547139211,0.023709524454680938,0.16380952380952382,8.529069767441861
2026-02-05,C008,Meta,JP,playable,1087.56,37351,910,157,0.7396768280571436,0.4436423516314533,0.1663745773436212,0.12877575810181865,0.5457722644293501,20.21779402198553,85.68624551540798,0.07878747020304021,0.024363470857540627,0.17252747252747253,6.927133757961783
2026-02-06,C008,Meta,JP,playable,931.07,37674,799,122,0.7041054844737036,0.46380361984843116,0.20509462539360937,0.11735842299754307,0.49510430584959136,14.317727605700254,60.402725313650144,0.06487428151718289,0.02120826033869512,0.15269086357947434,7.6317213114754106
2026-02-07,C008,Meta,JP,playable,924.62,40033,794,147,0.7236304003831442,0.4066560011580008,0.20102008166690472,0.12297812693330698,0.48559612208485414,18.077784659196126,71.38262994647356,0.07720210144757401,0.019833637249269353,0.18513853904282115,6.289931972789116
2026-02-08,C008,Meta,JP,playable,931.53,30614,617,108,0.6612149474006386,0.409786711466049,0.1855278431973563,0.11475979914477376,0.5519239441317175,12.394058307635566,59.60778596622549,0.06398924480800683,0.02015417782713791,0.17504051863857376,8.625277777777777
2026-02-09,C008,Meta,JP,playable,724.52,22999,570,108,0.5967968913819963,0.3996150523664956,0.1256406015730953,0.08459339077044857,0.5774676252285321,9.136086203208446,62.36650352468147,0.08608021481787757,0.02478368624722814,0.18947368421052632,6.7085185185185185
2026-02-10,C008,Meta,JP,playable,1105.57,33171,789,114,0.6705699190318152,0.37050315923864396,0.16413379126274283,0.11745963047401832,0.48397555734545533,13.390397874038088,55.173213537381905,0.04990483907452046,0.02378583702631817,0.1444866920152091,9.69798245614035
2026-02-11,C008,Meta,JP,playable,808.53,30932,703,102,0.7181685772315338,0.4416423258264098,0.19487071392318905,0.10336366289914344,0.627843032405982,10.54309361571263,64.03998930541017,0.07920505275425205,0.022727272727272728,0.14509246088193456,7.926764705882353
2026-02-12,C008,Meta,JP,playable,670.77,19613,472,90,0.7119371871887837,0.4161504540170688,0.1812163355434248,0.12554310927621024,0.579969451926926,11.298879834858921,52.19725067342333,0.07781658756228116,0.02406567072859838,0.1906779661016949,7.452999999999999
2026-02-13,C008,Meta,JP,playable,890.01,39539,731,106,0.7800900733706556,0.42657451711688926,0.17525838551519612,0.11521130889548904,0.7030307051688192,12.212398742921838,74.52125474789483,0.08373044747045798,0.01848807506512557,0.14500683994528044,8.396320754716982
2026-02-14,C008,Meta,JP,playable,977.32,35352,735,106,0.6859109889591589,0.4717240116183963,0.14871252589525072,0.105379414665083,0.46035521032590254,11.170217954498797,48.79765229454567,0.04993013015493513,0.02079090291921249,0.14421768707482993,9.22
2026-02-15,C008,Meta,JP,playable,1146.74,51824,953,145,0.6272612788878468,0.38978533033944074,0.17783730648187293,0.11645636388567891,0.49282626420707004,16.886172763423442,71.45980831002515,0.062315642490362026,0.01838916332201297,0.1521511017838405,7.908551724137931
2026-02-16,C008,Meta,JP,playable,758.82,30053,637,109,0.6026401103619428,0.40904836766744185,0.1656868084505066,0.0954892044788703,0.47683751798745944,10.408323288196863,51.97528946063308,0.068494450023559,0.021195887265830365,0.17111459968602827,6.961651376146789
2026-02-17,C008,Meta,JP,playable,758.04,26893,637,106,0.6199052717640895,0.3549027742580998,0.15982221932493437,0.1150960215210538,0.40629907066061544,12.200178281231704,43.067701490025236,0.05681462600601331,0.02368646116089689,0.1664050235478807,7.151320754716981
2026-02-18,C008,Meta,JP,playable,810.85,29277,661,114,0.6232255783050207,0.30469657632262503,0.15313311647274988,0.1334203827226178,0.39734275536438823,15.20992363037843,45.29707411154026,0.05586339965198863,0.022577449875328757,0.17246596066565809,7.112719298245614
2026-02-19,C008,Meta,JP,playable,907.79,24592,591,109,0.7220163025637749,0.4513571846340211,0.21456866737269603,0.1449096897247424,0.5211592097217014,15.795156179996923,56.80635385966545,0.06257643227286536,0.02403220559531555,0.1844331641285956,8.328348623853211
2026-02-20,C008,Meta,JP,playable,1122.02,35676,883,143,0.6922356626878073,0.3998548161548044,0.14629282679092426,0.10788586988663616,0.38968890818049995,15.42767939378897,55.72551386981149,0.049665437403778476,0.02475053257091602,0.16194790486976218,7.846293706293706
2026-02-21,C008,Meta,JP,playable,837.19,24636,559,101,0.6540956503223965,0.48856242761316615,0.17404563039311832,0.15976528264082976,0.6277422201336456,16.136293546723806,63.4019642334982,0.07573153789430882,0.022690371813606103,0.1806797853309481,8.2890099009901
2026-02-22,C008,Meta,JP,playable,871.68,36823,679,118,0.757217183067431,0.4293096477538285,0.19692376704165082,0.14773556133343843,0.5884794468166391,17.432796237345734,69.44057472436342,0.07966299488053465,0.01843956223012791,0.17378497790868924,7.3871186440677965
2026-02-23,C008,Meta,JP,playable,841.24,34533,643,121,0.7131270439165117,0.4400518863642021,0.17306876314777037,0.10600649175378242,0.489226868403467,12.826785502207672,59.19645107681951,0.07036808455228215,0.01861987084817421,0.18818040435458788,6.952396694214876
2026-02-24,C008,Meta,JP,playable,721.35,21290,518,85,0.6469306103247976,0.3625572756766611,0.14942583587467306,0.11608564358896653,0.438320191083446,9.867279705062154,37.25721624209291,0.05164935538224434,0.02433067167684359,0.1640926640926641,8.486470588235294
2026-02-25,C008,Meta,JP,playable,1032.79,30672,728,114,0.6272005750661989,0.4421960824662051,0.18697589149117924,0.1309135884713437,0.5735726156374316,14.924149085733184,65.3872781826672,0.063311187088173,0.023735002608242045,0.1565934065934066,9.059561403508772
2026-02-26,C008,Meta,JP,playable,771.83,27641,544,102,0.700885318588016,0.4520274533194269,0.17752050932725924,0.14532207810482892,0.46710433189324,14.82285196669255,47.644641853110485,0.061729665132942015,0.019680908794906117,0.1875,7.566960784313726
2026-02-27,C008,Meta,JP,playable,862.59,25868,583,85,0.6021142402213837,0.38415247212042614,0.1793609974559671,0.10643478876716908,0.5442106873658263,9.046957045209371,46.25790842609524,0.05362659193070152,0.022537498067109942,0.1457975986277873,10.148117647058823
2026-02-28,C008,Meta,JP,playable,987.45,32956,818,118,0.700815983875474,0.40165381262521105,0.17636362791904348,0.14977436816779943,0.6481847968733466,17.67337544380033,76.4858060310549,0.07745795210489068,0.02482097341910426,0.14425427872860636,8.36822033898305
2026-03-01,C008,Meta,JP,playable,1001.92,29867,700,106,0.6492116543314387,0.4134594250278248,0.18380230930700456,0.12678607608871112,0.5390435471969736,13.439324065403378,57.138616002879196,0.05702894284852173,0.023437238423678307,0.15142857142857144,9.452075471698112
2026-01-01,C009,Google Ads,US,static,790.7,36679,476,61,0.6359545847054948,0.4090265814173937,0.14418705104128293,0.13599226521573196,0.500665391172142,8.29552817815965,30.540588861500666,0.03862471526411475,0.012977453038523407,0.12815126050420167,12.962295081967214
2026-01-02,C009,Google Ads,US,static,766.43,44343,591,83,0.6117931034916307,0.341571887974117,0.17292193863887131,0.13013891743088815,0.5568260687259511,10.801530146763717,46.21656370425394,0.06030133743317286,0.01332792097963602,0.1404399323181049,9.234096385542168
2026-01-03,C009,Google Ads,US,static,782.31,38857,505,57,0.684864086802434,0.4905490679953941,0.176100500658239,0.16325787297931896,0.5562338434254409,9.30569875982118,31.70532907525013,0.04052759939209939,0.01299637131018864,0.11287128712871287,13.724736842105262
2026-01-04,C009,Google Ads,US,static,1264.55,56063,835,120,0.7107483017448414,0.460633010862194,0.20910723638111417,0.1425185364382771,0.5784498361432165,17.102224372593252,69.41398033718599,0.05489233191160114,0.014893958582309188,0.1437125748502994,10.537916666666666
2026-01-05,C009,Google Ads,US,static,878.71,46086,551,82,0.5729249757576231,0.38835877456626644,0.16359023191010097,0.14045660380272149,0.39626898019248935,11.517441511823161,32.494056375784126,0.036979254402431015,0.011955908518856051,0.14882032667876588,10.715975609756098
2026-01-06,C009,Google Ads,US,static,1138.76,61881,821,106,0.6123731720590775,0.4054076509946413,0.12735173596132363,0.12453199821990851,0.5292208388441848,13.200391811310302,56.09740891748359,0.04926168404771433,0.013267400332897012,0.12911084043848964,10.743018867924528
2026-01-07,C009,Google Ads,US,static,1066.74,71039,810,112,0.5961718662588679,0.37952255681137376,0.15327907723304837,0.13631890752743117,0.5185114954299757,15.267717643072292,58.07328748815728,0.054440010335611834,0.011402187530792945,0.1382716049382716,9.524464285714286
2026-01-08,C009,Google Ads,US,static,981.79,56444,770,88,0.7212860614855954,0.4316682113268895,0.1729625391189656,0.13245798825260316,0.6167228387840674,11.656302966229077,54.27160981299793,0.05527799225762948,0.013641839699525192,0.11428571428571428,11.156704545454545
2026-01-09,C009,Google Ads,US,static,1460.99,105260,1174,148,0.5977952780613256,0.35941725734630714,0.15244673553770488,0.11843571780097958,0.5435880974353098,17.528486234544978,80.45103842042585,0.05506599906711845,0.011153334600038001,0.1260647359454855,9.871554054054053
2026-01-10,C009,Google Ads,US,static,1165.71,63382,766,95,0.6609214404980819,0.4635683500445822,0.18588379886085737,0.1433610038446243,0.5857682673118287,13.619295365239308,55.64798539462373,0.047737381435781705,0.012085450127796535,0.12402088772845953,12.270631578947368
2026-01-11,C009,Google Ads,US,static,970.05,55522,756,111,0.5882800592241745,0.36449422856860164,0.17485690918580057,0.14424341188077913,0.49490142690459327,16.011018718766483,54.93405838640985,0.05663041266520409,0.013616224199416448,0.14682539682539683,8.739189189189188
2026-01-12,C009,Google Ads,US,static,859.84,53946,625,94,0.5438054568652217,0.3497256058262796,0.18115110887226432,0.09970007233691923,0.41728418119501265,9.371806799670408,39.22471303233119,0.04561873582410849,0.011585659733807882,0.1504,9.147234042553192
2026-01-13,C009,Google Ads,US,static,762.16,37789,467,56,0.7134877492271839,0.3644211453472501,0.1976474445897904,0.1365097098232663,0.6439520019901249,7.644543750102913,36.061312111446995,0.04731447672693158,0.012358093625129006,0.11991434689507495,13.61
2026-01-14,C009,Google Ads,US,static,899.89,48744,660,83,0.5168236326309746,0.3595277648013205,0.15902886551040263,0.13581699588002075,0.46306336227169514,11.272810658041722,38.434259068550695,0.042710153003645356,0.013540128015755786,0.12575757575757576,10.842048192771085
2026-01-15,C009,Google Ads,US,static,1304.63,62931,868,113,0.5477823815893559,0.3945945424229183,0.12863726917369006,0.12125821441091075,0.524309871728241,13.702178228432915,59.24701550529123,0.04541302062519988,0.013792884270073573,0.13018433179723501,11.545398230088496
2026-01-16,C009,Google Ads,US,static,1039.91,58094,682,101,0.5467636943917937,0.38157955897887025,0.13331900716084452,0.1411825312887518,0.4787638683842114,14.259435660163932,48.355150706805354,0.046499269529148644,0.011739594450373533,0.14809384164222875,10.296138613861388
2026-01-17,C009,Google Ads,US,static,813.51,42864,503,56,0.5699138191286919,0.4044639323870305,0.15837013834245814,0.14688262288218407,0.507726227617049,8.225426881402308,28.432668746554743,0.034950741519215685,0.0117347891004106,0.11133200795228629,14.526964285714286
2026-01-18,C009,Google Ads,US,static,950.49,48793,618,77,0.7045724899975351,0.36824681684127436,0.15179832096735926,0.14359115231063868,0.46256147592665064,11.056518727919178,35.6172336463521,0.037472634023780545,0.012665751234808271,0.12459546925566344,12.344025974025975
2026-01-19,C009,Google Ads,US,static,1055.18,49728,669,75,0.620013935924425,0.35862216494436494,0.17133946215858764,0.14333417849535424,0.6463465622797065,10.750063387151569,48.47599217097799,0.04594110930481172,0.013453185328185327,0.11210762331838565,14.069066666666668
2026-01-20,C009,Google Ads,US,static,777.68,32506,479,64,0.6327006259655571,0.355027138472303,0.14356032308062633,0.14041975542015805,0.6094780221201215,8.986864346890115,39.006593415687774,0.05015752441427681,0.014735741093951886,0.1336116910229645,12.15125
2026-01-21,C009,Google Ads,US,static,748.38,36195,493,59,0.6368235803758862,0.435243886419639,0.1434141530398082,0.11309516814208481,0.5001766580459198,6.672614920383004,29.51042282470927,0.03943226849442483,0.013620665837822904,0.11967545638945233,12.684406779661018
2026-01-22,C009,Google Ads,US,static,973.74,58107,787,111,0.6284077117899434,0.42079460769584104,0.18242183716937285,0.12485255284312156,0.5500366883595241,13.858633365586494,61.05407240790718,0.06270040810045639,0.013543979210766345,0.14104193138500634,8.772432432432433
2026-01-23,C009,Google Ads,US,static,617.81,33236,405,56,0.5177205602815884,0.353096465730615,0.15349889554781354,0.12376297839506302,0.5010835351315697,6.930726790123529,28.0606779673679,0.0454193429248217,0.012185581899145505,0.1382716049382716,11.032321428571427
2026-01-24,C009,Google Ads,US,static,673.42,39844,473,69,0.6379397541078615,0.3486949824648912,0.17120160578107937,0.13760297671440516,0.4956293267204373,9.494605393293956,34.19842354371018,0.050783151433363864,0.01187129806244353,0.14587737843551796,9.759710144927535
2026-01-25,C009,Google Ads,US,static,940.31,47111,603,68,0.6184937433228704,0.363133739886834,0.17249690351489547,0.12950720675479616,0.5631625372947214,8.806490059326139,38.295052536041055,0.04072609647843065,0.01279955848952474,0.11276948590381426,13.828088235294118
2026-01-26,C009,Google Ads,US,static,1155.31,52841,770,97,0.6270050859781875,0.39742525469208706,0.17300356008780893,0.11263642698014545,0.5515511958342255,10.925733417074108,53.500465995919875,0.04630819406803231,0.014572017940614296,0.12597402597402596,11.91041237113402
2026-01-27,C009,Google Ads,US,static,1350.01,81712,967,130,0.6009863428198758,0.39327472911571204,0.14420099792692714,0.12477459133086427,0.5511653407043041,16.220696873012354,71.65149429155953,0.053074821113035596,0.011834247111807323,0.1344364012409514,10.384692307692308
2026-01-28,C009,Google Ads,US,static,785.18,36846,535,75,0.677682321330218,0.37997612676569925,0.12625078536774276,0.11241934258438097,0.5576204488254106,8.431450693828573,41.8215336619058,0.05326347082225788,0.01451989361124681,0.14018691588785046,10.469066666666667
2026-01-29,C009,Google Ads,US,static,862.06,41544,551,70,0.6113551862592508,0.43207029258356383,0.1947602383867484,0.1386397551694814,0.6187985706349359,9.704782861863698,43.31589994444551,0.05024680686890616,0.013263046408626997,0.12704174228675136,12.315142857142856
2026-01-30,C009,Google Ads,US,static,1077.17,70563,842,122,0.6406195406412935,0.403980674098803,0.17838427620318792,0.13381849612549454,0.6516917695569779,16.325856527310332,79.5063958859513,0.0738101975148363,0.011932599237560761,0.14489311163895488,8.829262295081968
2026-01-31,C009,Google Ads,US,static,1174.95,53017,727,90,0.6825309376391189,0.42323063503564584,0.16857800145559018,0.12919878420105121,0.6120841025423733,11.62789057809461,55.0875692288136,0.046884837220213325,0.013712582756474339,0.12379642365887207,13.055
2026-02-01,C009,Google Ads,US,static,1230.1,59500,820,121,0.5574700902684697,0.3669275772858979,0.15761664399542052,0.12977982549845002,0.565108590143515,15.703358885312452,68.37813940736531,0.05558727673826905,0.013781512605042017,0.1475609756097561,10.166115702479338
2026-02-02,C009,Google Ads,US,static,887.88,35951,538,80,0.555460762059031,0.34401640068604505,0.14525557373158265,0.12452500850777465,0.6511973037938206,9.962000680621973,52.095784303505646,0.05867414378470088,0.014964813217991155,0.14869888475836432,11.0985
2026-02-03,C009,Google Ads,US,static,968.33,63725,724,83,0.513336311942159,0.43419296515306205,0.21085173334406543,0.11012200391481304,0.6864208857918229,9.140126324929483,56.972933520721305,0.05883608205852249,0.011361318163985877,0.11464088397790055,11.666626506024096
2026-02-04,C009,Google Ads,US,static,729.51,37331,452,60,0.5949553861032618,0.3789223510928616,0.14234044524533263,0.09434521527528111,0.5611426031555088,5.660712916516867,33.66855618933053,0.04615202260974363,0.012107899600867911,0.13274336283185842,12.1585
2026-02-05,C009,Google Ads,US,static,1433.59,68608,999,121,0.647137432322703,0.4125139959653588,0.13835806842262893,0.14723099176816368,0.6122560123770816,17.814950003947803,74.08297749762687,0.051676477801305847,0.014560984141791045,0.12112112112112113,11.84785123966942
2026-02-06,C009,Google Ads,US,static,796.85,43762,621,85,0.6319570231275028,0.39134566477010135,0.15472079791851334,0.13421915369174206,0.612308395200681,11.408628063798075,52.04621359205789,0.0653150108711293,0.014190393492070746,0.13687600644122383,9.374705882352941
2026-02-07,C009,Google Ads,US,static,1066.26,52308,733,102,0.6705422216636993,0.4086575729494913,0.16384210305467628,0.13305354434488434,0.5559094094701669,13.571461523178202,56.70275976595702,0.05317892158095246,0.014013152863806683,0.13915416098226466,10.453529411764706
2026-02-08,C009,Google Ads,US,static,848.52,43538,537,64,0.5846184698914623,0.34486278332697257,0.13475799851681897,0.09955210184545694,0.6255916595926706,6.3713345181092444,40.03786621393092,0.04718533013010944,0.012334053011162662,0.1191806331471136,13.258125
2026-02-09,C009,Google Ads,US,static,917.35,49386,599,79,0.7025834812151887,0.4246304017136906,0.21271501451645203,0.14070951071876975,0.5583375284847104,11.11605134678281,44.10866475029212,0.048082545757243876,0.01212894342526222,0.1318864774624374,11.612025316455696
2026-02-10,C009,Google Ads,US,static,1044.86,55089,717,86,0.5663233557828473,0.37993133204712487,0.17572508306505027,0.13270146172349773,0.5465269699029054,11.412325708220804,47.00131941164987,0.0449834480747186,0.013015302510483037,0.1199442119944212,12.149534883720928
2026-02-11,C009,Google Ads,US,static,738.64,40581,578,87,0.6526779954557871,0.410116693560604,0.1617291867456792,0.15438205817615502,0.6184019501468421,13.431239061325487,53.80096966277526,0.07283787027629703,0.014243118700869865,0.15051903114186851,8.490114942528736
2026-02-12,C009,Google Ads,US,static,993.7,54733,740,83,0.5744392569803395,0.3774034383490792,0.18699211537273863,0.11317233137483679,0.4366643520953809,9.393303504111453,36.243141223916616,0.0364729711858897,0.013520179781850073,0.11216216216216217,11.972289156626507
2026-02-13,C009,Google Ads,US,static,889.15,47839,588,68,0.5969235548569515,0.3026866687796845,0.17108175053757665,0.13197900735805107,0.5800366480489358,8.974572500347472,39.442492067327635,0.04435989648942477,0.012291226823303162,0.11564625850340136,13.075735294117647
2026-02-14,C009,Google Ads,US,static,1012.82,53431,761,114,0.5896232428411776,0.37806757927260803,0.16691364864232386,0.13410076386147488,0.616256139705291,15.287487080208136,70.25319992640318,0.06936404669364224,0.014242668114016208,0.1498028909329829,8.884385964912282
2026-02-15,C009,Google Ads,US,static,1241.64,58741,851,96,0.5311653686597981,0.47607750201862264,0.17955324889354624,0.12766321204942344,0.6961869203314679,12.25566835674465,66.83394435182092,0.05382699133952008,0.014487325717982329,0.1128084606345476,12.933750000000002
2026-02-16,C009,Google Ads,US,static,745.78,36358,472,69,0.6751336042069561,0.4104514981831143,0.16262025305535274,0.14958612264408572,0.7172625905152531,10.321442462441915,49.49111874555246,0.0663615100040271,0.012982012211892843,0.1461864406779661,10.808405797101448
2026-02-17,C009,Google Ads,US,static,874.04,48027,648,93,0.5966630833215236,0.36822619024967007,0.15786992749973613,0.13576039826269445,0.6866926755340105,12.625717038430585,63.862418824662974,0.07306577736154189,0.013492410519083016,0.14351851851851852,9.398279569892473
2026-02-18,C009,Google Ads,US,static,1042.19,55435,797,115,0.6473450239032539,0.4451618507107267,0.15155590148200102,0.14507548051225658,0.7279383937545234,16.683680258909508,83.7129152817702,0.08032394111244577,0.014377198520790115,0.14429109159347553,9.062521739130435
2026-02-19,C009,Google Ads,US,static,846.77,43910,603,87,0.6791898297285365,0.3879549123470411,0.15798950006358214,0.11999030053212474,0.5622624349174928,10.439156146294852,48.916831837821874,0.057768396228629136,0.013732634935094511,0.14427860696517414,9.732988505747127
2026-02-20,C009,Google Ads,US,static,1056.06,55254,758,95,0.6378387992501082,0.3667565486555217,0.16343015547585563,0.12424357438542825,0.5714937019962868,11.803139566615684,54.29190168964725,0.05141000996271863,0.013718463821623774,0.12532981530343007,11.116421052631578
2026-02-21,C009,Google Ads,US,static,1179.26,76903,862,102,0.633775361367396,0.4113095595815328,0.20987933626011634,0.12349354933601119,0.5174637117217957,12.59634203227314,52.78129859562316,0.044758069006959104,0.011208925529563216,0.11832946635730858,11.561372549019607
2026-02-22,C009,Google Ads,US,static,1041.41,65542,743,99,0.7097960997546373,0.3973179823632325,0.17448952303565604,0.1208479105324328,0.5696141094028785,11.963943142710846,56.39179683088497,0.0541497033976746,0.011336242409447377,0.13324360699865412,10.51929292929293
2026-02-23,C009,Google Ads,US,static,918.53,43446,626,78,0.6875180112624563,0.4124111886339581,0.16398250283273555,0.1488865957508596,0.6328177050750929,11.61315446856705,49.35978099585725,0.053738068038053165,0.014408691248906688,0.12460063897763578,11.77602564102564
2026-02-24,C009,Google Ads,US,static,1120.1,46042,678,91,0.6408485687683607,0.4125276850263505,0.17942948694188665,0.14430532345269842,0.47422477940882696,13.131784434195556,43.15445492620325,0.03852739633572126,0.014725685243907737,0.13421828908554573,12.308791208791208
2026-02-25,C009,Google Ads,US,static,784.4,39398,541,78,0.7217940909235001,0.40949186065153614,0.2173622868608135,0.1394086785953875,0.582518723672909,10.873876930440225,45.436460446486905,0.057925298358152556,0.013731661505660187,0.14417744916820702,10.056410256410256
2026-02-26,C009,Google Ads,US,static,626.7,33420,481,68,0.7112462025538168,0.40600458613786694,0.1726764494270268,0.14014330902186525,0.6463758720363818,9.529745013486837,43.95355929847396,0.07013484719372623,0.014392579293836026,0.14137214137214138,9.216176470588236
2026-02-27,C009,Google Ads,US,static,1023.89,53894,797,94,0.659822014117888,0.43243328600146264,0.17893975043415772,0.12640907872111698,0.5226002429006945,11.882453399784996,49.12442283266528,0.04797803746860429,0.014788288121126656,0.11794228356336262,10.892446808510638
2026-02-28,C009,Google Ads,US,static,960.88,52333,677,76,0.6450544777265681,0.40796365329060363,0.20265403064697882,0.13305742226845008,0.5839325225769344,10.112364092402206,44.37887171584701,0.046185540120821864,0.0129363881298607,0.11225997045790251,12.643157894736841
2026-03-01,C009,Google Ads,US,static,957.57,49590,597,67,0.5540146682703119,0.36304748217817145,0.15094885379470752,0.11834564101348757,0.5075198411566677,7.929157947903668,34.003829357496734,0.035510588079941494,0.012038717483363581,0.11222780569514237,14.292089552238807
2026-01-01,C010,Google Ads,BR,playable,828.51,75515,1377,266,0.5438646905700545,0.3362175285801658,0.14998927895523317,0.06623022007284354,0.2598476042538563,17.617238539376384,69.11946273152577,0.08342581604206396,0.0182347877905052,0.19317356572258534,3.1146992481203006
2026-01-02,C010,Google Ads,BR,playable,897.52,68476,1324,239,0.5320923659222454,0.3218457083539341,0.1634041187204521,0.0551082667430671,0.2552324276909802,13.170875751593035,61.00055021814427,0.06796604873231803,0.01933524154448274,0.18051359516616314,3.7553138075313806
2026-01-03,C010,Google Ads,BR,playable,649.72,50178,961,154,0.6011817632348776,0.32816882181987944,0.16882239120451012,0.09945396053680187,0.0817684162119639,15.315909922667489,12.592336096642441,0.019381166596648056,0.0191518195224999,0.16024973985431842,4.218961038961039
2026-01-04,C010,Google Ads,BR,playable,1061.18,101358,1968,356,0.5151112838193964,0.3629460768309614,0.11250361138478673,0.06774320964314538,0.18419924707696225,24.116582632959755,65.57493195939857,0.06179419402479536,0.019416326288995443,0.18089430894308944,2.980842696629214
2026-01-05,C010,Google Ads,BR,playable,979.63,96376,1777,318,0.5375887383276092,0.33915323696532507,0.1703269384894862,0.05510162932335051,0.21686772766287365,17.522318124825464,68.96393739679382,0.07039820826692983,0.018438200381837803,0.17895329206527855,3.0805974842767294
2026-01-06,C010,Google Ads,BR,playable,756.52,67392,1100,165,0.5541408155935701,0.3139166624497875,0.1333173031380831,0.07397467792531637,0.2064721329758367,12.2058218576772,34.067901941013055,0.04503243080344796,0.016322412155745487,0.15,4.584969696969697
2026-01-07,C010,Google Ads,BR,playable,832.82,71652,1434,266,0.5442689668164087,0.2848772459411746,0.1636922477975326,0.05407512215202829,0.19549035232530182,14.383982492439525,52.00043371853028,0.06243916944340114,0.020013398090772065,0.18549511854951187,3.1309022556390977
2026-01-08,C010,Google Ads,BR,playable,709.39,75567,1275,231,0.6106058522966895,0.3725059802121229,0.17315848463795325,0.06322170458801381,0.050863652392465736,14.60421375983119,11.749503702659585,0.016562918222636593,0.01687244432093374,0.1811764705882353,3.070952380952381
2026-01-09,C010,Google Ads,BR,playable,1236.38,115987,2082,353,0.5666610869767627,0.3593145248340676,0.14111217367937315,0.03565358954096892,0.14807608172473474,12.58571710796203,52.270856848831365,0.04227733707111434,0.017950287532223438,0.16954851104707014,3.5024929178470257
2026-01-10,C010,Google Ads,BR,playable,1080.41,79513,1706,310,0.5964597914610128,0.39181128007617716,0.12885667932455866,0.06149860872030861,0.2349217857447478,19.06456870329567,72.82575358087182,0.06740588601655298,0.021455611032158265,0.1817116060961313,3.485193548387097
2026-01-11,C010,Google Ads,BR,playable,928.38,63998,1305,217,0.588005056698716,0.3474500176346133,0.13582579925177182,0.04702984354429731,0.2518167892998226,10.205476049112516,54.6442432780615,0.05886009311131307,0.020391262226944592,0.16628352490421455,4.2782488479262675
2026-01-12,C010,Google Ads,BR,playable,955.8,81089,1446,260,0.629772951592661,0.37223095363427655,0.17337967583923516,0.046104195971723425,0.279799429116123,11.98709095264809,72.74785157019198,0.07611216492512231,0.017832258382764615,0.1798063623789765,3.676153846153846
2026-01-13,C010,Google Ads,BR,playable,1066.26,101321,1922,383,0.6127679768947007,0.35023115733231847,0.13160195660975454,0.04948857846696565,0.29130789305837435,18.954125552847845,111.57092304135737,0.10463789610679765,0.01896941404052467,0.19927159209157128,2.7839686684073106
2026-01-14,C010,Google Ads,BR,playable,1044.74,94961,1960,328,0.658647215619105,0.3837385672741536,0.16834904228853254,0.06476803087666241,0.160229411956187,21.24391412754527,52.555247121629336,0.050304657458124576,0.020640052231968912,0.1673469387755102,3.185182926829268
2026-01-15,C010,Google Ads,BR,playable,816.93,73564,1440,223,0.49991637289319724,0.42828175806135094,0.13487183170975908,0.083814516105555,0.13845414141842127,18.690637091538765,30.875273536307944,0.03779425926557594,0.01957479201783481,0.15486111111111112,3.663363228699551
2026-01-16,C010,Google Ads,BR,playable,938.38,78377,1381,229,0.566621445386992,0.3561526104932679,0.175744303215843,0.038150059420795,0.21898071189458884,8.736363607362057,50.14658302386084,0.05343958920888869,0.01761996504076451,0.165821868211441,4.097729257641921
2026-01-17,C010,Google Ads,BR,playable,678.92,58210,1006,153,0.6116032182568415,0.42787919783249145,0.164920447546928,0.052697553141914724,0.20214696375743724,8.062725630712952,30.9284854548879,0.045555393097422944,0.017282253908263184,0.15208747514910537,4.437385620915032
2026-01-18,C010,Google Ads,BR,playable,905.1,60089,1299,236,0.589292695424112,0.31578578861330414,0.13511838726310246,0.045599418847054436,0.21620793843683286,10.761462847904847,51.025073471092554,0.05637535244172091,0.021617933398791794,0.18167821401077752,3.835169491525424
2026-01-19,C010,Google Ads,BR,playable,849.74,74269,1244,236,0.519674812359959,0.3919997633233157,0.15838659568402086,0.062200792479482965,0.18829087647945925,14.679387025157979,44.43664684915238,0.05229451030649135,0.01674992257873406,0.18971061093247588,3.600593220338983
2026-01-20,C010,Google Ads,BR,playable,1021.55,89746,1804,337,0.5301770468663056,0.3294021277866738,0.14242403647649846,0.06164729294692164,0.11692958725999092,20.775137723112593,39.40527090661694,0.038574047448866416,0.02010117442560114,0.1868070953436807,3.0313056379821957
2026-01-21,C010,Google Ads,BR,playable,1036.32,80288,1465,284,0.6740276917643803,0.3926422212067155,0.19839883614626688,0.05461579233591212,0.2920528245646859,15.510885023399043,82.9430021763708,0.0800359261507761,0.018246811478676763,0.19385665529010238,3.649014084507042
2026-01-22,C010,Google Ads,BR,playable,963.42,76053,1664,263,0.5789985030191468,0.34662395267443286,0.13641827684180163,0.035230041381903485,0.21268930438372088,9.265500883440616,55.93728705291859,0.05806093578877352,0.02187947878453184,0.1580528846153846,3.6631939163498095
2026-01-23,C010,Google Ads,BR,playable,1170.8,103117,1776,341,0.6528383962907892,0.37988696150408885,0.16769481216410534,0.050558411990637715,0.3421634537374455,17.24041848880746,116.67773772446891,0.09965649040299891,0.017223154281059378,0.19200450450450451,3.433431085043988
2026-01-24,C010,Google Ads,BR,playable,1169.45,110863,2051,395,0.47887043438216204,0.3279535787439304,0.11653475806680816,0.07447074257757845,0.22207462841812997,29.415943318143487,87.71947822516134,0.07500918062580737,0.018500311194898207,0.19258898098488542,2.960632911392405
2026-01-25,C010,Google Ads,BR,playable,953.09,75223,1551,260,0.5130091152875184,0.34915816736036354,0.1704407258501416,0.030393962381295395,0.23545545963635192,7.902430219136803,61.2184195054515,0.06423172577800701,0.020618693750581604,0.16763378465506126,3.6657307692307692
2026-01-26,C010,Google Ads,BR,playable,934.44,80572,1611,318,0.6085509041113542,0.36884799774828175,0.15660499210985512,0.0680639536224085,0.26843558087878555,21.6443372519259,85.3625147194538,0.091351805834332,0.01999453904582237,0.1973929236499069,2.938490566037736
2026-01-27,C010,Google Ads,BR,playable,868.09,76996,1411,255,0.5896709183181913,0.31845163994302195,0.18128666067395408,0.041531112812330157,0.28743648134323685,10.590433767144189,73.2963027425254,0.08443359640743754,0.018325627305314562,0.18072289156626506,3.4042745098039218
2026-01-28,C010,Google Ads,BR,playable,967.98,84309,1401,278,0.6208459074105204,0.403654061909433,0.15290375498455674,0.0549663798209552,0.1944430869583097,15.280653590225546,54.055178174410095,0.055843121879695035,0.01661744297761805,0.198429693076374,3.4819424460431656
2026-01-29,C010,Google Ads,BR,playable,1161.39,83775,1685,315,0.5518317000092398,0.3330605441858158,0.14189861171648685,0.06288295611291003,0.17050051011236933,19.80813117556666,53.70766068539634,0.04624425376588479,0.0201133989853775,0.18694362017804153,3.6869523809523814
2026-01-30,C010,Google Ads,BR,playable,1094.02,109140,1865,334,0.6117280525098622,0.3797257824677731,0.13402414897530024,0.0401250399034452,0.2047827426861627,13.401763327750697,68.39743605717834,0.06251946038875565,0.017088143668682425,0.17908847184986595,3.275508982035928
2026-01-31,C010,Google Ads,BR,playable,892.01,81874,1428,265,0.6141499729873388,0.3848717211193713,0.20282854629178643,0.06144458338024318,0.2297092001072674,16.282814595764442,60.87293802842586,0.06824270802254369,0.01744143439919877,0.18557422969187676,3.3660754716981134
2026-02-01,C010,Google Ads,BR,playable,1388.65,128634,2216,379,0.554914320557852,0.31072969426581876,0.12372896666868885,0.041342179035824,0.2402290631143896,15.668685854577298,91.04681492035365,0.06556496332836756,0.017227171665345088,0.17102888086642598,3.6639841688654355
2026-02-02,C010,Google Ads,BR,playable,721.57,79979,1358,228,0.5828144879899626,0.3573880932920894,0.15891362501893458,0.022154599511372004,0.25568102076971405,5.051248688592817,58.295272735494805,0.08078995361271886,0.016979457107490718,0.16789396170839468,3.164780701754386
2026-02-03,C010,Google Ads,BR,playable,1230.96,109267,1981,381,0.5229102126866022,0.3882956258838988,0.20618596155234034,0.06306489862380636,0.1590690876239562,24.027726375670223,60.60532238472731,0.049234128926474115,0.018129901983215426,0.19232710752145382,3.2308661417322835
2026-02-04,C010,Google Ads,BR,playable,1075.48,86434,1751,328,0.5462532892541843,0.3955093980941097,0.1482878427638301,0.04237909534869418,0.1470466346787616,13.900343274371693,48.23129617463381,0.04484637312964049,0.02025823171437166,0.18732153055396916,3.27890243902439
2026-02-05,C010,Google Ads,BR,playable,819.05,64427,1316,210,0.5925596535608281,0.37624237348942047,0.1381512677498453,0.07032412692728601,0.3615671157049388,14.768066654730063,75.92909429803716,0.09270335959712904,0.020426218821301627,0.1595744680851064,3.900238095238095
2026-02-06,C010,Google Ads,BR,playable,783.49,55554,1224,217,0.5468608388952754,0.3542393040961402,0.17593946937585891,0.07808487590954531,0.20393049700955052,16.944418072371334,44.25291785107246,0.0564817130299191,0.022032616913273573,0.1772875816993464,3.6105529953917053
2026-02-07,C010,Google Ads,BR,playable,1158.48,79570,1745,339,0.5429674392377225,0.35633617654684335,0.1962659199476342,0.04851156806839554,0.18780173677962977,16.44542157518609,63.66478876829449,0.054955437043006476,0.021930375769762474,0.19426934097421203,3.417345132743363
2026-02-08,C010,Google Ads,BR,playable,973.3,86696,1421,242,0.5295244543033044,0.3087867301341137,0.1591941545119043,0.03220433707784351,0.2990464788775485,7.793449572838129,72.36924788836673,0.07435450313961882,0.016390606256344007,0.17030260380014076,4.021900826446281
2026-02-09,C010,Google Ads,BR,playable,1083.59,93193,2027,304,0.6415690843702593,0.3830380509847437,0.15046783483565665,0.06349527697570174,0.22949948675659992,19.30256420061333,69.76784397400638,0.06438573837842186,0.021750560664427585,0.14997533300444005,3.564440789473684
2026-02-10,C010,Google Ads,BR,playable,978.48,73488,1475,234,0.5946468430516341,0.37358435986963884,0.16941939131085706,0.03824931846790549,0.2806874888970443,8.950340521489885,65.68087240190837,0.06712521449099665,0.020071304158502067,0.15864406779661017,4.181538461538461
2026-02-11,C010,Google Ads,BR,playable,885.69,84694,1423,230,0.6124169497665412,0.3736734300775723,0.199691766533744,0.06751511162637991,0.37434647720428305,15.52847567406738,86.0996897569851,0.09721235251159009,0.016801662455427774,0.16163035839775122,3.850826086956522
2026-02-12,C010,Google Ads,BR,playable,901.19,63095,1354,217,0.6507053633296712,0.3951322521030538,0.15755058516510312,0.04399094322882238,0.28766485013917714,9.546034680654458,62.42327248020144,0.06926750241433811,0.0214597036215231,0.1602658788774003,4.152949308755761
2026-02-13,C010,Google Ads,BR,playable,799.34,65634,1162,222,0.5545722156631968,0.3329531256287998,0.11162087867153088,0.05425198165461103,0.20540601641868386,12.043939927323649,45.60013564494782,0.05704728269870171,0.017704238656793735,0.19104991394148021,3.6006306306306306
2026-02-14,C010,Google Ads,BR,playable,1254.54,124467,2116,417,0.620153649428842,0.33265805607764787,0.15105648057129475,0.03155592894079309,0.2113151807325206,13.15882236831072,88.11843036546108,0.07023953803818855,0.01700049008974266,0.19706994328922495,3.0084892086330934
2026-02-15,C010,Google Ads,BR,playable,1168.63,91153,1806,307,0.6358173126403588,0.3772220768240685,0.13621814886388575,0.04953338716839301,0.13473795000294858,15.206749860696656,41.364550650905215,0.03539590386944783,0.019812842144526235,0.1699889258028793,3.806612377850163
2026-02-16,C010,Google Ads,BR,playable,938.41,87792,1675,270,0.553404162209721,0.24939173804698495,0.14141935543705772,0.046942904223381744,0.29179256517416696,12.67458414031307,78.78399259702508,0.08395518451110516,0.019079187169673776,0.16119402985074627,3.4755925925925926
2026-02-17,C010,Google Ads,BR,playable,1220.74,93395,1712,275,0.5304299742265136,0.3547939619621276,0.14131163973505345,0.07354841143216798,0.23494090652686808,20.225813143846192,64.60874929488872,0.052925685871436375,0.01833074575726752,0.16063084112149534,4.439054545454545
2026-02-18,C010,Google Ads,BR,playable,1086.44,93250,1987,316,0.5492316956238631,0.37443551008511383,0.13870722229105428,0.04928902812135435,0.31065351913659867,15.575332886347974,98.16651204716518,0.0903559463572637,0.021308310991957104,0.15903371917463513,3.438101265822785
2026-02-19,C010,Google Ads,BR,playable,922.32,71941,1527,245,0.5507718693679506,0.3588017061904991,0.14492033448102148,0.04050201098367593,0.22222764534363532,9.922992691000603,54.445773109190654,0.059031067830344695,0.021225726637105407,0.160445317616241,3.7645714285714287
2026-02-20,C010,Google Ads,BR,playable,1154.74,103940,1817,335,0.636864500547415,0.38121447855189755,0.13314992902372114,0.06490161610966413,0.2417132690442582,21.742041396737484,80.97394512982649,0.07012299670223587,0.01748123917644795,0.18436984039625756,3.4469850746268658
2026-02-21,C010,Google Ads,BR,playable,1508.93,120580,2236,333,0.566170360364353,0.36301731085494265,0.16120986135633705,0.02472032166396094,0.20663018852129178,8.231867114098993,68.80785277759016,0.04560035925570889,0.01854370542378504,0.14892665474060823,4.531321321321322
2026-02-22,C010,Google Ads,BR,playable,1225.18,104047,2094,417,0.5898801280514226,0.3762541109826391,0.1570606268842455,0.04320872595087712,0.18644643112753112,18.018038721515758,77.74816178018048,0.06345881238586733,0.020125520197603008,0.1991404011461318,2.9380815347721825
2026-02-23,C010,Google Ads,BR,playable,1024.84,81273,1740,269,0.6293028182771063,0.4175263268033011,0.1721441413657922,0.09008203575706401,0.3157657823125734,24.23206761865022,84.94099544208224,0.08288197151491387,0.021409324129784798,0.15459770114942528,3.809814126394052
2026-02-24,C010,Google Ads,BR,playable,1041.3,92170,1775,302,0.6148633168965105,0.3598680783923181,0.16600131935320245,0.04509341699141794,0.19199051658308675,13.618211931408217,57.9811360080922,0.05568135368409502,0.019257893023760443,0.17014084507042254,3.4480132450331125
2026-02-25,C010,Google Ads,BR,playable,1190.44,88613,1867,297,0.5866626958056639,0.36170064220285286,0.1692774527634439,0.06266785898651506,0.2826614618511106,18.612354118994972,83.95045416977985,0.07052074522169832,0.021069143353683997,0.1590787359400107,4.008215488215488
2026-02-26,C010,Google Ads,BR,playable,1219.34,94732,1795,291,0.4888893740195246,0.3456949090905652,0.14155452581812317,0.06856138351976154,0.31218604633658265,19.95136260425061,90.84613948394555,0.0745041483471704,0.018948190685301694,0.16211699164345403,4.190171821305841
2026-02-27,C010,Google Ads,BR,playable,700.18,59635,1143,179,0.5386907778789992,0.3877114043097294,0.16701099228826222,0.06907907002763818,0.20038357607535634,12.365153534947234,35.86866011748879,0.051227539100963095,0.019166596797182862,0.15660542432195976,3.9116201117318434
2026-02-28,C010,Google Ads,BR,playable,1105.96,78661,1619,310,0.5662801659932661,0.36731770776033396,0.15375653863862995,0.044394447107997934,0.23447202521067145,13.76227860347936,72.68632781530815,0.06572234659340637,0.02058199107562833,0.19147621988882027,3.5676129032258066
2026-03-01,C010,Google Ads,BR,playable,1061.65,111143,1990,372,0.614856357067211,0.3580780823888097,0.18006741785964334,0.06262511005601734,0.2986810429190453,23.29654094083845,111.10934796588485,0.10465716315438252,0.017904861304805522,0.18693467336683417,2.8538978494623657
2026-01-01,C011,Google Ads,JP,static,632.21,31882,455,57,0.5654201915262335,0.36214433971596466,0.15509803229513902,0.12719027560327392,0.39763769583635117,7.249845709386614,22.665348662672017,0.03585073378074309,0.014271375697885955,0.12527472527472527,11.091403508771931
2026-01-02,C011,Google Ads,JP,static,854.9,46196,641,72,0.5617342311490984,0.34076862811396663,0.16345030456324317,0.11507660774638505,0.4320727077992318,8.285515757739724,31.10923496154469,0.03638938120377929,0.013875660230322972,0.11232449297971919,11.87361111111111
2026-01-03,C011,Google Ads,JP,static,1004.41,71169,806,109,0.6242344340536148,0.39178187759166955,0.16331324597392807,0.11051525800641535,0.6099074551806086,12.046163122699273,66.47991261468634,0.06618777765194206,0.011325155615506751,0.13523573200992556,9.214770642201835
2026-01-04,C011,Google Ads,JP,static,1093.31,63064,848,110,0.6454697109988283,0.4020595777522501,0.18072314765449302,0.11777066706293658,0.3905923886478977,12.954773376923024,42.96516275126875,0.03929830133453634,0.013446657363947736,0.12971698113207547,9.939181818181817
2026-01-05,C011,Google Ads,JP,static,777.36,43886,596,68,0.6112160630592193,0.4132046614457202,0.14656410761544683,0.11762067857778931,0.44347548821576965,7.998206143289673,30.156333198672336,0.03879331209235047,0.013580640751036778,0.11409395973154363,11.431764705882353
2026-01-06,C011,Google Ads,JP,static,1230.9,65181,889,119,0.6075806310126781,0.3691017152793371,0.1687500404260169,0.11707911245738285,0.49318672415779363,13.93241438242856,58.68922017477744,0.04767979865253716,0.013638943864009451,0.13385826771653545,10.343697478991597
2026-01-07,C011,Google Ads,JP,static,749.66,35015,497,66,0.6719086173150313,0.418387677935547,0.1626056873058498,0.11806385917707593,0.47528260693948077,7.7922147056870115,31.36865205800573,0.04184357577734945,0.014193916892760245,0.13279678068410464,11.358484848484848
2026-01-08,C011,Google Ads,JP,static,883.18,52754,720,86,0.5778563284330224,0.32663611578211366,0.12528789095347592,0.09096588727811149,0.48171993467350954,7.823066305917588,41.42791438192182,0.04690785807311413,0.013648254160821929,0.11944444444444445,10.26953488372093
2026-01-09,C011,Google Ads,JP,static,1252.92,74681,1086,148,0.7085045710775734,0.30547535994259434,0.15916055451549688,0.11101542255689356,0.5017621128941984,16.430282538420247,74.26079270834136,0.059270244687506815,0.014541851341037212,0.13627992633517497,8.465675675675676
2026-01-10,C011,Google Ads,JP,static,772.15,36544,549,81,0.5764724047073284,0.33413877282138466,0.1996572658044081,0.11117422160387597,0.5052039634327145,9.005111949913953,40.92152103804987,0.0529968628356431,0.01502298598949212,0.14754098360655737,9.532716049382715
2026-01-11,C011,Google Ads,JP,static,846.75,36627,552,70,0.6047851179232566,0.3760040361200219,0.12558223798657628,0.1332661889160129,0.4489690857590456,9.328633224120903,31.42783600313319,0.03711567190023363,0.015070849373413056,0.12681159420289856,12.096428571428572
2026-01-12,C011,Google Ads,JP,static,903.1,49602,730,84,0.5556447714807919,0.3230887028840014,0.14242403462312864,0.10506109507138996,0.4566915254090239,8.825131985996757,38.36208813435801,0.04247804841108566,0.014717148502076529,0.11506849315068493,10.751190476190477
2026-01-13,C011,Google Ads,JP,static,1154.02,65006,837,105,0.5613674838227483,0.3337511181579883,0.13831584388687995,0.12178431403746687,0.5564864186752966,12.787352973934022,58.43107396090614,0.050632700968952386,0.012875734547580224,0.12544802867383512,10.990666666666666
2026-01-14,C011,Google Ads,JP,static,1168.33,62342,892,133,0.6328687068440207,0.40980913122673707,0.12939743109509025,0.12603579758461952,0.6295686957471284,16.762761078754398,83.73263653436807,0.07166856150278018,0.014308171056430657,0.1491031390134529,8.784436090225563
2026-01-15,C011,Google Ads,JP,static,842.78,58079,683,79,0.6370548990296426,0.4549923986173223,0.13214960237180415,0.13978901091311763,0.5295409443148986,11.043331862136293,41.833734600876994,0.04963765053068429,0.011759844349937154,0.11566617862371889,10.668101265822784
2026-01-16,C011,Google Ads,JP,static,911.75,47257,679,96,0.6097478871760457,0.3612501923677137,0.13569936711131858,0.1453786771956074,0.47725086899014335,13.956353010778312,45.81608342305376,0.05025057543079534,0.014368241741964154,0.14138438880706922,9.497395833333334
2026-01-17,C011,Google Ads,JP,static,1384.28,73361,919,126,0.5909233900342772,0.35196336281922597,0.1394605198807613,0.12145472979658699,0.4631739699334041,15.303295954369961,58.359920211608916,0.042158948548040365,0.012527092051635064,0.13710554951033732,10.986349206349207
2026-01-18,C011,Google Ads,JP,static,788.53,42666,629,78,0.7110159984805738,0.4500256311596774,0.18585373624056015,0.12132543570296855,0.522336954540562,9.463383984831546,40.742282454163835,0.0516688560924041,0.01474241785027891,0.12400635930047695,10.109358974358974
2026-01-19,C011,Google Ads,JP,static,1332.17,84770,968,118,0.5696852003586554,0.3995221158004489,0.2014118891997131,0.12139888050471082,0.4982083626369508,14.325067899555876,58.78858679116019,0.044129800717045344,0.011419134127639495,0.12190082644628099,11.28957627118644
2026-01-20,C011,Google Ads,JP,static,904.4,42916,629,85,0.68979632280544,0.4021130114801833,0.14485891877016863,0.15000268023496133,0.5176414129865391,12.750227819971713,43.99952010385582,0.048650275554629516,0.014656538353993848,0.13513513513513514,10.64
2026-01-21,C011,Google Ads,JP,static,768.28,40298,506,60,0.5898312474406697,0.3849281999888063,0.14147388952826992,0.11886861653096292,0.6162911416010339,7.132116991857775,36.97746849606204,0.04813005746361144,0.012556454414611147,0.11857707509881422,12.804666666666666
2026-01-22,C011,Google Ads,JP,static,1034.8,65863,799,119,0.5968568678253634,0.3914862501638881,0.16889477738307995,0.11075213870948739,0.5650540473049682,13.179504506429,67.24143162929121,0.064979895880819,0.01213124212380244,0.14893617021276595,8.69579831932773
2026-01-23,C011,Google Ads,JP,static,1170.93,65637,930,116,0.5716285689282867,0.38557744308462844,0.1584465623425103,0.1110151777552618,0.502947616548565,12.877760619610369,58.34192351963354,0.04982518795389135,0.014168837698249464,0.12473118279569892,10.094224137931034
2026-01-24,C011,Google Ads,JP,static,1277.86,65856,941,136,0.6313614845841057,0.42111019596106036,0.12122612052330758,0.08320804849556918,0.49272882568809256,11.316294595397409,67.01112029358059,0.05244021215381432,0.014288751214771623,0.14452709883103082,9.396029411764705
2026-01-25,C011,Google Ads,JP,static,884.59,45283,586,84,0.5414065954922918,0.34615814868334926,0.12949325656215996,0.1265028809543192,0.4432518599838629,10.626242000162812,37.23315623864448,0.04209094181258165,0.01294083872534947,0.14334470989761092,10.530833333333334
2026-01-26,C011,Google Ads,JP,static,1004.41,51526,652,73,0.5272354612047297,0.2538899224223346,0.0778046719269532,0.1242172304034329,0.5206218239692635,9.067857819450602,38.00539314975624,0.03783839670621177,0.012653805845592517,0.11196319018404909,13.75904109589041
2026-01-27,C011,Google Ads,JP,static,1020.13,49750,731,82,0.6193998424987676,0.41582629637221824,0.15483278484081445,0.10965902494414254,0.38904540115614983,8.992040045419689,31.901722894804287,0.031272189856127335,0.014693467336683417,0.1121751025991792,12.440609756097562
2026-01-28,C011,Google Ads,JP,static,1344.24,64143,882,105,0.5674276893873195,0.294777534741899,0.162596552229744,0.10492006956715459,0.5220945511708469,11.016607304551233,54.819927872938926,0.04078123394586838,0.013750526168093167,0.11904761904761904,12.802285714285714
2026-01-29,C011,Google Ads,JP,static,830.51,44665,537,68,0.5855441693311957,0.3670551848461815,0.1173024192521035,0.11101472670836254,0.5342402755540246,7.549001416168653,36.328338737673675,0.04374217528350872,0.012022836673010188,0.1266294227188082,12.213382352941176
2026-01-30,C011,Google Ads,JP,static,833.23,59045,722,82,0.614051998839011,0.32800506234055565,0.1423188375263538,0.09253073747992291,0.5378175482199542,7.5875204733536785,44.10103895403624,0.05292798066389661,0.01222796172410873,0.11357340720221606,10.161341463414635
2026-01-31,C011,Google Ads,JP,static,887.21,52729,698,100,0.5382562674945448,0.33380686213908595,0.17956768470741608,0.10423345039949057,0.5177019651761892,10.423345039949057,51.77019651761891,0.05835145135465348,0.013237497392326804,0.14326647564469913,8.8721
2026-02-01,C011,Google Ads,JP,static,1078.76,64140,875,124,0.6451440862262331,0.3689516940751112,0.17484215198342254,0.1538953436263498,0.41996842248949695,19.083022609667374,52.07608438869762,0.04827411584478069,0.013642033052697225,0.1417142857142857,8.699677419354838
2026-02-02,C011,Google Ads,JP,static,968.83,55869,681,89,0.5245586775032781,0.35048670578371394,0.16945539936537599,0.11184255051561474,0.4184914743202446,9.953986995889712,37.24574121450177,0.03844408626851386,0.012189228373516619,0.13069016152716592,10.885730337078652
2026-02-03,C011,Google Ads,JP,static,704.89,44162,604,81,0.5786370144643276,0.3623388870293427,0.17742311689762047,0.10577586301203407,0.4339078791383578,8.567844903974759,35.146538210206984,0.04986109773455267,0.013676916806304062,0.13410596026490065,8.702345679012346
2026-02-04,C011,Google Ads,JP,static,1063.46,58840,816,98,0.6245279436347179,0.3839088807622318,0.18224989421927779,0.14897595460546434,0.5540455661830401,14.599643551335506,54.29646548593793,0.05105644958254822,0.013868116927260367,0.12009803921568628,10.851632653061225
2026-02-05,C011,Google Ads,JP,static,1006.33,51990,754,93,0.5808388806159573,0.3637390581023853,0.14531791026103752,0.12428721477078618,0.4453949903397206,11.558710973683114,41.42173410159401,0.04116110253329084,0.014502788997884208,0.123342175066313,10.820752688172043
2026-02-06,C011,Google Ads,JP,static,884.59,52350,616,79,0.6296929062369405,0.427650567844768,0.13529868408279144,0.15702152973028455,0.5797353556761817,12.40470084869248,45.79909309841835,0.051774374334967614,0.011766953199617956,0.12824675324675325,11.1973417721519
2026-02-07,C011,Google Ads,JP,static,1193.51,64268,858,121,0.6728145937217952,0.4213988809597776,0.2083151814049528,0.10396725149595971,0.6393520902870194,12.580037431011126,77.36160292472935,0.06481830513160985,0.01335034542851808,0.14102564102564102,9.863719008264463
2026-02-08,C011,Google Ads,JP,static,811.78,45354,586,78,0.6552080769326908,0.37070985495597975,0.13848883903514053,0.11512149625959939,0.5431166236891192,8.979476708248752,42.3630966477513,0.05218542036753235,0.01292058032367597,0.13310580204778158,10.407435897435898
2026-02-09,C011,Google Ads,JP,static,920.1,47840,672,92,0.5797405614892213,0.3723053698274255,0.12002961148235405,0.0994694284518418,0.43637013609678477,9.151187417569446,40.1460525209042,0.04363208345446053,0.014046822742474917,0.13690476190476192,10.001086956521739
2026-02-10,C011,Google Ads,JP,static,896.86,50014,628,72,0.5762030151467914,0.31781984034013117,0.13847300503282967,0.10784397704436409,0.46030556897768554,7.7647663471942145,33.14200096639336,0.036953404112924,0.01255648418442836,0.11464968152866242,12.456388888888888
2026-02-11,C011,Google Ads,JP,static,993.37,51592,737,110,0.5543686155785553,0.37783838318984597,0.13024099265288652,0.11905005323660608,0.45955615282283796,13.09550585602667,50.551176810512175,0.050888800163893896,0.01428516048999845,0.14925373134328357,9.030636363636363
2026-02-12,C011,Google Ads,JP,static,1179.68,67708,900,102,0.6139440180421748,0.3469195798623033,0.135456096315157,0.10164389912674392,0.38850489791395204,10.367677710927879,39.627499587223106,0.0335916252349094,0.01329237313168311,0.11333333333333333,11.565490196078432
2026-02-13,C011,Google Ads,JP,static,874.14,43812,612,75,0.4824176113443781,0.40673529924175517,0.1357390181093668,0.11116544060474882,0.49774524548832677,8.337408045356161,37.33089341162451,0.0427056572245625,0.013968775677896467,0.12254901960784313,11.6552
2026-02-14,C011,Google Ads,JP,static,867.32,57024,679,102,0.6392590698655889,0.3811338438296902,0.11142728024403495,0.1507085059419242,0.4395927079973198,15.372267606076267,44.83845621572662,0.05169791590799115,0.011907267115600449,0.15022091310751104,8.503137254901961
2026-02-15,C011,Google Ads,JP,static,1310.17,67316,975,131,0.6242053761607756,0.36629538331879763,0.16585857711615107,0.07877647849123448,0.4676255733568373,10.319718682351716,61.25895010974568,0.04675636721424035,0.014483926555350883,0.13435897435897437,10.001297709923664
2026-02-16,C011,Google Ads,JP,static,1139.72,61778,819,108,0.5561206342359781,0.412361393960122,0.15777266969303383,0.1106397049886518,0.5485716800986224,11.949088138774394,59.245741450651224,0.0519826056336388,0.013257146557026773,0.13186813186813187,10.552962962962964
2026-02-17,C011,Google Ads,JP,static,845.22,38942,561,75,0.5129106074952665,0.3143578646755497,0.15567993598120422,0.10439348676121384,0.3835882449255076,7.829511507091038,28.769118369413068,0.034037625150961086,0.014406039751425197,0.13368983957219252,11.2696
2026-02-18,C011,Google Ads,JP,static,894.36,52337,588,71,0.6172443012724214,0.3789768988074573,0.16763557551006894,0.1395781827824239,0.4344437180462545,9.910050977552096,30.845503981284068,0.03448886397044276,0.011234881632497086,0.12074829931972789,12.59661971830986
2026-02-19,C011,Google Ads,JP,static,804.8,56876,664,99,0.6633994723619225,0.4159524971669785,0.14665808779391282,0.1405749330986809,0.6043209661721181,13.91691837676941,59.82777565103969,0.07433912093756583,0.011674520008439411,0.14909638554216867,8.129292929292928
2026-02-20,C011,Google Ads,JP,static,1244.04,75280,1031,155,0.5667870951193845,0.40063498834651756,0.1626591986300928,0.0957743623308175,0.5330476083578013,14.845026161276712,82.6223792954592,0.0664146214200096,0.013695536663124336,0.15033947623666344,8.026064516129033
2026-02-21,C011,Google Ads,JP,static,1026.04,58146,752,86,0.6286536843318872,0.39422863351887855,0.15859805225889412,0.1164340188252347,0.5007470051754468,10.013325618970184,43.064242445088425,0.04197115429196337,0.012932961854641763,0.11436170212765957,11.930697674418605
2026-02-22,C011,Google Ads,JP,static,1231.26,69370,1011,152,0.6184714652455864,0.3382710207693062,0.1705029749249939,0.1119908048547221,0.4630220149730854,17.02260233791776,70.37934627590899,0.0571603255517479,0.014574023353034453,0.1503461918892186,8.100394736842105
2026-02-23,C011,Google Ads,JP,static,1048.02,52961,680,83,0.6274716242862387,0.3672381254352193,0.18736451214096875,0.12716404304888185,0.4989475767399229,10.554615573057193,41.4126488694136,0.039515041379961306,0.012839636713808274,0.12205882352941176,12.626746987951806
2026-02-24,C011,Google Ads,JP,static,1048.34,66740,779,115,0.6112763733051896,0.37271640394201383,0.17050599583504225,0.12715099717386455,0.5081475209510744,14.622364674994424,58.43696490937356,0.05574230860232661,0.011672160623314354,0.14762516046213095,9.116
2026-02-25,C011,Google Ads,JP,static,784.9,53583,625,71,0.6072743097664811,0.3849668815273179,0.15196518136977655,0.10655394653699582,0.49685448672801624,7.565330204126703,35.276668557689156,0.044944177979281866,0.011664147210869119,0.1136,11.054929577464788
2026-02-26,C011,Google Ads,JP,static,851.13,46174,602,85,0.6621680138588987,0.37932846217461735,0.17999546493206647,0.11174463743889143,0.498338067693609,9.498294182305772,42.358735753956765,0.049767478461456634,0.01303764023043271,0.14119601328903655,10.013294117647058
2026-02-27,C011,Google Ads,JP,static,1186.86,64662,935,124,0.6122674145951394,0.38677918720035054,0.14326919821270823,0.13610766045700573,0.5761610921077922,16.87734989666871,71.44397542136623,0.06019576906941658,0.014459806377779839,0.13262032085561498,9.571451612903225
2026-02-28,C011,Google Ads,JP,static,1055.92,54533,811,93,0.5754172930264763,0.31974172088360187,0.1426886552393021,0.10276864063060341,0.3882064175155141,9.557483578646117,36.103196828942814,0.0341910802931589,0.014871729044798563,0.11467324290998766,11.353978494623657
2026-03-01,C011,Google Ads,JP,static,808.04,46521,654,95,0.6382206730242441,0.3717265600332027,0.17884211536067463,0.1243822609397483,0.5674163196685132,11.816314789276088,53.90455036850876,0.06671002413783685,0.014058167279293222,0.1452599388379205,8.505684210526315
2026-01-01,C012,Google Ads,JP,playable,948.7,37626,822,146,0.7548942853097627,0.43845359119411,0.20817036348510143,0.12447194019930605,0.5599067920758266,18.172903269098683,81.74639164307068,0.0861668543370807,0.021846595439323872,0.17761557177615572,6.497945205479453
2026-01-02,C012,Google Ads,JP,playable,1276.12,48467,1036,178,0.6912496353681487,0.3769162885235658,0.17722972615074215,0.09250684569334201,0.47514156485211445,16.466218533414878,84.57519854367638,0.06627534700314001,0.021375368807642313,0.1718146718146718,7.169213483146067
2026-01-03,C012,Google Ads,JP,playable,1375.35,57302,1133,222,0.7407197736331439,0.44108402674809777,0.1938333939745247,0.1495997542152626,0.6109300706924423,33.211145435788296,135.6264756937222,0.09861254078290922,0.019772433771945132,0.19593998234774934,6.19527027027027
2026-01-04,C012,Google Ads,JP,playable,1165.71,43568,941,182,0.794987380945822,0.4562549475898621,0.2064608462851224,0.1540094318790372,0.5952935681867494,28.02971660198477,108.34342940998839,0.09294225659618982,0.02159842085934631,0.19341126461211477,6.405
2026-01-05,C012,Google Ads,JP,playable,887.55,37159,696,124,0.7909367602177633,0.4504254934375951,0.1885890448038569,0.18392153513289414,0.6286470391845044,22.806270356478873,77.95223285887855,0.08782823166142162,0.018730321052773218,0.1781609195402299,7.15766129032258
2026-01-06,C012,Google Ads,JP,playable,896.97,35794,771,152,0.5849232020439519,0.41329981860970777,0.157479069934082,0.14814651330466289,0.49508593242046617,22.51827002230876,75.25306172791086,0.08389706027036621,0.021539922892104824,0.19714656290531776,5.901118421052632
2026-01-07,C012,Google Ads,JP,playable,991.46,40051,743,130,0.7167341803868672,0.432249957945085,0.17801430130574297,0.13901830936025508,0.5919838751806559,18.07238021683316,76.95790377348527,0.07762074167727524,0.01855134703253352,0.17496635262449528,7.626615384615385
2026-01-08,C012,Google Ads,JP,playable,868.71,33123,591,88,0.673249019108375,0.3563985395892806,0.1565745881757945,0.1252161211025612,0.49864700238448084,11.019018657025384,43.88093620983432,0.050512745812665225,0.01784258672221719,0.14890016920473773,9.871704545454547
2026-01-09,C012,Google Ads,JP,playable,1250.72,53649,883,153,0.7371549242930259,0.4331233116253812,0.1866325801728992,0.10688982431768754,0.5497962419453447,16.354143120606192,84.11882501763775,0.06725608751655837,0.016458834274636992,0.17327293318233294,8.174640522875817
2026-01-10,C012,Google Ads,JP,playable,1303.22,47538,941,165,0.6112114618996193,0.436308352313163,0.16875219871677785,0.16401073670287533,0.5161457978822284,27.06177155597443,85.16405665056767,0.06534876290625441,0.019794690563338803,0.17534537725823593,7.898303030303031
2026-01-11,C012,Google Ads,JP,playable,982.03,45676,838,144,0.6266291632477947,0.37448448778847326,0.184750846358924,0.12663616351367402,0.5538807329278979,18.23560754596906,79.75882554161728,0.08121853726279808,0.01834661529030563,0.1718377088305489,6.819652777777778
2026-01-12,C012,Google Ads,JP,playable,816.26,37149,690,103,0.7344449272373722,0.4229372734351807,0.13506183209775463,0.13507305764843505,0.5824610211378806,13.91252493778881,59.9934851772017,0.07349833815423336,0.01857385124767827,0.1492753623188406,7.9248543689320385
2026-01-13,C012,Google Ads,JP,playable,783.65,25293,555,98,0.6682261927785287,0.4097119578675209,0.20120512331850524,0.1328168944085312,0.5718261957820606,13.016055652036057,56.03896718664194,0.07151053056873811,0.02194283003202467,0.17657657657657658,7.996428571428571
2026-01-14,C012,Google Ads,JP,playable,809.04,32239,653,127,0.633259482228421,0.39675862626963315,0.17216783180327053,0.12237032959709296,0.5024755120112283,15.541031858830806,63.81439002542599,0.0788767474245368,0.020254970687676416,0.19448698315467075,6.370393700787401
2026-01-15,C012,Google Ads,JP,playable,714.47,26294,563,84,0.713923366209387,0.4852667174674652,0.18532978048877397,0.15299805882259443,0.6180434820443486,12.851836941097933,51.91565249172528,0.07266276849648089,0.021411728911538756,0.1492007104795737,8.505595238095239
2026-01-16,C012,Google Ads,JP,playable,655.67,19702,424,63,0.5946773754477985,0.39871264064335143,0.17739480577000066,0.13906948309339995,0.4873360201304481,8.761377434884198,30.702169268218228,0.04682546146013405,0.021520657801238453,0.14858490566037735,10.407460317460316
2026-01-17,C012,Google Ads,JP,playable,861.72,27918,555,94,0.6822332852900921,0.3726581313620026,0.167260641157662,0.09372410456065138,0.5892983549984906,8.81006582870123,55.39404536985811,0.06428309664271828,0.019879647539222008,0.16936936936936936,9.167234042553192
2026-01-18,C012,Google Ads,JP,playable,1263.33,48695,963,192,0.7709215965617247,0.4608886204826126,0.19556377271995207,0.1333332248749866,0.6600890977361493,25.59997917599743,126.73710676534067,0.10032016499639926,0.01977615771639799,0.19937694704049844,6.579843749999999
2026-01-19,C012,Google Ads,JP,playable,850.25,27089,562,104,0.7223619316200536,0.45055241636698606,0.21077793985968063,0.1327068318151361,0.6909391116498206,13.801510508774154,71.85766761158133,0.08451357761554473,0.020746428439588023,0.18505338078291814,8.17548076923077
2026-01-20,C012,Google Ads,JP,playable,1306.7,49676,1023,156,0.6326100495929238,0.444050156495087,0.15312019162511836,0.12242330627399786,0.5788323712357331,19.098035778743668,90.29784991277435,0.0691035585242589,0.02059344552701506,0.15249266862170088,8.376282051282052
2026-01-21,C012,Google Ads,JP,playable,826.7,26926,577,102,0.6558760768946595,0.3368251460685284,0.14743763216204805,0.13963213870393115,0.451758954610079,14.242478147800977,46.07941337022805,0.05573889615753402,0.02142910198321325,0.17677642980935876,8.104901960784314
2026-01-22,C012,Google Ads,JP,playable,1102.14,42248,861,158,0.6874227358611498,0.41442549429950787,0.19559074161162904,0.12001450572781101,0.5682167247015045,18.96229190499414,89.77824250283771,0.0814577608463486,0.020379662942624503,0.1835075493612079,6.975569620253165
2026-01-23,C012,Google Ads,JP,playable,847.97,33175,687,130,0.7625227902161221,0.44614119018601056,0.1811816254342969,0.1648765242097514,0.6608005789672039,21.43394814726768,85.90407526573651,0.10130511836078356,0.020708364732479275,0.18922852983988356,6.522846153846154
2026-01-24,C012,Google Ads,JP,playable,754.16,27258,566,94,0.7330396410518568,0.3619371335369393,0.18066683219250432,0.1475890832011601,0.633606141859846,13.87337382090905,59.55897733482552,0.07897362361338715,0.020764546188275,0.16607773851590105,8.022978723404256
2026-01-25,C012,Google Ads,JP,playable,1182.35,43071,942,184,0.7125799606527081,0.4498790143182744,0.23118802958174264,0.14790841653510226,0.6590516886520579,27.215148642458814,121.26551071197865,0.10256314921195568,0.021870864386710317,0.19532908704883228,6.425815217391304
2026-01-26,C012,Google Ads,JP,playable,890.25,33884,626,104,0.6222428984247366,0.40638374363631447,0.15191604721501376,0.0982633298692023,0.4867235989487382,10.21938630639704,50.61925429066877,0.05685948464832013,0.018474796364065637,0.16613418530351437,8.560096153846153
2026-01-27,C012,Google Ads,JP,playable,1007.42,42957,844,131,0.7477206276580284,0.43924344381469754,0.20050486933012013,0.13703647891813228,0.619447620800649,17.95177873827533,81.14763832488501,0.08055024890878218,0.019647554531275462,0.1552132701421801,7.6902290076335875
2026-01-28,C012,Google Ads,JP,playable,729.23,27304,514,96,0.7517237654762807,0.42042789862032104,0.18934434418196058,0.14570017679917718,0.6844421016374397,13.98721697272101,65.70644175719421,0.09010370005985348,0.01882508057427483,0.1867704280155642,7.596145833333334
2026-01-29,C012,Google Ads,JP,playable,885.43,33859,721,108,0.8048663808123254,0.4416158657730989,0.15389712337196185,0.133098771289421,0.5196716863549223,14.374667299257467,56.12454212633161,0.06338656268596043,0.021294190614016953,0.14979195561719832,8.198425925925925
2026-01-30,C012,Google Ads,JP,playable,1072.47,44338,809,129,0.7481214153808787,0.491978543806747,0.20494193254751894,0.1519489248013323,0.6693075305593663,19.601411299371865,86.34067144215825,0.08050666199957578,0.018246199648157338,0.15945611866501855,8.313720930232558
2026-01-31,C012,Google Ads,JP,playable,1039.41,32596,703,132,0.7051240325216478,0.4597845995799557,0.19496366470108772,0.13199086755969314,0.551351157091813,17.422794517879495,72.77835273611932,0.0700186425787253,0.021567063443367285,0.18776671408250356,7.874318181818182
2026-02-01,C012,Google Ads,JP,playable,1202.16,42952,806,157,0.675592898105395,0.3293038141777799,0.18253017809884947,0.11992402568716365,0.5724440900025634,18.82807203288469,89.87372213040244,0.07476005484671601,0.018765133171912834,0.19478908188585609,7.657070063694268
2026-02-02,C012,Google Ads,JP,playable,844.64,36775,601,111,0.7306861276868527,0.4581441599222384,0.19248548759620168,0.10863401764131851,0.6425894841285671,12.058375958186355,71.32743273827094,0.08444701841699365,0.016342624065261727,0.18469217970049917,7.609369369369369
2026-02-03,C012,Google Ads,JP,playable,980.42,42461,742,143,0.7078230633475818,0.4179928840449533,0.16428104650023728,0.1298762531716321,0.4767662475636084,18.57230420354339,68.177573401596,0.06953915559448505,0.01747485928263583,0.192722371967655,6.856083916083916
2026-02-04,C012,Google Ads,JP,playable,1169.01,38591,818,144,0.7028348217746306,0.41753146479747105,0.16321648532129046,0.14278964871987876,0.5492229824666703,20.56170941566254,79.08810947520053,0.06765414177129443,0.02119665206913529,0.17603911980440098,8.118125
2026-02-05,C012,Google Ads,JP,playable,712.21,25613,474,76,0.6484245683465002,0.3675235590758756,0.15887351127884033,0.15027159978149238,0.6040003479797766,11.42064158339342,45.90402644646302,0.06445333653705805,0.018506227306445945,0.16033755274261605,9.371184210526316
2026-02-06,C012,Google Ads,JP,playable,931.69,36856,608,94,0.6935873844395497,0.4487096932825253,0.19307632617445114,0.11599648693580406,0.5891699478343877,10.903669771965582,55.38197509643244,0.05944260420268599,0.01649663555459084,0.15460526315789475,9.911595744680852
2026-02-07,C012,Google Ads,JP,playable,1245.05,46574,934,166,0.6826592350362694,0.4785483762438032,0.19018824133572446,0.1276162992025404,0.582900509283916,21.184305667621704,96.76148454113006,0.07771664449921299,0.020054107441920384,0.1777301927194861,7.5003012048192765
2026-02-08,C012,Google Ads,JP,playable,843.37,26983,547,83,0.6604598818281536,0.49901062228917664,0.18793749985204994,0.1159414686009238,0.4327445998640601,9.623141893876676,35.917801788716986,0.042588439892503153,0.02027202312567172,0.15173674588665448,10.161084337349397
2026-02-09,C012,Google Ads,JP,playable,921.56,43833,733,131,0.6398326107007276,0.40711973677422525,0.17382855096863803,0.1160876293834805,0.5977684764785296,15.207479449235946,78.30767041868738,0.08497292400957403,0.016722560627837474,0.17871759890859482,7.034809160305343
2026-02-10,C012,Google Ads,JP,playable,1028.51,38891,743,120,0.7839866163671151,0.5307759462614103,0.19856594021240728,0.16545308628281014,0.6866828368562591,19.854370353937217,82.4019404227511,0.08011753722629227,0.01910467717466766,0.16150740242261102,8.570916666666667
2026-02-11,C012,Google Ads,JP,playable,716.77,25704,530,91,0.619623871656358,0.38611099446968444,0.15091775486612388,0.12112578343032684,0.5650209622772514,11.022446292159742,51.41690756722988,0.07173397391662703,0.02061935885465297,0.17169811320754716,7.876593406593407
2026-02-12,C012,Google Ads,JP,playable,741.38,31821,542,98,0.7584443949425763,0.44156316920785454,0.19876428733547274,0.1394816559806203,0.554473294737887,13.669202286100788,54.33838288431292,0.07329376091861385,0.017032777096885703,0.18081180811808117,7.565102040816327
2026-02-13,C012,Google Ads,JP,playable,887.56,38033,686,109,0.7622409886837419,0.4435909637241753,0.1867363332155744,0.10824161036597249,0.596262139598929,11.798335529891002,64.99257321628326,0.0732264039027953,0.01803696789630058,0.1588921282798834,8.142752293577981
2026-02-14,C012,Google Ads,JP,playable,1138.76,49084,822,162,0.6626773448912258,0.45450693343336634,0.20604586153034976,0.12291094142293665,0.5236665774301711,19.91157251051574,84.83398554368772,0.0744967201274001,0.016746801401678755,0.19708029197080293,7.0293827160493825
2026-02-15,C012,Google Ads,JP,playable,953.35,33347,642,107,0.7849108554883522,0.49995940807229305,0.1601267999491179,0.1474763215553847,0.7443556267806181,15.779966406426164,79.64605206552613,0.08354296711762832,0.019252106636279125,0.16666666666666666,8.90981308411215
2026-02-16,C012,Google Ads,JP,playable,717.48,25018,470,85,0.6617412809247988,0.4023324194724058,0.20989723024101042,0.12123955565397698,0.6422810156193487,10.305362230588043,54.59388632764464,0.07609160837003319,0.018786473738907985,0.18085106382978725,8.440941176470588
2026-02-17,C012,Google Ads,JP,playable,677.32,26296,474,83,0.6644161802468893,0.3287880821160505,0.16331472623819734,0.13970950032353527,0.5766451044244736,11.595888526853427,47.86154366723131,0.07066318726422642,0.018025555217523578,0.1751054852320675,8.160481927710844
2026-02-18,C012,Google Ads,JP,playable,851.24,38024,700,128,0.640917885507715,0.4415563909613158,0.1903757117413232,0.13496966823151862,0.6231839683476625,17.276117533634384,79.7675479485008,0.09370711013851983,0.018409425625920472,0.18285714285714286,6.6503125
2026-02-19,C012,Google Ads,JP,playable,1051.25,35094,752,113,0.7748201867086103,0.513034315414694,0.1952864283276863,0.15652298142886212,0.5432322772800664,17.68709690146142,61.3852473326475,0.05839276873474537,0.021428164358579815,0.1502659574468085,9.303097345132743
2026-02-20,C012,Google Ads,JP,playable,946.39,32483,663,103,0.7514853477607291,0.4351732947304079,0.2462153888695633,0.1313792474431922,0.6232400854033122,13.532062486648798,64.19372879654115,0.06782995643903778,0.020410676353785056,0.15535444947209653,9.188252427184466
2026-02-21,C012,Google Ads,JP,playable,1102.05,45886,955,186,0.8334793956996497,0.46402065238264606,0.20803044482064834,0.14322562680770087,0.6087572132686021,26.63996658623236,113.22884166796,0.10274356335528154,0.020812448241293642,0.19476439790575917,5.925
2026-02-22,C012,Google Ads,JP,playable,1221.44,47873,837,165,0.7533963433330595,0.4532101274406407,0.22891866681492917,0.13821032588180787,0.6765566640407369,22.8047037704983,111.63184956672158,0.09139351481151477,0.017483759112652226,0.1971326164874552,7.402666666666667
2026-02-23,C012,Google Ads,JP,playable,867.21,36584,646,127,0.7322396760069539,0.4494076251276326,0.19336646294997667,0.14755657494508798,0.5410316649513744,18.739685018026172,68.71102144882455,0.07923210292177228,0.017657992565055763,0.19659442724458204,6.828425196850394
2026-02-24,C012,Google Ads,JP,playable,971.04,33085,652,129,0.7576469828729596,0.5019001757771975,0.1920500492692758,0.15987287636872485,0.6252075136307026,20.623601051565505,80.65176925836063,0.08305685335189089,0.019706815777542692,0.19785276073619631,7.527441860465116
2026-02-25,C012,Google Ads,JP,playable,1035.41,42362,739,119,0.7585129767234429,0.5422679790631343,0.24252180196638978,0.15548993596540384,0.676006208914753,18.503302379883056,80.44473886085561,0.07769340115243359,0.017444879845144232,0.16102841677943167,8.7009243697479
2026-02-26,C012,Google Ads,JP,playable,1135.66,44404,818,145,0.6848246180105027,0.35324066766955775,0.17319788364439323,0.12252320114185283,0.6238146324933475,17.76586416556866,90.45312171153537,0.07964826789108898,0.018421763805062608,0.17726161369193155,7.832137931034484
2026-02-27,C012,Google Ads,JP,playable,976.96,35113,743,127,0.8149074801820503,0.5423002002833406,0.16562958065791564,0.14498032797751376,0.596395793308136,18.412501653144247,75.74226575013327,0.07752845734262064,0.021160254036966367,0.17092866756393002,7.69259842519685
2026-02-28,C012,Google Ads,JP,playable,1200.67,38881,792,155,0.6868364587643342,0.4377528681892819,0.1623293189367887,0.14056867684881033,0.5905838973405454,21.788144911565603,91.54050408778454,0.07624088845727889,0.0203698464545665,0.19570707070707072,7.746258064516129
2026-03-01,C012,Google Ads,JP,playable,967.24,30601,665,103,0.6374941996987021,0.40770062135380153,0.1842079667767518,0.12232227205045337,0.5771969312737383,12.599194021196697,59.45128392119504,0.06146469534321915,0.021731315970066337,0.1548872180451128,9.390679611650485
2026-01-01,C013,Google Ads,JP,video,835.54,33864,540,69,0.5719058739567012,0.3357618829648086,0.14602864931555726,0.09894569942119719,0.42582407681157886,6.827253260062606,29.381861299998942,0.035165176614305446,0.015946137491141033,0.12777777777777777,12.10927536231884
2026-01-02,C013,Google Ads,JP,video,912.91,34069,617,83,0.6149831428954344,0.35802788540001595,0.1816259716591078,0.12203661488767492,0.6547364555901151,10.12903903567702,54.34312581397955,0.05952751388111361,0.018110305556370894,0.13452188006482982,10.998915662650601
2026-01-03,C013,Google Ads,JP,video,1154.73,60659,979,144,0.7213783761729331,0.3929447612140867,0.15879089737199495,0.09906141515993552,0.6184316384838895,14.264843783030715,89.05415594168008,0.07712110753048462,0.016139402232150216,0.1470888661899898,8.018958333333334
2026-01-04,C013,Google Ads,JP,video,890.69,36277,598,92,0.6233154637337215,0.40182961688967445,0.2055279068401706,0.12076230007311295,0.5814400207610184,11.11013160672639,53.492481910013694,0.060057590736038884,0.016484273782286295,0.15384615384615385,9.681413043478262
2026-01-05,C013,Google Ads,JP,video,784.11,35066,599,86,0.5873070849881947,0.4590710475979741,0.1588280545804627,0.10363765282082023,0.598748562481616,8.91283814259054,51.49237637341898,0.06566953648557648,0.01708207380368448,0.14357262103505844,9.117558139534884
2026-01-06,C013,Google Ads,JP,video,914.09,41211,689,115,0.7112059479847778,0.42205129374161754,0.18754880439088226,0.144978640393453,0.5806595462948182,16.672543645247096,66.77584782390409,0.07305148746954626,0.016718837203659218,0.16690856313497823,7.948608695652174
2026-01-07,C013,Google Ads,JP,video,851.32,45403,674,94,0.5746522417982675,0.43702024605074674,0.16109584967306076,0.12688800700333056,0.49532959901277895,11.927472658313071,46.56098230720122,0.05469284518837051,0.014844834041803406,0.1394658753709199,9.056595744680852
2026-01-08,C013,Google Ads,JP,video,764.83,34421,563,94,0.6075801339173634,0.4721705562163332,0.14923676678432202,0.15074788163716998,0.4936588897501672,14.170300873893979,46.40393563651572,0.06067253381396215,0.01635629412277389,0.1669626998223801,8.136489361702129
2026-01-09,C013,Google Ads,JP,video,1049.2,57543,844,122,0.6583833148200027,0.43422685281092993,0.20426970654717108,0.12858726285878325,0.6586481131182629,15.687646068771556,80.35506980042807,0.07658671865618541,0.014667292285768904,0.14454976303317535,8.6
2026-01-10,C013,Google Ads,JP,video,1012.98,53070,741,124,0.6318820011821242,0.421477558968329,0.17406641006488086,0.12829350386228092,0.5457601611620078,15.908394478922833,67.67425998408896,0.06680691878614489,0.013962690785754664,0.16734143049932523,8.169193548387097
2026-01-11,C013,Google Ads,JP,video,792.83,33504,605,87,0.5850110235959691,0.37618475800609014,0.15393800804309613,0.1546313559166521,0.44789372848393233,13.452927964748733,38.96675437810211,0.049149163636145646,0.01805754536771729,0.14380165289256197,9.112988505747127
2026-01-12,C013,Google Ads,JP,video,1200.22,53196,883,121,0.6230361088946971,0.40232923937489634,0.1279299243111557,0.1263866406332031,0.4831866777279251,15.292783516617575,58.46558800507894,0.048712218080108956,0.01659899240544402,0.13703284258210646,9.919173553719009
2026-01-13,C013,Google Ads,JP,video,868.67,43594,663,103,0.675313123780487,0.4722595520482299,0.19409902098988702,0.15508758759119878,0.6794441751861753,15.974021521893475,69.98275004417606,0.08056290167586821,0.015208514933247696,0.15535444947209653,8.43368932038835
2026-01-14,C013,Google Ads,JP,video,1013.56,47083,734,120,0.6425908573894481,0.4138492152932925,0.1789306467071876,0.12465560923795999,0.5240064594240412,14.958673108555198,62.88077513088495,0.062039394325086886,0.015589490899050613,0.16348773841961853,8.446333333333333
2026-01-15,C013,Google Ads,JP,video,839.79,32722,548,75,0.6033516233396997,0.33583051930252966,0.1627615045678882,0.14349291558494312,0.47672675560851696,10.761968668870734,35.75450667063877,0.04257552930262953,0.016747142595195892,0.13686131386861314,11.197199999999999
2026-01-16,C013,Google Ads,JP,video,1150.3,63743,885,150,0.675208303816914,0.4733408709028761,0.20352457621794673,0.1443140398965043,0.6424037409618901,21.647105984475644,96.36056114428352,0.08376981953300157,0.01388387744536655,0.1694915254237288,7.668666666666667
2026-01-17,C013,Google Ads,JP,video,832.01,44586,636,101,0.7418343642631022,0.4687917332881347,0.16991880362778547,0.12032260942869882,0.6487926047265041,12.152583552298582,65.52805307737691,0.07875836515755183,0.014264567352980756,0.15880503144654087,8.237722772277227
2026-01-18,C013,Google Ads,JP,video,1295.5,50427,847,144,0.74984829157602,0.4843993189936678,0.19561546136404184,0.11644208184875841,0.5948225295023312,16.767659786221213,85.6544442483357,0.06611696489953085,0.01679655739980566,0.17001180637544275,8.996527777777779
2026-01-19,C013,Google Ads,JP,video,1328.92,68776,1058,155,0.6518481556437624,0.3908236889457662,0.19969765976586634,0.1145244747690941,0.5511602009919082,17.751293589209585,85.42983115374577,0.06428520021577128,0.015383273234849367,0.14650283553875237,8.573677419354839
2026-01-20,C013,Google Ads,JP,video,756.7,40063,622,104,0.7669947600654525,0.40934661932147953,0.16391350929835005,0.10294362468656211,0.48200028235961007,10.70613696740246,50.12802936539945,0.06624533336892725,0.01552554726306068,0.16720257234726688,7.275961538461539
2026-01-21,C013,Google Ads,JP,video,822.76,46939,716,113,0.5894502716794454,0.43223555533429686,0.16239996705044957,0.0976185693208404,0.5676891288553041,11.030898333254965,64.14887156064937,0.07796789116363144,0.015253840090330003,0.15782122905027932,7.281061946902655
2026-01-22,C013,Google Ads,JP,video,997.97,36156,647,91,0.5558751423168046,0.3849185933506175,0.14192668414213724,0.12250842725419633,0.41941389255937955,11.148266880131866,38.16666422290354,0.03824423975573722,0.017894678614891028,0.14064914992272023,10.966703296703297
2026-01-23,C013,Google Ads,JP,video,844.16,44781,726,94,0.7497927259734385,0.3901393808171011,0.20662427407400213,0.15709343588937036,0.6350702982837866,14.766782973600813,59.69660803867594,0.0707168406424885,0.016212232866617538,0.12947658402203857,8.980425531914893
2026-01-24,C013,Google Ads,JP,video,810.99,41185,576,88,0.6311751110217507,0.3461700674946512,0.17087965216045975,0.12577660295766757,0.5961819021038007,11.068341060274747,52.464007385134465,0.06469112969354827,0.013985674396017968,0.1527777777777778,9.215795454545455
2026-01-25,C013,Google Ads,JP,video,1153.5,53061,812,133,0.6455516600670477,0.39422160590884503,0.1761836094050443,0.1359989376772609,0.5610892067785237,18.0878587110757,74.62486450154366,0.06469416663142213,0.015303141667137822,0.16379310344827586,8.672932330827068
2026-01-26,C013,Google Ads,JP,video,1072.83,54148,873,142,0.6070756999338129,0.4157384079395361,0.16881460511015842,0.12200634194004048,0.6502252327185367,17.324900555485748,92.3319830460322,0.08606378341817356,0.016122479131269855,0.16265750286368844,7.555140845070422
2026-01-27,C013,Google Ads,JP,video,840.15,38308,543,87,0.576477967242159,0.37505698644806984,0.1476781258620533,0.11123891061411861,0.49905767822781044,9.67778522342832,43.418018005819505,0.05167892757360691,0.014174584943092827,0.16022099447513813,9.656896551724138
2026-01-28,C013,Google Ads,JP,video,974.21,38376,676,98,0.6998692887598473,0.4014743033681569,0.13210608108849534,0.13054239568353046,0.5608859432184871,12.793154776985984,54.96682243541173,0.05642188094757045,0.017615176151761516,0.14497041420118342,9.940918367346939
2026-01-29,C013,Google Ads,JP,video,1157.2,53380,836,127,0.6883975051341344,0.46543485657073247,0.18382824362853425,0.12210220903074648,0.6209087693623755,15.506980546904803,78.85541370902169,0.06814314226409644,0.01566129636568003,0.1519138755980861,9.111811023622048
2026-01-30,C013,Google Ads,JP,video,1089.85,40471,705,105,0.5432800893185376,0.3891099210410209,0.13952446213511777,0.1370655797353828,0.47983073714686963,14.391885872215195,50.382227400421314,0.04622843960916627,0.01741988090237454,0.14893617021276595,10.379523809523809
2026-01-31,C013,Google Ads,JP,video,1075.95,44696,755,113,0.6839377617487652,0.3815083033602408,0.14574056295020038,0.1357971425505432,0.48512520016987576,15.345077108211383,54.81914761919596,0.05094970184332138,0.016891891891891893,0.14966887417218544,9.521681415929203
2026-02-01,C013,Google Ads,JP,video,722.71,32472,573,89,0.7679651358990625,0.46525932277255133,0.17411602389049166,0.14663780847296384,0.505107103408599,13.050764954093783,44.95453220336531,0.0622024924554932,0.017645971914264598,0.15532286212914484,8.120337078651685
2026-02-02,C013,Google Ads,JP,video,658.44,31848,568,88,0.6737795577205161,0.41287721162197494,0.16720869395798674,0.1363339601365549,0.5892822497572532,11.997388492016832,51.85683797863828,0.07875744307702408,0.017834714895754836,0.15492957746478872,7.482272727272728
2026-02-03,C013,Google Ads,JP,video,879.14,44155,688,114,0.5694252203015711,0.36910969867324145,0.128255023637214,0.1337836851261838,0.4963311842275633,15.251340104384953,56.58175500194221,0.06436027661424315,0.015581474351715547,0.16569767441860464,7.7117543859649125
2026-02-04,C013,Google Ads,JP,video,741.69,34561,628,105,0.6857258303164244,0.390936218370006,0.1760238628572624,0.13426168673304,0.4598721718053018,14.097477106969201,48.286578039556694,0.0651031999293866,0.018170770521686294,0.16719745222929935,7.063714285714286
2026-02-05,C013,Google Ads,JP,video,980.61,46893,751,113,0.5862895230844365,0.3792630535602798,0.1756355490897952,0.1299150894578858,0.5490444393288854,14.680405108741095,62.042021644164045,0.06326900493263413,0.016015183502868232,0.15046604527296936,8.677964601769911
2026-02-06,C013,Google Ads,JP,video,1594.38,80224,1199,196,0.6083856491997143,0.374356793494824,0.1589616765161229,0.11086270092077696,0.46240277644284045,21.729089380472285,90.63094418279672,0.056843936571754045,0.014945652173913044,0.1634695579649708,8.134591836734694
2026-02-07,C013,Google Ads,JP,video,799.26,31937,543,74,0.7176884740170777,0.4295159205415576,0.21268030965787646,0.130840471802144,0.593440973210347,9.682194913358657,43.91463201756567,0.05494421390026253,0.01700222312678085,0.13627992633517497,10.80081081081081
2026-02-08,C013,Google Ads,JP,video,1152.83,73204,1002,162,0.6408137896467649,0.35563240957152065,0.16699021249273657,0.12239943848898135,0.4163233752521748,19.82870903521498,67.44438679085232,0.058503441900839816,0.013687776624228183,0.16167664670658682,7.116234567901234
2026-02-09,C013,Google Ads,JP,video,1190.92,58370,942,141,0.7092160641135867,0.4653529363382058,0.16617086802250056,0.12871898720455233,0.6130398587750775,18.14937719584188,86.43862008728593,0.07258110629874694,0.016138427274284734,0.14968152866242038,8.446241134751773
2026-02-10,C013,Google Ads,JP,video,1063.7,44999,821,120,0.5336315407084063,0.39176719435954954,0.1434985446528999,0.12518951815719345,0.4842517424481206,15.022742178863215,58.11020909377447,0.0546302256928653,0.018244849885553013,0.146163215590743,8.864166666666668
2026-02-11,C013,Google Ads,JP,video,829.05,31664,543,74,0.6525109334129842,0.407802164834953,0.15228311419437623,0.13390260609364923,0.48894813351005706,9.908792850930043,36.18216187974422,0.043643095794872806,0.017148812531581608,0.13627992633517497,11.203378378378378
2026-02-12,C013,Google Ads,JP,video,956.15,46377,743,119,0.5883947543481807,0.4331257806387594,0.13658938527114145,0.1318060698961695,0.49126872822008855,15.68492231764417,58.460978658190534,0.0611423656028052,0.016020872415205813,0.1601615074024226,8.034873949579831
2026-02-13,C013,Google Ads,JP,video,992.44,48775,822,132,0.5361465888696203,0.3191197095647287,0.19623472738063957,0.1524187583223835,0.5205139071222131,20.11927609855462,68.70783574013214,0.06923099630819769,0.016852895950794464,0.16058394160583941,7.5184848484848485
2026-02-14,C013,Google Ads,JP,video,1129.12,50021,847,138,0.6421449320502065,0.39514389896699964,0.1770871179948584,0.11478952757841646,0.5772358716403804,15.840954805821472,79.65855028637249,0.07054937922112871,0.016932888186961478,0.16292798110979928,8.182028985507246
2026-02-15,C013,Google Ads,JP,video,867.57,43197,620,95,0.6112084919866598,0.39041967774791847,0.2007953715489776,0.09332125977252709,0.5157897076274915,8.865519678390074,49.0000222246117,0.05647982215941638,0.014352848577447508,0.1532258064516129,9.132315789473685
2026-02-16,C013,Google Ads,JP,video,1108.35,48889,788,102,0.7092017962313792,0.4702846983074504,0.17215462928797837,0.12448434493548308,0.5627235693618314,12.697403183419274,57.39780407490681,0.05178675913164517,0.016118145186033668,0.12944162436548223,10.866176470588234
2026-02-17,C013,Google Ads,JP,video,781.26,41320,572,80,0.735498618445244,0.42542776583785374,0.2064227153371314,0.1326389708867238,0.6266672268741865,10.611117670937904,50.13337814993492,0.06416976215480409,0.013843175217812198,0.13986013986013987,9.76575
2026-02-18,C013,Google Ads,JP,video,1081.72,55112,768,101,0.6904537640577042,0.43211334686831204,0.15595321728070916,0.11587094397947817,0.5900910250796477,11.702965341927294,59.59919353304442,0.055096860438072826,0.013935259108724053,0.13151041666666666,10.71009900990099
2026-02-19,C013,Google Ads,JP,video,776.34,35745,545,70,0.606929952323661,0.3918130421126134,0.18420714333687416,0.12041143543264213,0.547075302699547,8.428800480284949,38.295271188968286,0.0493277206778375,0.015246887676598125,0.12844036697247707,11.09057142857143
2026-02-20,C013,Google Ads,JP,video,1122.85,59252,942,131,0.6070803123280073,0.38686685496174944,0.16954462298001316,0.13625684426869183,0.5698182256215635,17.849646599198632,74.64618755642482,0.06647927729372861,0.015898197529197328,0.13906581740976645,8.571374045801527
2026-02-21,C013,Google Ads,JP,video,825.01,37543,634,87,0.6496415988646407,0.4187599522188439,0.18097237757559148,0.14614786770311514,0.5758320745223618,12.714864490171017,50.09739048344548,0.06072323611550799,0.016887302559731508,0.13722397476340695,9.48287356321839
2026-02-22,C013,Google Ads,JP,video,750.23,38416,613,93,0.6262019823146097,0.40462191254529806,0.17933565846111912,0.11584081803652682,0.46146766745397444,10.773196077396994,42.91649307321962,0.05720418351229721,0.01595689296126614,0.15171288743882544,8.066989247311827
2026-02-23,C013,Google Ads,JP,video,972.55,41359,681,114,0.6108423650488396,0.3423294364276513,0.12912645242774287,0.11552021064573946,0.5236179278438805,13.169304013614298,59.692443774202374,0.06137713338402572,0.016465581856427863,0.16740088105726872,8.531140350877193
2026-02-24,C013,Google Ads,JP,video,1082.0,43709,740,98,0.6666243245731777,0.470671179112716,0.1448157128944955,0.12939189796998174,0.5344404931988942,12.680406001058211,52.37516833349163,0.04840595031635548,0.016930151685007663,0.13243243243243244,11.040816326530612
2026-02-25,C013,Google Ads,JP,video,736.04,30944,496,70,0.5702068018291226,0.3414523932856773,0.1142948772412784,0.1180180042535908,0.6072354703757992,8.261260297751356,42.50648292630594,0.05775031337765015,0.016028955532574975,0.14112903225806453,10.514857142857142
2026-02-26,C013,Google Ads,JP,video,808.25,39476,641,87,0.6774348637154025,0.4123097646616769,0.16243318899190862,0.12541379783150827,0.47442862083367304,10.91100041134122,41.27529001252955,0.051067714682569605,0.016237714054108825,0.1357254290171607,9.290229885057471
2026-02-27,C013,Google Ads,JP,video,957.86,45863,797,127,0.5703500748649515,0.325742549927087,0.14298309294826916,0.10887802989872182,0.44619415246976674,13.82750979713767,56.66665736366038,0.05915985309140329,0.017377842705448836,0.15934755332496864,7.542204724409449
2026-02-28,C013,Google Ads,JP,video,1157.12,46618,802,120,0.6815936774375643,0.4072291652986779,0.18100654378420433,0.13032789499698616,0.6751084441449676,15.63934739963834,81.01301329739611,0.07001273791930586,0.017203655240465056,0.14962593516209477,9.642666666666665
2026-03-01,C013,Google Ads,JP,video,943.27,40664,702,98,0.6759773442789232,0.41236769249606664,0.17207809694393067,0.12866518282568143,0.5058710818980036,12.60918791691678,49.575366026004346,0.052556826003279114,0.017263427109974423,0.1396011396011396,9.625204081632653
2026-01-01,C014,Google Ads,US,playable,1097.9,39822,742,136,0.7803260798877791,0.5184352227436544,0.23390989696005246,0.15422024852837088,0.6755634761512672,20.97395379985844,91.87663275657235,0.0836840322045836,0.018632916478328564,0.18328840970350405,8.07279411764706
2026-01-02,C014,Google Ads,US,playable,1079.42,45146,807,126,0.7540414541993863,0.48828285880006855,0.1657789271850779,0.14613416680846442,0.6984436431024799,18.412905017866517,88.00389903091246,0.08152869355400758,0.017875337792938466,0.15613382899628253,8.566825396825397
2026-01-03,C014,Google Ads,US,playable,988.36,28420,625,110,0.6325571437393156,0.3920103212624441,0.17701444988300305,0.14219039174885006,0.5442944167205597,15.640943092373508,59.87238583926156,0.06057770306146771,0.02199155524278677,0.176,8.985090909090909
2026-01-04,C014,Google Ads,US,playable,930.55,27639,589,94,0.7656983779445363,0.4120761942766737,0.19486716762834194,0.18230971816620783,0.7707026850787392,17.137113507623535,72.44605239740149,0.0778525874358012,0.021310467093599624,0.15959252971137522,9.899468085106383
2026-01-05,C014,Google Ads,US,playable,803.38,27761,584,113,0.810207556778686,0.46840614908542816,0.21820917033983114,0.13208046921977926,0.6592016524355244,14.925093021835057,74.48978672521426,0.09272015051673489,0.021036706170526998,0.1934931506849315,7.109557522123894
2026-01-06,C014,Google Ads,US,playable,700.12,28598,496,80,0.7009426345186703,0.4278138932710847,0.17070211470458102,0.14925421483884957,0.6582863728467216,11.940337187107966,52.662909827737735,0.07521957219565512,0.017343870200713336,0.16129032258064516,8.7515
2026-01-07,C014,Google Ads,US,playable,1055.26,30088,663,118,0.7929774781231042,0.47118996599974927,0.2519650673982332,0.16151344986549945,0.6884702568756667,19.058587084128934,81.23949031132867,0.07698529606020174,0.022035362935389526,0.1779788838612368,8.942881355932203
2026-01-08,C014,Google Ads,US,playable,855.17,30389,608,113,0.7934781264675067,0.5232738951250798,0.23122989863338306,0.16368390696937257,0.756596738433998,18.4962814875391,85.49543144304177,0.09997451283381248,0.020007239461647307,0.18585526315789475,7.5678761061946895
2026-01-09,C014,Google Ads,US,playable,932.08,37362,732,123,0.6815636285815386,0.4640019487864639,0.15965338920539746,0.15751573787537124,0.5635117758211767,19.37443575867066,69.31194842600473,0.07436234154131782,0.019592098924040468,0.1680327868852459,7.577886178861789
2026-01-10,C014,Google Ads,US,playable,884.02,28453,592,106,0.843089579244312,0.46816413084861364,0.16566128910288982,0.17181092919832072,0.6784940029671801,18.211958495021996,71.9203643145211,0.0813559057252295,0.02080624187256177,0.17905405405405406,8.339811320754716
2026-01-11,C014,Google Ads,US,playable,1078.69,42172,733,142,0.8052570971900169,0.46209130632826667,0.18406639444080916,0.17097142764456275,0.6499869799421334,24.27794272552791,92.29815115178295,0.08556500134483447,0.017381200796737172,0.1937244201909959,7.596408450704225
2026-01-12,C014,Google Ads,US,playable,605.0,24940,420,71,0.7437556700412965,0.46669690565553235,0.13478189847334648,0.1481534238445636,0.6760581112333358,10.518893092964015,48.00012589756684,0.07933967908524414,0.016840417000801924,0.16904761904761906,8.52112676056338
2026-01-13,C014,Google Ads,US,playable,1074.67,40495,701,121,0.8090383132140131,0.4741219822699994,0.19507195444348044,0.11885983524265609,0.6672723296744438,14.382040064361387,80.7399518906077,0.07513032158235501,0.017310779108531918,0.17261055634807418,8.881570247933885
2026-01-14,C014,Google Ads,US,playable,905.9,34799,725,133,0.8538418945217889,0.4874042959386863,0.1739751523682045,0.15411465983028838,0.6684545842985264,20.497249757428353,88.90445971170402,0.0981388861410552,0.020833932009540503,0.18344827586206897,6.811278195488722
2026-01-15,C014,Google Ads,US,playable,852.18,30122,648,122,0.7364156835814487,0.47815045645770166,0.1780267640463522,0.1679714948616024,0.5553778955656338,20.49252237311549,67.75610325900732,0.07950927263968988,0.021512515769205234,0.1882716049382716,6.985081967213114
2026-01-16,C014,Google Ads,US,playable,813.65,28198,561,94,0.7192051412759729,0.4682808386951605,0.17840415851354638,0.14461955727073045,0.56791473366632,13.594238383448662,53.383984964634074,0.06561045355604449,0.019895028016171358,0.16755793226381463,8.655851063829788
2026-01-17,C014,Google Ads,US,playable,1093.62,48349,885,151,0.7821374097269562,0.49672549761325335,0.1905441026425977,0.1313339396228894,0.7910718126879703,19.831424883056297,119.45184371588353,0.10922605985761384,0.01830441167345757,0.17062146892655367,7.24251655629139
2026-01-18,C014,Google Ads,US,playable,897.46,25878,543,107,0.7064513434417822,0.39599237350314204,0.19314688808586225,0.14566982199447467,0.6374200661194593,15.58667095340879,68.20394707478215,0.07599654453291152,0.02098307442615349,0.19705340699815838,8.38747663551402
2026-01-19,C014,Google Ads,US,playable,1066.75,41739,694,128,0.7486929342074551,0.4656462776226487,0.18877894326149444,0.13025805747155728,0.5728213811894836,16.67303135635933,73.3211367922539,0.06873345016732234,0.016627135293131125,0.1844380403458213,8.333984375
2026-01-20,C014,Google Ads,US,playable,805.93,26311,528,78,0.690514936782453,0.4681472583801501,0.2345004243204124,0.14793392457061888,0.7250856277767855,11.538846116508273,56.556678966589274,0.07017559368617685,0.020067652312720917,0.14772727272727273,10.332435897435897
2026-01-21,C014,Google Ads,US,playable,897.75,30307,654,114,0.7924195652718232,0.5235930750483178,0.19081873977011163,0.18717337185631255,0.7222289860401429,21.337764391619633,82.33410440857628,0.09171210739498904,0.02157917312832019,0.1743119266055046,7.875
2026-01-22,C014,Google Ads,US,playable,1208.91,39255,782,137,0.7400337339021628,0.418847308183155,0.15963757739061932,0.1309987820126025,0.7039013512172242,17.946833135726543,96.43448511675972,0.07977004591278215,0.01992102916825882,0.17519181585677748,8.824160583941607
2026-01-23,C014,Google Ads,US,playable,689.81,22990,492,77,0.5891905844630435,0.4148622861637447,0.18540666409343506,0.16825077850800413,0.7116852364683361,12.955309945116317,54.79976320806188,0.07944132052056826,0.021400608960417573,0.1565040650406504,8.958571428571428
2026-01-24,C014,Google Ads,US,playable,936.24,32699,580,100,0.673393983614152,0.45577934481947746,0.1968766754822833,0.1575626097785512,0.6232165337339505,15.756260977855119,62.321653373395044,0.06656582924491555,0.01773754549068779,0.1724137931034483,9.362400000000001
2026-01-25,C014,Google Ads,US,playable,975.55,29704,637,104,0.8650231475187536,0.4782775578419609,0.20338222951995882,0.17468760372630213,0.7492462720777138,18.16751078753542,77.92161229608223,0.0798748280399413,0.02144492324266092,0.16326530612244897,9.380288461538461
2026-01-26,C014,Google Ads,US,playable,1109.87,35623,681,126,0.7373332671956474,0.421976570773499,0.18804308957332339,0.13315604754390625,0.7057032929640713,16.777661990532188,88.91861491347298,0.08011620294220344,0.01911686270106392,0.18502202643171806,8.808492063492062
2026-01-27,C014,Google Ads,US,playable,947.12,30816,585,95,0.8204191290154408,0.44056119644360775,0.21954435126646749,0.1420356830668473,0.7033174660359339,13.493389891350494,66.81515927341373,0.07054529315211959,0.018983644859813083,0.1623931623931624,9.969684210526315
2026-01-28,C014,Google Ads,US,playable,861.24,37730,630,101,0.6707705013430454,0.4648010186723384,0.14726441987504513,0.1363770391239726,0.6111496820538106,13.774080951521231,61.72611788743487,0.07167130180740668,0.016697588126159554,0.16031746031746033,8.527128712871287
2026-01-29,C014,Google Ads,US,playable,1216.53,37175,743,148,0.7195760520785847,0.451700177120718,0.18204500723083733,0.12245971248812511,0.5647661590834032,18.124037448242515,83.58539154434368,0.06870797219334004,0.019986550100874242,0.19919246298788695,8.219797297297298
2026-01-30,C014,Google Ads,US,playable,1353.89,49357,975,178,0.7678302772230242,0.4572221327036278,0.17710999894548712,0.13282714751472818,0.7604029165577852,23.643232257621616,135.35171914728576,0.09997243252694495,0.01975403691472334,0.18256410256410258,7.606123595505618
2026-01-31,C014,Google Ads,US,playable,1207.87,47769,788,130,0.7831720781146844,0.3980273995616791,0.2003018047385193,0.1518984119384726,0.591296304763329,19.746793552001435,76.86851961923276,0.06363968960609277,0.01649605392618644,0.1649746192893401,9.291307692307692
2026-02-01,C014,Google Ads,US,playable,1250.26,45563,855,156,0.7492988802946268,0.4307102201591257,0.22362075558425357,0.16343087460642342,0.7708081926513475,25.495216438602053,120.2460780536102,0.09617696460367997,0.018765226170357526,0.1824561403508772,8.01448717948718
2026-02-02,C014,Google Ads,US,playable,958.14,31936,579,101,0.6906765688751939,0.4769231680948708,0.20149374446956758,0.17317924392534323,0.7084949678384054,17.491103636459666,71.55799175167894,0.07468445611256729,0.01813001002004008,0.17443868739205526,9.486534653465347
2026-02-03,C014,Google Ads,US,playable,1033.15,33765,622,108,0.752915114528619,0.5037992847554784,0.19339505996418244,0.16894803844880318,0.5345753889030804,18.246388152470743,57.73414200153269,0.05588188684496392,0.018421442321930992,0.17363344051446947,9.566203703703705
2026-02-04,C014,Google Ads,US,playable,941.81,26705,570,94,0.8270961444146936,0.4855337587425481,0.21569628424443046,0.1739526038428517,0.6920889591274118,16.35154476122806,65.05636215797671,0.06907569900158915,0.021344317543531173,0.1649122807017544,10.019255319148936
2026-02-05,C014,Google Ads,US,playable,921.83,33040,651,97,0.7898556764339093,0.47521677014996994,0.18836950217887488,0.15637615430715182,0.6419662597230716,15.168486967793728,62.27072719313795,0.06755120697578518,0.019703389830508476,0.1490015360983103,9.50340206185567
2026-02-06,C014,Google Ads,US,playable,999.06,39380,654,121,0.6409119676027777,0.4739936927624281,0.20759393771461265,0.1290415682101108,0.47198219944112774,15.614029753423408,57.109846132376454,0.05716339608990469,0.01660741493143728,0.18501529051987767,8.256694214876033
2026-02-07,C014,Google Ads,US,playable,1280.61,41274,891,153,0.6661687451123219,0.40896331091436366,0.19866325341133445,0.1620751454743296,0.6633060053882435,24.79749725757243,101.48581882440125,0.07924814460007414,0.021587440034888793,0.1717171717171717,8.37
2026-02-08,C014,Google Ads,US,playable,871.8,31240,620,95,0.7234844413637584,0.4211069068959524,0.1520088106197899,0.14117993247410504,0.6351281383369227,13.41209358503998,60.33717314200766,0.06920978910032964,0.019846350832266324,0.1532258064516129,9.176842105263157
2026-02-09,C014,Google Ads,US,playable,1174.54,42402,813,153,0.6811166063855265,0.38106383593020987,0.17935039448174764,0.12043126843690724,0.5924350306960197,18.42598407084681,90.642559696491,0.07717292721884335,0.01917362388566577,0.1881918819188192,7.676732026143791
2026-02-10,C014,Google Ads,US,playable,917.27,29616,612,111,0.710699061806647,0.46792926771243754,0.1930881020486614,0.12132431858422002,0.6653760300936586,13.466999362848423,73.8567393403961,0.08051825643066224,0.020664505672609402,0.18137254901960784,8.263693693693693
2026-02-11,C014,Google Ads,US,playable,865.48,33134,636,99,0.8308194332127938,0.41817456458362,0.1992314800633307,0.19044420282666275,0.7189261483427848,18.85397607983961,71.17368868593569,0.08223651927696254,0.019194784813182833,0.15566037735849056,8.742222222222223
2026-02-12,C014,Google Ads,US,playable,918.31,27060,589,98,0.6439434162218496,0.4270033750995656,0.1537395499794725,0.16124959742675962,0.7733176405380835,15.802460547822443,75.78512877273218,0.08252696693441954,0.021766444937176645,0.166383701188455,9.370510204081633
2026-02-13,C014,Google Ads,US,playable,918.93,30425,554,91,0.7515201245843542,0.49417661434016424,0.22736114394673124,0.1575510587256527,0.6580356536282566,14.337146344034396,59.88124448017135,0.06516432201663773,0.018208709942481513,0.16425992779783394,10.098131868131867
2026-02-14,C014,Google Ads,US,playable,825.23,26468,523,102,0.6956510888830277,0.4567841886984762,0.15451172240539626,0.1507385492136195,0.5637811761223895,15.375332019789191,57.50567996448373,0.06968477247884101,0.0197597098382953,0.1950286806883365,8.09049019607843
2026-02-15,C014,Google Ads,US,playable,1091.11,49276,876,146,0.7919185577543261,0.48888960231922246,0.22941763991631842,0.1360956044700764,0.7522300987909218,19.869958252631154,109.82559442347458,0.10065519383248936,0.017777416998132966,0.16666666666666666,7.473356164383561
2026-02-16,C014,Google Ads,US,playable,922.76,27853,587,93,0.7460907087518256,0.45538100440592294,0.20915230145253472,0.20750110234476657,0.6879985419577975,19.29760251806329,63.98386440207517,0.0693397719753727,0.021074929092018812,0.15843270868824533,9.922150537634408
2026-02-17,C014,Google Ads,US,playable,1017.85,38365,784,135,0.7726874656432065,0.5492096969800114,0.18931648968457623,0.16387718806985918,0.7424415398287991,22.12342038943099,100.22960787688788,0.0984718671859507,0.02043529258438681,0.17219387755102042,7.53962962962963
2026-02-18,C014,Google Ads,US,playable,1104.74,41504,882,132,0.7410709390252348,0.48570720499625075,0.15009819880278108,0.13536739120763375,0.6825327944140497,17.868495639407655,90.09432886265456,0.08155254434580628,0.021250963762528913,0.14965986394557823,8.369242424242424
2026-02-19,C014,Google Ads,US,playable,518.94,16420,321,54,0.6566679266796172,0.4041400954812815,0.1608919872357455,0.13066846326597795,0.5861076656208644,7.056097016362809,31.649813943526674,0.06098880457540834,0.019549330085261874,0.16822429906542055,9.610000000000001
2026-02-20,C014,Google Ads,US,playable,808.29,24555,493,75,0.719690363870066,0.43658935699438234,0.17741434458557132,0.16641755238644967,0.7601343437435318,12.481316428983726,57.010075780764886,0.07053144398705284,0.020077377316228873,0.15212981744421908,10.777199999999999
2026-02-21,C014,Google Ads,US,playable,996.66,36013,721,115,0.7441009879485954,0.5065449027731668,0.20202803981074044,0.14520907937762076,0.675129360313353,16.699044128426387,77.63987643603559,0.07790008644324119,0.02002054813539555,0.15950069348127602,8.666608695652174
2026-02-22,C014,Google Ads,US,playable,1071.43,40807,840,136,0.7022553214849353,0.44899037796196734,0.18623647809557264,0.1389223383419251,0.6657483154829811,18.893438014501815,90.54177090568542,0.0845058227893688,0.020584703604773692,0.1619047619047619,7.878161764705883
2026-02-23,C014,Google Ads,US,playable,893.49,35800,594,99,0.7674432025416941,0.40856636182773876,0.18193275550245572,0.1652936257225692,0.6107280340411195,16.36406894653435,60.462075370070835,0.06766949587646451,0.01659217877094972,0.16666666666666666,9.025151515151515
2026-02-24,C014,Google Ads,US,playable,774.31,29664,627,99,0.7275963115736893,0.45555400978723176,0.2082787637861647,0.14345939734559443,0.6641233588673802,14.20248033721385,65.74821252787063,0.08491154861380915,0.02113673139158576,0.15789473684210525,7.821313131313131
2026-02-25,C014,Google Ads,US,playable,909.18,32038,657,120,0.6462487498082147,0.45112115447508655,0.20501922898327857,0.15782338909877136,0.6077598637181163,18.938806691852562,72.93118364617396,0.08021646642311535,0.020506898058555465,0.182648401826484,7.576499999999999
2026-02-26,C014,Google Ads,US,playable,897.46,29736,616,99,0.7814775838465519,0.48999814813286635,0.20229665638442537,0.1626684383427247,0.7850199873480537,16.104175395929747,77.71697874745732,0.086596239766726,0.02071563088512241,0.16071428571428573,9.065252525252525
2026-02-27,C014,Google Ads,US,playable,1193.24,45812,805,161,0.7470782969535733,0.4416918566405204,0.1606298761930794,0.1390660149970651,0.682848784996238,22.389628414527483,109.93865438439433,0.09213463271597148,0.017571815244913996,0.2,7.411428571428572
2026-02-28,C014,Google Ads,US,playable,1148.17,36775,788,150,0.7067089845371302,0.43171644680128746,0.20447152610531968,0.14121325521618566,0.6838843541518043,21.18198828242785,102.58265312277064,0.08934430204258674,0.02142760027192386,0.19035532994923857,7.654466666666667
2026-03-01,C014,Google Ads,US,playable,906.72,28789,613,115,0.7815030683926728,0.454052568667459,0.19160493560947145,0.17309098847029578,0.6471197497749226,19.905463674084015,74.4187712241161,0.08207447749182599,0.021292854909861405,0.18760195758564438,7.884521739130435
2026-01-01,C015,Google Ads,IN,video,722.3,106486,1807,282,0.5410222690328256,0.3651349422659196,0.10391133479605423,0.03537034996497847,0.07633139757893008,9.974438690123927,21.52545411725828,0.029801071579590745,0.01696936686512781,0.15605976757055895,2.5613475177304963
2026-01-02,C015,Google Ads,IN,video,1245.62,232045,3194,488,0.3555303810569363,0.2782817659269821,0.12056798043934529,0.020698237037394013,0.1819239176507904,10.100739674248278,88.77887181358572,0.07127310687304124,0.01376457152707449,0.1527864746399499,2.5524999999999998
2026-01-03,C015,Google Ads,IN,video,1193.55,177189,2908,430,0.5089092855485164,0.31453619318058695,0.13550357796631957,0.03744207404039725,0.0906329148955807,16.100091837370815,38.972153405099704,0.03265234239245817,0.016411854008996044,0.14786795048143053,2.7756976744186046
2026-01-04,C015,Google Ads,IN,video,1243.34,173071,2602,414,0.49280420960904825,0.300104641056986,0.16302161654639932,0.005,0.16046614417797384,2.07,66.43298368968117,0.05343127455314484,0.015034292284669298,0.15910837817063797,3.0032367149758454
2026-01-05,C015,Google Ads,IN,video,1093.83,143223,2314,309,0.49135250777470807,0.2352794685380927,0.13705559131539208,0.030275202097144596,0.10092319371305122,9.35503744801768,31.185266857332827,0.028510160888894347,0.01615662288878183,0.13353500432152118,3.539902912621359
2026-01-06,C015,Google Ads,IN,video,765.23,101011,1488,203,0.5334949046718066,0.337653176181476,0.11376899438428537,0.014420607167663687,0.1378666799253818,2.9273832550357284,27.986936024852504,0.03657316958832553,0.014731068893486849,0.1364247311827957,3.7696059113300495
2026-01-07,C015,Google Ads,IN,video,971.67,116412,1889,305,0.43215384885720715,0.3694591126758225,0.09377938640874957,0.005,0.1298467542151928,1.5250000000000001,39.6032600356338,0.04075794495546836,0.01622684946569082,0.16146109052408683,3.1858032786885246
2026-01-08,C015,Google Ads,IN,video,718.98,95372,1531,261,0.5286905260561746,0.3681565616852105,0.13599531143383706,0.020710183291070765,0.04825191908419271,5.405357838969469,12.593750880974298,0.017516207849811827,0.016052929581009102,0.170476812540823,2.754712643678161
2026-01-09,C015,Google Ads,IN,video,806.9,111102,2032,278,0.5240318657197,0.3204761783377136,0.11338445505084763,0.04525368745833263,0.14342514179020768,12.58052511341647,39.87218941767774,0.04941402041646754,0.018289499738978598,0.13681102362204725,2.9025179856115106
2026-01-10,C015,Google Ads,IN,video,808.48,120631,1683,259,0.49289979581969895,0.33747796650089484,0.10910378151255438,0.04075091940331347,0.12972409948967983,10.554488125458189,33.59854176782708,0.04155745445347868,0.013951637638749575,0.1538918597742127,3.121544401544402
2026-01-11,C015,Google Ads,IN,video,836.46,115843,2085,324,0.4472373346520419,0.2685565333269099,0.09095699914889134,0.03061958565996764,0.07720408136827951,9.920745753829516,25.014122363322564,0.029904900170831753,0.01799849796707613,0.1553956834532374,2.581666666666667
2026-01-12,C015,Google Ads,IN,video,734.61,96715,1612,275,0.5210154008146743,0.2376743013815902,0.14493745581107603,0.005,0.05322398260563076,1.375,14.636595216548459,0.019924401915963313,0.01666752830481311,0.1705955334987593,2.671309090909091
2026-01-13,C015,Google Ads,IN,video,1108.0,137826,2167,327,0.5146318978496993,0.2995446137080197,0.11534213802122009,0.03550427857242588,0.11275788638012353,11.609899093183262,36.871828846300396,0.03327782547563087,0.015722722853452904,0.15089986155976004,3.388379204892966
2026-01-14,C015,Google Ads,IN,video,847.17,128557,1812,242,0.412387509460591,0.2851641753426491,0.11251874054717936,0.01951610419449057,0.09682150632095637,4.722897215066718,23.43080452967144,0.027657670510192855,0.014094915096027442,0.1335540838852097,3.500702479338843
2026-01-15,C015,Google Ads,IN,video,726.02,92856,1554,237,0.48852116937623963,0.28271793983367316,0.12550025312164492,0.015488625163695372,0.10508014425830149,3.670804163795803,24.903994189217453,0.0343022678149978,0.016735590591884206,0.1525096525096525,3.0633755274261603
2026-01-16,C015,Google Ads,IN,video,1114.44,175844,2860,383,0.6211637185112361,0.30138774760157616,0.09248737846678197,0.009733971656831101,0.18892320005188404,3.7281111445663115,72.35758561987159,0.0649270685893374,0.016264416187074908,0.13391608391608392,2.9097650130548303
2026-01-17,C015,Google Ads,IN,video,1400.35,185489,2813,425,0.53301129811344,0.3532290237473698,0.14415645342971734,0.024172937126709426,0.1354290892066033,10.273498278851505,57.5573629128064,0.04110201440059652,0.01516531977637488,0.1510842516885887,3.294941176470588
2026-01-18,C015,Google Ads,IN,video,1283.57,206613,3153,505,0.5072737465769803,0.33941989570375464,0.14458041843288252,0.036770710749293785,0.09782655992838907,18.569208928393362,49.40241276383648,0.03848815496155659,0.015260414397932366,0.1601649222962258,2.5417227722772275
2026-01-19,C015,Google Ads,IN,video,997.33,119985,2197,316,0.5134336508424752,0.34135960295769724,0.19196497466405174,0.020993957596765568,0.10714298391665186,6.634090600577919,33.85718291766199,0.03394773770523637,0.018310622161103473,0.14383249886208466,3.156107594936709
2026-01-20,C015,Google Ads,IN,video,993.19,143480,2067,331,0.4810577140815796,0.3309698540736704,0.10939626134019055,0.05824717105291926,0.05897262435640954,19.279813618516275,19.51993866197156,0.019653810991798238,0.014406189015890716,0.16013546202225448,3.0005740181268883
2026-01-21,C015,Google Ads,IN,video,898.74,100659,1837,253,0.4747017543235276,0.2926302242777268,0.13875034965637642,0.038320416897561195,0.08377874018299475,9.695065475082982,21.19602126629767,0.023584062375086135,0.01824973425128404,0.1377245508982036,3.552332015810277
2026-01-22,C015,Google Ads,IN,video,1093.04,155482,2759,413,0.4919473192338669,0.27073700184941857,0.10134377186727758,0.018964925793058307,0.07811435263934102,7.832514352533081,32.26122764004784,0.029515103927751397,0.01774481933600031,0.1496919173613628,2.6465859564164647
2026-01-23,C015,Google Ads,IN,video,1079.16,123525,2166,317,0.4229617782515916,0.2701563054352183,0.13733401564006606,0.032827406596823316,0.11983675017558797,10.406287891192992,37.98824980566138,0.035201677664760234,0.01753491196114147,0.14635272391505078,3.4042902208201897
2026-01-24,C015,Google Ads,IN,video,681.88,77484,1413,243,0.511551166453422,0.3193013305743282,0.12359106309571077,0.02201649214264465,0.17766180602348078,5.35000759066265,43.17181886370583,0.06331332635614069,0.01823602292086108,0.17197452229299362,2.806090534979424
2026-01-25,C015,Google Ads,IN,video,811.83,103521,1756,255,0.5109172893560705,0.2936696036867482,0.1593282645656539,0.037998322120622645,0.15146167985939474,9.689572140758774,38.62272836414566,0.047574929989507506,0.01696274185913969,0.14521640091116172,3.1836470588235297
2026-01-26,C015,Google Ads,IN,video,1136.59,161977,2277,305,0.46784934264159383,0.25720613723842406,0.14087744954510095,0.016632293032416028,0.14699848094464074,5.072849374886888,44.83453668811543,0.03944636858263955,0.014057551380751588,0.1339481774264383,3.726524590163934
2026-01-27,C015,Google Ads,IN,video,1038.7,175747,2576,335,0.48818392286243545,0.2781688708171319,0.1069790656863407,0.029402131320467206,0.13547998221670163,9.849713992356515,45.385794042595045,0.04369497789235265,0.01465743369730351,0.13004658385093168,3.1005970149253734
2026-01-28,C015,Google Ads,IN,video,1032.94,126831,2220,323,0.5608007616862276,0.331817541664254,0.10187763230738989,0.03652831268721121,0.04715596219079764,11.798644997969221,15.231375787627638,0.014745706835148828,0.017503607162286824,0.1454954954954955,3.1979566563467494
2026-01-29,C015,Google Ads,IN,video,775.87,87879,1612,240,0.46009147518073257,0.2653401848472182,0.16233890462592915,0.03155296411867132,0.19076278528445276,7.572711388481117,45.78306846826866,0.059008476933350824,0.018343403998680004,0.1488833746898263,3.2327916666666665
2026-01-30,C015,Google Ads,IN,video,907.54,114002,2094,283,0.5139172676176765,0.2749509457243325,0.10911268531160113,0.005,0.16468090249184286,1.415,46.60469540519153,0.05135253634298126,0.018368098805284117,0.13514804202483285,3.2068551236749117
2026-01-31,C015,Google Ads,IN,video,996.19,129672,2164,354,0.550987903774454,0.3211772616911469,0.15569050377899554,0.033266749265688254,0.11616470333161996,11.776429240053641,41.12230497939347,0.04127961920196889,0.016688259608859276,0.16358595194085027,2.8140960451977404
2026-02-01,C015,Google Ads,IN,video,974.09,153220,2528,372,0.5166029627949342,0.32017762796689453,0.16778898094078168,0.03241411942121763,0.18383876745010405,12.058052424692958,68.3880214914387,0.07020723264254508,0.016499151546795456,0.14715189873417722,2.618521505376344
2026-02-02,C015,Google Ads,IN,video,1091.44,152333,2460,341,0.49502415621136436,0.3489379490600958,0.15359826385807387,0.008831547606412714,0.09343330198384317,3.011557733786735,31.86075597649052,0.029191477296110036,0.01614883183551824,0.13861788617886178,3.2007038123167155
2026-02-03,C015,Google Ads,IN,video,1021.66,181613,2573,404,0.5392893639372139,0.30147865156990905,0.13132457657792085,0.027578669447795075,0.02,11.14178245690921,8.08,0.007908736250709779,0.014167488010219532,0.15701515740380878,2.528861386138614
2026-02-04,C015,Google Ads,IN,video,1030.78,162633,2505,343,0.4664364260129288,0.29861170147534843,0.15226813458445068,0.03145851323648551,0.20481712867199342,10.79027004011453,70.25227513449374,0.06815431801658972,0.015402778033978343,0.13692614770459083,3.0051895043731776
2026-02-05,C015,Google Ads,IN,video,550.74,94169,1307,190,0.5082430016004383,0.2709327558529515,0.1441913538441596,0.013944321495616557,0.060978843489011905,2.649421084167146,11.585980262912262,0.021037281293714523,0.013879302105788529,0.14537107880642694,2.8986315789473687
2026-02-06,C015,Google Ads,IN,video,886.82,116052,2006,283,0.4895122772231054,0.31789554129980635,0.11283767212882909,0.021181752496412902,0.1635088666028616,5.9944359564848515,46.27300924860983,0.05217862300748915,0.017285354840933374,0.14107676969092722,3.1336395759717317
2026-02-07,C015,Google Ads,IN,video,989.03,112347,1970,332,0.44299349506210567,0.31078364539512365,0.14316026753307326,0.04530866625689592,0.14574725781498427,15.042477197289445,48.38808959457478,0.048924847889660464,0.01753495865488175,0.16852791878172588,2.9790060240963854
2026-02-08,C015,Google Ads,IN,video,1004.39,123385,2099,347,0.4038622515975247,0.29941387594653485,0.1320703611347773,0.05289767383249418,0.201605328830235,18.35549281987548,69.95704910409154,0.06965162575805166,0.017011792357255744,0.16531681753215818,2.8944956772334294
2026-02-09,C015,Google Ads,IN,video,986.98,144095,2105,320,0.5402225267053128,0.3323510567007784,0.1472328639067897,0.033265183773628665,0.20368307521495696,10.644858807561173,65.17858406878622,0.0660380977353914,0.01460841805753149,0.15201900237529692,3.0843125000000002
2026-02-10,C015,Google Ads,IN,video,530.29,95046,1336,209,0.5165409426675405,0.31702750799118157,0.1426473256617924,0.033230956981537836,0.09449375462479959,6.9452700091414075,19.749194716583112,0.03724217179198117,0.014056351661300844,0.156437125748503,2.537272727272727
2026-02-11,C015,Google Ads,IN,video,694.31,116079,1579,257,0.44645603381595594,0.27226470962258204,0.13062830289386784,0.04207957105355963,0.061253765673425525,10.814449760764825,15.74221777807036,0.02267331852638203,0.013602804986259358,0.16276124129195693,2.7015953307392992
2026-02-12,C015,Google Ads,IN,video,935.09,129766,1874,268,0.49898723013074475,0.3149508513305322,0.16740755145012431,0.005,0.10319748945503698,1.34,27.65692717394991,0.029576716537555215,0.014441379097760585,0.14300960512273211,3.4891417910447764
2026-02-13,C015,Google Ads,IN,video,1390.39,188659,3022,386,0.5208090273710345,0.3181985768548015,0.14484494083224847,0.02351577246632626,0.20651284256257163,9.077088172001936,79.71395722915265,0.05733201625046059,0.01601831876560355,0.12772998014559894,3.6020466321243525
2026-02-14,C015,Google Ads,IN,video,972.24,139363,2372,355,0.5536011282816754,0.29947381001619783,0.14020157571837652,0.04410505953515218,0.05895954323089027,15.657296134979024,20.930637846966047,0.021528337670102236,0.01702029950560766,0.14966273187183812,2.7387042253521128
2026-02-15,C015,Google Ads,IN,video,1298.28,174307,2582,367,0.4202043529012849,0.3075876055193231,0.08325139941500484,0.02676283547986069,0.20414986237082774,9.821960621108873,74.92299949009379,0.0577096160804119,0.014812944976392227,0.1421378776142525,3.5375476839237057
2026-02-16,C015,Google Ads,IN,video,1064.18,195029,2742,469,0.500476617992317,0.34886248708798673,0.13216785622504865,0.059399310335667435,0.11102175053791016,27.858276547428027,52.06920100227987,0.04892901583553735,0.014059447569335842,0.17104303428154632,2.269040511727079
2026-02-17,C015,Google Ads,IN,video,946.58,125944,1889,265,0.46944504669678194,0.2748261246558172,0.11657931921844394,0.005819572218435699,0.18255057422450843,1.54218663788546,48.375902169494736,0.05110587236411405,0.014998729594105316,0.14028586553732134,3.572
2026-02-18,C015,Google Ads,IN,video,731.78,107752,1889,261,0.52862903196571,0.3196874975789051,0.15943442177890227,0.02107623300288967,0.02,5.5008968137542045,5.22,0.0071332533241882014,0.017530997104462098,0.13816834303864478,2.8037547892720305
2026-02-19,C015,Google Ads,IN,video,1030.18,149668,2132,314,0.5647139694854834,0.27462817284500085,0.12664214236630697,0.013188298903801451,0.13626658290070207,4.141125855793656,42.78770703082045,0.0415342712862107,0.014244861961140658,0.1472795497185741,3.280828025477707
2026-02-20,C015,Google Ads,IN,video,963.16,142784,2065,312,0.5851284939895168,0.357563185878121,0.11088059747196491,0.037204493525409096,0.03160004918460424,11.607801979927638,9.859215345596523,0.010236295583039626,0.014462404751232632,0.15108958837772396,3.087051282051282
2026-02-21,C015,Google Ads,IN,video,1355.21,240493,3416,478,0.5038020301820773,0.3014011125325158,0.12943779719242893,0.010927898602238532,0.2267799504137602,5.223535531870018,108.40081629777738,0.07998816985697271,0.014204155630309407,0.13992974238875877,2.8351673640167365
2026-02-22,C015,Google Ads,IN,video,868.52,135330,2030,290,0.47952197250741324,0.33493555633180605,0.1442696166722066,0.013400561577594922,0.11708642711657322,3.8861628575025273,33.95506386380623,0.039095449908297754,0.015000369467228257,0.14285714285714285,2.9948965517241377
2026-02-23,C015,Google Ads,IN,video,654.55,80169,1364,186,0.4713476518137159,0.27472337953545406,0.12201997675749289,0.012320924483366039,0.16285127468045102,2.291691953906083,30.290337090563888,0.046276883564074396,0.01701405780289139,0.13636363636363635,3.5190860215053763
2026-02-24,C015,Google Ads,IN,video,848.78,136124,1880,253,0.6088501928350233,0.34176014008088323,0.14505013157011615,0.03833741715305318,0.21053495535266153,9.699366539722455,53.26534370422337,0.06275553066686279,0.013810937086773823,0.1345744680851064,3.354861660079051
2026-02-25,C015,Google Ads,IN,video,906.36,116086,2134,292,0.45542813884387734,0.30436812446901146,0.11997276685515561,0.03886022607730751,0.05332635508342387,11.347186014573793,15.57129568435977,0.017180127463843668,0.0183829230053581,0.13683223992502344,3.103972602739726
2026-02-26,C015,Google Ads,IN,video,1055.99,144422,2657,451,0.4875750405513978,0.323039695165082,0.15729252422970827,0.038537980369958535,0.05055132887571662,17.380629146851298,22.798649322948194,0.02158991192188479,0.018397474069047653,0.16974030861874295,2.341441241685144
2026-02-27,C015,Google Ads,IN,video,880.05,118407,1972,289,0.5666281536544698,0.3382513597288121,0.1356191478147451,0.01945787204588089,0.12469934549018641,5.623325021259578,36.03811084666387,0.04095000076684371,0.01665442076904237,0.14655172413793102,3.0451557093425605
2026-02-28,C015,Google Ads,IN,video,735.54,123716,1913,307,0.5421158238697057,0.2964913823114306,0.1335790098337436,0.030409953561264174,0.20206229456920405,9.335855743308102,62.033124432745645,0.08433642720894793,0.01546283423324388,0.16048092002090958,2.3958957654723125
2026-03-01,C015,Google Ads,IN,video,937.39,124835,1830,242,0.5044370689977195,0.3282634853551216,0.12509768094676976,0.02892433804780937,0.03575588402277752,6.999689807569867,8.65292393351216,0.009230825464216063,0.014659350342452037,0.13224043715846995,3.8735123966942147
2026-01-01,C016,Google Ads,IN,static,847.16,126492,1766,234,0.4336194898570034,0.2799669545498843,0.10598372272895104,0.01983754279328928,0.15407893811125617,4.641985013629692,36.05447151803394,0.04255898513659654,0.013961357239983556,0.13250283125707815,3.62034188034188
2026-01-02,C016,Google Ads,IN,static,920.52,148572,2047,238,0.4325560753582005,0.20853089789526544,0.11212135064929205,0.035563916554804106,0.1565743417839251,8.464212140043378,37.26469334457418,0.04048230357531999,0.013777831623724524,0.1162677088422081,3.8677310924369745
2026-01-03,C016,Google Ads,IN,static,918.01,125821,1785,266,0.49569647988909143,0.3230440563557786,0.11634513060505887,0.044161186819153375,0.02749178951497519,11.746875693894797,7.312816010983401,0.007965914213603504,0.014186820959935146,0.14901960784313725,3.4511654135338348
2026-01-04,C016,Google Ads,IN,static,856.34,162838,2025,296,0.3921070499296667,0.25059691674389206,0.11665267855391893,0.005,0.08044612771073158,1.48,23.812053802376546,0.02780673018852309,0.01243567226323094,0.14617283950617285,2.893040540540541
2026-01-05,C016,Google Ads,IN,static,960.17,208743,2432,288,0.4439326456479599,0.29211060188165033,0.1533425430875509,0.026862937974772336,0.11973772666131595,7.736526136734433,34.48446527845899,0.035914773346201294,0.011650690083020748,0.11842105263157894,3.333923611111111
2026-01-06,C016,Google Ads,IN,static,1114.91,168237,2245,270,0.4776740619484604,0.2551431291275773,0.12324716939530857,0.04984979157851541,0.05920096276367076,13.45944372619916,15.984259946191106,0.014336763721492542,0.013344270285371232,0.12026726057906459,4.129296296296297
2026-01-07,C016,Google Ads,IN,static,930.65,164142,1836,210,0.417618855585388,0.23105254267393827,0.12209445769059321,0.021856579995674842,0.2354415466573443,4.5898817990917165,49.4427247980423,0.05312698253495718,0.011185436999671016,0.11437908496732026,4.431666666666667
2026-01-08,C016,Google Ads,IN,static,1071.72,167558,2390,298,0.4694902363191651,0.33748166979885985,0.12463730085645548,0.0333277977585711,0.041206367902664326,9.931683732054188,12.27949763499397,0.011457732177328792,0.014263717638071593,0.12468619246861924,3.5963758389261744
2026-01-09,C016,Google Ads,IN,static,1354.52,186894,2741,323,0.4873025692510591,0.2794086864342403,0.08980249433627048,0.038498757662392205,0.07880846866413029,12.435098724952683,25.455135378514083,0.01879270271402169,0.014666067396492129,0.11784020430499817,4.1935603715170275
2026-01-10,C016,Google Ads,IN,static,981.06,170357,2343,343,0.5104244347462773,0.2778757558616155,0.11811322976045519,0.04624340728881707,0.1777731323401387,15.861488700064255,60.97618439266757,0.06215364256007444,0.013753470652805579,0.1463935125906957,2.860233236151603
2026-01-11,C016,Google Ads,IN,static,1022.44,166670,2481,290,0.37977402136539146,0.27424780425816425,0.10867224113669385,0.03857824106264526,0.18678214623597886,11.187689908167126,54.166822408433866,0.052977817898913246,0.014885702285954282,0.11688835147118097,3.5256551724137934
2026-01-12,C016,Google Ads,IN,static,1085.32,162690,2307,297,0.5024839270816359,0.31703797482003754,0.11518498387221646,0.005,0.11807423299015371,1.485,35.068047198075654,0.032311371245486664,0.01418034298358842,0.12873862158647595,3.654276094276094
2026-01-13,C016,Google Ads,IN,static,651.7,133029,1485,199,0.5209711730334731,0.2677097709294136,0.12367309055947841,0.04548167012873907,0.18730502414998465,9.050852355619075,37.273699805846945,0.05719442194611278,0.01116297950071037,0.13400673400673402,3.2748743718592968
2026-01-14,C016,Google Ads,IN,static,1153.88,175369,2444,345,0.4615480706495493,0.31885114324016084,0.1116080984460195,0.05558739640617197,0.12917387864575644,19.17765176012933,44.56498813278597,0.03862171607459047,0.013936328541532426,0.1411620294599018,3.3445797101449277
2026-01-15,C016,Google Ads,IN,static,880.4,147387,2097,255,0.5203797270226327,0.2592935122659531,0.1207363828943172,0.04430077065848799,0.13935576161871072,11.296696517914437,35.535719212771234,0.040363088518962385,0.014227849131877303,0.12160228898426323,3.452549019607843
2026-01-16,C016,Google Ads,IN,static,1129.24,186605,2658,303,0.46323935310222586,0.30118586049484775,0.09990175720209238,0.018674387746680593,0.13581130258470356,5.65833948724422,41.150824683165176,0.03644112052114137,0.014243991318560596,0.11399548532731377,3.7268646864686468
2026-01-17,C016,Google Ads,IN,static,1269.34,204396,2994,384,0.42891948717130884,0.3155417122806312,0.10508349155837901,0.024817452134758642,0.0286054565601645,9.529901619747319,10.984495319103168,0.008653738441537556,0.014648036165091293,0.1282565130260521,3.3055729166666663
2026-01-18,C016,Google Ads,IN,static,919.37,167408,2059,295,0.40782457463998045,0.22079637062148058,0.0912302246304546,0.017730026169601176,0.0617507995580543,5.230357720032347,18.21648586962602,0.01981409465349142,0.012299292745866386,0.14327343370568238,3.1165084745762712
2026-01-19,C016,Google Ads,IN,static,1077.96,213246,2417,365,0.41803178409778674,0.3265284148029103,0.08611689248429591,0.019642927299960786,0.16282061766731362,7.169668464485687,59.42952544856947,0.05513127585806482,0.011334327490316348,0.1510136532892015,2.9533150684931506
2026-01-20,C016,Google Ads,IN,static,1122.11,214130,2494,309,0.4537247156130109,0.2622320249823582,0.10866568284100431,0.03734911506024458,0.15433859803120673,11.540876553615576,47.69062679164288,0.042500918058033264,0.0116471302479802,0.12389735364875702,3.6314239482200645
2026-01-21,C016,Google Ads,IN,static,1068.01,191612,2569,350,0.4374780224108569,0.2583268994221784,0.12304840190863864,0.06560169931878417,0.17344569565764612,22.96059476157446,60.70599348017614,0.056840529180084684,0.013407302256643635,0.1362397820163488,3.0514571428571426
2026-01-22,C016,Google Ads,IN,static,736.97,122564,1643,249,0.5323979538696261,0.3090573134169696,0.12656595107440174,0.00793978951374115,0.11949997047757915,1.9770075889215462,29.75549264891721,0.04037524076489857,0.013405241343298195,0.15155203895313452,2.9597188755020083
2026-01-23,C016,Google Ads,IN,static,1286.27,231905,3116,376,0.3522790928818642,0.22909154676172055,0.08145737182944857,0.02498989642282644,0.12704604773791972,9.396201054982741,47.76931394945782,0.03713797482560198,0.013436536512796188,0.12066752246469833,3.42093085106383
2026-01-24,C016,Google Ads,IN,static,1009.2,221187,2631,392,0.4492445676218593,0.26400458690187767,0.10076752510414896,0.027401860200413578,0.02673321171764767,10.741529198562123,10.479418993317887,0.010383890345563623,0.01189491244964668,0.14899277841125047,2.5744897959183675
2026-01-25,C016,Google Ads,IN,static,1326.58,210860,3047,407,0.5460113016748728,0.2565103184905518,0.11734795689229988,0.019472904960335453,0.07670724224471875,7.92547231885653,31.219847593600534,0.023534005378854098,0.014450346201270985,0.13357400722021662,3.2594103194103194
2026-01-26,C016,Google Ads,IN,static,856.18,138109,1804,249,0.4625962521483061,0.2710396524857282,0.13895764897015422,0.006403286681148639,0.051229088674768,1.594418383606011,12.756043080017232,0.014898859925098014,0.013062146565394001,0.13802660753880266,3.4384738955823293
2026-01-27,C016,Google Ads,IN,static,853.91,126210,1898,230,0.44309516581062863,0.22342700640234178,0.0705076992785476,0.03361457628245312,0.05468559859398107,7.731352544964217,12.577687676615646,0.014729500104863843,0.015038428016797402,0.12118018967334036,3.7126521739130434
2026-01-28,C016,Google Ads,IN,static,952.8,179031,2477,338,0.4000189002574602,0.261122856844083,0.09552995590974882,0.024132015559205747,0.2721738153193426,8.156621259011542,91.9947495779378,0.09655185231613395,0.013835592718579464,0.1364553895841744,2.818934911242603
2026-01-29,C016,Google Ads,IN,static,821.88,116750,1731,233,0.47318186690420394,0.32005646559096823,0.14586318839851348,0.03459471387562577,0.12210323632287261,8.060568333020806,28.450054063229317,0.034615725830743134,0.014826552462526767,0.1346042749855575,3.527381974248927
2026-01-30,C016,Google Ads,IN,static,1404.48,264998,3483,471,0.39907385255586986,0.25447475539319303,0.10765919393567364,0.02879434835757406,0.09925224905918469,13.562138076417384,46.747809306875986,0.03328473285430662,0.013143495422606963,0.13522825150732126,2.9819108280254776
2026-01-31,C016,Google Ads,IN,static,1046.01,164851,2465,322,0.4139649788205412,0.24734578028987753,0.11729781492053139,0.005633948319087291,0.08666832565959157,1.8141313587461076,27.907200862388486,0.026679652653463067,0.014952896858375139,0.1306288032454361,3.248478260869565
2026-02-01,C016,Google Ads,IN,static,1092.33,210255,2437,349,0.4105899523206919,0.27857540668344916,0.11687373042223294,0.023711401248323667,0.2871122323432592,8.27527903566496,100.20216908779747,0.09173272281527604,0.01159068749851371,0.14320886335658597,3.1298853868194842
2026-02-02,C016,Google Ads,IN,static,1127.0,184740,2724,404,0.43159193102936166,0.27901660422201474,0.09903509571825367,0.012302996980501558,0.18745120613532462,4.97041078012263,75.73028727867114,0.06719649447091106,0.014745047093212081,0.14831130690161526,2.7896039603960396
2026-02-03,C016,Google Ads,IN,static,1041.09,233132,2643,325,0.4522439404046593,0.2788822621622917,0.09367918920413418,0.005274642329563005,0.11665470237613246,1.7142587571079766,37.912778272243045,0.0364165977771899,0.011336925003860474,0.12296632614453273,3.203353846153846
2026-02-04,C016,Google Ads,IN,static,830.01,139765,1903,286,0.47994705409452326,0.35360159549777154,0.12281282987536672,0.016771095428398837,0.12832893872467846,4.796533292522067,36.70207647525804,0.04421870708960957,0.013615712088147963,0.15028901734104047,2.9021328671328672
2026-02-05,C016,Google Ads,IN,static,898.0,178225,2153,290,0.5324039669931256,0.3027911001423323,0.14143705692039613,0.04673525699323598,0.1500657693884535,13.553224528038434,43.51907312265152,0.048461969646507196,0.012080235657174919,0.13469577333952623,3.0965517241379312
2026-02-06,C016,Google Ads,IN,static,1129.62,193471,2197,315,0.46573651839459973,0.28991198066410795,0.12125398994556363,0.048334123739252874,0.02,15.225248977864656,6.3,0.005577107059617452,0.011355707056871573,0.14337733272644515,3.5860952380952376
2026-02-07,C016,Google Ads,IN,static,919.42,139273,2074,268,0.5609321810033964,0.33830081831982983,0.13982374246359325,0.03805182294720018,0.12756491659529942,10.197888549849647,34.187397647540244,0.03718382626832552,0.014891615747488745,0.12921890067502412,3.4306716417910446
2026-02-08,C016,Google Ads,IN,static,1005.63,182564,2479,354,0.4329440285059311,0.3126239145673077,0.11952209412541968,0.039435438490487876,0.1602751374570517,13.960145225632708,56.7373986597963,0.05641956358521562,0.013578799763370654,0.1427995159338443,2.8407627118644068
2026-02-09,C016,Google Ads,IN,static,732.17,113271,1673,199,0.4093200625796645,0.30132921717238303,0.14406799813517698,0.016235584731506096,0.02,3.230881361569713,3.98,0.005435867090612762,0.014769888144361752,0.11894799760908548,3.6792462311557785
2026-02-10,C016,Google Ads,IN,static,1280.81,194390,2904,400,0.42914110224094004,0.3013974678538263,0.11942169778164587,0.022964937580553877,0.09389301117664194,9.18597503222155,37.55720447065677,0.029323118859888395,0.014939040074077885,0.13774104683195593,3.202025
2026-02-11,C016,Google Ads,IN,static,937.13,138688,1970,261,0.4879695983338507,0.27717078989452165,0.11354915821120948,0.029062462407183715,0.1786139030461829,7.5853026882749495,46.61822869505374,0.049745746155138534,0.014204545454545454,0.13248730964467004,3.590536398467433
2026-02-12,C016,Google Ads,IN,static,1141.17,196298,2619,349,0.48341593657657067,0.2670270581818788,0.13857932777629245,0.030064631608172163,0.09882117324148626,10.492556431252085,34.48858946127871,0.030222114671123616,0.01334195967355755,0.1332569683085147,3.2698280802292268
2026-02-13,C016,Google Ads,IN,static,796.33,112028,1621,203,0.48457945454598944,0.298276181469112,0.11855315235784664,0.024828993750510505,0.17762077363441925,5.040285731353633,36.057017047787106,0.04527890478940512,0.014469596886492662,0.12523133867982728,3.9228078817733993
2026-02-14,C016,Google Ads,IN,static,1086.38,159431,2135,283,0.44645602673916795,0.3057229885839848,0.12780475681661244,0.025652063052470885,0.1755621037413893,7.25953384384926,49.684075358813175,0.04573378568715888,0.013391373070481901,0.1325526932084309,3.8387985865724383
2026-02-15,C016,Google Ads,IN,static,843.05,135220,1729,228,0.48626332721928955,0.2690065129106958,0.1499318778637044,0.008713700418469326,0.11563132254870677,1.9867236954110064,26.36394154110514,0.031271996751360054,0.012786570034018636,0.13186813186813187,3.6975877192982454
2026-02-16,C016,Google Ads,IN,static,680.17,101857,1383,178,0.4231988068219521,0.250759620896042,0.11527094432032219,0.022246732452999716,0.12150317954001927,3.9599183766339494,21.62756595812343,0.03179739835115017,0.013577859155482687,0.128705712219812,3.8211797752808985
2026-02-17,C016,Google Ads,IN,static,780.91,109338,1560,201,0.35808203972255553,0.2393712444019218,0.09267075077179948,0.029844189266689886,0.044361715306084626,5.998682042604667,8.91670477652301,0.01141840427682459,0.01426768369642759,0.12884615384615383,3.8851243781094524
2026-02-18,C016,Google Ads,IN,static,1358.59,251428,3382,430,0.4149592597514183,0.2327563031414554,0.10190583615870161,0.061561130918946494,0.16019635357000742,26.471286295146992,68.88443203510319,0.05070305666617796,0.013451166934470305,0.12714370195150798,3.1595116279069764
2026-02-19,C016,Google Ads,IN,static,1019.62,163877,2268,275,0.4877502158311171,0.3172187100898609,0.09942604606752355,0.017216612454428917,0.02,4.734568424967952,5.5,0.005394165919733887,0.013839648028704455,0.12125220458553791,3.707709090909091
2026-02-20,C016,Google Ads,IN,static,1126.57,191902,2872,423,0.43929777329257425,0.30399963482873965,0.10980884128127512,0.037120155416435575,0.15118025964408083,15.701825741152248,63.94924982944619,0.05676458074822755,0.014965972214984732,0.1472841225626741,2.663286052009456
2026-02-21,C016,Google Ads,IN,static,959.45,148485,2133,261,0.42050954239170857,0.2586057948449224,0.13862896894052093,0.03047169942258307,0.18218397358873,7.953113549294182,47.55001710665853,0.049559814715224616,0.014365087382563896,0.12236286919831224,3.6760536398467436
2026-02-22,C016,Google Ads,IN,static,1189.96,189467,2453,321,0.3679556384845583,0.21264293911697757,0.10354550064751002,0.005,0.22559525724639679,1.605,72.41607757609337,0.060855953950592394,0.012946845624831765,0.1308601712189156,3.7070404984423675
2026-02-23,C016,Google Ads,IN,static,778.9,165630,1914,229,0.45978337631997523,0.3054449229881391,0.13825857401249353,0.04960242505908043,0.19747572955764542,11.358955338529418,45.2219420687008,0.058058844493857745,0.01155587755841333,0.11964472309299895,3.401310043668122
2026-02-24,C016,Google Ads,IN,static,758.69,131372,1723,250,0.4661822312776292,0.2743026208203574,0.11706275123907826,0.04112406379465315,0.2381665998885646,10.281015948663288,59.541649972141144,0.07847973122103495,0.01311542794507201,0.14509576320371445,3.0347600000000003
2026-02-25,C016,Google Ads,IN,static,936.24,142084,1870,214,0.4269411381229942,0.24772697762712986,0.12660559945420782,0.042638130698754585,0.11911657842498866,9.12455996953348,25.490947782947572,0.027227006817369725,0.013161228569015512,0.1144385026737968,4.374953271028037
2026-02-26,C016,Google Ads,IN,static,970.19,189294,2217,307,0.43889031978432386,0.2980572751991699,0.1379707932189296,0.03491826765096012,0.08875398660822306,10.719908168844757,27.247473888724482,0.02808474693519589,0.011711940156581824,0.13847541723049164,3.1602280130293163
2026-02-27,C016,Google Ads,IN,static,1137.24,213514,2529,345,0.4371941857930982,0.2657509934141896,0.1198493518522616,0.036536683966898575,0.19131922665985118,12.605155968580009,66.00513319764866,0.05803959343901329,0.011844656556478731,0.13641755634638197,3.2963478260869565
2026-02-28,C016,Google Ads,IN,static,831.61,136411,2051,311,0.5134909444839733,0.3059982329930911,0.13011701464587777,0.029496961134245537,0.08558145355155461,9.173554912750362,26.615832054533485,0.03200528894291018,0.015035444355660467,0.151633349585568,2.6739871382636657
2026-03-01,C016,Google Ads,IN,static,1147.32,211849,2749,347,0.4641878067448802,0.2802665952948543,0.093070837285543,0.026504008924598123,0.159716781807792,9.196891096835548,55.42172328730383,0.04830529413677557,0.012976223630982445,0.1262277191706075,3.3063976945244953
2026-01-01,C017,TikTok,KR,playable,854.7,27269,850,184,0.5270348720469091,0.31340901879710725,0.13303776337861647,0.06914462873344451,0.2947908522139921,12.72261168695379,54.241516807374545,0.06346261612253264,0.031170926693314754,0.2164705882352941,4.6451086956521745
2026-01-02,C017,TikTok,KR,playable,884.33,25821,802,178,0.6051363842903317,0.3402882467136611,0.1205933845035222,0.034504088296814145,0.27978565053081716,6.141727716832918,49.80184579448546,0.056315613639890835,0.03105998993067658,0.22194513715710723,4.968146067415731
2026-01-03,C017,TikTok,KR,playable,797.14,23930,814,174,0.45598799506578425,0.3199406454148418,0.14098230098749925,0.04621981670345266,0.14481964475137793,8.042248106400763,25.19861818673976,0.03161130388486389,0.03401587964897618,0.21375921375921375,4.581264367816092
2026-01-04,C017,TikTok,KR,playable,880.15,26402,820,160,0.5620718501472388,0.3888256437561036,0.12633719057936407,0.05911311744169474,0.23719766591158356,9.458098790671158,37.95162654585337,0.043119597662276916,0.031058253162639195,0.1951219512195122,5.5009375
2026-01-05,C017,TikTok,KR,playable,895.08,26005,817,183,0.47062127873500637,0.3447438951725676,0.14537111140505474,0.040175673890803454,0.1594758423051757,7.352148322017032,29.184079141847153,0.03260484985554705,0.031417035185541245,0.22399020807833536,4.8911475409836065
2026-01-06,C017,TikTok,KR,playable,619.88,22218,602,120,0.5418652705946273,0.31567347315345123,0.16146672155097933,0.05274991679218001,0.27066237245051544,6.329990015061601,32.47948469406185,0.05239668447231734,0.027095148078134845,0.19933554817275748,5.165666666666667
2026-01-07,C017,TikTok,KR,playable,586.6,20095,552,94,0.5510899862871806,0.34906751575277534,0.18243753737064783,0.045434395489404436,0.3078835371577155,4.270833176004017,28.941052492825257,0.049337014834490996,0.02746951978104006,0.17028985507246377,6.240425531914894
2026-01-08,C017,TikTok,KR,playable,869.93,28532,930,193,0.5916218009464566,0.3551707419548973,0.13831959822240378,0.062050058339363195,0.2913587068070041,11.975661259497096,56.23223041375179,0.06463984058516997,0.03259498107388196,0.2075268817204301,4.50740932642487
2026-01-09,C017,TikTok,KR,playable,879.66,33815,1006,210,0.46724398450106175,0.3023788785946741,0.13128904882479317,0.028970754015293674,0.26554864900710307,6.083858343211672,55.76521629149164,0.06339386024513488,0.02975011089753068,0.20874751491053678,4.188857142857143
2026-01-10,C017,TikTok,KR,playable,1222.1,42541,1150,247,0.5602929214616923,0.3561949738171083,0.16273086584411792,0.043132518812979706,0.2687832104203795,10.653732146805988,66.38945297383374,0.0543238919989016,0.027032744881408523,0.21478260869565216,4.947773279352226
2026-01-11,C017,TikTok,KR,playable,896.65,25855,849,167,0.5283771824377428,0.3227619170218513,0.10295001291267446,0.07882460720332135,0.23028256667468952,13.163709402954666,38.45718863467315,0.04288991211623435,0.032836975439953585,0.1967020023557126,5.369161676646707
2026-01-12,C017,TikTok,KR,playable,658.31,17429,621,120,0.48536005342942107,0.3100802769157477,0.15250419111731262,0.06981395048482772,0.14918183574307736,8.377674058179327,17.901820289169283,0.02719371366769425,0.03563027138676918,0.1932367149758454,5.485916666666666
2026-01-13,C017,TikTok,KR,playable,878.13,29443,810,176,0.6100675760796032,0.3700580293603722,0.11907953425158369,0.059765976309897,0.4563707531887081,10.518811830541873,80.32125256121263,0.09146850678870592,0.02751078354787216,0.21728395061728395,4.989375
2026-01-14,C017,TikTok,KR,playable,625.4,23172,667,146,0.5488387430238587,0.37288749586865244,0.1227281417126538,0.06204187250193368,0.27053599399824735,9.058113385282317,39.498255123744116,0.06315688832021077,0.028784740203694113,0.21889055472263869,4.2835616438356166
2026-01-15,C017,TikTok,KR,playable,775.02,27102,821,160,0.5454709977550875,0.3092657143219598,0.12831666690004054,0.06944340568581481,0.3259822464577672,11.11094490973037,52.157159433242754,0.06729754856596241,0.030292967308685706,0.19488428745432398,4.843875
2026-01-16,C017,TikTok,KR,playable,981.37,28720,937,208,0.6280708531887622,0.2957048551183153,0.14205362440397357,0.06595619271962955,0.2314662698049385,13.718888085682945,48.14498411942721,0.049058819732088685,0.032625348189415045,0.22198505869797225,4.718125
2026-01-17,C017,TikTok,KR,playable,922.68,32778,960,171,0.5750525132998344,0.3341214904260703,0.1030097388897693,0.06224308968841926,0.2844469102140002,10.643568336719694,48.640421646594035,0.05271622776148026,0.029287937030935383,0.178125,5.39578947368421
2026-01-18,C017,TikTok,KR,playable,984.33,36779,1018,217,0.557099076710758,0.3672294102048666,0.13322693848952838,0.07179621015354702,0.1738144133165446,15.579777603319704,37.71772768969018,0.0383182216064168,0.027678838467603797,0.2131630648330059,4.5360829493087556
2026-01-19,C017,TikTok,KR,playable,920.84,22780,809,174,0.593099820307067,0.3343423254481512,0.15952936079123006,0.06755200401319138,0.2602255030597348,11.7540486982953,45.27923753239386,0.04917168825903533,0.035513608428446,0.21508034610630408,5.292183908045978
2026-01-20,C017,TikTok,KR,playable,1077.13,29922,949,186,0.6366779805914409,0.3545337902094672,0.11171510326516526,0.05577107524950666,0.3129140626489198,10.37341999640824,58.20201565269908,0.054034426508759933,0.031715794398770134,0.19599578503688092,5.791021505376345
2026-01-21,C017,TikTok,KR,playable,798.85,21888,704,134,0.5552145885252051,0.3568914315685627,0.15132159487205146,0.046729615984227695,0.2801494111991315,6.261768541886511,37.540021100683624,0.04699267976454854,0.03216374269005848,0.1903409090909091,5.961567164179105
2026-01-22,C017,TikTok,KR,playable,753.3,23361,746,139,0.5259201700984983,0.31865018591411565,0.11182422075127482,0.04035504729920196,0.11761729671479182,5.6093515745890725,16.348804243356064,0.021703042187179826,0.031933564487821586,0.1863270777479893,5.419424460431654
2026-01-23,C017,TikTok,KR,playable,659.61,19209,638,128,0.4580928595882195,0.27678694041631,0.1077798090232481,0.052822004416404264,0.22792148329016643,6.761216565299746,29.173949861141303,0.04422893738903173,0.03321359779270134,0.2006269592476489,5.153203125
2026-01-24,C017,TikTok,KR,playable,1043.97,34820,1210,272,0.517973147193102,0.373541890154063,0.14076869975499187,0.034877988256783496,0.263730029685369,9.48681280584511,71.73456807442037,0.06871334302297188,0.03475014359563469,0.22479338842975208,3.8381250000000002
2026-01-25,C017,TikTok,KR,playable,880.14,28644,837,188,0.5544746797061072,0.3591086767192465,0.14502118998053637,0.06630622511010989,0.17900351969841694,12.465570320700659,33.652661703302385,0.038235513904249306,0.02922077922077922,0.22461170848267623,4.681595744680851
2026-01-26,C017,TikTok,KR,playable,1051.6,33796,973,204,0.5143744897593128,0.3259695726191251,0.15712554031203751,0.05376786013071828,0.24052155725284766,10.968643466666528,49.06639767958092,0.04665902451463081,0.028790389395194696,0.20966084275436794,5.154901960784313
2026-01-27,C017,TikTok,KR,playable,903.12,23225,814,161,0.5567862773614148,0.37765163103695226,0.10687083265174947,0.07484023325466053,0.10067372194251573,12.049277554000346,16.20846923274503,0.017947152267283432,0.03504843918191604,0.1977886977886978,5.60944099378882
2026-01-28,C017,TikTok,KR,playable,803.82,21138,736,142,0.5324368856707552,0.3308382617293409,0.17429303178601713,0.03993710879201073,0.22561883135514957,5.6710694484655235,32.03787405243124,0.0398569322930727,0.034818809726558805,0.19293478260869565,5.660704225352113
2026-01-29,C017,TikTok,KR,playable,795.87,30084,870,193,0.47884318073355275,0.295234536114995,0.10364802287972545,0.051132146894806586,0.21225323114233086,9.868504350697672,40.96487361046986,0.051471507975887516,0.028919026725169526,0.2218390804597701,4.123678756476684
2026-01-30,C017,TikTok,KR,playable,959.37,32171,979,186,0.6688053750616445,0.33743328733715117,0.13548437910199684,0.049718905163527755,0.3422655422515671,9.247716360416163,63.66139085879148,0.06635719705719313,0.03043113362966647,0.18998978549540346,5.157903225806452
2026-01-31,C017,TikTok,KR,playable,846.31,27436,921,190,0.5437898592596453,0.3820781070640511,0.12896567344791102,0.0823743310387596,0.22942651261636493,15.651122897364324,43.59103739710934,0.051507053010173096,0.033569033386791076,0.20629750271444083,4.4542631578947365
2026-02-01,C017,TikTok,KR,playable,981.79,30163,956,173,0.5456889645632323,0.3734391305997459,0.15418411378438274,0.05156122478086894,0.23673404598571876,8.920091887090328,40.95498995552934,0.041714460445803576,0.03169446010012267,0.1809623430962343,5.675086705202312
2026-02-02,C017,TikTok,KR,playable,917.07,31863,1044,212,0.594825114144474,0.3686195058534539,0.17671040619056438,0.08007134061301642,0.4177403762346365,16.975124209959482,88.56095976174294,0.0965695327793209,0.03276527633932775,0.20306513409961685,4.325801886792453
2026-02-03,C017,TikTok,KR,playable,800.82,29739,907,187,0.5524531007995246,0.30341298179261383,0.1476932122679364,0.06309340909060084,0.263407615384111,11.798467499942356,49.257224076828756,0.0615083848047573,0.030498671777800194,0.2061742006615215,4.282459893048129
2026-02-04,C017,TikTok,KR,playable,799.17,25808,915,170,0.5516321727593665,0.27176276983114905,0.1261120731784322,0.038592169331890996,0.23478535215040644,6.560668786421469,39.9135098655691,0.049943740155513394,0.03545412275263484,0.18579234972677597,4.701
2026-02-05,C017,TikTok,KR,playable,1089.6,28503,1004,219,0.5470959136346509,0.3510119695527423,0.18326825181923326,0.07563117769359334,0.22079770850910238,16.56322791489694,48.354698163493424,0.04437846799452942,0.035224362347823036,0.21812749003984064,4.975342465753425
2026-02-06,C017,TikTok,KR,playable,699.34,23920,662,112,0.4882222001006009,0.308216895522702,0.1325248897856255,0.08861692170939826,0.23574788963706228,9.925095231452605,26.403763639350977,0.037755065559823546,0.027675585284280938,0.1691842900302115,6.2441071428571435
2026-02-07,C017,TikTok,KR,playable,764.25,19612,681,121,0.5496334016407676,0.2978486886835006,0.13410995791771327,0.06785049225550693,0.1937148652390741,8.209909562916339,23.439498693927966,0.030669978652840487,0.03472363858861921,0.1776798825256975,6.316115702479339
2026-02-08,C017,TikTok,KR,playable,751.21,20190,673,144,0.5585806590550539,0.3258257953525007,0.15118645827271376,0.036759275080853554,0.22569798592284895,5.293335611642911,32.50050997289025,0.043264411880296554,0.03333333333333333,0.2139673105497771,5.2167361111111115
2026-02-09,C017,TikTok,KR,playable,1009.5,27883,896,162,0.4570697790614645,0.3583862743571337,0.13977262349366157,0.05935366774284895,0.20576782506691313,9.61529417434153,33.33438766083993,0.03302064695571906,0.03213427536491769,0.18080357142857142,6.231481481481482
2026-02-10,C017,TikTok,KR,playable,691.39,23829,723,126,0.5102524808286356,0.3510974166820758,0.11029273289678429,0.05711290572289471,0.23281184794644114,7.196226121084734,29.33429284125158,0.04242792518214607,0.030341180914012337,0.17427385892116182,5.487222222222222
2026-02-11,C017,TikTok,KR,playable,676.9,22861,632,130,0.4595705827580406,0.3458928625877438,0.1324905821774321,0.05525340491767867,0.12250241146921043,7.1829426392982265,15.925313490997356,0.023526885384616895,0.027645334849744106,0.20569620253164558,5.2069230769230765
2026-02-12,C017,TikTok,KR,playable,853.97,26796,789,135,0.5624763605857872,0.3158296337401598,0.13202439868675966,0.05739063563866894,0.24175909357988645,7.7477358112203065,32.63747763328467,0.03821849569518903,0.029444693237796686,0.17110266159695817,6.325703703703704
2026-02-13,C017,TikTok,KR,playable,647.16,23886,741,128,0.5083490045490987,0.29046701974351924,0.12047649157516716,0.08615428954601365,0.2007804658447008,11.027749061889747,25.699899628121702,0.03971199856295872,0.03102235619191158,0.17273954116059378,5.0559375
2026-02-14,C017,TikTok,KR,playable,490.61,13333,446,90,0.5392856956114622,0.2712902366177532,0.13954891471437658,0.06862654364362515,0.24392134284969408,6.176388927926264,21.952920856472467,0.04474588796232609,0.033450836270906774,0.20179372197309417,5.451222222222222
2026-02-15,C017,TikTok,KR,playable,999.38,35146,1010,198,0.5267580521899594,0.29141167443408694,0.14653375372595467,0.08343250044447033,0.1506566454019121,16.519635088005124,29.830015789578596,0.02984866312742155,0.02873726739885051,0.19603960396039605,5.0473737373737375
2026-02-16,C017,TikTok,KR,playable,654.73,23868,712,139,0.5425582085731622,0.32466316085655467,0.12158108984319477,0.061330861186063734,0.2836817292496211,8.52498970486286,39.43176036569733,0.0602263645425269,0.029830735713088655,0.1952247191011236,4.7102877697841725
2026-02-17,C017,TikTok,KR,playable,845.95,29683,801,143,0.5390332393442259,0.35487475863114787,0.1184680657886757,0.04920257181404046,0.3391993635726318,7.035967769407786,48.50550899088635,0.057338537547296974,0.026985143011151163,0.17852684144818975,5.915734265734266
2026-02-18,C017,TikTok,KR,playable,637.79,22322,656,113,0.556366281882481,0.31858055787289563,0.1821516103875041,0.07413417015612223,0.23308098699906185,8.377161227641812,26.338151530893988,0.04129598663399368,0.02938804766597975,0.1722560975609756,5.644159292035398
2026-02-19,C017,TikTok,KR,playable,905.82,28717,986,186,0.5348515763748877,0.39343169775491205,0.11639748671704041,0.07748537969132026,0.2390289908617678,14.412280622585568,44.45939230028881,0.04908186299147992,0.03433506285475502,0.18864097363083165,4.87
2026-02-20,C017,TikTok,KR,playable,802.15,22425,802,179,0.590384655462781,0.3450156216727758,0.14756011877943237,0.06415779531106217,0.28599956671645965,11.484245360680127,51.193922442246276,0.06382086810209578,0.03576365663322185,0.2231920199501247,4.481284916201117
2026-02-21,C017,TikTok,KR,playable,949.2,29115,925,164,0.5465062405063843,0.3642567351078612,0.13220236081001843,0.06674140205213522,0.14772230671911252,10.945589936550176,24.226458301934453,0.025523049220190906,0.03177056500085866,0.1772972972972973,5.787804878048781
2026-02-22,C017,TikTok,KR,playable,849.0,24473,846,149,0.5410273728926055,0.31143897330967857,0.11701479644824866,0.08967175591772139,0.31103853897267664,13.361091631740488,46.34474230692882,0.05458713311388894,0.03456870837249213,0.17612293144208038,5.697986577181208
2026-02-23,C017,TikTok,KR,playable,796.95,29693,817,138,0.601016902895714,0.32594404268357496,0.14038911843736565,0.07326969721919419,0.2700435884638023,10.111218216248798,37.26601520800472,0.04676054151684904,0.027514902502273262,0.1689106487148103,5.775
2026-02-24,C017,TikTok,KR,playable,739.08,22229,697,147,0.4704265102812498,0.3444351399423966,0.11910699678509422,0.048562412337994826,0.21017479056664665,7.1386746136852395,30.895694213297055,0.0418030377899998,0.03135543659183949,0.2109038737446198,5.027755102040817
2026-02-25,C017,TikTok,KR,playable,778.89,27664,868,192,0.5758642931513039,0.36284830259788875,0.15057379734729395,0.054208767662573085,0.20248494852993226,10.408083391214031,38.877110117746994,0.049913525106969295,0.03137651821862348,0.22119815668202766,4.05671875
2026-02-26,C017,TikTok,KR,playable,971.41,31662,1077,220,0.6222709512130932,0.38525058544040797,0.1488788113627244,0.051287073864566664,0.21967387230837981,11.283156250204666,48.32825190784356,0.04975087704202452,0.03401553913208262,0.2042711234911792,4.4155
2026-02-27,C017,TikTok,KR,playable,968.93,32079,1030,190,0.5287850849595902,0.3607733270964128,0.13874985189192895,0.050972020814672205,0.26594145672820585,9.684683954787719,50.52887677835911,0.05214908922213884,0.03210823280027432,0.18446601941747573,5.099631578947368
2026-02-28,C017,TikTok,KR,playable,1016.4,38558,1128,211,0.48534063437049846,0.3220851272318605,0.11305940662121788,0.05427335435521313,0.35272559789750224,11.45167776894997,74.42510115637297,0.07322436400663523,0.029254629389491155,0.1870567375886525,4.817061611374408
2026-03-01,C017,TikTok,KR,playable,605.39,15612,529,106,0.5226854293367289,0.365971066462732,0.1206737230770838,0.044653251720037326,0.15534545137747302,4.7332446823239565,16.46661784601214,0.027199832427225568,0.03388419164745068,0.2003780718336484,5.711226415094339
2026-01-01,C018,TikTok,US,static,683.54,28216,525,86,0.5005313218134569,0.2539288842941254,0.12848499089938287,0.05981479706541044,0.30537544703082553,5.1440725476252975,26.262288444650995,0.0384212074229915,0.018606464417351858,0.16380952380952382,7.948139534883721
2026-01-02,C018,TikTok,US,static,893.91,31176,589,76,0.4462324647833946,0.3029502232676231,0.1023224991618311,0.0838393100500501,0.34327394334039507,6.3717875638038075,26.088819693870025,0.029184930977815313,0.018892738003592507,0.12903225806451613,11.761973684210526
2026-01-03,C018,TikTok,US,static,941.18,27413,587,88,0.4394086560756723,0.2906108926269565,0.133017678225017,0.09581507177430712,0.30365735953963235,8.431726316139027,26.72184763948765,0.02839174933904945,0.021413198117681394,0.14991482112436116,10.695227272727273
2026-01-04,C018,TikTok,US,static,656.35,26468,484,78,0.4771193472703159,0.26724748243044194,0.10295658781591346,0.0797258412075562,0.12976891415310968,6.218615614189384,10.121975303942556,0.015421564369052641,0.018286232431615534,0.16115702479338842,8.41474358974359
2026-01-05,C018,TikTok,US,static,834.67,34376,672,87,0.5179317486019139,0.3046699871648117,0.12633502017807893,0.08459802185007201,0.3280283781279533,7.360027900956265,28.53846889713194,0.03419126541908512,0.019548522224808004,0.12946428571428573,9.593908045977011
2026-01-06,C018,TikTok,US,static,704.93,19334,444,64,0.4926353766086627,0.3121860391004664,0.1400207035596241,0.07906432460236225,0.3551303764251662,5.060116774551184,22.728344091210637,0.032241958474225514,0.022964725354298127,0.14414414414414414,11.01453125
2026-01-07,C018,TikTok,US,static,1160.3,32787,725,112,0.41274533741721037,0.2544532690999313,0.10863388486616322,0.08958086562377511,0.22543417139291916,10.033056949862813,25.248627196006947,0.021760476669740098,0.02211242260652088,0.15448275862068966,10.359821428571427
2026-01-08,C018,TikTok,US,static,683.53,29191,534,68,0.3965674458088286,0.2538125116515633,0.11836987796435636,0.037866980882618466,0.2875529063446652,2.5749547000180555,19.55359763143723,0.028606976533562648,0.018293309581720395,0.12734082397003746,10.051911764705881
2026-01-09,C018,TikTok,US,static,849.48,27544,582,90,0.5079238341929873,0.2805245579876088,0.13532692008362088,0.07852425487084634,0.3248697210372551,7.06718293837617,29.23827489335296,0.03441919889575606,0.02112982863781586,0.15463917525773196,9.438666666666666
2026-01-10,C018,TikTok,US,static,679.75,26639,528,75,0.5684262773457449,0.34373229507310005,0.15917736102953892,0.08945114884084329,0.38287392235190554,6.708836163063247,28.715544176392914,0.042244037297088616,0.01982056383497879,0.14204545454545456,9.063333333333333
2026-01-11,C018,TikTok,US,static,524.36,13930,323,42,0.5107338313582029,0.3468330768189135,0.12736796085824886,0.09286997612643506,0.23963407250990948,3.9005389973102726,10.064631045416197,0.019194088363028626,0.023187365398420676,0.13003095975232198,12.484761904761905
2026-01-12,C018,TikTok,US,static,561.79,20185,387,62,0.4871881869436126,0.3002013399801644,0.12970728452433894,0.10339882573514754,0.44903886646878705,6.410727195579147,27.8404097210648,0.04955644828595674,0.0191726529601189,0.16020671834625322,9.061129032258064
2026-01-13,C018,TikTok,US,static,915.3,33232,661,103,0.4117843289169709,0.27160171814608647,0.0930068387398357,0.08674141037895866,0.33592798911770727,8.934365269032742,34.60058287912385,0.03780226473530643,0.01989046701974001,0.15582450832072617,8.88640776699029
2026-01-14,C018,TikTok,US,static,1153.3,34040,746,123,0.5313003933654987,0.3081307581802352,0.12069156218264272,0.06579541554377114,0.24760440598001437,8.09283611188385,30.455341935541767,0.02640704161125671,0.02191539365452409,0.1648793565683646,9.376422764227643
2026-01-15,C018,TikTok,US,static,882.42,25248,592,101,0.48049372697755105,0.2770470465847295,0.10888089288719167,0.057727315530323675,0.3725271713104555,5.830458868562691,37.625244302356,0.04263881827974555,0.023447401774397972,0.17060810810810811,8.736831683168317
2026-01-16,C018,TikTok,US,static,953.84,28601,658,93,0.38154323188250416,0.24469354370178176,0.11511085806321744,0.11083009493544604,0.21156953724512695,10.307198828996482,19.675966963796807,0.02062821592633706,0.023006188594804376,0.1413373860182371,10.256344086021505
2026-01-17,C018,TikTok,US,static,719.76,22524,538,84,0.4554196815800473,0.29623262950936574,0.10923717008220002,0.08659067003163426,0.2254618633544543,7.273616282657278,18.93879652177416,0.026312491885709475,0.023885633102468478,0.15613382899628253,8.568571428571428
2026-01-18,C018,TikTok,US,static,792.61,24022,588,79,0.43561160770989626,0.28326320596029336,0.0969557147270717,0.07043019207918849,0.21885142650872483,5.563985174255891,17.28926269418926,0.02181314270412572,0.024477562234618267,0.13435374149659865,10.033037974683545
2026-01-19,C018,TikTok,US,static,700.66,18893,446,59,0.45821818223078054,0.2803854235359778,0.15848792925841992,0.060234122907490376,0.38144568676988844,3.553813251541932,22.505295519423417,0.03212033544067146,0.023606626792992115,0.13228699551569506,11.875593220338983
2026-01-20,C018,TikTok,US,static,749.07,23492,471,64,0.5058348379182114,0.34311582127135476,0.11483462928833553,0.08583243843075163,0.27002160342215603,5.493276059568104,17.281382619017986,0.02307043177629884,0.020049378511833815,0.13588110403397027,11.70421875
2026-01-21,C018,TikTok,US,static,772.5,23018,531,84,0.4882753966617124,0.28394349910057687,0.15638876655066303,0.07795271892766527,0.22212667610690398,6.548028389923883,18.658640792979934,0.02415361294137406,0.02306890259796681,0.15819209039548024,9.196428571428571
2026-01-22,C018,TikTok,US,static,622.27,20531,418,59,0.54974154576107,0.3322046300454438,0.10530129170555472,0.06801644259423809,0.4193565122274565,4.012970113060047,24.742034221419935,0.039760741648369825,0.020359456431737373,0.14114832535885166,10.546949152542373
2026-01-23,C018,TikTok,US,static,729.29,25191,480,82,0.4768587556622533,0.32176456267528253,0.13311252374370822,0.08813886508010749,0.31566489551923727,7.227386936568814,25.884521432577454,0.035492613966707755,0.019054424199118732,0.17083333333333334,8.893780487804877
2026-01-24,C018,TikTok,US,static,933.82,29101,652,95,0.4831859910213784,0.32085881894109025,0.12638668928577562,0.054265339425240346,0.27264269554214926,5.155207245397833,25.90105607650418,0.027736632923494944,0.022404728359850176,0.14570552147239263,9.829684210526317
2026-01-25,C018,TikTok,US,static,995.19,34527,715,105,0.476644537630948,0.3507175908466774,0.09432324368785833,0.07011143216790887,0.3585738624138048,7.361700377630431,37.650255553449504,0.03783230905756103,0.020708431082920614,0.14685314685314685,9.478
2026-01-26,C018,TikTok,US,static,1025.81,33893,776,105,0.47556672617735557,0.25814917886152144,0.13252796368673786,0.0656507302380501,0.353484644882777,6.893326674995261,37.11588771269158,0.03618213487707094,0.022895583158764346,0.13530927835051546,9.769619047619047
2026-01-27,C018,TikTok,US,static,589.06,19237,374,56,0.46232504601146196,0.27210766989184815,0.1307254377186579,0.08304025284555565,0.33061444774948034,4.650254159351117,18.5144090739709,0.03143043673835515,0.019441700888911992,0.1497326203208556,10.518928571428571
2026-01-28,C018,TikTok,US,static,450.72,17330,353,58,0.49149911747123587,0.2609778133340474,0.12230289893585361,0.11387429767475227,0.29969566855353147,6.604709265135631,17.382348776104827,0.03856614105166242,0.02036930178880554,0.1643059490084986,7.771034482758621
2026-01-29,C018,TikTok,US,static,757.24,30072,554,71,0.49712470018509536,0.268392441987738,0.09884963396170013,0.09366733461037585,0.325260126657502,6.650380757336685,23.09346899268264,0.03049695906722441,0.01842245277999468,0.12815884476534295,10.665352112676057
2026-01-30,C018,TikTok,US,static,579.64,15168,363,59,0.43942399900157464,0.2842099791486916,0.11378305074551731,0.07482565155153142,0.4490795539361877,4.414713441540354,26.495693682235075,0.04571060071474824,0.023931962025316455,0.162534435261708,9.824406779661016
2026-01-31,C018,TikTok,US,static,814.83,25087,501,67,0.4673081020987977,0.370384156375701,0.1379684226488588,0.057856970597850915,0.3370652327372703,3.8764170300560115,22.58337059339711,0.027715490606966778,0.019970502650775303,0.13373253493013973,12.161641791044778
2026-02-01,C018,TikTok,US,static,864.51,25714,523,73,0.506718615183976,0.3292190074014762,0.13397449091086844,0.08084761156190426,0.30238412636927575,5.901875644019011,22.07404122495713,0.02553368713854639,0.020339114879054213,0.13957934990439771,11.842602739726027
2026-02-02,C018,TikTok,US,static,917.62,32256,587,80,0.4721229821360953,0.3059244179263508,0.11945955850331857,0.06281073142657939,0.3419202386692461,5.024858514126351,27.353619093539688,0.029809171663839194,0.018198164682539684,0.1362862010221465,11.47025
2026-02-03,C018,TikTok,US,static,734.77,21827,528,68,0.530031226550392,0.28480511525931446,0.12899799865226785,0.07598580422078048,0.3327656534514614,5.167034687013072,22.628064434699375,0.03079604749206358,0.024190223118156412,0.12878787878787878,10.805441176470588
2026-02-04,C018,TikTok,US,static,812.57,27221,618,95,0.5235922431485389,0.28401541746818043,0.14996700275008373,0.09559734034848516,0.4126942532140029,9.08174733310609,39.205954055330274,0.04824906341762256,0.022703060137393923,0.15372168284789645,8.553368421052632
2026-02-05,C018,TikTok,US,static,748.34,23046,478,75,0.5247216825407613,0.2863208030701855,0.16811059508341786,0.08216783699569064,0.27735855836858725,6.162587774676798,20.801891877644042,0.027797271377870535,0.02074112644276664,0.15690376569037656,9.977866666666667
2026-02-06,C018,TikTok,US,static,976.25,28226,680,116,0.49947046401436757,0.30778888039354346,0.13492960837253867,0.08783677543396946,0.28188943070240136,10.189065950340458,32.69917396147856,0.03349469788637339,0.024091263374194004,0.17058823529411765,8.41594827586207
2026-02-07,C018,TikTok,US,static,873.6,24876,555,87,0.4145936578001241,0.320372314957554,0.11012295136386414,0.07398589818193703,0.2766564679193351,6.436773141828522,24.069112708982157,0.02755176618668538,0.022310660877954656,0.15675675675675677,10.041379310344828
2026-02-08,C018,TikTok,US,static,985.0,30893,730,110,0.5286385768526153,0.3272954892568984,0.13924337015745403,0.09490775582604416,0.35247315025877735,10.439853140864857,38.77204652846551,0.03936268013566688,0.02362994853202991,0.1506849315068493,8.954545454545455
2026-02-09,C018,TikTok,US,static,823.35,24737,570,85,0.4357432030386441,0.27962011201741266,0.11632407557227249,0.05830876796702543,0.33239755779378916,4.956245277197161,28.253792412472077,0.03431544846604387,0.02304240611230141,0.14912280701754385,9.686470588235295
2026-02-10,C018,TikTok,US,static,583.8,20312,439,67,0.5330269217122436,0.425199213108195,0.1491696706332268,0.09305812595121495,0.36089034657601665,6.234894438731401,24.179653220593117,0.04141804170424967,0.021612839700669555,0.15261958997722094,8.713432835820894
2026-02-11,C018,TikTok,US,static,600.72,24606,452,69,0.4974466723636551,0.31303301738161826,0.12886161891918915,0.06302723816780545,0.29938633735351583,4.348879433578576,20.65765727739259,0.03438801473998966,0.01836950337316102,0.15265486725663716,8.70608695652174
2026-02-12,C018,TikTok,US,static,784.94,22442,526,80,0.479286913761815,0.31669267103724275,0.17278437427828522,0.06921884182349938,0.3823019815445675,5.53750734587995,30.5841585235654,0.038963548553248996,0.023438196239194367,0.1520912547528517,9.81175
2026-02-13,C018,TikTok,US,static,885.13,31021,681,110,0.4386939238567435,0.273283485659766,0.11101709107982435,0.05003047690697054,0.37130819858740444,5.503352459766759,40.843901844614486,0.04614432492738882,0.02195287063602076,0.16152716593245228,8.046636363636363
2026-02-14,C018,TikTok,US,static,971.32,36024,717,114,0.46918027517178523,0.29509132026821966,0.09858507936428436,0.08147882933947691,0.404774070431308,9.288586544700367,46.14424402916911,0.04750676148862467,0.01990339773484344,0.1589958158995816,8.520350877192984
2026-02-15,C018,TikTok,US,static,857.0,22061,515,83,0.565202155452054,0.2840106178018869,0.07115158412414517,0.06378835052348819,0.3674209231562661,5.29443309344952,30.49593662197009,0.035584347337262436,0.02334436335614886,0.16116504854368932,10.325301204819278
2026-02-16,C018,TikTok,US,static,678.49,23750,490,78,0.4877236004379059,0.292849351322354,0.11469400854666711,0.08428660754508097,0.34400056167268334,6.574355388516316,26.8320438104693,0.039546846975108664,0.02063157894736842,0.15918367346938775,8.698589743589745
2026-02-17,C018,TikTok,US,static,878.05,22070,541,77,0.4772380830794898,0.3002433726827806,0.17133874636049506,0.06021567719616126,0.3167663533112437,4.636607144104417,24.391009204965766,0.02777875099814617,0.024512913457181696,0.1423290203327172,11.403246753246753
2026-02-18,C018,TikTok,US,static,664.57,21752,467,68,0.5788481342676418,0.3621738501556559,0.130578963541653,0.08173300299449372,0.3533249484115913,5.5578442036255735,24.02609649198821,0.03615303552827902,0.021469290180213315,0.145610278372591,9.773088235294118
2026-02-19,C018,TikTok,US,static,695.15,24973,481,77,0.45903044678008753,0.2267659664444962,0.10651798626148884,0.0646496031200786,0.3278780036336401,4.978019440246052,25.24660627979029,0.03631824483783571,0.019260801665799063,0.1600831600831601,9.027922077922078
2026-02-20,C018,TikTok,US,static,1226.65,38153,921,130,0.41755909748120335,0.25116000349371287,0.12799002489190392,0.07085256504695148,0.3145791328644296,9.210833456103693,40.89528727237585,0.033339097862178035,0.02413964825832831,0.14115092290988057,9.435769230769232
2026-02-21,C018,TikTok,US,static,739.92,26683,517,69,0.4068526393454038,0.26190851719283087,0.10625949173626877,0.08240765846140685,0.2922182048812133,5.686128433837073,20.163056136803718,0.027250184256518376,0.0193756324251396,0.13346228239845262,10.723478260869564
2026-02-22,C018,TikTok,US,static,1026.43,38751,738,120,0.4160765311419234,0.32981270435920484,0.07517896982261696,0.07440666404074936,0.22577433809424924,8.928799684889924,27.092920571309907,0.026395185222420722,0.019044669814972517,0.16260162601626016,8.553583333333334
2026-02-23,C018,TikTok,US,static,947.96,36649,724,99,0.5174160781059423,0.28233798258635223,0.1648961573367096,0.0743753207369509,0.33974277997748,7.3631567529581385,33.63453521777052,0.0354808088768408,0.019754972850555268,0.13674033149171272,9.575353535353536
2026-02-24,C018,TikTok,US,static,702.69,22805,559,94,0.5495450313941956,0.311275140984544,0.15799210442288336,0.09020122811265568,0.3414788888475928,8.478915442589635,32.09901555167372,0.04567993309864381,0.024512168384126287,0.16815742397137745,7.475425531914894
2026-02-25,C018,TikTok,US,static,880.91,25552,541,77,0.4434231097804058,0.29921712163411723,0.1275314129591717,0.07993228171024225,0.27379550079391113,6.154785691688653,21.082253561131157,0.023932321503952057,0.021172510958046335,0.1423290203327172,11.44038961038961
2026-02-26,C018,TikTok,US,static,888.72,26690,607,92,0.47383054578295636,0.24910666489343136,0.10284943843065443,0.05554959163618701,0.25972976839971035,5.110562430529205,23.89513869277335,0.026886993465352435,0.022742600224803296,0.1515650741350906,9.66
2026-02-27,C018,TikTok,US,static,689.24,20733,469,70,0.48360036560655273,0.25889644420659397,0.10401409422645239,0.05877707667571298,0.23548585159570898,4.114395367299909,16.48400961169963,0.023916055122939026,0.022620942458881976,0.14925373134328357,9.846285714285715
2026-02-28,C018,TikTok,US,static,883.77,32172,607,97,0.5232628646492573,0.31747960500017786,0.12023076219576552,0.08500943947996513,0.23681728862857335,8.245915629556617,22.971276996971614,0.025992418461122616,0.01886733805793858,0.15980230642504117,9.111030927835051
2026-03-01,C018,TikTok,US,static,1111.53,37740,722,103,0.4204322862153923,0.23169159519796412,0.12863608917906094,0.08912442271242715,0.295741346282124,9.179815539379996,30.46135866705877,0.027404920440202395,0.019130895601483837,0.14265927977839335,10.791553398058252
2026-01-01,C019,TikTok,BR,playable,925.55,45382,1341,278,0.5046234765486669,0.3081030333761453,0.13246694253301367,0.011056507849089223,0.18411100693807497,3.073709182046804,51.18285992878484,0.0553001413168679,0.02954916046009431,0.20730797912005966,3.32931654676259
2026-01-02,C019,TikTok,BR,playable,765.05,43557,1315,258,0.44790919840455906,0.24987416422734093,0.14701608612328823,0.01341858359638496,0.15654896141427974,3.4619945678673196,40.38963204488417,0.052793481665139926,0.030190325320843953,0.1961977186311787,2.9653100775193795
2026-01-03,C019,TikTok,BR,playable,795.43,38641,1245,256,0.5224471244688808,0.28193979782628076,0.13046877175853103,0.045364289176422226,0.16759999447318785,11.61325802916409,42.90559858513609,0.05394013316649654,0.03221966305219844,0.20562248995983937,3.1071484375
2026-01-04,C019,TikTok,BR,playable,540.18,28512,838,159,0.4872978742387751,0.25735426085979024,0.11856904000514634,0.03522171247912882,0.20417264580499345,5.600252284181483,32.46345068299396,0.06009799128277456,0.029391133557800226,0.18973747016706444,3.3973584905660372
2026-01-05,C019,TikTok,BR,playable,836.33,43838,1435,247,0.5040781584813431,0.28485395572750993,0.15189233619469028,0.023642331482800892,0.0897592941503377,5.83965587625182,22.170545655133413,0.026509174736201117,0.032734157580181576,0.17212543554006968,3.3859514170040486
2026-01-06,C019,TikTok,BR,playable,814.33,35646,1221,259,0.4569195134736475,0.2283556101505193,0.12414866327322693,0.03316735045313383,0.18433944102854816,8.590343767361661,47.74391522639397,0.05862954991657766,0.03425349267800034,0.21212121212121213,3.1441312741312744
2026-01-07,C019,TikTok,BR,playable,974.99,54728,1729,293,0.513156407342919,0.2971848897991747,0.16148419187812618,0.0642617462375047,0.19694184226242084,18.82869164758888,57.70395978288931,0.05918425633949062,0.03159260342055255,0.16946211683053788,3.3276109215017065
2026-01-08,C019,TikTok,BR,playable,767.84,40477,1082,221,0.37268252682355346,0.3015419129170447,0.15433153205352843,0.048643505013535634,0.19020332788746003,10.750214607991376,42.03493546312867,0.0547446952614444,0.026731230081280727,0.20425138632162662,3.4743891402714935
2026-01-09,C019,TikTok,BR,playable,954.73,44502,1531,282,0.5041954956581287,0.32410429243998345,0.10341434343351041,0.027920237604802514,0.10521632416021032,7.873507004554309,29.67100341317931,0.031077766232205394,0.034402948182104175,0.18419333768778576,3.385567375886525
2026-01-10,C019,TikTok,BR,playable,800.45,33524,1181,242,0.4829232686996653,0.28991159392630567,0.1335022741319797,0.02721798396580987,0.029453117118892064,6.586752119725989,7.127654342771879,0.00890455121497093,0.035228493019926026,0.20491109229466553,3.307644628099174
2026-01-11,C019,TikTok,BR,playable,699.21,42756,1287,234,0.4362988586592203,0.2684241605168305,0.10240955854338177,0.027982617415341377,0.07733482089072057,6.547932475189882,18.096348088428613,0.025881034755543843,0.030101038450743755,0.18181818181818182,2.9880769230769233
2026-01-12,C019,TikTok,BR,playable,852.39,39031,1225,251,0.5369798059216838,0.27648157921773325,0.11137475293348235,0.024603773318741393,0.07323724393205991,6.17554710300409,18.382548226947037,0.02156588261355451,0.03138530911326894,0.20489795918367346,3.39597609561753
2026-01-13,C019,TikTok,BR,playable,864.73,52440,1601,300,0.48888450069953354,0.339702581067641,0.13456564681191835,0.05796357366535323,0.19191589290260927,17.38907209960597,57.57476787078278,0.06658099083456281,0.030530129672006103,0.18738288569643974,2.882433333333333
2026-01-14,C019,TikTok,BR,playable,732.37,44196,1383,303,0.4705561969414007,0.2725663993147899,0.13342631098304994,0.01994261425334527,0.16880096428843844,6.042612118763617,51.146692179396844,0.0698375447973506,0.03129242465381483,0.21908893709327548,2.417062706270627
2026-01-15,C019,TikTok,BR,playable,916.55,44947,1600,340,0.5765715707062335,0.30036655274517027,0.11127707594431627,0.011917281320394477,0.21683955309271644,4.051875648934122,73.72544805152359,0.0804377922744697,0.035597481478185415,0.2125,2.695735294117647
2026-01-16,C019,TikTok,BR,playable,926.36,48669,1481,255,0.431520544900171,0.27134318199333296,0.11688712103045742,0.03551405717909208,0.1895154768507546,9.05608458066848,48.32644659694242,0.052167886817277555,0.03043004787441698,0.17218095881161377,3.63278431372549
2026-01-17,C019,TikTok,BR,playable,802.7,39403,1199,234,0.48872684000145766,0.32900262117964585,0.09277888958048802,0.03274374963812822,0.10878395067142697,7.662037415322003,25.455444457113913,0.031712409901011825,0.030429155140471537,0.195162635529608,3.4303418803418806
2026-01-18,C019,TikTok,BR,playable,700.4,36068,1016,187,0.3876495291164022,0.2887598868187193,0.10209480411071421,0.0228893906781577,0.14113031018272565,4.28031605681549,26.391368004169696,0.03768059295613985,0.028169014084507043,0.18405511811023623,3.745454545454545
2026-01-19,C019,TikTok,BR,playable,606.64,24272,861,158,0.4287672973529207,0.25145317236050985,0.1257650303182254,0.020937857376700623,0.05014370199689129,3.3081814655186985,7.922704915508824,0.013060007450569318,0.03547297297297297,0.1835075493612079,3.839493670886076
2026-01-20,C019,TikTok,BR,playable,989.27,53721,1741,359,0.39176523526099505,0.2667421448808613,0.12283820231082235,0.03863082302556531,0.033549074012955385,13.868465466177947,12.044117570650982,0.012174727323990029,0.03240818301967573,0.20620333141872488,2.755626740947075
2026-01-21,C019,TikTok,BR,playable,774.48,39575,1189,221,0.5072205388305394,0.33066718913143006,0.12001622609082024,0.07594859877018655,0.06967866401531946,16.784640328211225,15.3989847473856,0.01988311481925684,0.030044219835754896,0.18587047939444912,3.5044343891402714
2026-01-22,C019,TikTok,BR,playable,699.55,32433,1022,199,0.549035024711082,0.3001374873457478,0.1525238070253113,0.005,0.15885719633410725,0.995,31.612582070487342,0.04519008747782288,0.03151111522215028,0.19471624266144813,3.515326633165829
2026-01-23,C019,TikTok,BR,playable,856.52,54029,1546,310,0.4328038470654383,0.2874101456434083,0.13334879173874656,0.03229829856757898,0.0511045915808456,10.012472555949484,15.842423390062136,0.018496195106809808,0.02861426271076644,0.20051746442432083,2.762967741935484
2026-01-24,C019,TikTok,BR,playable,992.18,50267,1544,345,0.4259282248921507,0.29095675338631416,0.10593394626057952,0.02208632756313337,0.1071798353974801,7.619783009281012,36.97704321213064,0.03726844042875708,0.030715976684504744,0.22344559585492227,2.8758840579710143
2026-01-25,C019,TikTok,BR,playable,813.38,37751,1179,229,0.4173053569169431,0.2759274520804805,0.11047639660701669,0.06440836073472016,0.09595798844164077,14.749514608250916,21.97437935313574,0.02701622042298271,0.031230960769251144,0.19423240033927056,3.551877729257642
2026-01-26,C019,TikTok,BR,playable,460.24,26130,735,150,0.5120332975305061,0.2869888505031899,0.16320192968129438,0.029051709413349842,0.10747625716715778,4.357756412002477,16.121438575073668,0.035028620192975826,0.02812858783008037,0.20408163265306123,3.0682666666666667
2026-01-27,C019,TikTok,BR,playable,642.61,43403,1156,206,0.38745428078468536,0.21991015866928526,0.11586777967003993,0.03063151410652397,0.09229527412127372,6.3100919059439375,19.012826468982386,0.029587091016489087,0.026634103633389396,0.1782006920415225,3.1194660194174757
2026-01-28,C019,TikTok,BR,playable,859.15,45998,1463,278,0.40445918839947986,0.2674350846325803,0.11086677463386313,0.009859550994894287,0.13560809064826243,2.7409551765806115,37.699049200216955,0.04387946256927809,0.03180573068394278,0.1900205058099795,3.0904676258992807
2026-01-29,C019,TikTok,BR,playable,624.15,38446,1155,208,0.4616345113031413,0.3169934078315774,0.09253754062134063,0.037472547288913256,0.10151492299993332,7.794289836093958,21.11510398398613,0.03383002517079517,0.030042137023357438,0.1800865800865801,3.0007211538461536
2026-01-30,C019,TikTok,BR,playable,1107.87,53180,1673,300,0.488201019811724,0.3007581374433465,0.13070206106106635,0.040377508245404245,0.12136714966391368,12.113252473621273,36.41014489917411,0.03286506066128421,0.03145919518616021,0.17931858936043035,3.6929
2026-01-31,C019,TikTok,BR,playable,1095.81,59259,1573,323,0.41553803920475874,0.2736382510009548,0.10129315232331357,0.027288261847600866,0.07782080721489895,8.81410857677508,25.13612073041236,0.022938326029056145,0.0265444911321487,0.2053401144310235,3.392600619195046
2026-02-01,C019,TikTok,BR,playable,958.51,38595,1384,268,0.403532413743551,0.2952435990246084,0.08538378421689566,0.045666572876630465,0.12399620206991184,12.238641530936965,33.230982154736374,0.03466939979569353,0.03585956730146392,0.1936416184971098,3.576529850746269
2026-02-02,C019,TikTok,BR,playable,441.94,23129,703,152,0.45650213827627967,0.23818575332877373,0.14789404966038797,0.028727453931620687,0.09375337882425722,4.366572997606345,14.250513581287096,0.03224547117508393,0.03039474253102166,0.21621621621621623,2.9075
2026-02-03,C019,TikTok,BR,playable,798.91,44905,1308,283,0.4393424942478768,0.2780596377476812,0.12378842313152508,0.036229224168295375,0.09183749940852837,10.252870439627591,25.990012332613528,0.032532041055677724,0.02912815944772297,0.21636085626911314,2.8230035335689045
2026-02-04,C019,TikTok,BR,playable,913.17,55606,1540,265,0.5011009701474973,0.2890003941974267,0.10289641174923692,0.053521478408982456,0.1982486006036235,14.183191778380351,52.53587915996023,0.05753137175232863,0.027694853073409343,0.17207792207792208,3.4459245283018864
2026-02-05,C019,TikTok,BR,playable,527.11,34635,929,188,0.48826260445684694,0.26589803649334814,0.13339293808400243,0.013550372446534814,0.21723370701771935,2.547470019948545,40.83993691933124,0.07747961394250807,0.02682257831673163,0.2023681377825619,2.8037765957446807
2026-02-06,C019,TikTok,BR,playable,732.34,33760,1080,222,0.41582334400970633,0.2700389342382071,0.08130462867839469,0.029474117382743078,0.1279133951524937,6.543254058968963,28.396773723853602,0.03877536936205655,0.031990521327014215,0.20555555555555555,3.298828828828829
2026-02-07,C019,TikTok,BR,playable,1241.85,54665,1920,373,0.42116341912855165,0.25153544997107247,0.07994692942456827,0.021370382672884748,0.07157529509034763,7.971152736986011,26.697585068699667,0.021498171322218686,0.03512302204335498,0.19427083333333334,3.329356568364611
2026-02-08,C019,TikTok,BR,playable,926.79,52247,1730,341,0.45586128615678406,0.3085877653005905,0.14885581931785696,0.03565662113756141,0.10676169355865683,12.158907807908442,36.40573750350198,0.03928156160568012,0.03311194901142649,0.1971098265895954,2.717859237536657
2026-02-09,C019,TikTok,BR,playable,885.69,48099,1423,247,0.41864117722267064,0.298531987107024,0.13382380784678072,0.015701252900656694,0.09481366148249777,3.8782094664622035,23.41897438617695,0.026441374915907482,0.02958481465311129,0.1735769501054111,3.5857894736842106
2026-02-10,C019,TikTok,BR,playable,833.16,48194,1574,279,0.4786823326792641,0.26743157222165936,0.09433338105293901,0.026038067526222546,0.19921705198103046,7.26462083981609,55.5815575027075,0.06671185986052545,0.03265966717848695,0.1772554002541296,2.986236559139785
2026-02-11,C019,TikTok,BR,playable,775.15,34517,1130,210,0.4939978772032119,0.29929917417952623,0.10284078556432556,0.030755068957324452,0.10233706056469546,6.458564481038135,21.490782718586047,0.027724773776952677,0.032737491670770925,0.18584070796460178,3.691190476190476
2026-02-12,C019,TikTok,BR,playable,659.11,34867,1099,208,0.4664360397250032,0.26737844009603673,0.12882820043839216,0.027975113282174804,0.0830135129822804,5.8188235626923595,17.266810700314323,0.02619730109441382,0.031519775145553104,0.18926296633303002,3.168798076923077
2026-02-13,C019,TikTok,BR,playable,866.68,50541,1501,317,0.4700999998824007,0.31725350741829417,0.11778352959918101,0.020423903391651645,0.22447609730146756,6.474377375153572,71.15892284456521,0.08210487489531788,0.029698660493460753,0.2111925383077948,2.7340063091482647
2026-02-14,C019,TikTok,BR,playable,1172.47,51900,1682,306,0.48347002956797996,0.27007837485924757,0.07450245468872874,0.026765051535149947,0.24761819019013456,8.190105769755883,75.77116619818118,0.06462511771262165,0.032408477842003854,0.18192627824019025,3.8316013071895427
2026-02-15,C019,TikTok,BR,playable,680.42,31714,1064,218,0.41959619086531097,0.30320728629453314,0.1162123559260052,0.0359311306332237,0.13727874308014903,7.832986478042767,29.92676599147249,0.04398306287487182,0.03354985180046667,0.20488721804511278,3.1211926605504585
2026-02-16,C019,TikTok,BR,playable,1153.4,59745,1938,410,0.5089114172398889,0.30005403853438406,0.13273304757203752,0.05271005781951098,0.1688198353094327,21.6111237059995,69.21613247686741,0.0600105235490985,0.032437860908862665,0.21155830753353974,2.8131707317073174
2026-02-17,C019,TikTok,BR,playable,759.9,40046,1345,275,0.4641294129631487,0.34486532081656385,0.12145399478774992,0.05543945260386125,0.1454697951875953,15.245849466061845,40.00419367658871,0.05264371264951502,0.033586375667981824,0.20446096654275092,2.763272727272727
2026-02-18,C019,TikTok,BR,playable,715.0,33370,1059,207,0.47125706148073493,0.29372307812158055,0.11985971099388931,0.03287957225493169,0.16068909737578513,6.80607145677086,33.26264315678752,0.046520949074559816,0.0317350913994606,0.1954674220963173,3.4541062801932365
2026-02-19,C019,TikTok,BR,playable,909.87,50134,1458,268,0.45653204174639267,0.257448613973986,0.14061919358408628,0.011682686851360532,0.024524942796078877,3.1309600761646226,6.572684669349139,0.007223724728874491,0.029082060078988312,0.18381344307270234,3.395037313432836
2026-02-20,C019,TikTok,BR,playable,736.58,34764,1093,214,0.4572481560080018,0.2515501837378291,0.1268586704223174,0.024996963298324543,0.14682095040949186,5.349350145841452,31.41968338763126,0.04265607809581773,0.03144057070532735,0.19579139981701738,3.44196261682243
2026-02-21,C019,TikTok,BR,playable,817.84,47611,1453,255,0.39938269785469227,0.32005402948313927,0.1282731177191361,0.04159995420648642,0.0636310744914539,10.607988322654037,16.225923995320745,0.019839862773735655,0.0305181575686291,0.17549896765313144,3.20721568627451
2026-02-22,C019,TikTok,BR,playable,1036.42,51436,1823,340,0.44367903637931394,0.2612078875433047,0.13857589161037717,0.04607646861432253,0.1787326386805991,15.665999328869662,60.7690971514037,0.05863355962870719,0.03544210280737227,0.18650575973669775,3.048294117647059
2026-02-23,C019,TikTok,BR,playable,1054.09,51841,1823,320,0.4550725442318847,0.30986382356803593,0.14530195597218298,0.03814411226562482,0.244382337833741,12.206115924999942,78.20234810679712,0.07418952696171521,0.035165216720356475,0.1755348326933626,3.2940312499999997
2026-02-24,C019,TikTok,BR,playable,907.8,57697,1549,272,0.39385707377296053,0.21893075625231806,0.10131292587730024,0.02318012738283326,0.12906582380497197,6.304994648130647,35.10590407495238,0.03867129711407243,0.026847149765152435,0.17559715945771465,3.3375
2026-02-25,C019,TikTok,BR,playable,953.55,46500,1360,269,0.5166816814118622,0.30260713587048504,0.13046109929864252,0.023050788889735746,0.13113258425701327,6.200662211338916,35.27466516513657,0.03699280781763557,0.02924731182795699,0.19779411764705881,3.544795539033457
2026-02-26,C019,TikTok,BR,playable,1003.95,51168,1540,333,0.42403502383655767,0.31413606173054437,0.11201017024647324,0.0325133215225096,0.02,10.826936066995698,6.66,0.00663379892957951,0.030096935584740463,0.21623376623376622,3.014864864864865
2026-02-27,C019,TikTok,BR,playable,932.39,57984,1678,333,0.49345912169822387,0.3349897986308728,0.12005606047180391,0.019950879193156464,0.1294455627881769,6.643642771321103,43.105372408462905,0.0462310557031697,0.02893901766004415,0.19845053635280097,2.79996996996997
2026-02-28,C019,TikTok,BR,playable,774.46,40580,1407,291,0.4629668120068405,0.265170160881526,0.10620136887040749,0.05394012355906236,0.04760302878402123,15.696575955687146,13.852481376150177,0.017886722598675908,0.034672252341054706,0.2068230277185501,2.6613745704467355
2026-03-01,C019,TikTok,BR,playable,1161.39,56073,1983,372,0.48571253198970166,0.30482461156602014,0.09875204005706804,0.019759967023006815,0.09092919860497187,7.3507077325585355,33.825661881049534,0.029125050357923957,0.03536461398534054,0.1875945537065053,3.122016129032258
2026-01-01,C020,TikTok,JP,static,919.96,34507,715,101,0.5005274614344029,0.28468353153845183,0.1225650583175794,0.06290422420168662,0.3355552114145763,6.353326644370348,33.891076352872204,0.03683987067114821,0.020720433535224736,0.14125874125874127,9.108514851485149
2026-01-02,C020,TikTok,JP,static,1045.83,38764,803,131,0.49356869636345757,0.27761157017415355,0.14576442969005143,0.07029930810124695,0.34391213620008343,9.20920936126335,45.05248984221093,0.04307818668021815,0.020715096481271282,0.16313823163138233,7.983435114503816
2026-01-03,C020,TikTok,JP,static,958.15,36828,797,110,0.46414713961868287,0.3123223671657826,0.10298283456688961,0.08349210511340031,0.3238892079930387,9.184131562474034,35.627812879234256,0.037183957159596936,0.021641142608884546,0.13801756587202008,8.710454545454546
2026-01-04,C020,TikTok,JP,static,853.6,31457,718,110,0.5388988854170237,0.26796684980068214,0.1299655601258212,0.07305663727126836,0.25853588215237183,8.03623009983952,28.4389470367609,0.03331662789094634,0.02282480846870331,0.1532033426183844,7.76
2026-01-05,C020,TikTok,JP,static,878.22,34146,727,92,0.43739181611574396,0.3029522828926794,0.12420531978056973,0.06396377242136828,0.2379662578889576,5.884667062765882,21.892895725784097,0.024928658267124204,0.021290927194986237,0.1265474552957359,9.54586956521739
2026-01-06,C020,TikTok,JP,static,603.8,22534,500,68,0.4732652851295943,0.2693580255213194,0.1260935723337767,0.0871858444112683,0.3055528750609581,5.928637419966244,20.77759550414515,0.03441154421701551,0.02218869264222952,0.136,8.879411764705882
2026-01-07,C020,TikTok,JP,static,752.16,29765,610,103,0.5236441134663959,0.29961181376908197,0.1259239976631414,0.07025003147664394,0.3292691553844233,7.235753242094326,33.9147230045956,0.04508991417751996,0.020493868637661682,0.16885245901639345,7.30252427184466
2026-01-08,C020,TikTok,JP,static,986.76,34315,657,105,0.4676306386405317,0.2797086269909854,0.10020217270640977,0.0667618011486099,0.30237429019042456,7.00998912060404,31.74930046999458,0.032175402580905045,0.01914614600029142,0.1598173515981735,9.397714285714285
2026-01-09,C020,TikTok,JP,static,1066.86,39526,843,144,0.4595712628965319,0.2670176393466305,0.09906614657511005,0.06496516249817919,0.2637854970120125,9.354983399737803,37.985111569729796,0.03560444703576427,0.021327733643677578,0.1708185053380783,7.4087499999999995
2026-01-10,C020,TikTok,JP,static,921.29,35835,791,125,0.49437125087615846,0.31818998977970003,0.13980049342343184,0.0657186385105223,0.2958072251564993,8.214829813815287,36.975903144562416,0.04013497830612154,0.022073391935258826,0.15802781289506954,7.3703199999999995
2026-01-11,C020,TikTok,JP,static,1001.98,33868,666,89,0.47699396058293003,0.30209360272768954,0.11726558715822238,0.07428923058923935,0.32533421392236833,6.611741522442302,28.95474503909078,0.028897670183914648,0.01966458013464037,0.13363363363363365,11.258202247191011
2026-01-12,C020,TikTok,JP,static,667.13,24958,576,82,0.473498468496311,0.30827363000086255,0.11353789296719376,0.08488909364666561,0.3596980839818647,6.96090567902658,29.495242886512905,0.04421183866721933,0.023078772337527045,0.1423611111111111,8.135731707317072
2026-01-13,C020,TikTok,JP,static,847.97,23541,565,93,0.49423984283623795,0.2680496656825573,0.1325773266921122,0.08804080405147953,0.21796229566175254,8.187794776787596,20.270493496542986,0.023904798542977886,0.024000679665264858,0.16460176991150444,9.117956989247313
2026-01-14,C020,TikTok,JP,static,634.95,20687,453,63,0.46404073313655136,0.38046539865493173,0.15633777760544063,0.04866975045192061,0.3319555179812922,3.0661942784709986,20.913197632821408,0.032936981055181884,0.021897810218978103,0.1390728476821192,10.07857142857143
2026-01-15,C020,TikTok,JP,static,722.22,20811,479,75,0.45249416835605044,0.28009752748742145,0.10129351721164145,0.05459206629770476,0.2772710057006555,4.094404972327857,20.795325427549162,0.028793732098723043,0.02301667387439335,0.15657620041753653,9.6296
2026-01-16,C020,TikTok,JP,static,975.43,32855,655,101,0.4896329506582802,0.26768952614044356,0.1598551061662082,0.04451373297958779,0.39988872024015826,4.495887030938367,40.38876074425598,0.04140608318559706,0.019936082788007913,0.15419847328244274,9.657722772277227
2026-01-17,C020,TikTok,JP,static,694.06,26798,588,89,0.5359406940174224,0.26546483103358204,0.16407006288988235,0.07588559706514608,0.27193158773115944,6.753818138798001,24.20191130807319,0.03486990259284443,0.02194193596537055,0.15136054421768708,7.798426966292134
2026-01-18,C020,TikTok,JP,static,889.09,30734,690,101,0.4999797731266863,0.2875229921763393,0.10981993444522015,0.06570062636837687,0.3212741488251722,6.635763263206064,32.44868903134239,0.03649652937379295,0.02245070605843691,0.1463768115942029,8.802871287128713
2026-01-19,C020,TikTok,JP,static,945.66,38210,724,99,0.4872897717984165,0.30703424372814825,0.11617991998995421,0.07972041494529038,0.23687016803080083,7.8923210795837475,23.450146635049283,0.024797524163465784,0.018947919392829103,0.13674033149171272,9.552121212121213
2026-01-20,C020,TikTok,JP,static,584.72,18027,418,67,0.45272757116081785,0.3542788072935092,0.10945634176713898,0.05376090350321353,0.2829998278873155,3.6019805347153064,18.960988468450136,0.03242733001641069,0.023187441060631274,0.16028708133971292,8.727164179104477
2026-01-21,C020,TikTok,JP,static,903.71,33042,606,78,0.45934373652278193,0.3284260254922037,0.09050786239015172,0.054295258865105916,0.2887739499806329,4.235030191478262,22.524368098489365,0.02492440319719175,0.01834029417105502,0.12871287128712872,11.58602564102564
2026-01-22,C020,TikTok,JP,static,1120.93,43592,965,132,0.48716482425952606,0.2804230327396573,0.13782685080836116,0.05644436856015973,0.2935813848363443,7.4506566499410845,38.75274279839744,0.03457192635389986,0.0221370893741971,0.13678756476683937,8.49189393939394
2026-01-23,C020,TikTok,JP,static,806.02,25041,541,78,0.47117878244912426,0.24305243897900192,0.11743131809595417,0.08726412600661727,0.34792970636398424,6.806601828516147,27.13851709639077,0.03366995177475094,0.02160456850764746,0.14417744916820702,10.333589743589743
2026-01-24,C020,TikTok,JP,static,827.16,28235,621,106,0.5322801228623981,0.2536948783299544,0.08918689414696039,0.05513972756283176,0.2664129405610356,5.844811121660166,28.239771699469774,0.034140693280231595,0.021993979103949,0.1706924315619968,7.803396226415094
2026-01-25,C020,TikTok,JP,static,1344.0,45981,1012,133,0.410448484860865,0.20903420013486965,0.08797301394630776,0.08949251123061738,0.31194235116249625,11.902503993672111,41.488332704612,0.030869199662898684,0.022009090711380786,0.13142292490118576,10.105263157894736
2026-01-26,C020,TikTok,JP,static,746.25,32940,624,79,0.4720604673399193,0.25459606049269234,0.09485302654577545,0.04596471131041852,0.37022974637719663,3.6312121935230635,29.248149963798532,0.039193407493157445,0.01894353369763206,0.1266025641025641,9.44620253164557
2026-01-27,C020,TikTok,JP,static,522.64,14955,363,58,0.5202585654060188,0.33708608853682753,0.10480819653958928,0.06583244473091764,0.2465829659083287,3.818281794393223,14.301812022683064,0.027364440677873334,0.024272818455366097,0.15977961432506887,9.011034482758621
2026-01-28,C020,TikTok,JP,static,742.42,29879,588,75,0.4626391710559259,0.28187029120218654,0.10292343161148375,0.06085567186900481,0.3820642666245361,4.564175390175361,28.654819996840207,0.03859634262386507,0.0196793734730078,0.12755102040816327,9.898933333333332
2026-01-29,C020,TikTok,JP,static,638.79,24049,556,91,0.42266978893056334,0.24685102258787836,0.11599157188329526,0.0698546328081231,0.39808284957387263,6.356771585539201,36.22553931122241,0.05670963640217498,0.023119464426795293,0.16366906474820145,7.019670329670329
2026-01-30,C020,TikTok,JP,static,1076.21,34556,799,127,0.49191736713599016,0.3379616028328977,0.11991444676035992,0.0759534470322434,0.363189698564335,9.64608777309491,46.12509171767054,0.04285893661876246,0.023121889107535595,0.15894868585732166,8.474094488188976
2026-01-31,C020,TikTok,JP,static,925.97,32616,771,126,0.40046926944872163,0.3235204872850105,0.11484204801195565,0.06941792376233302,0.2523348276935068,8.746658394053961,31.794188289381857,0.03433624927283708,0.02363870493009566,0.16342412451361868,7.348968253968255
2026-02-01,C020,TikTok,JP,static,696.93,23148,476,61,0.41806896584504544,0.2249810118409006,0.0810602291633396,0.10989807721942221,0.36280819587738256,6.703782710384755,22.131299948520336,0.03175561633979009,0.020563331605322276,0.12815126050420167,11.425081967213114
2026-02-02,C020,TikTok,JP,static,1068.13,42833,890,117,0.4687136317492992,0.2873378384051932,0.08981382221650713,0.05818547382303167,0.3123051772616186,6.807700437294706,36.539705739609374,0.034209026184977766,0.020778371816123083,0.13146067415730336,9.12931623931624
2026-02-03,C020,TikTok,JP,static,793.14,30028,648,93,0.48454139356357256,0.2787097828778695,0.09907296747307469,0.07333139569628376,0.3679492408671896,6.81981979975439,34.21927940064863,0.04314385636348207,0.021579858798454775,0.14351851851851852,8.528387096774193
2026-02-04,C020,TikTok,JP,static,718.89,24003,488,73,0.44753324304468417,0.2096750970321717,0.12391212737491569,0.05257326284754476,0.3125830035396867,3.8378481878707675,22.81855925839713,0.03174115924694988,0.02033079198433529,0.14959016393442623,9.847808219178082
2026-02-05,C020,TikTok,JP,static,552.89,19720,452,65,0.3787100268234466,0.2753201891747565,0.11208920471968549,0.03829611370339856,0.3253874089506992,2.4892473907209065,21.150181581795447,0.038254038957414284,0.022920892494929006,0.14380530973451328,8.506
2026-02-06,C020,TikTok,JP,static,817.12,24105,577,94,0.49211597366195153,0.2866669458649814,0.12806067154461792,0.07396944735135141,0.3630826109959487,6.953128051027033,34.12976543361918,0.04176848434312047,0.02393694254304086,0.16291161178509533,8.692765957446808
2026-02-07,C020,TikTok,JP,static,790.39,28222,625,84,0.3710601537794559,0.23006542153024118,0.15493450399935652,0.056522889279177944,0.39628178833967326,4.747922699450947,33.287670220532554,0.04211573250657661,0.02214584366806038,0.1344,9.409404761904762
2026-02-08,C020,TikTok,JP,static,751.49,29453,628,89,0.4487849103428908,0.2381385019529378,0.09443942348255374,0.0526347750523343,0.35473981963045215,4.684494979657752,31.571843947110242,0.04201216739234253,0.021322106406817642,0.14171974522292993,8.44370786516854
2026-02-09,C020,TikTok,JP,static,846.57,36950,692,90,0.5034930886594907,0.2765713961349415,0.11330480488477114,0.061883235756241994,0.3935081339965233,5.5694912180617795,35.415732059687095,0.041834307762953465,0.018728010825439782,0.13005780346820808,9.406333333333334
2026-02-10,C020,TikTok,JP,static,742.73,24127,565,71,0.4635295026834535,0.3022128502413574,0.11265035179054253,0.06671198679308607,0.2844849137579263,4.736551062309111,20.198428876812766,0.02719477912392781,0.023417747751481744,0.1256637168141593,10.460985915492959
2026-02-11,C020,TikTok,JP,static,924.86,31471,641,95,0.474938900378594,0.3032898898373348,0.10314613194225046,0.05385363517959983,0.22523215039049632,5.116095342061984,21.397054287097152,0.02313549542948486,0.020367957802421278,0.1482059282371295,9.735368421052632
2026-02-12,C020,TikTok,JP,static,797.43,25188,562,76,0.5123021616077157,0.2874964602029291,0.10534446014080885,0.06037749539767619,0.1167967570673028,4.58868965022339,8.876553537115013,0.01113139905955342,0.02231221216452279,0.13523131672597866,10.4925
2026-02-13,C020,TikTok,JP,static,793.04,25024,558,89,0.4782548313136971,0.2895138562518711,0.08696581680122148,0.05558022224608753,0.27466459392873777,4.9466397799017905,24.44514885965766,0.03082461696683987,0.02229859335038363,0.15949820788530467,8.910561797752809
2026-02-14,C020,TikTok,JP,static,939.02,38689,775,130,0.45240754620210366,0.3162914333830549,0.12569529608552035,0.07418473997872134,0.30813856559196345,9.644016197233775,40.05801352695525,0.042659558317237146,0.020031533510817028,0.16774193548387098,7.223230769230769
2026-02-15,C020,TikTok,JP,static,707.9,27106,494,73,0.46639823754081017,0.2866367030642098,0.10930082153552838,0.07986336650340199,0.2572005757169047,5.830025754748346,18.775642027334044,0.02652320174443033,0.018224747288423226,0.14777327935222673,9.697260273972603
2026-02-16,C020,TikTok,JP,static,589.93,19620,435,63,0.4406511864625521,0.29284931516387386,0.08737155506413669,0.07139917139884855,0.2440087266627506,4.498147798127459,15.372549779753289,0.026058089475312584,0.02217125382262997,0.14482758620689656,9.363968253968252
2026-02-17,C020,TikTok,JP,static,1079.71,32498,792,111,0.4285647577061629,0.29047489573041085,0.0751864118037559,0.04686691105110456,0.36875444560652737,5.202227126672606,40.93174346232454,0.03790997693143889,0.024370730506492706,0.14015151515151514,9.727117117117118
2026-02-18,C020,TikTok,JP,static,1004.16,29971,652,112,0.49560836755830884,0.2929618062413258,0.1572957668034689,0.07001353032682783,0.3128594205743501,7.841515396604717,35.040255104327215,0.03489515923243662,0.02175436255046545,0.17177914110429449,8.965714285714286
2026-02-19,C020,TikTok,JP,static,576.05,18987,424,66,0.5533499266456645,0.31489942635883955,0.15227970285679807,0.08385611852268687,0.3818225546346679,5.534503822497333,25.200288605888083,0.043746741697484194,0.022331068625901934,0.15566037735849056,8.728030303030302
2026-02-20,C020,TikTok,JP,static,673.46,24184,527,83,0.44934238057043807,0.2429565283292171,0.12598108132409014,0.07760269506606601,0.30570338284691134,6.441023690483479,25.37338077629364,0.03767596676179575,0.02179126695335759,0.15749525616698293,8.113975903614458
2026-02-21,C020,TikTok,JP,static,688.93,30714,561,90,0.5252861482913066,0.2782651827085669,0.12299569424140364,0.07637155306410963,0.27820015629063355,6.873439775769866,25.038014066157018,0.03634323925355341,0.01826528618870873,0.16042780748663102,7.6547777777777775
2026-02-22,C020,TikTok,JP,static,782.23,27946,588,83,0.45870481536744445,0.2519528423852053,0.0999346924819355,0.08611570698685202,0.26828440108649715,7.147603679908717,22.26760529017926,0.02846695222735312,0.021040578258069133,0.141156462585034,9.424457831325302
2026-02-23,C020,TikTok,JP,static,521.57,18262,430,70,0.5739268358378004,0.25243915230850833,0.11038325978477426,0.06916429243410187,0.4459354673549225,4.841500470387131,31.215482714844576,0.05984955587359112,0.02354616142810207,0.16279069767441862,7.4510000000000005
2026-02-24,C020,TikTok,JP,static,1120.48,41879,816,106,0.5085401790162899,0.27590489387430933,0.11577749819719808,0.07958809962213578,0.1890705872856699,8.436338559946392,20.041482252281007,0.017886448465581753,0.019484705938537215,0.12990196078431374,10.57056603773585
2026-02-25,C020,TikTok,JP,static,700.76,26634,534,84,0.48402086354281765,0.28902645474585753,0.1305891337026886,0.05791983926868728,0.3424286460137004,4.865266498569731,28.764006265150833,0.04104709041944052,0.020049560711872045,0.15730337078651685,8.342380952380953
2026-02-26,C020,TikTok,JP,static,665.4,19789,459,76,0.40145112276747486,0.3016023112306174,0.10474382262877575,0.07002544247978292,0.2431788609860127,5.321933628463501,18.481593434936965,0.027775059913982006,0.02319470412855627,0.1655773420479303,8.755263157894737
2026-02-27,C020,TikTok,JP,static,1191.45,36064,883,143,0.5039396268271193,0.377280651401614,0.12342413816000841,0.07804844434979691,0.42962836293332307,11.160927542020957,61.4368558994652,0.05156485492960953,0.02448425022182786,0.16194790486976218,8.331818181818182
2026-02-28,C020,TikTok,JP,static,621.21,22711,464,73,0.36804396135789974,0.28132518031552667,0.12028984581422207,0.09343514356650923,0.3314110783217818,6.820765480355173,24.19300871749007,0.038944693692670534,0.020430628329884196,0.15732758620689655,8.50972602739726
2026-03-01,C020,TikTok,JP,static,796.83,27732,551,75,0.4437719263854149,0.28156576650194165,0.0724274273472038,0.06302224641808894,0.2835564248012494,4.726668481356671,21.266731860093703,0.026689284556933476,0.01986874368960046,0.13611615245009073,10.624400000000001
2026-01-01,C021,TikTok,BR,static,1061.63,80813,1698,242,0.3910791167991689,0.28762404513745454,0.13695629296934062,0.005675098992093862,0.15578749057310903,1.3733739560867146,37.700572718692385,0.0355119153362882,0.021011470926707337,0.1425206124852768,4.386900826446282
2026-01-02,C021,TikTok,BR,static,1108.21,76300,1626,230,0.3842177130164318,0.14856403888591604,0.08960869891683268,0.03730688510648791,0.11638693199177537,8.580583574492218,26.768994358108333,0.024155200185635755,0.021310615989515072,0.14145141451414514,4.818304347826087
2026-01-03,C021,TikTok,BR,static,803.56,60323,1142,190,0.3756991629799371,0.2206375660691292,0.11275721874762662,0.018411377723105454,0.02,3.498161767390036,3.8000000000000003,0.0047289800087378046,0.018931419193342507,0.16637478108581435,4.229263157894737
2026-01-04,C021,TikTok,BR,static,760.38,51519,1126,167,0.34067113640469326,0.1896439399870582,0.11225454086114395,0.007469661501383219,0.23766577447497372,1.2474334707309975,39.69018433732061,0.052197978225762234,0.021856014285991578,0.1483126110124334,4.5531736526946105
2026-01-05,C021,TikTok,BR,static,646.84,43803,998,129,0.3844559539227004,0.24100766212160396,0.1141591316817949,0.01706304997092803,0.10868281206603253,2.201133446249716,14.020082756518196,0.021674686116906476,0.022783827591717463,0.12925851703406813,5.014263565891473
2026-01-06,C021,TikTok,BR,static,850.8,77027,1526,204,0.34931179629055603,0.2261181945199313,0.10037322432636941,0.024244415392799833,0.20395157732495184,4.945860740131166,41.60612177429017,0.04890223539736613,0.019811235021485973,0.13368283093053734,4.170588235294117
2026-01-07,C021,TikTok,BR,static,1021.58,72550,1501,232,0.3838229834249311,0.24658991461025107,0.09200746579524666,0.010953094815156541,0.06334734461583275,2.5411179971163174,14.696583950873197,0.014386180540325446,0.020689179875947622,0.15456362425049966,4.403362068965517
2026-01-08,C021,TikTok,BR,static,772.38,71499,1354,212,0.38024715296915446,0.21116611685651343,0.11033325425278531,0.005347539537311052,0.17404086782578743,1.133678381909943,36.896663979066936,0.0477699431442316,0.01893732779479433,0.15657311669128507,3.643301886792453
2026-01-09,C021,TikTok,BR,static,883.57,66422,1565,222,0.37502449791855436,0.1911687795223945,0.060700674698653145,0.010613695352322325,0.07997111976301988,2.3562403682155564,17.753588587390414,0.020093093322177596,0.023561470597091325,0.14185303514376996,3.980045045045045
2026-01-10,C021,TikTok,BR,static,743.0,59617,1361,179,0.363238363870598,0.2650061898663669,0.09260755700390547,0.039811710611442674,0.12675143845263243,7.126296199448238,22.688507483021205,0.03053651158080347,0.022829058825502794,0.13152094048493754,4.150837988826815
2026-01-11,C021,TikTok,BR,static,1024.62,64366,1538,213,0.36325683269568154,0.30233704452768356,0.12248439903637157,0.02328220370855427,0.19922039536911382,4.959109389922059,42.433944213621245,0.041414332279867266,0.023894602740577323,0.13849154746423928,4.810422535211267
2026-01-12,C021,TikTok,BR,static,918.53,78051,1577,220,0.371955651769179,0.24794715460541739,0.1043233297417267,0.03277229478020252,0.05678149732414203,7.209904851644555,12.491929411311247,0.013599976509922382,0.020204737927765178,0.13950538998097653,4.175136363636364
2026-01-13,C021,TikTok,BR,static,1032.35,66311,1505,192,0.32625105307843666,0.21876573920458986,0.0804093741720251,0.04123213649970602,0.115904942124735,7.916570207943556,22.25374888794912,0.021556424318372933,0.022696083606038215,0.12757475083056477,5.376822916666666
2026-01-14,C021,TikTok,BR,static,712.76,51087,1034,134,0.43702072474791115,0.2715408410184404,0.08771730393770358,0.0399982682496136,0.06878337158137676,5.359767945448222,9.216971791904486,0.01293145310309028,0.020239982774482745,0.12959381044487428,5.3191044776119405
2026-01-15,C021,TikTok,BR,static,823.65,69447,1381,216,0.38863640242758607,0.21128914947594024,0.07447057410779587,0.035311859609565094,0.1322493776466378,7.6273616756660605,28.565865571673765,0.034682004112852834,0.019885668207409966,0.1564083997103548,3.8131944444444446
2026-01-16,C021,TikTok,BR,static,687.11,47588,1058,140,0.4966816160910751,0.28837530961204405,0.09970612097648232,0.020050889307005035,0.02,2.807124502980705,2.8000000000000003,0.004075009326765485,0.022232495587122803,0.1323251417769376,4.907928571428571
2026-01-17,C021,TikTok,BR,static,770.85,65074,1272,173,0.3938523179573118,0.2671486703709425,0.10439590853516535,0.041660238322189735,0.13759964574541533,7.207221229738824,23.80473871395685,0.03088095939221654,0.01954697728739589,0.1360062893081761,4.455780346820809
2026-01-18,C021,TikTok,BR,static,1022.83,65750,1558,207,0.4186477664923517,0.2140703771987266,0.07901733650154179,0.005,0.15440196495840358,1.035,31.961206746389543,0.03124791615505244,0.023695817490494295,0.13286264441591783,4.9412077294686
2026-01-19,C021,TikTok,BR,static,931.17,78811,1738,276,0.378226343134378,0.25285947060938796,0.09121081232169916,0.0378897751443257,0.15656757612659478,10.457577939833893,43.21265101094016,0.04640707789912131,0.02205275913260839,0.15880322209436135,3.373804347826087
2026-01-20,C021,TikTok,BR,static,965.13,93696,1702,236,0.4183003015065064,0.25305414060888776,0.08071671964813093,0.023217183375708817,0.10119140594330403,5.47925527666728,23.88117180261975,0.02474412262167223,0.018165129781420764,0.13866039952996476,4.089533898305085
2026-01-21,C021,TikTok,BR,static,1130.42,76471,1758,231,0.3587828708142605,0.22692335176577097,0.07768697321161072,0.027213231827718735,0.17492798564016504,6.286256552203028,40.40836468287812,0.035746230352299097,0.022989106981731636,0.13139931740614336,4.893593073593074
2026-01-22,C021,TikTok,BR,static,1091.44,80367,1769,234,0.4156370331908886,0.22346100989604453,0.0919886697839627,0.023673198043614722,0.13737341925618293,5.539528342205845,32.145380105946806,0.02945214109081367,0.022011522142172783,0.13227812323346524,4.664273504273504
2026-01-23,C021,TikTok,BR,static,877.53,60166,1364,227,0.3426200256467332,0.2879089548019432,0.09333498669974655,0.011372230458405703,0.02,2.5814963140580947,4.54,0.005173600863604457,0.022670611308712563,0.16642228739002932,3.865770925110132
2026-01-24,C021,TikTok,BR,static,741.59,71408,1375,184,0.4264606665749978,0.16529556361731354,0.09340827906836989,0.026465344419194427,0.03955145149482639,4.869623373131775,7.2774670750480555,0.009813268233646403,0.019255545597131975,0.1338181818181818,4.030380434782609
2026-01-25,C021,TikTok,BR,static,807.96,67925,1530,202,0.41504411581814954,0.2529300581003706,0.10479742926801537,0.043360977093084715,0.02,8.758917372803113,4.04,0.00500021720039352,0.022524843577475157,0.13202614379084968,3.99980198019802
2026-01-26,C021,TikTok,BR,static,1038.76,94974,1779,267,0.3693790470596233,0.19939114697531649,0.11537780042650637,0.03257683297775819,0.0676447836902056,8.698014405061436,18.061157245284896,0.017387305951193473,0.018731442289468696,0.15008431703204048,3.890486891385768
2026-01-27,C021,TikTok,BR,static,991.67,67897,1398,218,0.3465670127052904,0.22347684923134822,0.07134031931234125,0.005,0.11851847116041918,1.09,25.83702671297138,0.02605414512076467,0.02059001134070725,0.15593705293276108,4.54894495412844
2026-01-28,C021,TikTok,BR,static,664.4,42341,997,171,0.39683813714241734,0.23038188294021017,0.09360329417897603,0.006389775342181669,0.07169433857998903,1.0926515835130655,12.259731897178124,0.01845228397665313,0.023546916700125174,0.1715145436308927,3.8853801169590643
2026-01-29,C021,TikTok,BR,static,944.0,59426,1384,207,0.3486403003594478,0.22990420753525986,0.08148479477718464,0.00984421537152138,0.11325534585490181,2.0377525819049254,23.443856591964675,0.02483459658737098,0.023289469255881264,0.1495664739884393,4.5603864734299515
2026-01-30,C021,TikTok,BR,static,1166.87,71589,1691,248,0.38772070195747155,0.2639442235588306,0.08443248508097397,0.020059860082974647,0.20712625328099965,4.974845300577712,51.367310813687915,0.04402160464925293,0.023620947352246853,0.14665878178592548,4.7051209677419354
2026-01-31,C021,TikTok,BR,static,1119.98,76560,1596,216,0.317991405346019,0.24325067192737143,0.10220662405024344,0.03137463515008369,0.14470319699052409,6.776921192418078,31.255890549953204,0.027907445225152573,0.020846394984326017,0.13533834586466165,5.185092592592593
2026-02-01,C021,TikTok,BR,static,1122.1,92680,1879,268,0.42700769298818275,0.2735355238688673,0.11368737826121506,0.028997235175410283,0.25196795041220194,7.771259027009956,67.52741071047012,0.06017932797937683,0.020274061286145877,0.14262905800957956,4.186940298507462
2026-02-02,C021,TikTok,BR,static,852.88,69834,1531,222,0.44267136214620784,0.2649531724738473,0.08881536514124488,0.05096694675431656,0.1882408094894195,11.314662179458276,41.78945970665113,0.048997848036530754,0.021923418392187186,0.14500326583932072,3.8418018018018016
2026-02-03,C021,TikTok,BR,static,785.29,58225,1219,202,0.3605976236780481,0.1838046360973136,0.09739730410220279,0.018476005544751265,0.09208153307273015,3.7321531200397557,18.60046968069149,0.023686108479137158,0.020936024044654358,0.1657095980311731,3.8875742574257424
2026-02-04,C021,TikTok,BR,static,879.15,65056,1500,198,0.36856476758702805,0.23578732775919456,0.11241778157240441,0.031445285311072706,0.0498026251220306,6.226166491592395,9.860919774162058,0.01121646630976963,0.023057058534185933,0.132,4.440151515151515
2026-02-05,C021,TikTok,BR,static,735.13,49528,1117,175,0.39882205463522513,0.23899261942130628,0.1108039661271581,0.029237245885162105,0.09207136727599485,5.116518029903369,16.1124892732991,0.02191780618507968,0.022552899370053302,0.1566696508504924,4.200742857142857
2026-02-06,C021,TikTok,BR,static,802.65,58426,1375,180,0.4345354551574973,0.2536333751122085,0.10639290913802482,0.025207030838003366,0.2169477800770525,4.537265550840606,39.050600413869454,0.04865231876627863,0.02353404306301989,0.13090909090909092,4.4591666666666665
2026-02-07,C021,TikTok,BR,static,775.42,49644,1134,184,0.39061016232364865,0.25555934713996475,0.08068384566435588,0.005,0.14629614664340193,0.92,26.918490982385954,0.034714864665104636,0.02284263959390863,0.16225749559082892,4.214239130434782
2026-02-08,C021,TikTok,BR,static,737.58,58411,1343,183,0.4700383146454521,0.24331924834691676,0.05978810710734136,0.027129072464961424,0.2228707232675199,4.964620261087941,40.78534235795614,0.055295820488352965,0.02299224461146017,0.13626209977661952,4.0304918032786885
2026-02-09,C021,TikTok,BR,static,881.2,62738,1264,189,0.39480425057014407,0.28636669486375177,0.12202681689730654,0.017751593320283587,0.09459185389484606,3.355051137533598,17.877860386125906,0.02028814667185343,0.020147279160955083,0.1495253164556962,4.662433862433863
2026-02-10,C021,TikTok,BR,static,734.08,51622,1054,154,0.4131854312004907,0.26867506885290193,0.09925244292465235,0.019542076492574625,0.10627447781766704,3.0094797798564925,16.366269583920722,0.02229485375187988,0.0204176513889427,0.1461100569259962,4.766753246753247
2026-02-11,C021,TikTok,BR,static,689.18,54206,1050,156,0.37468752297386854,0.2588472928143925,0.05723555285806975,0.022007876601521165,0.07424384224092168,3.4332287498373018,11.582039389583782,0.0168055058895084,0.019370549385676863,0.14857142857142858,4.417820512820512
2026-02-12,C021,TikTok,BR,static,991.42,60100,1430,212,0.361137038411339,0.22769021895316202,0.12974032212117015,0.027197672810281924,0.07371523311301911,5.765906635779768,15.627629419960051,0.015762811896357386,0.0237936772046589,0.14825174825174825,4.676509433962264
2026-02-13,C021,TikTok,BR,static,742.83,53656,1147,148,0.3987657602234184,0.2324254512773773,0.12052793061608168,0.049183278380546716,0.05529997807655737,7.279125200320914,8.184396755330491,0.011017834705727581,0.021376919636200985,0.12903225806451613,5.019121621621622
2026-02-14,C021,TikTok,BR,static,1074.89,80273,1968,305,0.3913646339269934,0.19489984801532714,0.07462008588239376,0.024598524858998903,0.10446818309896522,7.5025500819946656,31.86279584518439,0.029642941511185395,0.02451633799658665,0.15497967479674796,3.5242295081967216
2026-02-15,C021,TikTok,BR,static,994.72,71324,1527,221,0.4147605491948786,0.28051910480154135,0.0808418506167658,0.0419301854602694,0.14100844489000375,9.266570986719538,31.162866320690828,0.031328399239150505,0.02140934327855981,0.14472822527832352,4.500995475113123
2026-02-16,C021,TikTok,BR,static,1010.89,70977,1673,237,0.40682881591652587,0.24499372415591097,0.05422007964384662,0.005,0.09261335959394805,1.185,21.949366223765686,0.0217129402726343,0.023571015962917566,0.14166168559474,4.26535864978903
2026-02-17,C021,TikTok,BR,static,795.45,64263,1174,199,0.3595911953312263,0.2499803610533172,0.10241745484706999,0.03960674211857392,0.16175691618366392,7.8817416815962105,32.18962632054912,0.04046712533074255,0.018268677154816924,0.1695059625212947,3.997236180904523
2026-02-18,C021,TikTok,BR,static,688.13,50019,1147,153,0.4580790929471467,0.2599484435305261,0.08973166178587264,0.021733642651455658,0.23729256522647849,3.3252473256727155,36.30576247965121,0.05275995223949497,0.022931286111277715,0.13339145597210114,4.497581699346405
2026-02-19,C021,TikTok,BR,static,948.69,71674,1666,273,0.36318774121121394,0.2145220812962809,0.08822148883076071,0.013353167569309465,0.0965803481060163,3.645414746421484,26.36643503294245,0.02779241257874098,0.023244133158467507,0.1638655462184874,3.475054945054945
2026-02-20,C021,TikTok,BR,static,1232.88,80657,1771,246,0.44105557197942685,0.22415384229672133,0.1052463771523865,0.01236356678465458,0.02,3.041437429025027,4.92,0.003990645041721315,0.021957176686462427,0.13890457368718237,5.011707317073171
2026-02-21,C021,TikTok,BR,static,961.42,84048,1823,261,0.4115798722544366,0.2452906631733794,0.08955513758507398,0.005,0.20688783295309165,1.305,53.99772440075692,0.05616478003432125,0.021689986674281365,0.14317059791552386,3.6836015325670495
2026-02-22,C021,TikTok,BR,static,850.41,66192,1302,167,0.4644131487238415,0.239514316974069,0.09196693011051571,0.02959829200294526,0.10947365489542757,4.942914764491858,18.282100367536405,0.021497988176853413,0.01967005076142132,0.1282642089093702,5.0922754491017965
2026-02-23,C021,TikTok,BR,static,1046.66,63967,1485,216,0.38434510877589306,0.269112830812845,0.11670209287698163,0.014452275886280626,0.10570155417412758,3.121691591436615,22.831535701611557,0.02181379236997972,0.023215095283505557,0.14545454545454545,4.845648148148149
2026-02-24,C021,TikTok,BR,static,707.88,49759,1134,181,0.4025783006438114,0.2597278035735055,0.08536872561069468,0.006299671527468617,0.03490854474756111,1.1402405464718197,6.318446599308561,0.008925866425934157,0.022789847062842903,0.15961199294532627,3.910939226519337
2026-02-25,C021,TikTok,BR,static,1118.89,81433,1916,270,0.4262766690226159,0.2719467327174124,0.073983109154141,0.015915638405718715,0.1312595203403942,4.297222369544053,35.44007049190643,0.031674358935342234,0.02352854493878403,0.1409185803757829,4.144037037037037
2026-02-26,C021,TikTok,BR,static,1200.45,107305,1977,278,0.3813101260546668,0.2391001580929998,0.11058569157980269,0.04704812628758241,0.10517314561506669,13.079379107947911,29.23813448098854,0.024356019685018437,0.018424118167839336,0.1406170966110268,4.318165467625899
2026-02-27,C021,TikTok,BR,static,712.2,68164,1302,177,0.40757398345787915,0.20611533503783386,0.06162001334089687,0.04645808983857144,0.12232141741513147,8.223081901427145,21.650890882478272,0.03040015464925811,0.019100991725837686,0.1359447004608295,4.023728813559322
2026-02-28,C021,TikTok,BR,static,1011.74,67933,1531,228,0.4136955120479627,0.24788987712508967,0.09850155834204612,0.05447400931506194,0.0862600532912803,12.420074123834121,19.667292150411907,0.019439027931778492,0.022536911368554312,0.14892227302416722,4.437456140350878
2026-03-01,C021,TikTok,BR,static,1010.96,91001,1847,266,0.4111356605449467,0.24599190361306378,0.1312908140889874,0.0461715617703949,0.18870646811545277,12.281635430925043,50.19592051871044,0.049651928287254565,0.020296480258458698,0.14401732539252843,3.8006015037593985
2026-01-01,C022,TikTok,BR,video,459.97,34424,863,159,0.4222089963225618,0.2392971202807981,0.1330202686507998,0.038946083622963534,0.14841475860296777,6.192427296051202,23.597946617871877,0.05130331165026344,0.025069718800836624,0.1842410196987254,2.8928930817610063
2026-01-02,C022,TikTok,BR,video,1101.33,66804,1877,292,0.4759543064867295,0.2867081666802339,0.0932279521074432,0.06293245164064669,0.02,18.37627587906883,5.84,0.005302702446107137,0.028097119932938147,0.1555673947789025,3.7716780821917806
2026-01-03,C022,TikTok,BR,video,740.33,48379,1078,193,0.3745577853999461,0.23882037878628912,0.0967577510752897,0.016067077373733557,0.13237509416301727,3.1009459331305766,25.548393173462333,0.03450958720644983,0.022282395254139192,0.1790352504638219,3.8359067357512955
2026-01-04,C022,TikTok,BR,video,844.02,45549,1327,211,0.4683758310558915,0.3259237480514802,0.13608395973002968,0.07092101259302648,0.31661408780884626,14.964333657128588,66.80557252766656,0.07915206799504801,0.029133460668730377,0.15900527505651846,4.000094786729858
2026-01-05,C022,TikTok,BR,video,780.97,48122,1361,231,0.3820220091635238,0.22216936235427992,0.09038713499327229,0.02378013915010916,0.16443706555941592,5.493212143675216,37.98496214422508,0.04863809488996101,0.028282282531898094,0.16972814107274062,3.3808225108225107
2026-01-06,C022,TikTok,BR,video,809.14,49361,1196,200,0.41304253974386385,0.2901966255709919,0.1251931669746466,0.018004417868086375,0.2122756677668302,3.600883573617275,42.45513355336604,0.052469735612777284,0.024229654990782196,0.16722408026755853,4.0457
2026-01-07,C022,TikTok,BR,video,1204.94,72081,1944,364,0.40538896498280075,0.29953707409714064,0.09338068596335689,0.028760781923806145,0.07799246771612395,10.468924620265437,28.389258248669115,0.023560708859677187,0.026969659133474842,0.18724279835390947,3.3102747252747253
2026-01-08,C022,TikTok,BR,video,911.05,58723,1580,273,0.3388036857958791,0.2370134416637884,0.09161476417896541,0.050137122191794135,0.12616896442647174,13.687434358359798,34.444127288426785,0.0378072628099367,0.02690598232379136,0.17278481012658228,3.337179487179487
2026-01-09,C022,TikTok,BR,video,770.94,49497,1217,233,0.3705062497643401,0.2633769460440255,0.07819507932574574,0.03352616982791926,0.13566090423653585,7.811597569905188,31.60899068711285,0.041000718947052484,0.02458734872820575,0.1914543960558751,3.308755364806867
2026-01-10,C022,TikTok,BR,video,1021.39,64451,1520,243,0.4909814487165123,0.2920736198345468,0.12970976586050226,0.029482934305506067,0.18578978125905574,7.164353036237975,45.14691684595054,0.0442013396822707,0.02358380785402864,0.15986842105263158,4.2032510288065845
2026-01-11,C022,TikTok,BR,video,1093.38,85529,2039,377,0.40452165868730144,0.26597721693521353,0.09448821719923486,0.03643098065657615,0.12558633234711944,13.734479707529209,47.34604729486403,0.0433026241197284,0.023839867179553133,0.18489455615497793,2.900212201591512
2026-01-12,C022,TikTok,BR,video,827.75,61451,1563,251,0.46827861783472163,0.2689806086281745,0.08726440535695106,0.03374879070955185,0.19593088730905472,8.470946468097514,49.178652714572735,0.05941272892484497,0.025434899350702186,0.16058861164427382,3.297808764940239
2026-01-13,C022,TikTok,BR,video,775.67,46630,1110,205,0.4155375975624728,0.2237126770955627,0.12720847268436353,0.007912697021976226,0.11099593592907761,1.6221028895051264,22.75416686546091,0.029334674321244862,0.023804417756808922,0.18468468468468469,3.783756097560975
2026-01-14,C022,TikTok,BR,video,610.92,39728,1132,177,0.3448435098072863,0.2108046846242292,0.10785807141623484,0.027139384119451153,0.08764007672684423,4.803670989142854,15.512293580651429,0.02539189094773967,0.028493757551349173,0.15636042402826855,3.4515254237288135
2026-01-15,C022,TikTok,BR,video,744.63,36258,1070,154,0.3820841344334727,0.23940229955617645,0.08847033865643324,0.05183140448251801,0.16878915574407977,7.982036290307773,25.993529984588285,0.0349079714173748,0.029510728666776988,0.14392523364485982,4.83525974025974
2026-01-16,C022,TikTok,BR,video,901.64,49069,1403,263,0.447400122514245,0.2755907935236388,0.09859442492348475,0.027221314524019106,0.05382157619325485,7.159205719817025,14.155074538826026,0.015699299499451192,0.028592390307526135,0.18745545260156807,3.4282889733840305
2026-01-17,C022,TikTok,BR,video,1033.29,67225,1577,279,0.4437394667615432,0.2976962529958567,0.1357090107336335,0.026337287952016026,0.1432132192354766,7.3481033386124714,39.95648816669797,0.03866924672467791,0.02345853477129044,0.17691819911223844,3.7035483870967743
2026-01-18,C022,TikTok,BR,video,769.5,52110,1303,246,0.36121160087198406,0.2598697575730884,0.10449970947488818,0.045883146846287234,0.24041430800225994,11.28725412418666,59.141919768555944,0.07685765257039359,0.02500479754365765,0.18879508825786645,3.1280487804878048
2026-01-19,C022,TikTok,BR,video,1036.75,59147,1596,253,0.43836634852183326,0.27684050752740114,0.13365452695398228,0.03876725525752811,0.24171752266920277,9.808115580154611,61.1545332353083,0.058986716468091026,0.026983617089624157,0.15852130325814537,4.0978260869565215
2026-01-20,C022,TikTok,BR,video,725.64,41407,1071,206,0.2940651728626985,0.2078977502064166,0.13127615509550355,0.031779164311515194,0.08897175342709798,6.54650784817213,18.328181205982183,0.025257903737578975,0.025865191875769796,0.19234360410831,3.5225242718446603
2026-01-21,C022,TikTok,BR,video,990.51,65407,1680,297,0.3884889161018722,0.28850141249580463,0.1093907400739163,0.0062945223808899,0.2592267394129042,1.8694731471243002,76.99034160563255,0.07772816583464566,0.02568532420077362,0.1767857142857143,3.335050505050505
2026-01-22,C022,TikTok,BR,video,521.3,41931,967,160,0.49125756030026735,0.2652977574223525,0.0951649633260208,0.037698227545748204,0.16018202536811832,6.0317164073197125,25.62912405889893,0.049164266782325224,0.023061696596789964,0.1654601861427094,3.2581249999999997
2026-01-23,C022,TikTok,BR,video,833.81,62695,1391,263,0.5364806826132268,0.289966242882022,0.11844215851174203,0.03520459105692433,0.09383304187018904,9.258807447971098,24.678090011859716,0.029596931085793858,0.02218677725496451,0.18907260963335729,3.170380228136882
2026-01-24,C022,TikTok,BR,video,1093.47,66611,1973,297,0.4270406076283502,0.2645311591259053,0.12646727293218146,0.04084676124575985,0.11403403738948208,12.131488089990675,33.86810910467618,0.030972946966835863,0.029619732476617977,0.15053218449062342,3.681717171717172
2026-01-25,C022,TikTok,BR,video,985.9,48098,1413,269,0.4650460152612839,0.24676520359404586,0.16083567755011483,0.04087475640602965,0.057422853800623244,10.995309473221976,15.446747672367653,0.015667634020235636,0.029377520894839703,0.19037508846426043,3.6650557620817845
2026-01-26,C022,TikTok,BR,video,865.1,47975,1244,214,0.3506822861247067,0.21230206036057778,0.1173126939036612,0.024854666006834312,0.07807301972674341,5.318898525462543,16.70762622152309,0.0193128500728883,0.025930171964564878,0.1720257234726688,4.042523364485981
2026-01-27,C022,TikTok,BR,video,690.04,46883,1285,213,0.4049646646679156,0.2357927907578195,0.06726639402504209,0.03383104667984775,0.1250981287717839,7.206012942807571,26.64590142838997,0.038614731712611684,0.02740865558944607,0.16575875486381322,3.2396244131455396
2026-01-28,C022,TikTok,BR,video,830.67,62135,1509,287,0.4631434476900197,0.26893923564699207,0.12816462859577016,0.03072776378814569,0.13020234112354717,8.818868207197813,37.36807190245804,0.04498534120892907,0.024285829242777824,0.1901921802518224,2.894320557491289
2026-01-29,C022,TikTok,BR,video,854.4,70950,1620,297,0.32399131762871297,0.17005250102738048,0.14075816933404484,0.03087852243196731,0.0765217033859461,9.170921162294292,22.726945905625993,0.026599768412222825,0.022832980972515855,0.18333333333333332,2.8767676767676766
2026-01-30,C022,TikTok,BR,video,947.34,53382,1572,244,0.35777866077484455,0.28741587605782615,0.08725287875067535,0.03632594003199705,0.17768471639926672,8.863529367807281,43.35507080142108,0.04576488152834323,0.029448128582668317,0.15521628498727735,3.8825409836065576
2026-01-31,C022,TikTok,BR,video,681.03,43660,1015,182,0.4585288437435109,0.18856130068953414,0.09672121387810655,0.027960535098481704,0.14635060669660113,5.08881738792367,26.635810418781407,0.03911113425667902,0.023247824095281724,0.1793103448275862,3.7419230769230767
2026-02-01,C022,TikTok,BR,video,640.66,35453,973,171,0.45149214684427086,0.24707734933403236,0.11806325448032151,0.015272395079748417,0.02264954082097917,2.611579558636979,3.8730714803874378,0.0060454224519341055,0.027444786054776748,0.17574511819116137,3.746549707602339
2026-02-02,C022,TikTok,BR,video,826.03,53907,1432,233,0.4725695159859741,0.2508947051172897,0.11284894973774393,0.035617232801995746,0.0927289119548726,8.29881524286501,21.605836485485316,0.026156310765976628,0.026564268091342498,0.1627094972067039,3.5451931330472104
2026-02-03,C022,TikTok,BR,video,672.27,39216,1153,185,0.3712233920441938,0.24831673608525567,0.09054753310687927,0.01583165798475377,0.14262895048213875,2.9288567271794475,26.38635583919567,0.039249469568850295,0.02940126478988168,0.16045099739809193,3.6338918918918917
2026-02-04,C022,TikTok,BR,video,662.62,38173,1078,192,0.45913812327846226,0.2785451283536568,0.09722346775423624,0.04173842663626766,0.09358144195888682,8.013777914163391,17.967636856106267,0.027116215237246902,0.0282398553951746,0.17810760667903525,3.4511458333333334
2026-02-05,C022,TikTok,BR,video,587.4,31776,877,166,0.43946098635932107,0.284957231784829,0.08053387403104263,0.005,0.0727048937831607,0.8300000000000001,12.069012368004675,0.020546440289338337,0.02759944612286002,0.18928164196123148,3.5385542168674697
2026-02-06,C022,TikTok,BR,video,729.25,40219,1042,198,0.42108630695286686,0.2628567905638666,0.12765206711734492,0.02964773402453664,0.1117450703324963,5.870251336858255,22.125523925834266,0.030340309016412822,0.025908152863074668,0.19001919385796545,3.683080808080808
2026-02-07,C022,TikTok,BR,video,1206.83,68935,1864,321,0.4157546267640365,0.3023015426660782,0.0896253877931301,0.050755764277043855,0.15263067606299813,16.292600332931077,48.9944470162224,0.040597679216581244,0.027039965184594183,0.17221030042918456,3.759595015576324
2026-02-08,C022,TikTok,BR,video,894.8,46894,1266,243,0.48361133143454116,0.29527612769272904,0.09404301638475528,0.01480999914215696,0.14728018112581254,3.5988297915441416,35.78908401357245,0.03999686684888047,0.026997057192817843,0.19194312796208532,3.682304526748971
2026-02-09,C022,TikTok,BR,video,1004.91,62919,1567,305,0.44848945471536283,0.2733661783407365,0.14317390432170274,0.04599620417132082,0.13482469900977287,14.028842272252849,41.121533197980725,0.040920425209740596,0.024905036634402963,0.194639438417358,3.2947868852459017
2026-02-10,C022,TikTok,BR,video,888.46,63900,1431,213,0.35124510624153404,0.21460175294469958,0.09211687579339627,0.01529487818093676,0.021667045700081225,3.25780905253953,4.615080734117301,0.005194453992254582,0.0223943661971831,0.1488469601677149,4.171173708920188
2026-02-11,C022,TikTok,BR,video,662.29,41694,969,154,0.38206645734906797,0.22002870309021072,0.11899804415819615,0.005719830030268741,0.10813954632748707,0.8808538246613862,16.65349013443301,0.0251451823539243,0.02324075406533314,0.15892672858617132,4.3005844155844155
2026-02-12,C022,TikTok,BR,video,632.03,36769,1095,212,0.31578427136408926,0.2923898298237049,0.06355031958891744,0.06416523817011208,0.0939960342796291,13.60303049206376,19.927159267281368,0.031528737451633176,0.029780521635073023,0.19360730593607306,2.98127358490566
2026-02-13,C022,TikTok,BR,video,814.88,49992,1408,226,0.40126381760349267,0.2336902742453919,0.11835376194200385,0.015008320250715836,0.10124142170003864,3.3918803766617787,22.880561304208733,0.02807843997278544,0.028164506321011362,0.16051136363636365,3.6056637168141594
2026-02-14,C022,TikTok,BR,video,869.42,41767,1243,228,0.4471753116612295,0.2949951823061936,0.09655669828453171,0.03742052438354377,0.14715145825439335,8.53187955944798,33.550532482001685,0.038589563061528984,0.02976033710824335,0.1834271922767498,3.8132456140350874
2026-02-15,C022,TikTok,BR,video,767.66,42097,1114,213,0.40109123256104207,0.3208573181777045,0.10726793760438416,0.05518148158353267,0.08166690282715078,11.75365557729246,17.395050302183115,0.022659917621574457,0.026462693303560825,0.19120287253141832,3.604037558685446
2026-02-16,C022,TikTok,BR,video,721.01,50101,1220,227,0.33628706347792886,0.192378777615868,0.11006036144921388,0.031859561887303676,0.17431830623480787,7.232120548417934,39.57025551530139,0.0548820421937878,0.02435081136105068,0.1860655737704918,3.1762555066079297
2026-02-17,C022,TikTok,BR,video,960.09,48368,1441,221,0.4501773588195959,0.23042705257906218,0.09800556894158709,0.05628109450407163,0.16755819313399586,12.43812188539983,37.030360682613086,0.03856971412155093,0.029792424743632154,0.15336571825121442,4.3442986425339365
2026-02-18,C022,TikTok,BR,video,841.08,55616,1509,274,0.38171722236872435,0.26101184725172627,0.11477423526757204,0.009754885648939275,0.1472230403963437,2.672838667809361,40.339113068598174,0.0479611240507055,0.027132479861910242,0.1815772034459907,3.0696350364963507
2026-02-19,C022,TikTok,BR,video,753.49,44308,1078,201,0.46233375932350157,0.25331537745473165,0.15554998427084255,0.0427700413385106,0.023698217516752842,8.596778309040632,4.763341720867321,0.006321732493965483,0.02432969215491559,0.18645640074211503,3.7487064676616915
2026-02-20,C022,TikTok,BR,video,558.25,31751,784,127,0.39039747198977454,0.20944136274342878,0.10985478155052236,0.02426766795698308,0.10156297802922644,3.081993830536851,12.898498209711757,0.02310523716429527,0.02469213568076596,0.16198979591836735,4.395669291338582
2026-02-21,C022,TikTok,BR,video,817.15,52204,1200,186,0.4399283074418777,0.28368417354084924,0.09742619296851375,0.04068927560566294,0.17297644367767714,7.568205262653307,32.173618524047946,0.03937311675372652,0.022986744310780783,0.155,4.393279569892473
2026-02-22,C022,TikTok,BR,video,893.37,59931,1622,305,0.4913575710212735,0.2957960565137909,0.11305653317967089,0.0393709785892501,0.02,12.00814846972128,6.1000000000000005,0.006828086852411249,0.027064457459411658,0.188039457459926,2.929081967213115
2026-02-23,C022,TikTok,BR,video,839.35,41608,1217,181,0.42035888857216797,0.26732002998221355,0.12130216262511584,0.023198109125592323,0.21906989095335616,4.19885775173221,39.65165026255747,0.04724106216889192,0.029249182849452028,0.14872637633525063,4.637292817679558
2026-02-24,C022,TikTok,BR,video,708.77,36772,1001,174,0.4064982858658536,0.2196738732648784,0.07640045675794499,0.04312454484213853,0.1338873244219186,7.503670802532104,23.29639444941384,0.03286872876572013,0.027221799195039705,0.17382617382617382,4.073390804597701
2026-02-25,C022,TikTok,BR,video,752.98,40270,1178,181,0.41233245378965633,0.254417665514908,0.08343392966687863,0.025252426586068882,0.15826458564686657,4.5706892120784675,28.64589000208285,0.038043360379710484,0.0292525453190961,0.1536502546689304,4.160110497237569
2026-02-26,C022,TikTok,BR,video,684.72,38510,1035,158,0.45492269357195825,0.3380095445646114,0.12588173145559656,0.005,0.28671083291960414,0.79,45.30031160129745,0.06615851757865787,0.026876136068553623,0.15265700483091788,4.333670886075949
2026-02-27,C022,TikTok,BR,video,560.51,30816,843,133,0.43598470724776867,0.30699197783114696,0.0967067373202932,0.009189183157280432,0.11932639486040972,1.2221613599182974,15.870410516434493,0.02831445017588421,0.027355919003115264,0.15776986951364175,4.214360902255639
2026-02-28,C022,TikTok,BR,video,863.19,43186,1230,200,0.3831376672573932,0.26204813246615266,0.08818113877407205,0.031112123703208837,0.20891961605868103,6.222424740641768,41.78392321173621,0.04840613496978655,0.028481452322511924,0.16260162601626016,4.31595
2026-03-01,C022,TikTok,BR,video,1060.4,64658,1568,297,0.40361384347278306,0.23657181043867329,0.09691420428017855,0.05691119919162067,0.1823550664811471,16.90262615991134,54.15945474490069,0.05107473071566453,0.0242506727705775,0.18941326530612246,3.570370370370371
2026-01-01,C023,TikTok,JP,video,693.54,21784,514,82,0.4614803043769302,0.2916803366507595,0.10524907794956632,0.08761382770680162,0.3459362662508653,7.184333871957733,28.366773832570956,0.04090126570405356,0.023595299302240177,0.15953307392996108,8.45780487804878
2026-01-02,C023,TikTok,JP,video,786.02,23347,517,89,0.4670111946144446,0.29828427595082974,0.11570885408322645,0.081275682041979,0.3756645333775359,7.233535701736131,33.434143470600695,0.04253576468826041,0.022144172698847817,0.172147001934236,8.831685393258427
2026-01-03,C023,TikTok,JP,video,865.72,22453,630,116,0.5814916723107421,0.34037567158066095,0.1431709862570774,0.05610512746324814,0.28994863774791424,6.508194785736784,33.63404197875805,0.03885096585572745,0.02805861132142698,0.18412698412698414,7.463103448275862
2026-01-04,C023,TikTok,JP,video,1046.4,32615,893,141,0.5270646525470093,0.3282977571923734,0.11675934415162621,0.07064821586130349,0.25290381300333437,9.961398436443792,35.65943763347015,0.03407830025878262,0.027380039858960602,0.15789473684210525,7.421276595744682
2026-01-05,C023,TikTok,JP,video,986.26,27168,785,113,0.415701446867222,0.29151837526715957,0.10465911463773801,0.07274820934083209,0.19628875380943694,8.220547655514027,22.180629180466376,0.02248960744881802,0.028894287396937574,0.14394904458598726,8.727964601769912
2026-01-06,C023,TikTok,JP,video,902.52,23739,693,117,0.5989917942414332,0.34634658127889345,0.1658099139783416,0.0759538611301412,0.3568449784319807,8.88660175222652,41.75086247654174,0.04626025349722923,0.029192468090484015,0.16883116883116883,7.713846153846154
2026-01-07,C023,TikTok,JP,video,1088.06,30126,876,144,0.5606231837409982,0.30094836710908285,0.11793075759101437,0.0629342129329403,0.37489097091103196,9.062526662343403,53.984299811188606,0.04961536712503945,0.02907787293367855,0.1643835616438356,7.555972222222222
2026-01-08,C023,TikTok,JP,video,751.92,27597,646,100,0.5562195926354575,0.3187544079822043,0.08735893622300925,0.09808327423048567,0.3737043389491356,9.808327423048567,37.37043389491356,0.04969994088783928,0.02340834148639345,0.15479876160990713,7.5192
2026-01-09,C023,TikTok,JP,video,982.72,26176,704,109,0.487521216586275,0.2476422597975926,0.1040269752812864,0.0861515132245093,0.33056728076559744,9.390514941471514,36.03183360345012,0.03666531019737926,0.02689486552567237,0.15482954545454544,9.015779816513762
2026-01-10,C023,TikTok,JP,video,682.78,23278,515,88,0.4624257136557039,0.2785134872876478,0.14599876694637984,0.08362119596259272,0.25035330299673,7.35866524470816,22.031090663712238,0.032266548654697684,0.022123893805309734,0.170873786407767,7.758863636363636
2026-01-11,C023,TikTok,JP,video,913.37,29639,678,124,0.4509765076539596,0.26853031437409525,0.14071685386092103,0.074563265888315,0.33867046223739805,9.24584497015106,41.99513731743736,0.045978308720148665,0.022875265697223254,0.18289085545722714,7.365887096774194
2026-01-12,C023,TikTok,JP,video,993.88,25946,666,130,0.4663455469115175,0.3294183720686453,0.14087495808572126,0.10176418617395575,0.25204948003018257,13.229344202614246,32.76643240392374,0.032968065636680505,0.02566869652354891,0.19519519519519518,7.6452307692307695
2026-01-13,C023,TikTok,JP,video,897.1,23929,604,90,0.5191411430116026,0.31117516100139786,0.13012443077952762,0.10245183462870552,0.2881442391606618,9.220665116583497,25.93298152445956,0.028907579878155072,0.025241338961093235,0.1490066225165563,9.967777777777778
2026-01-14,C023,TikTok,JP,video,732.44,20753,558,92,0.5223156231928885,0.27432149070373607,0.08604316775036264,0.05693986128362444,0.21442794709767177,5.238467238093448,19.7273711329858,0.02693375770631403,0.026887678889799066,0.16487455197132617,7.961304347826087
2026-01-15,C023,TikTok,JP,video,712.04,22787,546,81,0.49020684128452346,0.3502185304932678,0.16268737865895153,0.08359949120543507,0.3554949954649068,6.771558787640241,28.795094632657452,0.04044041025392129,0.02396103041207706,0.14835164835164835,8.790617283950617
2026-01-16,C023,TikTok,JP,video,869.78,25157,733,106,0.49166491562948433,0.3034911149496273,0.14391991316739625,0.07962506676571982,0.3808268929936071,8.4402570771663,40.36765065732235,0.04641157088906853,0.029137019517430536,0.1446111869031378,8.205471698113207
2026-01-17,C023,TikTok,JP,video,771.33,20513,524,76,0.5712230347017238,0.3371817560786741,0.13241015929720426,0.05447530952310047,0.3315258928103872,4.140123523755636,25.195967853589426,0.032665680548302545,0.025544776483205772,0.1450381679389313,10.149078947368421
2026-01-18,C023,TikTok,JP,video,886.8,29154,683,109,0.5654440273340818,0.36715456177096323,0.13899265477616016,0.092177168518523,0.3034772052129242,10.047311368519008,33.07901536820874,0.03730141185857354,0.02342731700624271,0.1595900439238653,8.135779816513761
2026-01-19,C023,TikTok,JP,video,918.14,25273,628,116,0.5124516026165037,0.31346333755776973,0.15444543835373192,0.07544311606059144,0.2614451556285719,8.751401463028607,30.32763805291434,0.033031748352779514,0.024848652712380803,0.18471337579617833,7.915
2026-01-20,C023,TikTok,JP,video,960.35,23714,636,92,0.5515803965997975,0.330167851213672,0.15585771585607808,0.0693048317431457,0.46136131459110663,6.376044520369404,42.44524094238181,0.04419786941693695,0.026819600236147424,0.14465408805031446,10.438586956521739
2026-01-21,C023,TikTok,JP,video,609.18,13972,408,62,0.49201805599881215,0.30197456360556457,0.10275754849772542,0.08258843125430293,0.33848185532469094,5.120482737766782,20.98587503013084,0.034449316155907204,0.029201259662181504,0.15196078431372548,9.82548387096774
2026-01-22,C023,TikTok,JP,video,751.02,20815,591,100,0.4828503493334623,0.284656218275951,0.1132034246915444,0.08163047847943115,0.31287297674602615,8.163047847943115,31.287297674602616,0.041659801388743235,0.028392985827528226,0.1692047377326565,7.5102
2026-01-23,C023,TikTok,JP,video,1081.19,28905,737,140,0.5566134879446445,0.29763666021713014,0.08474566503071723,0.09422676881609797,0.3384822444057776,13.191747634253716,47.38751421680887,0.043829118913348876,0.025497318802975264,0.18995929443690637,7.722785714285715
2026-01-24,C023,TikTok,JP,video,939.73,22991,635,99,0.5122026623987247,0.3469841752750915,0.1326282867895892,0.06106786372844141,0.2575505475368478,6.0457185091157,25.497504206147934,0.027132762248712302,0.027619503283893697,0.15590551181102363,9.492222222222223
2026-01-25,C023,TikTok,JP,video,918.63,27632,798,117,0.4775008853528274,0.27551952423069404,0.10627698821844181,0.08977112169120108,0.3271051327999315,10.503221237870527,38.27130053759198,0.04166105422665717,0.028879559930515344,0.14661654135338345,7.851538461538461
2026-01-26,C023,TikTok,JP,video,1011.28,34477,853,151,0.6020366622233915,0.30628441672220763,0.13872948015242773,0.09489660271010503,0.46273090381504406,14.32938700922586,69.87236647607165,0.06909317537399402,0.024741131769005425,0.17702227432590856,6.6972185430463576
2026-01-27,C023,TikTok,JP,video,1117.83,26069,755,113,0.43898966749330615,0.3164340932400329,0.1450867962155598,0.07168204106447477,0.29115458639364483,8.100070640285649,32.900468262481866,0.02943237191790642,0.028961601902642985,0.14966887417218544,9.892300884955752
2026-01-28,C023,TikTok,JP,video,750.44,25041,642,93,0.5237204424952783,0.33728405561902747,0.10550290613665217,0.10117022348327473,0.34490237372758253,9.40883078394455,32.07592075666518,0.04274279668678049,0.025637953755840423,0.14485981308411214,8.069247311827958
2026-01-29,C023,TikTok,JP,video,648.2,19199,473,86,0.5159065803657775,0.3073487440642635,0.12054721647261762,0.06610662049180895,0.3328024354362227,5.68516936229557,28.62100944751515,0.04415461273700437,0.02463669982811605,0.18181818181818182,7.537209302325582
2026-01-30,C023,TikTok,JP,video,1098.08,31444,890,154,0.608085309329978,0.3918875287703358,0.1263515815987834,0.11484975787762981,0.3434268288202658,17.68686271315499,52.887731638320936,0.048163652728110976,0.0283042869863885,0.17303370786516853,7.13038961038961
2026-01-31,C023,TikTok,JP,video,960.32,32591,829,147,0.5630868688261392,0.32699593409525973,0.1749510628520573,0.05916233117776222,0.40960844419561565,8.696862683131046,60.2124412967555,0.06270061105522297,0.02543647019115707,0.1773220747889023,6.532789115646259
2026-02-01,C023,TikTok,JP,video,831.98,27290,716,105,0.5027880557858465,0.3261681832863722,0.1437543127350359,0.0989212523480262,0.36395083104146597,10.386731496542751,38.21483725935393,0.04593240679566559,0.026236716746060828,0.14664804469273743,7.923619047619048
2026-02-02,C023,TikTok,JP,video,907.98,22995,659,101,0.5040780299982867,0.27664598171055116,0.10636280259259458,0.07752441892804227,0.2988060226325623,7.829966311732269,30.17940828588879,0.03323797213446856,0.028658404000869754,0.15326251896813353,8.98990099009901
2026-02-03,C023,TikTok,JP,video,773.94,27486,661,120,0.5337905703794301,0.31475804225077103,0.14726418509934946,0.08152219487179078,0.27683518651003947,9.782663384614894,33.220222381204735,0.04292358248874155,0.02404860656334134,0.1815431164901664,6.4495000000000005
2026-02-04,C023,TikTok,JP,video,786.32,20831,511,98,0.5346846436895935,0.26091041358969036,0.15020815309023078,0.09198629977907281,0.27556266421763936,9.014657378349137,27.005141093328657,0.03434388513700691,0.024530747443713696,0.1917808219178082,8.023673469387756
2026-02-05,C023,TikTok,JP,video,783.64,24002,558,83,0.456952756998892,0.22645305827749015,0.12526535476201167,0.06069297140917007,0.23867838069711905,5.037516626961116,19.810305597860882,0.02527992868815794,0.023248062661444878,0.14874551971326164,9.44144578313253
2026-02-06,C023,TikTok,JP,video,743.54,20772,524,93,0.45055337602953754,0.3280205049233354,0.1310432626636812,0.07725023255621297,0.34173397653920945,7.184271627727806,31.781259818146477,0.042743257068047276,0.0252262661274793,0.17748091603053434,7.995053763440859
2026-02-07,C023,TikTok,JP,video,700.23,18513,525,97,0.5582866709652593,0.3533553968850134,0.12170647860156641,0.05427523378868508,0.24654535187253993,5.264697677502453,23.91489913163637,0.034153087253944704,0.028358450818343865,0.18476190476190477,7.218865979381444
2026-02-08,C023,TikTok,JP,video,664.96,21059,519,83,0.5131394436336124,0.28034273259722664,0.15449729822394706,0.07432630090996234,0.47386719707397507,6.169082975526874,39.33097735713993,0.05914758550338059,0.024645044873925638,0.1599229287090559,8.01156626506024
2026-02-09,C023,TikTok,JP,video,642.92,16283,459,71,0.5072463925954068,0.2957860052826479,0.11656396306460258,0.07761289629734788,0.33113519761665744,5.5105156371117,23.51059903078268,0.03656830082515198,0.028188908677762085,0.15468409586056645,9.055211267605634
2026-02-10,C023,TikTok,JP,video,685.32,19884,482,80,0.48513491416808857,0.3088049032634989,0.12841354180737802,0.08620727107729768,0.3287038685849485,6.896581686183815,26.296309486795877,0.03837093691263615,0.02424059545363106,0.16597510373443983,8.566500000000001
2026-02-11,C023,TikTok,JP,video,868.1,25857,635,101,0.5306795492941682,0.32350976825099215,0.13301346976163156,0.07714189321402605,0.3366436895847287,7.791331214616631,34.001012648057596,0.03916716772151972,0.02455814673009243,0.15905511811023623,8.595049504950495
2026-02-12,C023,TikTok,JP,video,611.43,14725,403,71,0.55092275598604,0.2702001291633435,0.15302846490536443,0.05674508795132999,0.2749638674105234,4.028901244544429,19.522434586147163,0.031929019394331126,0.02736842105263158,0.1761786600496278,8.61169014084507
2026-02-13,C023,TikTok,JP,video,1126.93,31317,764,133,0.4639426203317267,0.27778116423731225,0.13687317074886876,0.08211263097688082,0.1848067619827955,10.920979919925148,24.579299343711803,0.021810784002426333,0.024395695628572342,0.17408376963350786,8.473157894736843
2026-02-14,C023,TikTok,JP,video,840.65,28221,691,133,0.5072378958893873,0.2982793209671404,0.1253879221800438,0.05286249124059718,0.40525404471632925,7.030711334999425,53.89878794727179,0.06411529285874058,0.024485312356046916,0.19247467438494936,6.320676691729323
2026-02-15,C023,TikTok,JP,video,731.79,20495,573,84,0.5611205184107407,0.32134483640739686,0.1164342335357347,0.07076716591327029,0.4354889524532086,5.944441936714704,36.581072006069526,0.04998830127364307,0.027958038545986826,0.14659685863874344,8.711785714285714
2026-02-16,C023,TikTok,JP,video,769.59,21771,642,119,0.5105609044989698,0.3048503396791588,0.11063065975816987,0.06390349941215256,0.31788735593399264,7.604516430046155,37.82859535614512,0.04915413521626851,0.029488769463965826,0.1853582554517134,6.467142857142857
2026-02-17,C023,TikTok,JP,video,536.5,14256,372,70,0.5411627142450088,0.3401206651720491,0.08754392686087753,0.06568538870084598,0.32932074469846784,4.597977209059218,23.05245212889275,0.042968420942104,0.026094276094276093,0.1881720430107527,7.664285714285715
2026-02-18,C023,TikTok,JP,video,657.26,19419,531,87,0.531131928192339,0.32714412011479116,0.15821311270943414,0.06681073178674274,0.18358025610934278,5.812533665446618,15.971482281512822,0.024299931468568632,0.02734435346825274,0.1638418079096045,7.554712643678161
2026-02-19,C023,TikTok,JP,video,618.78,16245,452,66,0.4572051658199525,0.2822092104574334,0.10689218372138631,0.06610482575244453,0.2804572418930327,4.362918499661339,18.51017796494016,0.029914015953645845,0.027823945829485996,0.14601769911504425,9.375454545454545
2026-02-20,C023,TikTok,JP,video,864.64,29972,686,119,0.5172818793962314,0.2636749255264306,0.12328184733404315,0.06294068213812899,0.2306481855495702,7.48994117443735,27.447134080398854,0.03174416870731875,0.02288802882690511,0.17346938775510204,7.265882352941176
2026-02-21,C023,TikTok,JP,video,924.97,25792,751,130,0.4472601173677625,0.2812126158616678,0.11468505010243668,0.067340530264342,0.20170638989255196,8.754268934364461,26.221830686031755,0.02834893975480583,0.029117555831265508,0.17310252996005326,7.115153846153846
2026-02-22,C023,TikTok,JP,video,783.52,24171,587,89,0.5240474131986986,0.2722176967217333,0.15020711025167918,0.08177136742119365,0.32754843901591796,7.277651700486235,29.1518110724167,0.03720623872150961,0.02428530056679492,0.151618398637138,8.803595505617977
2026-02-23,C023,TikTok,JP,video,984.88,27149,778,131,0.517211738889522,0.3548502259319581,0.1332283289779989,0.08655857554325723,0.37679314447609974,11.339173396166697,49.35990192636907,0.050117781814522755,0.028656672437290507,0.16838046272493573,7.518167938931298
2026-02-24,C023,TikTok,JP,video,670.72,19804,446,85,0.5191971186640278,0.3309297321089467,0.14086866971624357,0.07910301748647554,0.33290034541372426,6.723756486350421,28.296529360166563,0.04218803863809823,0.02252070288830539,0.1905829596412556,7.890823529411765
2026-02-25,C023,TikTok,JP,video,991.46,29138,668,116,0.5149967866016776,0.3452244101422729,0.07978629452290839,0.09441655686641842,0.30671671758735164,10.952320596504537,35.57913924013279,0.03588563627829551,0.022925389525705265,0.17365269461077845,8.547068965517242
2026-02-26,C023,TikTok,JP,video,921.67,25437,746,139,0.49851903438328826,0.291744591431621,0.13741439464207497,0.07058816104502978,0.2684573338203126,9.811754385259139,37.31556940102345,0.04048700605048635,0.029327357785902425,0.1863270777479893,6.630719424460431
2026-02-27,C023,TikTok,JP,video,787.26,21727,521,79,0.46828377264914606,0.33998375463864405,0.1029711359529347,0.08352283121432652,0.4810751065009672,6.5983036659317955,38.00493341357641,0.04827485921400501,0.02397938049431583,0.15163147792706333,9.965316455696202
2026-02-28,C023,TikTok,JP,video,847.8,22438,641,103,0.468637974410037,0.31505140040318647,0.1062161204535192,0.07063355751559491,0.297410350706402,7.275256424106276,30.633266122759405,0.0361324821422401,0.02856760852125858,0.1606864274570983,8.231067961165047
2026-03-01,C023,TikTok,JP,video,1030.87,31946,715,132,0.5568017480986505,0.3619726606936882,0.15152157301980898,0.06383640132886179,0.3437392133132533,8.426404975409756,45.37357615734943,0.044014970158721904,0.022381518812996933,0.18461538461538463,7.809621212121211
2026-01-01,C024,TikTok,IN,static,714.25,63329,1397,197,0.4272855761492706,0.23424598982050412,0.09247279728266569,0.045514975923919426,0.0724965745866779,8.966450257012127,14.281825193575544,0.01999552744896443,0.022059404064488624,0.14101646385110952,3.6256345177664975
2026-01-02,C024,TikTok,IN,static,893.06,105362,2134,334,0.35478654408863797,0.28570228106909884,0.06919678010170115,0.010413057975423544,0.028330565002679303,3.4779613637914637,9.462408710894888,0.010595549767244581,0.020253981511360833,0.15651358950328023,2.673832335329341
2026-01-03,C024,TikTok,IN,static,638.33,62090,1348,218,0.31086132341520273,0.17991412445297464,0.08631253782628029,0.030014848251424628,0.06594321305363438,6.543236918810569,14.375620445692293,0.022520830258992285,0.021710420357545498,0.16172106824925817,2.928119266055046
2026-01-04,C024,TikTok,IN,static,694.28,71209,1589,265,0.3449958414732978,0.23260433649763448,0.10433601071406927,0.04738240254374969,0.12156674097051942,12.556336674093668,32.21518635718765,0.046400707290313564,0.02231459506523052,0.16677155443675268,2.619924528301887
2026-01-05,C024,TikTok,IN,static,816.8,93461,1769,232,0.4245778751196211,0.16111851376794167,0.12389906895497493,0.024009129359444437,0.02,5.570118011391109,4.64,0.005680694117573136,0.01892768106482918,0.13114754098360656,3.5206896551724136
2026-01-06,C024,TikTok,IN,static,1041.38,118575,2375,373,0.3694282082876466,0.18387803450002055,0.10981764995515589,0.03956214479380438,0.02,14.756680008089033,7.46,0.007163568817279928,0.020029517183217372,0.15705263157894736,2.791903485254692
2026-01-07,C024,TikTok,IN,static,918.03,97312,2259,381,0.40957543548376685,0.2641275565833245,0.07391753590237629,0.03927491646656654,0.16652976186534607,14.963743173761852,63.44783927069685,0.0691131026991328,0.023213992107859256,0.16865869853917662,2.409527559055118
2026-01-08,C024,TikTok,IN,static,839.27,83911,1826,251,0.40645765812078105,0.27306196621531315,0.08773269641679164,0.018128893032651094,0.07326291921104881,4.550352151195424,18.388992721973253,0.021910688468553596,0.021761151696440276,0.13745892661555312,3.3437051792828685
2026-01-09,C024,TikTok,IN,static,788.54,75211,1608,225,0.41253269567332457,0.21774748062902352,0.11913581235514194,0.023262666110222735,0.05650976926749504,5.2340998748001155,12.714698085186384,0.01612445166472491,0.021379851351531025,0.13992537313432835,3.504622222222222
2026-01-10,C024,TikTok,IN,static,694.36,62347,1502,215,0.3416962060174538,0.2069803003244855,0.07292391288323155,0.005,0.11649222755042007,1.075,25.045828923340316,0.03607028514369876,0.024090974706080483,0.14314247669773636,3.2295813953488373
2026-01-11,C024,TikTok,IN,static,1224.17,113494,2564,369,0.3623565583318182,0.20970193293774989,0.09011680691809623,0.005,0.02,1.845,7.38,0.006028572208886437,0.022591502634500504,0.1439157566302652,3.3175338753387535
2026-01-12,C024,TikTok,IN,static,1097.09,117502,2808,434,0.4352037823435305,0.2900411101245725,0.12781523942850567,0.015764171665578287,0.02,6.841650502860976,8.68,0.007911852766437173,0.023897465575054042,0.15455840455840456,2.5278571428571426
2026-01-13,C024,TikTok,IN,static,696.95,68548,1363,219,0.3733974753519741,0.2418705644296071,0.0784581520895401,0.005,0.15807981431252033,1.095,34.619479334441955,0.04967302376582452,0.019883876991305362,0.16067498165810712,3.182420091324201
2026-01-14,C024,TikTok,IN,static,550.62,61440,1156,188,0.32169014470455615,0.2410619132807444,0.09645219877641151,0.015020801165927494,0.04017614589639347,2.823910619194369,7.553115428521973,0.013717494864470334,0.018815104166666666,0.16262975778546712,2.9288297872340427
2026-01-15,C024,TikTok,IN,static,813.77,81717,1817,233,0.3876487581816865,0.1528348425004535,0.0913581687868719,0.012571198328839574,0.02,2.9290892106196207,4.66,0.0057264477187727045,0.022235275401691203,0.1282333516785911,3.4925751072961373
2026-01-16,C024,TikTok,IN,static,605.89,63500,1323,182,0.3093762642633528,0.19819906449668925,0.08745978203846808,0.012604709403247797,0.08514583450666775,2.294057111391099,15.496541880213531,0.025576653958720604,0.02083464566929134,0.13756613756613756,3.329065934065934
2026-01-17,C024,TikTok,IN,static,963.54,82146,1991,271,0.346024556644458,0.2023324050532651,0.09983602676328704,0.013611741747569768,0.02,3.6887820135914073,5.42,0.005625113804354036,0.02423733352810849,0.13611250627825214,3.55549815498155
2026-01-18,C024,TikTok,IN,static,962.43,98152,2171,347,0.3541498502189697,0.22233788863037748,0.09125094365023796,0.018915152725876273,0.0752954875668459,6.563557995879067,26.127534185695527,0.027147363686204382,0.02211875458472573,0.15983417779824965,2.7735734870317
2026-01-19,C024,TikTok,IN,static,910.73,104954,2191,316,0.30568537265379664,0.15354355039614254,0.08466132114011063,0.02335176497160519,0.05938234245687761,7.37915773102724,18.764820216373323,0.020604153740393046,0.02087581226060941,0.1442263806481059,2.8820569620253167
2026-01-20,C024,TikTok,IN,static,912.89,102368,1966,304,0.44320205818096065,0.19934517122419068,0.11057445890203997,0.0361024734774401,0.02,10.97515193714179,6.08,0.0066601761664767285,0.019205220381369178,0.15462868769074262,3.0029276315789475
2026-01-21,C024,TikTok,IN,static,914.88,77292,1879,288,0.377232224118811,0.22598360368632797,0.093405042850114,0.037118430555221904,0.02,10.690107999903908,5.76,0.006295934915748033,0.02431040728665321,0.15327301756253325,3.1766666666666667
2026-01-22,C024,TikTok,IN,static,579.35,63376,1174,182,0.34299655637421866,0.23945690927150554,0.07420432162469143,0.013414925367629126,0.02,2.441516416908501,3.64,0.006282897695660778,0.018524362534713457,0.15502555366269166,3.1832417582417585
2026-01-23,C024,TikTok,IN,static,1078.91,134621,2464,401,0.34552189865001726,0.1771894303207669,0.06242141333337419,0.014965648013351197,0.029262924493956642,6.00122485335383,11.734432722076614,0.010876174825008125,0.018303236493563413,0.1627435064935065,2.6905486284289277
2026-01-24,C024,TikTok,IN,static,855.69,83635,1937,323,0.3866477943166307,0.23614447415975773,0.0697222141247186,0.005,0.057172302167282654,1.615,18.4666536000323,0.021580887542370326,0.023160160220003587,0.16675271037687145,2.6491950464396288
2026-01-25,C024,TikTok,IN,static,846.69,77325,1713,225,0.4029621721197849,0.19117080177021117,0.09504120952463953,0.03652369437594841,0.09361457475626551,8.217831234588392,21.06327932015974,0.024877166359393573,0.022153249272550923,0.13134851138353765,3.763066666666667
2026-01-26,C024,TikTok,IN,static,943.92,101378,2033,267,0.296621757750544,0.20472577896550861,0.15003670887427376,0.013281751002191198,0.02,3.54622751758505,5.34,0.005657253982791792,0.02005366055751741,0.13133300541072307,3.535280898876404
2026-01-27,C024,TikTok,IN,static,981.7,117468,2371,371,0.48031290316672015,0.2567723159381613,0.09778305252424309,0.014938714587518073,0.048949626479734394,5.542263111969205,18.16031142398146,0.018498842609546456,0.02018422038342357,0.1564740615773935,2.646091644204852
2026-01-28,C024,TikTok,IN,static,835.5,80138,1946,257,0.39083029885940795,0.21486058412535944,0.08999766209023073,0.03534164123713436,0.02899630862951568,9.082801797943532,7.45205131778553,0.008919226541898214,0.024283111632434053,0.13206577595066804,3.2509727626459144
2026-01-29,C024,TikTok,IN,static,874.59,85751,1836,262,0.35528739489370303,0.22514725815649395,0.08115248776108287,0.009142166064159738,0.16486906980374572,2.3952475088098515,43.19569628858138,0.049389858242682,0.02141082902823291,0.14270152505446623,3.3381297709923667
2026-01-30,C024,TikTok,IN,static,834.76,80649,1974,285,0.3635843870268286,0.23330923747629873,0.0918559384002133,0.03590932950162004,0.15143992119336347,10.234158907961712,43.16037754010859,0.05170400763077073,0.024476434921697727,0.14437689969604864,2.928982456140351
2026-01-31,C024,TikTok,IN,static,1150.86,133915,3005,398,0.38783624458557486,0.2397623289074571,0.1311536677648478,0.009570695467818163,0.06576781479528962,3.809136796191629,26.175590288525267,0.02274443127111338,0.02243960721353097,0.1324459234608985,2.891608040201005
2026-02-01,C024,TikTok,IN,static,894.57,102055,1990,296,0.2740659735418718,0.2196200948763808,0.06804150551235798,0.005,0.08000013967353052,1.48,23.680041343365033,0.02647096885859904,0.019499289598745775,0.1487437185929648,3.022195945945946
2026-02-02,C024,TikTok,IN,static,618.86,63113,1421,183,0.3751822154584041,0.2485391349333094,0.1260724194728654,0.005,0.059924903482469934,0.915,10.966257337291998,0.01772023146757581,0.022515171200861946,0.12878254750175933,3.3817486338797815
2026-02-03,C024,TikTok,IN,static,1020.83,88756,2077,266,0.30026433556880455,0.210198740452438,0.11551532501703338,0.005,0.15887401803563683,1.33,42.2604887974794,0.0413982324641615,0.023401234846094913,0.1280693307655272,3.8377067669172935
2026-02-04,C024,TikTok,IN,static,847.88,91101,1895,243,0.3690783898799591,0.24848555649848333,0.09292514045354565,0.03154489545568717,0.02,7.665409595731983,4.86,0.005731971632857994,0.020801088901329295,0.12823218997361477,3.4892181069958847
2026-02-05,C024,TikTok,IN,static,679.56,59689,1356,179,0.4320803914773241,0.20632272812377223,0.07262039372863624,0.02260852910161034,0.18146393642797576,4.046926709188251,32.48204462060766,0.047798823874595255,0.022717753689959624,0.13200589970501475,3.7964245810055863
2026-02-06,C024,TikTok,IN,static,1031.43,89503,2020,305,0.3820750579253785,0.18642122064618652,0.08221179880663435,0.03965151924487012,0.15538277387676813,12.093713369685387,47.39174603241428,0.04594765779163893,0.02256907589689731,0.15099009900990099,3.381737704918033
2026-02-07,C024,TikTok,IN,static,1154.23,111214,2264,314,0.3720845276206803,0.2893188275939383,0.1064750385577058,0.022186397070357765,0.02,6.966528680092338,6.28,0.0054408460854806235,0.020357149279766937,0.13869257950530034,3.675891719745223
2026-02-08,C024,TikTok,IN,static,879.15,85435,2030,295,0.39779133339879635,0.2877613599019882,0.1406920907698696,0.031051478894439856,0.07236469520360611,9.160186273859757,21.347585085063802,0.024282103429020027,0.02376075378943056,0.14532019704433496,2.9801694915254235
2026-02-09,C024,TikTok,IN,static,754.25,78673,1476,231,0.37978707097971415,0.2530429345206514,0.07920841924159915,0.01520302230822603,0.11428637191138223,3.511898153200213,26.400151911529296,0.03500180876097716,0.018761201428698537,0.1565040650406504,3.265151515151515
2026-02-10,C024,TikTok,IN,static,791.14,80235,1877,295,0.3819691943297767,0.25596164209773814,0.11233573828063953,0.05837120770714442,0.15053427790717194,17.219506273607603,44.40761198261572,0.05613085732828941,0.02339378076899109,0.15716568993074054,2.6818305084745764
2026-02-11,C024,TikTok,IN,static,728.75,66503,1535,252,0.37750901698615735,0.16673003008841625,0.05418988071753631,0.014646613502341779,0.020308209938462864,3.6909466025901283,5.117668904492642,0.0070225657762320705,0.023081665488774942,0.16416938110749185,2.8918650793650795
2026-02-12,C024,TikTok,IN,static,831.58,92959,1685,257,0.3347023614362674,0.23827924396110509,0.11601990799271011,0.01884467318438436,0.08420226605150563,4.843081008386781,21.639982375236947,0.026022847420919665,0.018126270721500876,0.15252225519287835,3.235719844357977
2026-02-13,C024,TikTok,IN,static,1055.11,115761,2702,369,0.3457718226846716,0.20645986716248402,0.06757003347838916,0.005,0.11884379676390583,1.845,43.853361005881254,0.041563002880946456,0.02334119435733969,0.13656550703182826,2.8593766937669374
2026-02-14,C024,TikTok,IN,static,945.19,85094,1915,276,0.33088395694090666,0.2443082947141876,0.05430629207051211,0.005,0.03299990730278328,1.3800000000000001,9.107974415568185,0.009636115462510794,0.022504524408301408,0.14412532637075717,3.4246014492753627
2026-02-15,C024,TikTok,IN,static,1053.37,100260,2287,306,0.36147076790938515,0.2187352808169085,0.06514967520764314,0.005,0.02,1.53,6.12,0.005809951542037786,0.022810692200279273,0.13379973764757325,3.4423856209150325
2026-02-16,C024,TikTok,IN,static,700.06,73139,1683,257,0.31378656961534745,0.17473495972239,0.09894537180616131,0.014147874103085403,0.11975159000798735,3.6360036444929484,30.77615863205275,0.0439621189154385,0.023010979094600693,0.1527035056446821,2.7239688715953307
2026-02-17,C024,TikTok,IN,static,674.67,73633,1689,257,0.4125585726033067,0.2778023115950683,0.11038576261926894,0.013296270196690115,0.1631907650627203,3.4171414405493596,41.94002662111912,0.062163812595629524,0.022938084826096994,0.1521610420367081,2.6251750972762644
2026-02-18,C024,TikTok,IN,static,813.72,85289,1925,305,0.3285258563911439,0.21982568954588685,0.06308918688432728,0.01811936816332012,0.02,5.526407289812637,6.1000000000000005,0.0074964035932564566,0.022570319736425565,0.15844155844155844,2.6679344262295084
2026-02-19,C024,TikTok,IN,static,526.49,56594,1282,167,0.3299790975675029,0.23584032685344355,0.0771140016280075,0.02948500093260476,0.1462728929535732,4.923995155744995,24.427573123246727,0.046397036307928616,0.02265257801180337,0.13026521060842433,3.152634730538922
2026-02-20,C024,TikTok,IN,static,976.16,111996,2458,365,0.327800724582487,0.265932629264999,0.08557142167651369,0.04980467423697174,0.03599130972290374,18.178706096494686,13.136828048859867,0.013457667940255543,0.021947212400442874,0.1484947111472742,2.6744109589041094
2026-02-21,C024,TikTok,IN,static,1063.45,110469,2175,328,0.3281200394141394,0.2518856111491592,0.07733811597993297,0.005,0.09328782589971676,1.6400000000000001,30.5984068951071,0.028772716364176866,0.019688781468104172,0.15080459770114943,3.2422256097560975
2026-02-22,C024,TikTok,IN,static,679.49,63058,1428,245,0.3884733464257945,0.26496072403675214,0.07954680773174466,0.005,0.02,1.225,4.9,0.007211274718050708,0.022645818135684607,0.1715686274509804,2.7734285714285716
2026-02-23,C024,TikTok,IN,static,944.31,94924,2022,340,0.33624626263910146,0.26367685993377293,0.09709178304035215,0.050492608969905386,0.11842202066032985,17.167487049767832,40.26348702451215,0.04263808610654023,0.02130125152753782,0.1681503461918892,2.7773823529411765
2026-02-24,C024,TikTok,IN,static,887.94,93118,2260,337,0.3231065881642905,0.23748588359887018,0.0897644828007797,0.012320594056331968,0.02,4.152040196983873,6.74,0.007590621513834163,0.02427028071908761,0.1491150442477876,2.634836795252226
2026-02-25,C024,TikTok,IN,static,941.93,93636,1964,336,0.38340643228699856,0.255614107545372,0.10812753990818308,0.04703580138481207,0.10119244904908903,15.804029265296856,34.00066288049391,0.036096848412893824,0.020974838737237815,0.1710794297352342,2.8033630952380952
2026-02-26,C024,TikTok,IN,static,870.38,97172,2131,306,0.37395029630613347,0.22838431610623144,0.10831563072904739,0.009551625036829213,0.025963502977211707,2.9227972612697393,7.944831911026783,0.009127970055810543,0.021930185650187298,0.14359455654622244,2.8443790849673203
2026-02-27,C024,TikTok,IN,static,887.38,99105,1999,314,0.3492661074737915,0.2596318077120221,0.04918448690306295,0.03531193826961451,0.020807247129298614,11.087948616658958,6.533475598599765,0.007362664230405715,0.0201705262095757,0.1570785392696348,2.8260509554140127
2026-02-28,C024,TikTok,IN,static,996.91,87020,1998,302,0.34848325689211,0.21968296260769074,0.0980888598266034,0.01712714403475126,0.02,5.172397498494881,6.04,0.0060587084965389735,0.022960239025511378,0.15115115115115116,3.301026490066225
2026-03-01,C024,TikTok,IN,static,646.74,63050,1266,183,0.3211002400839741,0.23985813126840924,0.050251460484073314,0.006192891685407978,0.14331721950808185,1.13329917842966,26.227051169978978,0.040552737047805494,0.02007930214115781,0.14454976303317535,3.534098360655738
2026-01-01,C025,Unity Ads,KR,static,901.2,88237,972,122,0.714180406208069,0.4642672053895939,0.1910632833781454,0.11937894764843535,0.41896659699518646,14.564231613109111,51.113924833412746,0.056717424449807784,0.011015787028117457,0.12551440329218108,7.38688524590164
2026-01-02,C025,Unity Ads,KR,static,707.08,54835,775,103,0.6980865398433778,0.4476853889935925,0.1833513006089449,0.10629416385562948,0.41322070500738706,10.948298877129837,42.56173261576087,0.06019404888934801,0.01413330901796298,0.1329032258064516,6.864854368932039
2026-01-03,C025,Unity Ads,KR,static,1014.28,90610,1078,126,0.5731971613004297,0.3593763478317292,0.16644696179125482,0.1001502234564435,0.4924892997572682,12.618928155511881,62.053651769415794,0.06117975932533189,0.011897141595850348,0.11688311688311688,8.04984126984127
2026-01-04,C025,Unity Ads,KR,static,756.45,60125,838,101,0.614290420453051,0.3514236182024169,0.19533366948406522,0.08234402641916413,0.4559285463150163,8.316746668335577,46.048783177816645,0.06087485817824456,0.013937629937629937,0.12052505966587113,7.48960396039604
2026-01-05,C025,Unity Ads,KR,static,547.09,54767,619,65,0.7170169479088748,0.41889444022683325,0.14720125348337865,0.10237430189901829,0.4215032338154848,6.654329623436189,27.397710198006514,0.050079071566644026,0.01130242664378184,0.1050080775444265,8.416769230769232
2026-01-06,C025,Unity Ads,KR,static,835.06,81236,923,113,0.5813463742246499,0.3514107081616509,0.09512842205132185,0.08364743270999872,0.3993243104491393,9.452159896229855,45.12364708075274,0.05403653003947465,0.011361957752720468,0.12242686890574214,7.389911504424778
2026-01-07,C025,Unity Ads,KR,static,741.13,70915,848,87,0.6735504367344676,0.45337310093480815,0.2033196721315686,0.10595606153535184,0.4306681429990184,9.21817735357561,37.4681284409146,0.05055520525864285,0.01195797786081929,0.10259433962264151,8.518735632183908
2026-01-08,C025,Unity Ads,KR,static,833.71,79124,841,85,0.6435745181273489,0.34937657671994016,0.13758748988750094,0.10421147510979364,0.36157936696240983,8.857975384332459,30.734246191804836,0.0368644178878544,0.01062888630504019,0.10107015457788347,9.808352941176471
2026-01-09,C025,Unity Ads,KR,static,888.88,66972,819,99,0.6608977523647399,0.3585403418335263,0.15356495496486544,0.09081481181543259,0.4279460755733914,8.990666369727826,42.36666148176575,0.047662764752182174,0.012228991220211432,0.12087912087912088,8.97858585858586
2026-01-10,C025,Unity Ads,KR,static,901.34,71100,883,119,0.6349161370110297,0.39205675917127814,0.1270624361565396,0.10045319421940943,0.35344521970129833,11.953930112109722,42.059981144454504,0.04666361911297892,0.012419127988748242,0.1347678369195923,7.574285714285715
2026-01-11,C025,Unity Ads,KR,static,850.88,62817,811,94,0.6927911405545525,0.4316970720072189,0.17208732544163188,0.11002462129939741,0.3747531906688084,10.342314402143357,35.22679992286799,0.041400462084014523,0.012910517853447314,0.1159062885326757,9.05191489361702
2026-01-12,C025,Unity Ads,KR,static,617.92,39184,539,59,0.7004092239809557,0.40320867147467754,0.21202518752803423,0.12394841567415829,0.5855717140973995,7.312956524775339,34.54873113174657,0.05591161609650685,0.01375561453654553,0.10946196660482375,10.473220338983051
2026-01-13,C025,Unity Ads,KR,static,1031.86,95079,1033,139,0.6647038589615192,0.3736666475938035,0.16924042810296522,0.10766352491486479,0.4927585455941843,14.965229963166205,68.49343783759161,0.0663783453042372,0.010864649396817383,0.1345595353339787,7.4234532374100715
2026-01-14,C025,Unity Ads,KR,static,568.18,43607,587,62,0.729817165438095,0.4595774955525672,0.1854804738540226,0.1122622994307631,0.5587357130204919,6.960262564707312,34.64161420727049,0.06096994525641405,0.01346114155984131,0.10562180579216354,9.164193548387097
2026-01-15,C025,Unity Ads,KR,static,653.71,55625,598,79,0.6975905433263472,0.4744255708224526,0.18070155013504988,0.10408655287291615,0.44429722143047157,8.222837676960376,35.099480493007256,0.053692955877306534,0.010750561797752809,0.13210702341137123,8.27481012658228
2026-01-16,C025,Unity Ads,KR,static,971.13,60138,849,88,0.6602527436982885,0.41918400443609033,0.17855420115170348,0.09141531053918099,0.40705405300755354,8.044547327447928,35.820756664664714,0.03688581642286504,0.014117529681732017,0.10365135453474676,11.035568181818181
2026-01-17,C025,Unity Ads,KR,static,1092.38,86237,1000,117,0.651100257683592,0.39096387972863356,0.17328843747986747,0.09704872730597244,0.4618355433940648,11.354701094798775,54.03475857710558,0.04946502656500116,0.01159595069401765,0.117,9.336581196581198
2026-01-18,C025,Unity Ads,KR,static,694.01,55154,664,77,0.5928521303900147,0.42314385420102574,0.15538377880387932,0.11316994340296332,0.48496842044374994,8.714085642028175,37.34256837416874,0.05380699538196553,0.012039018022264932,0.11596385542168675,9.013116883116883
2026-01-19,C025,Unity Ads,KR,static,773.27,52423,695,83,0.6758785444317034,0.41122932947946644,0.18480021969413676,0.10146268047483191,0.4785647506415849,8.421402479411048,39.72087430325155,0.05136727411984608,0.013257539629551915,0.11942446043165468,9.316506024096386
2026-01-20,C025,Unity Ads,KR,static,462.25,30806,402,49,0.6118433320276241,0.4094295905753247,0.1579023641311997,0.08056997314723846,0.5864679439246228,3.9479286842146846,28.736929252306517,0.06216707582683801,0.013049405959877946,0.12189054726368159,9.433673469387756
2026-01-21,C025,Unity Ads,KR,static,695.8,52965,678,71,0.5990907113353959,0.4292311995472689,0.1470077721161001,0.10186569561498827,0.46706272045680186,7.232464388664168,33.161453152432934,0.04765931365807227,0.012800906258850183,0.10471976401179942,9.799999999999999
2026-01-22,C025,Unity Ads,KR,static,645.0,46898,577,60,0.6976075583515603,0.43619633295540744,0.16880827364635295,0.1300837414981028,0.42149544481946377,7.8050244898861685,25.289726689167825,0.03920890982862968,0.012303296515842893,0.10398613518197573,10.75
2026-01-23,C025,Unity Ads,KR,static,818.12,60145,711,72,0.6394014717669527,0.40412954570678145,0.12554484848472147,0.1093661600141108,0.44675228846747067,7.874363521015978,32.16616476965789,0.039317088378072844,0.011821431540443928,0.10126582278481013,11.362777777777778
2026-01-24,C025,Unity Ads,KR,static,675.58,53512,599,67,0.6671569568264986,0.4210572203008003,0.18795030558338977,0.10871009672957437,0.475132850395401,7.283576480881482,31.833900976491865,0.04712058989215698,0.011193750934369862,0.11185308848080133,10.083283582089553
2026-01-25,C025,Unity Ads,KR,static,711.64,57697,740,98,0.6823814881662992,0.437942584641787,0.18076251590698636,0.11401503968808187,0.4351408631502333,11.173473889432023,42.643804588722865,0.05992290467078633,0.012825623515954036,0.13243243243243244,7.261632653061224
2026-01-26,C025,Unity Ads,KR,static,762.42,58924,803,83,0.6208271623957439,0.4387668981374147,0.12393822818078291,0.09950686243172711,0.5251328657614157,8.25906958183335,43.586027858197504,0.057167989929759036,0.013627723847668183,0.10336239103362391,9.18578313253012
2026-01-27,C025,Unity Ads,KR,static,913.77,65210,918,95,0.6230279434920022,0.3967733692792343,0.13572127012914695,0.1053332223773535,0.3965245172988006,10.006656125848583,37.66982914338606,0.04122458328070773,0.014077595460818893,0.10348583877995643,9.618631578947369
2026-01-28,C025,Unity Ads,KR,static,745.69,64620,747,83,0.6413110677685858,0.42432715467354015,0.16150445270046124,0.10239762892038701,0.4028162951115512,8.49900320039212,33.43375249425875,0.04483619290710585,0.011559888579387187,0.1111111111111111,8.98421686746988
2026-01-29,C025,Unity Ads,KR,static,791.83,61846,756,94,0.6489896295519869,0.47183360393803886,0.1832200297695419,0.12671034504579531,0.4035206914044405,11.910772434304759,37.93094499201741,0.04790272954300289,0.012223911004753743,0.12433862433862433,8.42372340425532
2026-01-30,C025,Unity Ads,KR,static,706.8,68253,745,78,0.5928202531775415,0.34044267257129657,0.17091066783338466,0.0855172585110373,0.46055093838681427,6.670346163860909,35.92297319417151,0.05082482660790363,0.010915271123613615,0.10469798657718121,9.061538461538461
2026-01-31,C025,Unity Ads,KR,static,605.29,43863,537,61,0.6143991877272975,0.36423724540249014,0.17915112777485442,0.08387293499526027,0.40728588643175856,5.116249034710877,24.844439072337273,0.041045415029528146,0.012242664660419945,0.11359404096834265,9.922786885245902
2026-02-01,C025,Unity Ads,KR,static,643.37,62990,724,92,0.6428648563015098,0.41379811554614065,0.1628485796988862,0.08461371779231956,0.5131281418766808,7.7844620368934,47.20778905265463,0.07337603379831883,0.011493887918717256,0.1270718232044199,6.993152173913043
2026-02-02,C025,Unity Ads,KR,static,861.04,79426,905,120,0.624032620307093,0.35379082881442736,0.15931330762195295,0.11365381641268214,0.4841156364319226,13.638457969521857,58.09387637183072,0.06746950190095802,0.01139425377080553,0.13259668508287292,7.175333333333333
2026-02-03,C025,Unity Ads,KR,static,720.57,55990,747,81,0.7075921095204566,0.4395972983780896,0.21276360718110587,0.13289373019168638,0.4397907403277759,10.764392145526596,35.62304996654984,0.04943762566299657,0.013341668155027684,0.10843373493975904,8.895925925925926
2026-02-04,C025,Unity Ads,KR,static,888.25,64491,809,87,0.7519181660669735,0.38848853292607016,0.21120471113482236,0.11326339296020327,0.4827405562814025,9.853915187537684,41.99842839648202,0.04728218083057898,0.012544386038361941,0.10754017305315204,10.209770114942529
2026-02-05,C025,Unity Ads,KR,static,408.78,31130,402,42,0.6600187398492463,0.3923262620367659,0.14243928316163887,0.09963974198500937,0.5159431868179924,4.184869163370394,21.669613846355684,0.05301037915337783,0.012913588178605847,0.1044776119402985,9.732857142857142
2026-02-06,C025,Unity Ads,KR,static,665.38,51403,622,80,0.6519167147328528,0.4116553535505939,0.11833260615358587,0.10527724320541396,0.4126027484949925,8.422179456433117,33.0082198795994,0.049607772357555154,0.012100461062583896,0.12861736334405144,8.31725
2026-02-07,C025,Unity Ads,KR,static,819.91,72761,925,112,0.5753723414215063,0.3922567322314254,0.1882561465318796,0.10046211967074592,0.5195152221532621,11.251757403123543,58.18570488116535,0.07096619082249361,0.012712854413765616,0.12108108108108108,7.320625
2026-02-08,C025,Unity Ads,KR,static,859.25,76537,856,89,0.5709506234240971,0.3526655065341393,0.16062012421966662,0.1107025930187599,0.4347361087610525,9.852530778669632,38.691513679733674,0.0450295046504133,0.011184133164351882,0.10397196261682243,9.654494382022472
2026-02-09,C025,Unity Ads,KR,static,635.02,47563,652,75,0.5219723258002138,0.3184112751162541,0.16374166343078664,0.09175903469219018,0.32064946115073667,6.8819276019142634,24.04870958630525,0.037870792879664446,0.013708134474276223,0.11503067484662577,8.466933333333333
2026-02-10,C025,Unity Ads,KR,static,606.1,54092,661,72,0.6816671968171746,0.36871213254264107,0.14615022485348655,0.08487445612477201,0.52956904662589,6.110960840983585,38.12897135706408,0.06290832666979998,0.012219921615026252,0.10892586989409984,8.418055555555556
2026-02-11,C025,Unity Ads,KR,static,645.96,57098,756,85,0.591492588970446,0.3351673842518229,0.1661428045972452,0.08846953747916272,0.4167885053093017,7.519910685728831,35.427022951290645,0.054844339742050226,0.013240393709061613,0.11243386243386243,7.599529411764706
2026-02-12,C025,Unity Ads,KR,static,535.83,39187,514,64,0.6269145188604062,0.40908731611929605,0.14518496449534765,0.10662186872969452,0.3070730090479945,6.823799598700449,19.65267257907165,0.03667728119152655,0.013116594789088219,0.1245136186770428,8.37234375
2026-02-13,C025,Unity Ads,KR,static,864.99,74159,779,101,0.7055444549338431,0.42017498696192307,0.23516263204296484,0.10386485985043964,0.48833069199054213,10.490350844894403,49.321399891044756,0.05701952107926437,0.01050445664046171,0.12965340179717585,8.564257425742575
2026-02-14,C025,Unity Ads,KR,static,862.97,81540,920,109,0.618355196835924,0.426748724087701,0.17681615614804796,0.11950220813980879,0.37109591816993315,13.025740687239159,40.44945508052271,0.04687261938293179,0.01128280598479274,0.11847826086956521,7.917155963302752
2026-02-15,C025,Unity Ads,KR,static,723.18,64091,818,85,0.6995835085893523,0.4325723106841995,0.15587940430579378,0.13776367668043332,0.4508143374020357,11.709912517836832,38.319218679173034,0.05298677509475934,0.012763102463684449,0.1039119804400978,8.508
2026-02-16,C025,Unity Ads,KR,static,899.06,69523,938,115,0.6597329111111965,0.4236029111653159,0.19079542139187147,0.09227482311075813,0.44264546117253994,10.611604657737185,50.90422803484209,0.05661920745105476,0.013491937919825094,0.12260127931769722,7.81791304347826
2026-02-17,C025,Unity Ads,KR,static,500.74,41322,472,56,0.5887698854918885,0.3691342107364329,0.14903222077097467,0.09164447435163003,0.4117983379711241,5.132090563691282,23.06070692638295,0.04605327675260426,0.011422486810899763,0.11864406779661017,8.941785714285714
2026-02-18,C025,Unity Ads,KR,static,738.59,47994,645,68,0.6827418781363069,0.3663481745876598,0.2164994208896553,0.09445281044028464,0.41304385114820613,6.4227911099393555,28.086981878078017,0.038028065844492476,0.013439179897487186,0.10542635658914729,10.861617647058823
2026-02-19,C025,Unity Ads,KR,static,659.53,51928,703,95,0.6356570706100169,0.41977017534428346,0.20677547198692325,0.12242065999028998,0.4090061927035615,11.629962699077547,38.85558830683834,0.05891410241026132,0.01353797565860422,0.13513513513513514,6.942421052631579
2026-02-20,C025,Unity Ads,KR,static,699.33,55770,673,70,0.7619750105250312,0.439539398092158,0.19095711581342406,0.131877042185041,0.38189572835466157,9.23139295295287,26.73270098482631,0.03822594072850439,0.012067419759727452,0.10401188707280833,9.990428571428572
2026-02-21,C025,Unity Ads,KR,static,726.48,51508,720,96,0.5148879709825525,0.38019544445376563,0.14876290471566395,0.07117956153205418,0.41210615237940423,6.833237907077201,39.562190628422805,0.0544573162738838,0.013978411120602625,0.13333333333333333,7.5675
2026-02-22,C025,Unity Ads,KR,static,711.25,60052,763,86,0.6857757868113898,0.395678419043012,0.19068467446954243,0.10990916214788748,0.44810530813664634,9.452187944718323,38.537056499751586,0.054182287316838856,0.012705655098914274,0.1127129750982962,8.270348837209303
2026-02-23,C025,Unity Ads,KR,static,508.05,36966,466,49,0.6794400977017249,0.4219010874245375,0.16368368247630172,0.10532218800752335,0.5229522628988436,5.1607872123686445,25.624660882043333,0.050436912279234275,0.01260617865065195,0.10515021459227468,10.368367346938776
2026-02-24,C025,Unity Ads,KR,static,550.12,48484,624,71,0.6085615888330644,0.4388814745143237,0.17504586074665024,0.117558103086827,0.4091656882585844,8.346625319164717,29.050763866359492,0.05280836861871413,0.012870225228941507,0.11378205128205128,7.748169014084507
2026-02-25,C025,Unity Ads,KR,static,602.25,54679,594,63,0.6521879228120907,0.4079681710594247,0.21091084329188758,0.12300263030169555,0.45971617295925427,7.749165709006819,28.96211889643302,0.04809025079504625,0.010863402768887507,0.10606060606060606,9.55952380952381
2026-02-26,C025,Unity Ads,KR,static,587.8,44571,537,71,0.6154490212002955,0.40998712294841355,0.19189204367301405,0.10531012714595098,0.43589175984564893,7.47701902736252,30.948314949041073,0.05265075022437024,0.012048192771084338,0.13221601489757914,8.278873239436619
2026-02-27,C025,Unity Ads,KR,static,1007.23,68092,888,120,0.6738425041904084,0.4677864119736669,0.1756482570641607,0.1094091240761977,0.5364193154514296,13.129094889143724,64.37031785417156,0.06390832449309197,0.013041179580567467,0.13513513513513514,8.393583333333334
2026-02-28,C025,Unity Ads,KR,static,732.82,59536,831,103,0.6215640280519503,0.40285491748841673,0.19356872540954392,0.09248893689907564,0.40660033506053284,9.526360500604792,41.87983451123488,0.057148993392536276,0.013957941413598495,0.12394705174488568,7.114757281553398
2026-03-01,C025,Unity Ads,KR,static,668.49,49719,676,89,0.7189897291777784,0.44840939977661004,0.16658133922170912,0.14378676181366407,0.46287440688926773,12.797021801416102,41.19582221314483,0.061625097512190266,0.013596411834509946,0.13165680473372782,7.511123595505618
2026-01-01,C026,Unity Ads,JP,video,692.91,33233,573,87,0.8012469687531867,0.5232322929900038,0.20142970647426697,0.16508772566987095,0.7678862222972738,14.362632133278773,66.80610133986282,0.09641330891348202,0.017241898113321098,0.1518324607329843,7.964482758620689
2026-01-02,C026,Unity Ads,JP,video,617.81,26596,442,50,0.6888719043715811,0.43947979167453116,0.1429790130846366,0.15041971989687855,0.6544874328957153,7.520985994843928,32.72437164478576,0.05296842872744329,0.01661904045721161,0.11312217194570136,12.3562
2026-01-03,C026,Unity Ads,JP,video,592.58,29342,431,59,0.7173659922575455,0.4138603912360504,0.21678309864011627,0.1719551712171244,0.7560983882930974,10.145355101810338,44.60980490929275,0.07528027739564534,0.01468884193306523,0.1368909512761021,10.043728813559323
2026-01-04,C026,Unity Ads,JP,video,681.56,34474,552,66,0.8435303752905262,0.47989355779854265,0.18564145546442484,0.15429070734989925,0.6729329904973679,10.18318668509335,44.41357737282628,0.06516419013998166,0.016012067065034517,0.11956521739130435,10.326666666666666
2026-01-05,C026,Unity Ads,JP,video,916.64,38471,603,90,0.658437210378875,0.41093397040228047,0.16136974992417352,0.13807486591818816,0.6182845565120152,12.426737932636934,55.64561008608137,0.06070590073579766,0.01567414416053651,0.14925373134328357,10.184888888888889
2026-01-06,C026,Unity Ads,JP,video,698.03,37388,605,85,0.6751115877634816,0.43140121999257064,0.20113063058948105,0.12955706951132892,0.7609016581021325,11.012350908462958,64.67664093868126,0.0926562432472997,0.016181662565529047,0.14049586776859505,8.212117647058824
2026-01-07,C026,Unity Ads,JP,video,659.93,30699,512,65,0.6912252104553417,0.4334841444539022,0.19234149030388234,0.15492308266297306,0.64501483580332,10.070000373093249,41.9259643272158,0.06353137068129658,0.016678067689501287,0.126953125,10.15276923076923
2026-01-08,C026,Unity Ads,JP,video,531.46,24874,404,55,0.6605962630583683,0.4215639919509857,0.16748812495377968,0.11533524127066506,0.5882906649496462,6.343438269886579,32.35598657223054,0.06088148231382332,0.01624185896920479,0.13613861386138615,9.662909090909091
2026-01-09,C026,Unity Ads,JP,video,851.35,34456,577,68,0.7227291504076364,0.36688248048356475,0.16923788608284704,0.12566782575322977,0.5633422736491204,8.545412151219624,38.30727460814018,0.04499591845201018,0.01674599489203622,0.11785095320623917,12.51985294117647
2026-01-10,C026,Unity Ads,JP,video,919.02,43529,646,99,0.7045256255731966,0.459973205142174,0.20404231126238032,0.17427440456159612,0.7903289781685713,17.253166051598015,78.24256883868856,0.08513695477372266,0.014840680925360105,0.15325077399380804,9.283030303030303
2026-01-11,C026,Unity Ads,JP,video,668.17,34054,478,65,0.6587810968018543,0.430806357659795,0.14412018282726735,0.1399853981614154,0.6217747478432776,9.099050880492001,40.41535860981304,0.06048633008966942,0.014036530216714629,0.13598326359832635,10.279538461538461
2026-01-12,C026,Unity Ads,JP,video,724.16,44924,588,85,0.7114479698556779,0.4581296697772552,0.21963455601433995,0.16701900700159214,0.705476286333979,14.196615595135333,59.965484338388215,0.08280715162705596,0.013088772148517495,0.1445578231292517,8.519529411764706
2026-01-13,C026,Unity Ads,JP,video,848.72,49467,675,89,0.8372911795846567,0.4479556643719841,0.18295297152580645,0.195530709410747,0.7468779755504078,17.402233137556482,66.4721398239863,0.0783203708384662,0.013645460610103705,0.13185185185185186,9.5361797752809
2026-01-14,C026,Unity Ads,JP,video,761.69,41277,576,69,0.6125248652596581,0.41332523472023414,0.15831916776329552,0.12506732132157972,0.6703967154651413,8.629645171189,46.25737336709475,0.06073001599944246,0.01395450250744967,0.11979166666666667,11.038985507246377
2026-01-15,C026,Unity Ads,JP,video,1100.32,51218,715,86,0.6604513992410136,0.4586291731963889,0.133895813193728,0.14014149732067588,0.6625181572036106,12.052168769578126,56.97656151951051,0.051782026553186165,0.013959935960014058,0.12027972027972028,12.794418604651161
2026-01-16,C026,Unity Ads,JP,video,790.99,34560,573,67,0.7444362461859169,0.4364894917152933,0.17176225057116146,0.15191245272911513,0.781644688346536,10.178134332850714,52.37019411921791,0.06620832803055358,0.01657986111111111,0.1169284467713787,11.805820895522388
2026-01-17,C026,Unity Ads,JP,video,697.49,41405,562,84,0.8332220499674513,0.49063636686182993,0.2002137847219386,0.17149961168642272,0.7267970452945834,14.405967381659508,61.05095180474501,0.08752975982475497,0.01357323994686632,0.1494661921708185,8.30345238095238
2026-01-18,C026,Unity Ads,JP,video,1067.67,51927,876,124,0.7020465400336101,0.5198835138172123,0.1304932879169856,0.15301503240963849,0.6517481419773122,18.973864018795172,80.81676960518672,0.07569423004396456,0.016869836501242127,0.1415525114155251,8.610241935483872
2026-01-19,C026,Unity Ads,JP,video,693.74,27820,476,71,0.7363231296755748,0.4055329966096893,0.1835144818644151,0.13248168457582216,0.6616867926363181,9.406199604883373,46.97976227717859,0.06771924618737213,0.01710999281092739,0.14915966386554622,9.770985915492957
2026-01-20,C026,Unity Ads,JP,video,629.85,34940,537,72,0.6912054406995742,0.3867608795896803,0.19312642283500175,0.1329138913633554,0.5508505965823188,9.56980017816159,39.66124295392696,0.06296898167875693,0.015369204350314825,0.1340782122905028,8.747916666666667
2026-01-21,C026,Unity Ads,JP,video,699.13,43304,556,85,0.7224816702599108,0.49258520202836686,0.21373742509342208,0.162921865893786,0.710243777060678,13.848358600971808,60.37072105015763,0.08635123001838246,0.012839460557916129,0.1528776978417266,8.225058823529412
2026-01-22,C026,Unity Ads,JP,video,850.57,42474,694,92,0.7245819451029452,0.44169846503427285,0.18781202309983436,0.17314817560374718,0.7448518015692289,15.929632155544741,68.52636574436906,0.0805650629893419,0.016339407637613598,0.13256484149855907,9.245326086956522
2026-01-23,C026,Unity Ads,JP,video,650.89,29868,446,63,0.6375727176006005,0.43266825656738495,0.1875908308263572,0.1441775351957038,0.7336430561164947,9.08318471732934,46.21951253533917,0.07100950276250155,0.014932369090665596,0.1412556053811659,10.331587301587302
2026-01-24,C026,Unity Ads,JP,video,717.42,31346,518,75,0.6325489429878441,0.39295027670481075,0.14167288808824272,0.14062689122722696,0.5373658773163253,10.547016842042023,40.3024407987244,0.056176737677111184,0.01652523447967843,0.14478764478764478,9.5656
2026-01-25,C026,Unity Ads,JP,video,608.4,28455,421,61,0.6561007674101667,0.40984877299696065,0.16002805230188552,0.12245668964667106,0.5807551242701501,7.469858068446935,35.426062580479154,0.05822838748145261,0.014795290810050958,0.14489311163895488,9.973770491803279
2026-01-26,C026,Unity Ads,JP,video,517.3,27276,382,54,0.6395268627976578,0.46932842603486874,0.18736747458847614,0.13443734932912954,0.6488807629256845,7.259616863772996,35.03956119798696,0.06773594560825945,0.014004986068338466,0.14136125654450263,9.579629629629629
2026-01-27,C026,Unity Ads,JP,video,980.3,49607,813,111,0.768980380461396,0.4948531237351473,0.23413055711873318,0.17092707063767615,0.6542481569688083,18.972904840782054,72.62154542353773,0.07408078915703765,0.01638881609450279,0.13653136531365315,8.831531531531532
2026-01-28,C026,Unity Ads,JP,video,519.33,32063,449,58,0.6978539934410246,0.4662075583538107,0.16591576713631162,0.15144477797511555,0.6279713558451965,8.783797122556702,36.4223386390214,0.07013399034205292,0.014003680254498956,0.1291759465478842,8.95396551724138
2026-01-29,C026,Unity Ads,JP,video,409.99,15987,268,34,0.7344037058666611,0.4592406216581499,0.19708612781631982,0.168057076404299,0.6859215492941702,5.713940597746166,23.321332676001784,0.05688283451120784,0.01676362044160881,0.12686567164179105,12.058529411764706
2026-01-30,C026,Unity Ads,JP,video,635.53,26278,423,53,0.6791185610294795,0.4885287254674833,0.17454672522399536,0.1640228985586038,0.586090617960286,8.693213623606,31.062802751895163,0.04887687038790226,0.016097115457797396,0.12529550827423167,11.991132075471697
2026-01-31,C026,Unity Ads,JP,video,766.29,33989,567,65,0.7561587010578775,0.4318741715653832,0.20803728603740126,0.13803745779320295,0.6350291856222057,8.972434756558192,41.27689706544337,0.05386584490008795,0.01668186766306746,0.1146384479717813,11.789076923076923
2026-02-01,C026,Unity Ads,JP,video,866.7,50760,657,101,0.7347444445919701,0.4872175557903039,0.23031145012552484,0.1388660990346201,0.7266209371162305,14.02547600249663,73.38871464873928,0.08467560432411018,0.012943262411347517,0.1537290715372907,8.581188118811882
2026-02-02,C026,Unity Ads,JP,video,692.66,33384,483,57,0.7751730538545346,0.44949908222159546,0.23372816004215752,0.1756540675416288,0.6628655103493292,10.012281849872842,37.78333408991176,0.054547869643755305,0.014468008626887132,0.11801242236024845,12.151929824561403
2026-02-03,C026,Unity Ads,JP,video,610.57,32444,440,66,0.67398588513022,0.3831405558331027,0.1831743187813807,0.15561664827698973,0.6676090045905742,10.270698786281322,44.06219430297789,0.07216517166840633,0.013561829614104303,0.15,9.251060606060607
2026-02-04,C026,Unity Ads,JP,video,735.2,36807,614,72,0.6990297630346213,0.5363581554379062,0.19371324528908454,0.1777826874517982,0.6442297927303317,12.800353496529471,46.384545076583876,0.06309143919032226,0.016681609476458283,0.11726384364820847,10.211111111111112
2026-02-05,C026,Unity Ads,JP,video,813.63,35434,553,73,0.622938643412925,0.4302199291869078,0.19554204099911054,0.17678387855547295,0.6441772994904282,12.905223134549525,47.02494286280126,0.05779659571459092,0.01560647965231134,0.13200723327305605,11.145616438356164
2026-02-06,C026,Unity Ads,JP,video,797.0,38633,554,69,0.6744514943859424,0.45779384273262286,0.18993259134477,0.12220973736944785,0.6814267740943746,8.432471878491901,47.01844741251185,0.058994417969465744,0.01434007195920586,0.12454873646209386,11.55072463768116
2026-02-07,C026,Unity Ads,JP,video,492.47,23588,359,45,0.840074567366148,0.49505695182349746,0.20804417208720197,0.165682969291556,0.7381153631332595,7.45573361812002,33.21519134099668,0.06744587486315325,0.015219603188061726,0.12534818941504178,10.943777777777779
2026-02-08,C026,Unity Ads,JP,video,767.94,33436,512,63,0.7229643091355998,0.4373881911462103,0.15370102109684064,0.1566024727037966,0.662140133531099,9.865955780339185,41.71482841245924,0.05432044675794457,0.01531283646369183,0.123046875,12.189523809523811
2026-02-09,C026,Unity Ads,JP,video,739.22,37265,489,73,0.773199684976691,0.4444404710495116,0.19893249377732933,0.17575552152179774,0.6200467155625642,12.830153071091235,45.26341023606719,0.06123134012805135,0.013122232657990071,0.1492842535787321,10.126301369863015
2026-02-10,C026,Unity Ads,JP,video,641.32,32997,433,57,0.7531383372165026,0.5059095739456662,0.19415936807235937,0.128549375263976,0.6904189963598354,7.327314390046632,39.35388279251062,0.06136415060843831,0.013122405067127314,0.13163972286374134,11.25122807017544
2026-02-11,C026,Unity Ads,JP,video,756.4,30261,494,60,0.7275409341456405,0.5219167868685045,0.1977126322940773,0.18362001972778388,0.6270924850457755,11.017201183667034,37.62554910274653,0.04974292407321414,0.016324642278840753,0.1214574898785425,12.606666666666666
2026-02-12,C026,Unity Ads,JP,video,624.22,39304,542,75,0.6778938141358916,0.4503772932129829,0.1916455743327293,0.1522564776538845,0.5897608035550619,11.419235824041337,44.23206026662964,0.07085916687427221,0.013789945043761449,0.13837638376383765,8.322933333333333
2026-02-13,C026,Unity Ads,JP,video,943.02,40287,671,104,0.7168911300721859,0.39893953797858495,0.21732583260616362,0.16616825056409706,0.7162138428867949,17.281498058666095,74.48623966022667,0.07898701446706387,0.016655496810385483,0.15499254843517138,9.067499999999999
2026-02-14,C026,Unity Ads,JP,video,903.17,53223,707,97,0.7836352026087485,0.46955988066170656,0.20544406213516858,0.1697667378270633,0.6797017153149142,16.467373569225142,65.93106638554667,0.07299984904454572,0.013283730717922703,0.1371994342291372,9.31103092783505
2026-02-15,C026,Unity Ads,JP,video,873.47,46422,618,86,0.8360169784697734,0.4298595528882912,0.2132680039287497,0.18032867230403107,0.6695478340571326,15.508265818146672,57.5811137289134,0.0659220796330737,0.013312653483262247,0.13915857605177995,10.156627906976745
2026-02-16,C026,Unity Ads,JP,video,588.55,28744,389,53,0.6819288479056981,0.4749020774367186,0.19518143913876268,0.15278873918901364,0.7071352387643408,8.097803177017724,37.47816765451006,0.0636784034619937,0.013533259114945727,0.13624678663239073,11.104716981132075
2026-02-17,C026,Unity Ads,JP,video,847.33,44073,641,80,0.6461025023383761,0.4150320365368149,0.16636012747876905,0.1572888111154099,0.6032293406730138,12.583104889232793,48.25834725384111,0.05695336366221621,0.01454405191387017,0.12480499219968799,10.591625
2026-02-18,C026,Unity Ads,JP,video,664.7,25958,432,65,0.7798178787372567,0.4981825356404805,0.20445228368886603,0.16036277216688025,0.6707039044647268,10.423580190847217,43.59575379020725,0.06558729179162566,0.016642268279528468,0.15046296296296297,10.226153846153847
2026-02-19,C026,Unity Ads,JP,video,655.42,29347,502,58,0.6963452775961536,0.41897964667248133,0.18739580902724223,0.15853618284286536,0.7295259041889112,9.19509860488619,42.31250244295685,0.06455811938818642,0.01710566667802501,0.11553784860557768,11.300344827586207
2026-02-20,C026,Unity Ads,JP,video,598.38,34552,499,63,0.6311894373177291,0.43408223901670134,0.17346821172138405,0.15836612991444082,0.6219694324761106,9.977066184609772,39.184074245994964,0.0654832488106192,0.014442000463070155,0.12625250501002003,9.498095238095239
2026-02-21,C026,Unity Ads,JP,video,635.53,31929,461,57,0.7383161130097418,0.45343265101378194,0.2020317962476265,0.14911249804064008,0.6799827381378971,8.499412388316484,38.75901607386014,0.06098688579075363,0.014438284944721099,0.12364425162689804,11.149649122807016
2026-02-22,C026,Unity Ads,JP,video,682.28,32859,498,59,0.8175250149066834,0.5075955965974208,0.20033774791820785,0.19797171000568412,0.6782392261552027,11.680330890335362,40.01611434315696,0.05865017126114848,0.015155665114580481,0.11847389558232932,11.56406779661017
2026-02-23,C026,Unity Ads,JP,video,601.43,36772,488,71,0.6753487156804338,0.402318594620206,0.1547826428408885,0.13715617184862425,0.6927225462797607,9.73808820125232,49.18330078586301,0.08177782754160058,0.013270967040139236,0.14549180327868852,8.470845070422534
2026-02-24,C026,Unity Ads,JP,video,831.25,42060,616,88,0.8088163845001131,0.5442308242010344,0.1870251603419551,0.17774104811781866,0.7920366042838872,15.64121223436804,69.69922117698208,0.08384883521885479,0.014645744174988113,0.14285714285714285,9.446022727272727
2026-02-25,C026,Unity Ads,JP,video,743.8,47448,615,89,0.7031343883451451,0.505824153653962,0.20486876526169354,0.18982045704554387,0.7249013012314747,16.894020677053405,64.51621580960125,0.08673900785047563,0.012961557916034396,0.14471544715447154,8.357303370786516
2026-02-26,C026,Unity Ads,JP,video,701.13,36258,463,68,0.8400032786618781,0.5157222998246701,0.19487910721703225,0.1916975655573253,0.653115885690798,13.035434457898122,44.41188022697427,0.06334346727943085,0.012769595675437145,0.1468682505399568,10.310735294117647
2026-02-27,C026,Unity Ads,JP,video,833.29,46995,668,101,0.8050192597026842,0.49958613139624014,0.19866633957036278,0.1777584639282958,0.6835921022506732,17.953604856757877,69.042802327318,0.08285579478097328,0.014214278114693052,0.15119760479041916,8.25039603960396
2026-02-28,C026,Unity Ads,JP,video,652.41,34331,445,60,0.7383927955637168,0.4860148271955044,0.1859387288521312,0.15920330892934395,0.6909574977925808,9.552198535760636,41.45744986755484,0.0635455009715611,0.012962045964288835,0.1348314606741573,10.8735
2026-03-01,C026,Unity Ads,JP,video,828.76,47821,649,78,0.7060245142063301,0.44296674187823765,0.14562337827278107,0.10799617833385025,0.6943973095596719,8.42370191004032,54.16299014565441,0.0653541570047663,0.013571443508082223,0.12018489984591679,10.625128205128204
2026-01-01,C027,Unity Ads,IN,playable,875.35,135294,2245,364,0.611272060532603,0.37596987033405616,0.11838590404895935,0.05535016546693632,0.26136935112198567,20.14746022996482,95.13844380840278,0.10868565076635349,0.016593492689993643,0.1621380846325167,2.4048076923076924
2026-01-02,C027,Unity Ads,IN,playable,804.34,102346,2090,284,0.5548153589842384,0.41828920821477666,0.1262903132155709,0.039089418267081344,0.06251906923093126,11.101394787851103,17.755415661584475,0.0220746172805832,0.020420925097219236,0.13588516746411483,2.8321830985915493
2026-01-03,C027,Unity Ads,IN,playable,697.77,82359,1363,221,0.618134446725063,0.44536589355244105,0.16454479160739358,0.05245695237152414,0.16110387652980332,11.592986474106835,35.60395671308653,0.05102541866789038,0.016549496715598782,0.16214233308877476,3.1573303167420814
2026-01-04,C027,Unity Ads,IN,playable,741.71,89170,1591,260,0.5509676911439885,0.37814091606911565,0.21504579722501915,0.05514197786398401,0.2948527266964353,14.336914244635842,76.66170894107319,0.10335757696110424,0.01784232365145228,0.16341923318667503,2.8527307692307695
2026-01-05,C027,Unity Ads,IN,playable,706.58,90096,1391,220,0.5681581609578974,0.39236056629640886,0.14171018972511057,0.04649669905705633,0.18970733542157348,10.229273792552393,41.735613792746165,0.059067124581622395,0.01543908719587995,0.15815959741193386,3.211727272727273
2026-01-06,C027,Unity Ads,IN,playable,809.97,104466,1659,239,0.5842738050753542,0.33660727445321775,0.18015403124943258,0.05724137346060497,0.19383186295484034,13.680688257084588,46.325815246206844,0.0571944515055253,0.015880765033599448,0.14406268836648584,3.3889958158995817
2026-01-07,C027,Unity Ads,IN,playable,582.12,75414,1191,204,0.6252037366646378,0.34184055739622776,0.18603807552505774,0.039890320129563055,0.15329220770258303,8.137625306430863,31.27161037132694,0.05372032737521617,0.015792823613652637,0.1712846347607053,2.853529411764706
2026-01-08,C027,Unity Ads,IN,playable,659.61,74999,1335,209,0.6633427315765865,0.42512969845307885,0.1672264405099454,0.038290631137488255,0.1912839411558193,8.002741907735045,39.97834370156623,0.06060903659326199,0.01780023733649782,0.15655430711610488,3.1560287081339715
2026-01-09,C027,Unity Ads,IN,playable,681.64,74205,1438,203,0.590140693949824,0.3594198550114746,0.1823784205682861,0.03413312886332729,0.15843942044222073,6.92902515925544,32.163202349770806,0.047185147340439076,0.019378748062799003,0.1411682892906815,3.357832512315271
2026-01-10,C027,Unity Ads,IN,playable,916.02,132913,2252,336,0.6274976894781307,0.3716140405595757,0.1519032229929318,0.03258220010804973,0.20678799819741783,10.947619236304709,69.48076739433239,0.07585086673800139,0.016943414112991204,0.1492007104795737,2.72625
2026-01-11,C027,Unity Ads,IN,playable,617.53,81953,1431,198,0.560783317584714,0.35765188394201824,0.1460130929701098,0.04322373558517389,0.13559677114949406,8.55829964586443,26.848160687599822,0.04347662955610216,0.017461227776896515,0.13836477987421383,3.1188383838383835
2026-01-12,C027,Unity Ads,IN,playable,783.45,90376,1682,253,0.6374763279636431,0.3690809328383774,0.16496372731195175,0.058072463930430585,0.0984103608639147,14.692333374398938,24.89782129857042,0.03177953467821968,0.018611135699743295,0.15041617122473247,3.0966403162055336
2026-01-13,C027,Unity Ads,IN,playable,892.85,106386,1932,334,0.6338080882547857,0.3303063608025556,0.16733380379393228,0.049153007977857315,0.19320816659943163,16.41710466460434,64.53152764421016,0.07227554630506115,0.018160284247927358,0.17287784679089027,2.6732035928143714
2026-01-14,C027,Unity Ads,IN,playable,600.21,58225,1160,158,0.6377565741660368,0.4242162807134241,0.17779142427003133,0.00767355868033634,0.22663067912185833,1.2124222714931416,35.80764730125362,0.05965892967885519,0.019922713610991842,0.13620689655172413,3.7987974683544308
2026-01-15,C027,Unity Ads,IN,playable,617.84,77729,1586,221,0.5990975327643538,0.32726096918544395,0.1470505157388056,0.021882253265516346,0.10007527074861464,4.835977971679112,22.116634835443836,0.03579660700306792,0.020404224935352315,0.13934426229508196,2.795656108597285
2026-01-16,C027,Unity Ads,IN,playable,914.28,119842,2287,348,0.5311671009919539,0.3456670892476934,0.11438270264814386,0.050488244996889184,0.13584417830162232,17.569909258917438,47.27377404896457,0.0517059474314931,0.019083459888853658,0.15216440752076957,2.6272413793103446
2026-01-17,C027,Unity Ads,IN,playable,701.98,84007,1378,188,0.6179955771982375,0.37489695820090574,0.18681096199912053,0.06692201548541844,0.19373983828216926,12.581338911258667,36.42308959704782,0.05188657644960575,0.016403394955182306,0.13642960812772134,3.733936170212766
2026-01-18,C027,Unity Ads,IN,playable,917.76,102426,1875,322,0.5917569914282762,0.40947272812254576,0.16807077610555465,0.036399655970447205,0.2360945474451763,11.720689222484,76.02244427734676,0.08283447010723811,0.018305898892859235,0.17173333333333332,2.850186335403727
2026-01-19,C027,Unity Ads,IN,playable,730.36,89806,1453,205,0.5933579455979802,0.3608099327006842,0.16616620294800616,0.05060305027222402,0.16894848999813622,10.373625305805923,34.63444044961793,0.047421082938838205,0.016179319867269448,0.14108740536820372,3.5627317073170732
2026-01-20,C027,Unity Ads,IN,playable,710.02,89886,1732,278,0.6098565943235005,0.40855106550523085,0.18905259810910274,0.05809948225160293,0.19745196758469347,16.151656065945613,54.891646988544785,0.07731052122276143,0.019268851656542733,0.1605080831408776,2.5540287769784173
2026-01-21,C027,Unity Ads,IN,playable,500.44,70717,1212,187,0.5995175483019225,0.3667034591442072,0.18159108257320486,0.047460950046425525,0.17403705180052365,8.875197658681573,32.54492868669792,0.06503309332140911,0.0171387360889178,0.1542904290429043,2.676149732620321
2026-01-22,C027,Unity Ads,IN,playable,838.99,91360,1687,274,0.647974942723123,0.376007772995035,0.15259571714817388,0.03995569496553193,0.12280621741105131,10.947860420555749,33.64890357062806,0.04010656603351255,0.018465411558669,0.16241849436870184,3.062007299270073
2026-01-23,C027,Unity Ads,IN,playable,729.91,89465,1756,256,0.5495535996977964,0.38056035184661846,0.16430753844467902,0.0609306280882305,0.19111729309547715,15.598240790587008,48.92602703244215,0.06703064186255864,0.019627787402894985,0.14578587699316628,2.8512109375
2026-01-24,C027,Unity Ads,IN,playable,884.74,88519,1816,258,0.5211386949078337,0.3400755288603439,0.1305503207870085,0.0656799145703937,0.21480497852670527,16.945417959161574,55.41968445988996,0.062639727591015,0.02051536958167173,0.1420704845814978,3.4292248062015505
2026-01-25,C027,Unity Ads,IN,playable,857.73,93324,1920,301,0.5984921795318062,0.46116076814280693,0.14466509976234793,0.02399886887528322,0.2931202750966426,7.22365953146025,88.22920280408943,0.10286333912446396,0.020573485920020573,0.15677083333333333,2.8496013289036544
2026-01-26,C027,Unity Ads,IN,playable,624.05,77211,1308,190,0.5543491489092092,0.37265559402841836,0.2021553296849693,0.07360090118318374,0.17881100136016803,13.98417122480491,33.97409025843193,0.05444139613235576,0.016940591366515136,0.1452599388379205,3.284473684210526
2026-01-27,C027,Unity Ads,IN,playable,705.71,85748,1744,313,0.523050385744723,0.3882076213353084,0.1436399681310398,0.02995967439639714,0.23236990675221852,9.377378086072305,72.7317808134444,0.10306133447734327,0.020338666791062183,0.17947247706422018,2.254664536741214
2026-01-28,C027,Unity Ads,IN,playable,884.48,106416,1993,351,0.6587222723873396,0.4101314939255347,0.19510880140417244,0.022204834460949025,0.14831318860845413,7.793896895793107,52.0579292015674,0.0588567746913419,0.018728386708765598,0.17611640742599097,2.51988603988604
2026-01-29,C027,Unity Ads,IN,playable,670.4,79629,1375,240,0.5707901077242621,0.3652236444832339,0.15224389450713394,0.05014079028500625,0.20611428631077108,12.0337896684015,49.46742871458506,0.07378780211656089,0.017267578394805912,0.17454545454545456,2.7933333333333334
2026-01-30,C027,Unity Ads,IN,playable,692.72,86183,1590,232,0.6376843685481134,0.4117454783653843,0.15357888049174984,0.06713332182388138,0.2295289295291473,15.57493066314048,53.25071165076218,0.07687230455565405,0.018449114094426976,0.1459119496855346,2.9858620689655173
2026-01-31,C027,Unity Ads,IN,playable,811.51,122446,1918,284,0.5845820080571426,0.35699634651016443,0.13350210720548739,0.012189271390659537,0.2619790370613696,3.4617530749473087,74.40204652542897,0.0916836479757133,0.015664047825163747,0.1480709071949948,2.8574295774647887
2026-02-01,C027,Unity Ads,IN,playable,631.95,80010,1276,222,0.6020241070606176,0.3440193308500754,0.13294392433096938,0.03565853019107379,0.12326870793951362,7.916193702418381,27.365653162572023,0.04330336839244456,0.0159480064991876,0.17398119122257052,2.846621621621622
2026-02-02,C027,Unity Ads,IN,playable,453.79,50734,935,160,0.5365999044771347,0.35150650176049264,0.16868284062520492,0.024291110150698843,0.2068915799203719,3.886577624111815,33.10265278725951,0.07294766985516829,0.01842945559191075,0.1711229946524064,2.8361875000000003
2026-02-03,C027,Unity Ads,IN,playable,693.01,88047,1551,267,0.6909213352589672,0.473171651057327,0.17169366922957163,0.024298735778254282,0.21633207588673786,6.487762452793893,57.76066426175901,0.08334803745589758,0.01761559167262939,0.172147001934236,2.5955430711610488
2026-02-04,C027,Unity Ads,IN,playable,794.76,87557,1598,279,0.5510433592246838,0.36248851011952504,0.14384625269596324,0.022198032482731583,0.14727663142659073,6.193251062682112,41.09018016801881,0.051701224320957306,0.018250967940884225,0.17459324155193992,2.8486021505376344
2026-02-05,C027,Unity Ads,IN,playable,596.26,64448,1275,170,0.5773874105706553,0.4377095304509471,0.18053971171786926,0.03834502048612025,0.1683020733198004,6.518653482640442,28.611352464366067,0.047984694840047304,0.019783391261171797,0.13333333333333333,3.5074117647058825
2026-02-06,C027,Unity Ads,IN,playable,887.68,101438,2056,281,0.5821620944195345,0.2883434982072577,0.1430535426920983,0.06227016402164287,0.08690473304242186,17.497916090081645,24.420229984920542,0.027510188742423183,0.020268538417555552,0.13667315175097275,3.159003558718861
2026-02-07,C027,Unity Ads,IN,playable,557.45,61780,1159,158,0.6468172065810701,0.36397201934229,0.16912926417859775,0.04886509526993783,0.1657965157870058,7.720685052650178,26.195849494346916,0.04699267196256116,0.018760116542570413,0.1363244176013805,3.5281645569620257
2026-02-08,C027,Unity Ads,IN,playable,839.38,108059,2053,347,0.6578521902759412,0.4352206554429062,0.15982085806418728,0.07357606673532689,0.15797527535009204,25.530895157158433,54.817420546481934,0.06530708144819929,0.018998880241349634,0.16902094495859718,2.418962536023055
2026-02-09,C027,Unity Ads,IN,playable,871.36,120695,2161,331,0.572449355930142,0.370972341704108,0.1520326740004129,0.025731432211281068,0.15524878211948456,8.517104061934033,51.38734688154939,0.058973450499043185,0.017904635651849705,0.15316982878297083,2.6325075528700905
2026-02-10,C027,Unity Ads,IN,playable,882.59,126767,2036,309,0.6423157535819922,0.3719561913142698,0.1603909310768019,0.06170619562837311,0.1791529445657974,19.06721444916729,55.3582598708314,0.06272275181138984,0.01606096223780637,0.15176817288801572,2.856278317152104
2026-02-11,C027,Unity Ads,IN,playable,647.37,80087,1441,257,0.5880921116569838,0.3569499610494472,0.1509435136087921,0.04495070978825025,0.17889307456247405,11.552332415580313,45.97552016255583,0.07101943374302251,0.017992932685704295,0.17834836918806385,2.5189494163424127
2026-02-12,C027,Unity Ads,IN,playable,863.91,107615,1794,322,0.6271517580155112,0.38172499429649703,0.1534538417474268,0.012066807987621726,0.06928025569826317,3.885512172014196,22.30824233484074,0.025822397099688463,0.01667053849370441,0.1794871794871795,2.682950310559006
2026-02-13,C027,Unity Ads,IN,playable,1119.59,122582,2204,392,0.6033352188357729,0.3928406907298211,0.15669013016896205,0.04020664823046693,0.14331471299441234,15.761006106343036,56.179367493809636,0.05017870620832732,0.017979801275880634,0.17785843920145192,2.85609693877551
2026-02-14,C027,Unity Ads,IN,playable,813.62,109521,1968,272,0.6473877650777533,0.38897668521080936,0.17433674774225003,0.044620857402523105,0.18590039588399376,12.136873213486284,50.564907680446304,0.06214778933946933,0.017969156600104088,0.13821138211382114,2.99125
2026-02-15,C027,Unity Ads,IN,playable,1104.35,130255,2233,353,0.58631635547927,0.3478049565780713,0.15175423020378354,0.025828765033674605,0.2229118613508477,9.117554056887135,78.68788705684923,0.0712524789890367,0.01714329584276995,0.1580832960143305,3.1284702549575067
2026-02-16,C027,Unity Ads,IN,playable,676.83,70207,1430,242,0.6331979390642821,0.4050808930437269,0.158431522940845,0.0374718246645054,0.23084803676627275,9.068181568810308,55.865224897438004,0.082539735362916,0.020368339339382112,0.16923076923076924,2.796818181818182
2026-02-17,C027,Unity Ads,IN,playable,834.74,107639,1827,247,0.6235207889595502,0.40559075510421017,0.1691576916374533,0.03895513897898477,0.21331743864894215,9.621919327809238,52.68940734628871,0.06312086711557398,0.016973401833907786,0.13519430760810072,3.379514170040486
2026-02-18,C027,Unity Ads,IN,playable,961.27,121036,1920,344,0.6132171271240686,0.3893184198888928,0.1564440664473067,0.036205039768008984,0.1708370819013334,12.454533680195091,58.76795617405869,0.061135546678814615,0.01586304901021184,0.17916666666666667,2.7943895348837207
2026-02-19,C027,Unity Ads,IN,playable,809.41,105860,1621,231,0.6587989727519493,0.39943518964156355,0.18231635848472683,0.042610028840164946,0.28685017760734594,9.842916662078103,66.26239102729691,0.08186530656721094,0.015312677120725487,0.14250462677359654,3.503939393939394
2026-02-20,C027,Unity Ads,IN,playable,573.61,72901,1430,256,0.5275062124596583,0.3777742348449481,0.16930937743818697,0.04945970299559316,0.2729768326977162,12.661683966871848,69.88206917061535,0.12182846987129443,0.01961564313246732,0.17902097902097902,2.2406640625
2026-02-21,C027,Unity Ads,IN,playable,1008.06,113631,2019,274,0.6073487845736883,0.3261759585645356,0.1376238116443508,0.0366523489446289,0.1923843946914884,10.042743610828317,52.71332414546782,0.05229199897937274,0.01776803865142435,0.1357107478949975,3.679051094890511
2026-02-22,C027,Unity Ads,IN,playable,877.12,112982,2142,370,0.714802128869091,0.4350671421312954,0.19969333238991235,0.05641133406514171,0.21749918880450314,20.872193604102435,80.47469985766617,0.09174849096170873,0.018958772193800783,0.17273576097105509,2.3705945945945945
2026-02-23,C027,Unity Ads,IN,playable,684.67,76949,1354,180,0.6241490678560295,0.32175472481266426,0.15703252038855994,0.059439332401285294,0.14298312941780422,10.699079832231353,25.73696329520476,0.0375904478920838,0.017596070124368087,0.1329394387001477,3.803722222222222
2026-02-24,C027,Unity Ads,IN,playable,688.56,85626,1366,188,0.6572077314703146,0.39194543368124374,0.12787854771254714,0.03870122257377763,0.08032125623394835,7.275829843870194,15.100396171982291,0.02193045400875108,0.01595309835797538,0.1376281112737921,3.662553191489361
2026-02-25,C027,Unity Ads,IN,playable,596.46,67591,1350,231,0.6437830489843296,0.35947879766155816,0.16030268996296748,0.07046529793145889,0.26203569898426865,16.277483822167003,60.530246465366055,0.10148206197422129,0.019973073338166322,0.1711111111111111,2.5820779220779224
2026-02-26,C027,Unity Ads,IN,playable,761.45,89710,1500,250,0.6183832420637478,0.42141017361463834,0.13601337228415775,0.06016401986722389,0.16284990019119067,15.041004966805973,40.71247504779767,0.053467149429591895,0.016720543975030654,0.16666666666666666,3.0458000000000003
2026-02-27,C027,Unity Ads,IN,playable,565.77,54476,1096,176,0.6516187067009952,0.43404023969600186,0.1686385046618435,0.0671247565506722,0.22138297285424866,11.813957152918306,38.963403222347765,0.06886826622827004,0.02011895146486526,0.16058394160583941,3.2146022727272725
2026-02-28,C027,Unity Ads,IN,playable,753.24,83138,1555,232,0.6199694153416867,0.3752117684573482,0.12815061301734793,0.039066106992377746,0.15536704049151812,9.063336822231637,36.045153394032205,0.04785353283300767,0.018703841805191367,0.14919614147909968,3.2467241379310345
2026-03-01,C027,Unity Ads,IN,playable,741.93,97652,1577,238,0.5910460368803877,0.4034950154325429,0.17299837610759677,0.06394257504562675,0.2584600939187636,15.218332860859167,61.51350235266574,0.08291027092391808,0.016149182812436,0.15091946734305645,3.1173529411764704
2026-01-01,C028,Unity Ads,US,playable,1015.36,38636,664,95,0.777691367662115,0.47068005357648723,0.232117855338475,0.15276772697067162,0.6915453057951287,14.512934062213803,65.69680405053722,0.06470289605733606,0.017186044103944507,0.1430722891566265,10.688
2026-01-02,C028,Unity Ads,US,playable,605.27,25310,456,71,0.7911436617112373,0.5045617776900764,0.21350298218478714,0.17021583081649036,0.7716787148480663,12.085323987970815,54.7891887542127,0.09051954512619478,0.01801659423152904,0.15570175438596492,8.524929577464789
2026-01-03,C028,Unity Ads,US,playable,778.44,28991,471,69,0.8884891965892427,0.5453235516526111,0.23266942751869785,0.1900151499414633,0.9132608118997877,13.111045345960967,63.01499602108535,0.08095041481355969,0.01624642130316305,0.1464968152866242,11.281739130434783
2026-01-04,C028,Unity Ads,US,playable,992.88,37291,733,126,0.8508858062549505,0.5115290890187429,0.23342291984168054,0.20779953436048887,0.9060637052516003,26.182741329421596,114.16402686170164,0.11498290208463617,0.019656217317851492,0.17189631650750342,7.88
2026-01-05,C028,Unity Ads,US,playable,782.43,26196,503,89,0.7910110336565905,0.5375634012326518,0.22597480416207244,0.18952403976164023,0.7582984995303519,16.86763953878598,67.48856645820132,0.08625503611403483,0.019201404794625135,0.17693836978131214,8.791348314606742
2026-01-06,C028,Unity Ads,US,playable,874.92,28748,566,96,0.8666210993496648,0.567001748115099,0.2334968728171167,0.2003621489344686,0.8642801245067186,19.234766297708987,82.97089195264499,0.09483270592702399,0.019688326144427438,0.1696113074204947,9.11375
2026-01-07,C028,Unity Ads,US,playable,732.34,23041,458,69,0.792626761145795,0.5082212708971718,0.20850879072928297,0.17857118767304003,0.8690979710731755,12.321411949439762,59.96776000404911,0.08188511444180335,0.019877609478755262,0.15065502183406113,10.613623188405798
2026-01-08,C028,Unity Ads,US,playable,774.01,23851,485,66,0.7864399653097889,0.4770838709811697,0.19587698721633484,0.17315633297726812,0.7185706833085455,11.428317976499697,47.425665098364,0.06127289655756129,0.020334577166575826,0.1360824742268041,11.727424242424242
2026-01-09,C028,Unity Ads,US,playable,704.98,26127,443,65,0.7564713407647168,0.4399339655314003,0.17525972510936555,0.18509111821538762,0.781067075161556,12.030922684000195,50.769359885501146,0.07201552513085596,0.016955639759635627,0.14672686230248308,10.845846153846153
2026-01-10,C028,Unity Ads,US,playable,657.19,25538,419,60,0.9,0.5560201956148875,0.2662129549618596,0.19021635583398253,0.8327941260137138,11.412981350038951,49.96764756082283,0.0760328290975953,0.016406923016681025,0.1431980906921241,10.953166666666668
2026-01-11,C028,Unity Ads,US,playable,937.95,33379,654,88,0.8009479625728847,0.4754192772973374,0.1991316692785148,0.16508602923611915,0.8118908699971344,14.527570572778485,71.44639655974782,0.07617296080641943,0.019593157374397076,0.1345565749235474,10.658522727272727
2026-01-12,C028,Unity Ads,US,playable,907.47,31408,591,96,0.8155999139246148,0.5249451982875007,0.1943602372136706,0.16008531619778527,0.6644502261572733,15.368190354987386,63.78722171109824,0.07029117573615495,0.018816861946001018,0.16243654822335024,9.4528125
2026-01-13,C028,Unity Ads,US,playable,735.63,26089,478,84,0.7998626772846253,0.516625128267714,0.19192822575133983,0.16594330035736574,0.7436971573001459,13.939237230018723,62.47056121321225,0.08492158498572763,0.018321898117980757,0.17573221757322174,8.7575
2026-01-14,C028,Unity Ads,US,playable,647.38,26059,442,74,0.8645426731624231,0.5772203609457892,0.20119389425327755,0.1833128827498566,0.9080451971333353,13.565153323489389,67.19534458786681,0.10379556625667936,0.016961510418665338,0.167420814479638,8.748378378378378
2026-01-15,C028,Unity Ads,US,playable,680.29,27464,521,71,0.9,0.570607899856891,0.2655155332322736,0.20480260636595893,0.8704752995982965,14.540985051983084,61.80374627147905,0.09084951921007968,0.01897028837751238,0.1362763915547025,9.581549295774648
2026-01-16,C028,Unity Ads,US,playable,757.07,35402,561,83,0.9,0.5441181237680047,0.2651282466919506,0.18370549415740953,0.8112470895323209,15.24755601506499,67.33350843118264,0.08893950653743837,0.015846562341110672,0.14795008912655971,9.12132530120482
2026-01-17,C028,Unity Ads,US,playable,937.21,37741,649,114,0.8676723681482155,0.4851103604323916,0.20389759592545934,0.17181518318882333,0.8215571045725624,19.58693088352586,93.65750992127211,0.0999323741867812,0.017196152725153017,0.17565485362095531,8.221140350877194
2026-01-18,C028,Unity Ads,US,playable,1016.92,48079,789,123,0.8548300133854932,0.48482216404705875,0.21750191282010534,0.1956496794180286,0.7400211396353333,24.064910568417517,91.022600175146,0.08950834658659601,0.016410491066785916,0.155893536121673,8.267642276422764
2026-01-19,C028,Unity Ads,US,playable,655.9,26734,439,59,0.878185995796042,0.5035885971470733,0.20111506894031517,0.19925778182331763,0.8460599393817843,11.75620912757574,49.91753642352527,0.07610578280868821,0.01642103688187327,0.13439635535307518,11.116949152542373
2026-01-20,C028,Unity Ads,US,playable,756.64,30907,532,87,0.8245240540258049,0.5143714171544063,0.2400234217622202,0.17016588657631182,0.7688504159942953,14.804432132139128,66.8899861915037,0.08840428885931985,0.017212929109910378,0.16353383458646617,8.697011494252873
2026-01-21,C028,Unity Ads,US,playable,1026.86,42708,763,112,0.8842332269969929,0.5027131451302771,0.2499401411877217,0.1798549301608398,0.7724626061156361,20.143752178014058,86.51581188495125,0.08425294521265649,0.01786550529174862,0.14678899082568808,9.168392857142857
2026-01-22,C028,Unity Ads,US,playable,818.16,32164,606,101,0.7828302607557893,0.4876895549445621,0.1854117378241516,0.18604182170103598,0.6976463828901102,18.790223991804634,70.46228467190113,0.08612329863723167,0.018840940181569458,0.16666666666666666,8.10059405940594
2026-01-23,C028,Unity Ads,US,playable,642.52,31147,517,71,0.8262200861648522,0.4404562488275979,0.21252156833686636,0.16634854744588276,0.7335011428724048,11.810746868657676,52.07858114394074,0.08105405767339335,0.01659870934600443,0.13733075435203096,9.049577464788731
2026-01-24,C028,Unity Ads,US,playable,953.38,42170,653,97,0.8938209775710079,0.5586156820202357,0.23928823900048474,0.19465341333320016,0.8109204277300637,18.881381093320414,78.65928148981618,0.08250531540952716,0.015484941901825942,0.14854517611026033,9.828659793814433
2026-01-25,C028,Unity Ads,US,playable,674.45,20425,412,57,0.7756288699146403,0.4390333178914279,0.1743821291578479,0.1710372840745625,0.6949783133273625,9.749125192250062,39.61376385965966,0.05873461691090063,0.020171358629130966,0.1383495145631068,11.832456140350878
2026-01-26,C028,Unity Ads,US,playable,721.27,28550,452,65,0.8154709903715849,0.5107792158436048,0.21430969659686147,0.20454658659431801,0.6984362145218667,13.295528128630671,45.398353943921336,0.06294253368347344,0.015831873905429072,0.14380530973451328,11.096461538461538
2026-01-27,C028,Unity Ads,US,playable,666.57,24329,428,59,0.8235284646863555,0.530640244729305,0.25492986970142534,0.2020266406720012,0.8786259548085166,11.919571799648072,51.838931333702476,0.07776992305317597,0.0175921739487854,0.1378504672897196,11.297796610169492
2026-01-28,C028,Unity Ads,US,playable,772.66,30217,465,62,0.833363137745672,0.5365740529637937,0.2048538828978989,0.16980436987627517,0.8313092449888264,10.52787093232906,51.54117318930724,0.06670649338900801,0.015388688486613495,0.13333333333333333,12.462258064516128
2026-01-29,C028,Unity Ads,US,playable,702.26,26502,501,68,0.9,0.5651210436350833,0.23112131836412772,0.20949183560722862,0.8027559534886946,14.245444821291546,54.58740483723123,0.07773064507464501,0.018904233642743944,0.13572854291417166,10.327352941176471
2026-01-30,C028,Unity Ads,US,playable,836.97,28011,521,74,0.9,0.5631880818176547,0.216405603542639,0.18444187074428592,0.8354634834128101,13.648698435077158,61.82429777254794,0.07386680118824755,0.018599835778801185,0.1420345489443378,11.310405405405406
2026-01-31,C028,Unity Ads,US,playable,815.17,36051,647,88,0.7750246521454864,0.5041627718599699,0.21793195510681793,0.19020063183306385,0.6953139627387763,16.73765560130962,61.18762872101232,0.07506159729050908,0.017946797592299796,0.13601236476043277,9.263295454545455
2026-02-01,C028,Unity Ads,US,playable,950.35,35972,610,104,0.8416593479237269,0.5189933686217009,0.22712067458976487,0.1743595637226291,0.8365700092451819,18.133394627153425,87.00328096149892,0.0915486913296075,0.016957633715111754,0.17049180327868851,9.137980769230769
2026-02-02,C028,Unity Ads,US,playable,563.64,22237,443,67,0.8238623123024741,0.5394845322022839,0.2150754126854618,0.1865053968343923,0.8797927119394391,12.495861587904283,58.94611169994242,0.10458095719888387,0.019921752034896795,0.15124153498871332,8.412537313432836
2026-02-03,C028,Unity Ads,US,playable,752.48,30533,486,79,0.7773927426251386,0.5447734111704939,0.20106048407302113,0.2138648547388347,0.7038131049411633,16.895323524367942,55.6012352903519,0.07389089703914957,0.01591720433629188,0.16255144032921812,9.52506329113924
2026-02-04,C028,Unity Ads,US,playable,628.12,28644,483,84,0.7365774263204365,0.4691800558835792,0.20608078869695268,0.19607824067158075,0.7182623586091539,16.470572216412783,60.334038123168924,0.09605445383161601,0.01686217008797654,0.17391304347826086,7.477619047619048
2026-02-05,C028,Unity Ads,US,playable,685.34,25171,493,82,0.7357523810817506,0.4816105468925039,0.19712484037015646,0.18362669185641747,0.7370697011787428,15.057388732226233,60.43971549665691,0.08818907781628225,0.019586031544237416,0.1663286004056795,8.35780487804878
2026-02-06,C028,Unity Ads,US,playable,932.14,31072,641,92,0.8160327518555895,0.5215768460516781,0.17549490954888708,0.1826744552593381,0.8169950229464996,16.806049883859103,75.16354211107796,0.08063504583233817,0.020629505664263647,0.1435257410296412,10.13195652173913
2026-02-07,C028,Unity Ads,US,playable,647.08,24695,395,62,0.8169296755824431,0.527715331547296,0.20904034290410378,0.1921421402571985,0.8512057801819598,11.912812695946307,52.77475837128151,0.08155775099305203,0.01599514071674428,0.1569620253164557,10.436774193548388
2026-02-08,C028,Unity Ads,US,playable,662.21,24071,411,56,0.8124201215341931,0.5124814099510533,0.23576536208880652,0.15782096706535648,0.8689314982052795,8.837974155659962,48.66016389949565,0.07348167588032511,0.01707448797307964,0.1362530413625304,11.825178571428571
2026-02-09,C028,Unity Ads,US,playable,872.82,29259,549,76,0.9,0.5675241038509306,0.23999287641157774,0.21576316937391493,0.9069200291867012,16.398000872417533,68.9259222181893,0.07896881385134034,0.01876345739772378,0.1384335154826958,11.484473684210528
2026-02-10,C028,Unity Ads,US,playable,721.1,24139,451,64,0.7966421209061927,0.4758793460203954,0.2338819627879306,0.20807442521242103,0.7737841596039715,13.316763213594946,49.52218621465418,0.06867618047004284,0.018683458303989396,0.1419068736141907,11.2671875
2026-02-11,C028,Unity Ads,US,playable,838.65,33257,557,95,0.8299016135204212,0.5770031841647619,0.20363288416945396,0.20279847907881737,0.8388903800081543,19.26585551248765,79.69458610077466,0.09502684195023973,0.016748353730041795,0.17055655296229802,8.827894736842104
2026-02-12,C028,Unity Ads,US,playable,737.22,28690,580,86,0.7723969618605732,0.4542985488703531,0.2377444462340924,0.18202888198504352,0.818535535803451,15.654483850713742,70.39405607909679,0.09548607581329908,0.020216103171836877,0.1482758620689655,8.572325581395349
2026-02-13,C028,Unity Ads,US,playable,539.29,27598,423,62,0.7861212544980086,0.42572068976835686,0.1828529550183673,0.1949842383668426,0.7996640939703488,12.08902277874424,49.57917382616162,0.09193367218294847,0.01532719762301616,0.14657210401891252,8.698225806451612
2026-02-14,C028,Unity Ads,US,playable,552.69,19575,397,57,0.7700154763698954,0.5567047729277786,0.18479018595447272,0.1812350017300776,0.8026877649478905,10.330395098614423,45.75320260202976,0.08278256077344408,0.02028097062579821,0.14357682619647355,9.696315789473685
2026-02-15,C028,Unity Ads,US,playable,830.33,29361,558,85,0.9,0.5297527559378387,0.2290344972448629,0.182559058397598,0.8916265082172865,15.51751996379583,75.78825319846935,0.0912745873011119,0.019004802288750382,0.15232974910394265,9.768588235294118
2026-02-16,C028,Unity Ads,US,playable,606.71,24833,382,61,0.862902782226146,0.49378167913259624,0.18243337927002518,0.17634105693008947,0.6961346850899922,10.756804472735459,42.464215790489526,0.06999059642294839,0.015382756815527724,0.15968586387434555,9.946065573770493
2026-02-17,C028,Unity Ads,US,playable,661.2,27647,428,74,0.8840056348527124,0.5156243250613901,0.24338112565896083,0.19101602419807379,0.8331552835593865,14.13518579065746,61.653490983394605,0.09324503075149898,0.015480884001880855,0.17289719626168223,8.935135135135136
2026-02-18,C028,Unity Ads,US,playable,724.68,28626,532,80,0.7886052121202763,0.4936487964801558,0.19999800921459526,0.19163912690227003,0.8257436578906138,15.331130152181602,66.0594926312491,0.0911573135350808,0.018584503598127577,0.15037593984962405,9.058499999999999
2026-02-19,C028,Unity Ads,US,playable,549.67,18287,340,58,0.7039400128593951,0.4594478443085931,0.18384205252806238,0.20411094072842353,0.7073639982571511,11.838434562248565,41.02711189891477,0.07464020791091047,0.018592442718871328,0.17058823529411765,9.47706896551724
2026-02-20,C028,Unity Ads,US,playable,675.45,27547,465,80,0.8540422998418121,0.5497635759612609,0.21185670523416222,0.1978954320734643,0.8127667955254558,15.831634565877144,65.02134364203647,0.09626407697561014,0.01688024104258177,0.17204301075268819,8.443125
2026-02-21,C028,Unity Ads,US,playable,689.17,28302,457,78,0.8801104081629723,0.507933851805066,0.2227276666861762,0.19859025719481999,0.853769599008053,15.490040061195959,66.59402872262814,0.0966287892565173,0.016147268744258356,0.17067833698030635,8.83551282051282
2026-02-22,C028,Unity Ads,US,playable,484.55,17375,313,42,0.7498726860528537,0.47928583764411076,0.18226081704193497,0.1934533026401329,0.8026135512286989,8.125038710885581,33.70976915160536,0.06956976992539718,0.018014388489208635,0.134185303514377,11.536904761904761
2026-02-23,C028,Unity Ads,US,playable,774.11,31607,555,88,0.8822177138241718,0.5438597844433559,0.24781110141943316,0.18939671795490795,0.8045795308711697,16.6669111800319,70.80299871666294,0.09146391048263579,0.0175594013984244,0.15855855855855855,8.796704545454546
2026-02-24,C028,Unity Ads,US,playable,940.88,33118,595,91,0.7280512940157947,0.506590846522761,0.19863805140747878,0.17334140716656993,0.7757146124846529,15.774068052157864,70.59002973610342,0.07502575105172232,0.017966060752460898,0.15294117647058825,10.339340659340658
2026-02-25,C028,Unity Ads,US,playable,642.31,19964,391,67,0.9,0.5119948106576239,0.23493968163467652,0.18338538782456476,0.8587190738831293,12.28682098424584,57.53417795016966,0.08957406762010565,0.019585253456221197,0.17135549872122763,9.586716417910447
2026-02-26,C028,Unity Ads,US,playable,779.87,23512,477,63,0.7359851991252113,0.45970461436236987,0.21943435439048664,0.18100365203238164,0.7733906975826366,11.403230078040043,48.723613947706106,0.06247670263533916,0.020287512759441986,0.1320754716981132,12.37888888888889
2026-02-27,C028,Unity Ads,US,playable,1057.92,36688,742,113,0.7431936141394324,0.4624205223861539,0.1802892914514098,0.2056536352813313,0.7478059645074417,23.238860786790436,84.50207398934091,0.07987592287586026,0.020224596598342783,0.1522911051212938,9.362123893805311
2026-02-28,C028,Unity Ads,US,playable,591.21,21766,390,57,0.7335876613932941,0.47948749897089504,0.20682415427440687,0.16644511774484458,0.8099140545301355,9.487371711456142,46.165101108217726,0.07808614640612625,0.01791785353303317,0.14615384615384616,10.372105263157895
2026-03-01,C028,Unity Ads,US,playable,863.3,32433,651,107,0.8511759657283565,0.575159588545309,0.25613056483946667,0.19001427414180713,0.83493429670699,20.331527333173362,89.33796974764793,0.10348407772635108,0.020072148737397096,0.16436251920122888,8.06822429906542
2026-01-01,C029,Unity Ads,BR,video,535.36,72263,926,118,0.5779135043164347,0.3999597710218095,0.16933132661221478,0.04430887935359272,0.2893769191406179,5.228447763723941,34.146476458592915,0.06378207048767896,0.012814303308747214,0.12742980561555076,4.536949152542373
2026-01-02,C029,Unity Ads,BR,video,672.02,57046,947,127,0.6543501651097603,0.43800032992203014,0.1711803663306885,0.03800740082802853,0.29952665787553456,4.826939905159623,38.03988555019289,0.05660547827470266,0.016600638081548224,0.1341077085533263,5.291496062992126
2026-01-03,C029,Unity Ads,BR,video,827.47,101356,1388,162,0.5802508768474297,0.3524330004526874,0.1507557617487425,0.06078759267335222,0.24234131448875268,9.84759001308306,39.25929294717793,0.04744485508349425,0.01369430522120052,0.11671469740634005,5.10783950617284
2026-01-04,C029,Unity Ads,BR,video,726.79,67341,1088,164,0.5653295446469483,0.3190966410639435,0.0994698639709953,0.04287943254081187,0.15058791348166584,7.032226936693147,24.696417810993196,0.033980161074017995,0.016156576231419195,0.15073529411764705,4.431646341463415
2026-01-05,C029,Unity Ads,BR,video,566.76,53170,879,119,0.5904653819051626,0.3835311695329191,0.1390552742483175,0.03949001778065543,0.2093949489319752,4.699312115897996,24.91799892290505,0.04396596027589418,0.016531878879067142,0.1353811149032992,4.762689075630252
2026-01-06,C029,Unity Ads,BR,video,800.93,78254,1183,145,0.5900315815811866,0.3835721877733731,0.14293280635357225,0.05846750340052588,0.2990542791055426,8.477787993076253,43.362870470303676,0.054140886725669315,0.015117438086232013,0.12256973795435334,5.523655172413792
2026-01-07,C029,Unity Ads,BR,video,717.16,92427,1304,173,0.658415806507588,0.43704873211212375,0.20166973013499628,0.056288698603646464,0.3592265447229443,9.737944858430838,62.146192237069364,0.08665542426170685,0.014108431518928452,0.13266871165644173,4.14543352601156
2026-01-08,C029,Unity Ads,BR,video,746.87,74024,1109,152,0.5953781199003844,0.43463792495467063,0.21148313520773507,0.060821199762369105,0.32616612108661613,9.244822363880104,49.57725040516565,0.06637966465044329,0.014981627580244246,0.13706041478809738,4.9136184210526315
2026-01-09,C029,Unity Ads,BR,video,1033.96,140299,1877,267,0.5711291170277605,0.35728551350536836,0.14250161748870022,0.030683712332264974,0.28581961171091147,8.192551192714749,76.31383632681336,0.07380735278789168,0.013378570053956193,0.14224826851358552,3.8725093632958805
2026-01-10,C029,Unity Ads,BR,video,665.49,94810,1239,166,0.6358293314168368,0.43745502190184443,0.15416484914267575,0.040925037082212984,0.2997727837911382,6.793556155647355,49.76228210932894,0.0747750225405565,0.013068241746651197,0.13397901533494755,4.008975903614458
2026-01-11,C029,Unity Ads,BR,video,726.3,82332,1304,191,0.5747317681306481,0.346871611254101,0.09045193718578826,0.059817839146313945,0.21248863719609337,11.425207276945963,40.585329704453834,0.0558795947655859,0.0158383131710635,0.1464723926380368,3.8026178010471203
2026-01-12,C029,Unity Ads,BR,video,982.42,89805,1381,197,0.5597415687882246,0.3954001473617565,0.1449585670736393,0.03791662740405713,0.18957319820738586,7.4695755985992545,37.345920046855014,0.038014362754984654,0.015377762930794498,0.14265025343953658,4.986903553299492
2026-01-13,C029,Unity Ads,BR,video,652.23,79543,1043,134,0.6309920303375052,0.41744069104534814,0.16591727725530397,0.04158398394569506,0.3371728919306796,5.572253848723138,45.18116751871107,0.0692723184193937,0.013112404611342292,0.12847555129434324,4.867388059701493
2026-01-14,C029,Unity Ads,BR,video,690.17,75149,986,149,0.6053866436316796,0.37262287010337897,0.15650633081891982,0.02955029966437315,0.23545330003605158,4.402994649991599,35.08254170537169,0.050831581941061806,0.013120600407191048,0.1511156186612576,4.632013422818791
2026-01-15,C029,Unity Ads,BR,video,735.29,74890,1157,168,0.666761152020861,0.3440142885094042,0.12009206872550893,0.06304415256747233,0.11362067150312918,10.59141763133535,19.0882728125257,0.025960203221671897,0.015449325677660568,0.14520311149524634,4.37672619047619
2026-01-16,C029,Unity Ads,BR,video,635.57,70706,1084,141,0.6007129553412714,0.4258582546719939,0.17148593847932217,0.05404222641435173,0.276759500177026,7.619953924423594,39.02308952496067,0.061398847557457455,0.015331089299352247,0.13007380073800737,4.50758865248227
2026-01-17,C029,Unity Ads,BR,video,917.81,108831,1719,251,0.5992585976372551,0.34132418028487005,0.16943961011873776,0.06722704374724342,0.2020532446188597,16.8739879805581,50.71536439933379,0.0552568097565879,0.015795131901755934,0.1460151250727167,3.656613545816733
2026-01-18,C029,Unity Ads,BR,video,666.31,63037,1079,156,0.6131884802062059,0.40458266215827415,0.1376068531164299,0.05413891931540553,0.35276693142585325,8.445671413203263,55.03164130243311,0.08259156257049556,0.01711693132604661,0.14457831325301204,4.271217948717949
2026-01-19,C029,Unity Ads,BR,video,566.46,74951,1006,150,0.5257120980275805,0.35322949457591635,0.11787259639247406,0.045930245064060155,0.2326918507398813,6.889536759609023,34.903777610982196,0.061617760706356106,0.01342210244026097,0.14910536779324055,3.7764
2026-01-20,C029,Unity Ads,BR,video,752.75,97442,1393,188,0.540186904995496,0.3606794768758068,0.098977351022728,0.06320961155181119,0.20479431538970927,11.883406971740504,38.501331293265345,0.05114758432873673,0.01429568358613329,0.1349605168700646,4.003989361702128
2026-01-21,C029,Unity Ads,BR,video,682.04,70952,1114,155,0.48692545799403697,0.3778084297283632,0.13631314020409094,0.0455296487017957,0.20850276324353084,7.057095548778333,32.31792830274728,0.04738440233379941,0.015700755440297667,0.13913824057450627,4.400258064516128
2026-01-22,C029,Unity Ads,BR,video,696.59,83032,1313,155,0.679789545416541,0.38027307770180363,0.145027534980347,0.03921198438118208,0.3919476106504982,6.077857579083222,60.75187965082722,0.08721347638100106,0.01581318046054533,0.11805026656511805,4.494129032258065
2026-01-23,C029,Unity Ads,BR,video,698.86,73986,1229,164,0.6170426273990716,0.3537640659349177,0.1588461685813565,0.07181785124439201,0.1774426422037919,11.77812760408029,29.100593321421872,0.04163980496314838,0.01661125077717406,0.13344182262001628,4.2613414634146345
2026-01-24,C029,Unity Ads,BR,video,929.2,88331,1428,205,0.6001648022972843,0.40536741336531507,0.16637850592459189,0.07995830959095564,0.23310018717655911,16.391453466145904,47.78553837119462,0.05142665787900025,0.016166464774541214,0.14355742296918766,4.532682926829269
2026-01-25,C029,Unity Ads,BR,video,803.55,93734,1316,195,0.6302877162445268,0.3464560963748547,0.13786039376980078,0.07358220400594913,0.24561409159878234,14.34852978116008,47.89474786176255,0.059603627984529214,0.014039729447158983,0.14817629179331307,4.1207692307692305
2026-01-26,C029,Unity Ads,BR,video,854.03,106818,1620,223,0.6224066727504496,0.3424037365035562,0.1307918680296765,0.0686528274470144,0.3258796430177274,15.30958052068421,72.67116039295321,0.08509158307862252,0.015165983261248104,0.13765432098765432,3.8297309417040357
2026-01-27,C029,Unity Ads,BR,video,748.28,74768,1138,165,0.6524890579294278,0.3792171033307341,0.15413728430267312,0.05330857335994412,0.1753272407190517,8.79591460439078,28.92899471864353,0.03866044294180794,0.015220415150866681,0.14499121265377857,4.535030303030303
2026-01-28,C029,Unity Ads,BR,video,535.27,54766,879,103,0.5605489244873506,0.32141507296950184,0.17043730960677395,0.07846501401376911,0.3387248497058369,8.081896443418218,34.8886595197012,0.06517947523686311,0.01605010407917321,0.11717861205915814,5.196796116504855
2026-01-29,C029,Unity Ads,BR,video,777.28,87830,1237,163,0.6757831503185057,0.3820722420718258,0.14595540746757243,0.0713381737731913,0.22160230848223952,11.62812232503018,36.12117628260504,0.04647148765224884,0.01408402595923944,0.13177041228779304,4.768588957055215
2026-01-30,C029,Unity Ads,BR,video,900.18,120852,1689,197,0.5198659900546707,0.35152289429792993,0.1428330675753663,0.07489895726706434,0.20047601808662685,14.755094581611676,39.49377556306549,0.04387323708607236,0.01397577201866746,0.11663706335109532,4.569441624365482
2026-01-31,C029,Unity Ads,BR,video,947.17,126020,1675,216,0.5209748141513683,0.3625393126675487,0.14251667072759308,0.05101677051404725,0.23675119684324694,11.019622431034206,51.13825851814134,0.053990356261736844,0.01329154102523409,0.12895522388059702,4.385046296296296
2026-02-01,C029,Unity Ads,BR,video,636.09,79303,1086,167,0.5433632543999162,0.3038531662190097,0.14210503564372312,0.056947128568679097,0.21420118999675075,9.51017047096941,35.771598729457374,0.05623628227880964,0.01369431169060439,0.15377532228360957,3.808922155688623
2026-02-02,C029,Unity Ads,BR,video,700.71,63611,1025,139,0.5867601073748031,0.41419064775295994,0.17144815582021433,0.0596655493530478,0.1957088339592958,8.293511360073644,27.20352792034212,0.0388226098141457,0.016113565263869457,0.13560975609756099,5.041079136690648
2026-02-03,C029,Unity Ads,BR,video,783.09,83432,1359,193,0.6772566736138976,0.3728753442544946,0.18754753596663892,0.07123169469136498,0.34265041476012625,13.74771707543344,66.13153004870436,0.08444955143043148,0.016288714162431682,0.14201618837380428,4.057461139896374
2026-02-04,C029,Unity Ads,BR,video,638.06,57461,988,149,0.6095432403772258,0.3307659949017189,0.1365459210879844,0.06734699848383417,0.3024151891226501,10.034702774091292,45.05986317927486,0.07062009020379546,0.017194270896782167,0.1508097165991903,4.28228187919463
2026-02-05,C029,Unity Ads,BR,video,589.88,59999,898,133,0.620842928492968,0.37752831946738,0.14367220683412635,0.06609885118776959,0.25555922204055515,8.791147207973356,33.98937653139384,0.057620787934682,0.014966916115268588,0.14810690423162584,4.435187969924812
2026-02-06,C029,Unity Ads,BR,video,856.63,94532,1502,181,0.5828503389595703,0.4444818179957638,0.18443553132851573,0.07353223277302597,0.1280912336275212,13.3093341319177,23.18451328658134,0.02706478309014441,0.015888799559937376,0.12050599201065246,4.732762430939227
2026-02-07,C029,Unity Ads,BR,video,843.63,72786,1185,166,0.5828097238684986,0.36132800918388747,0.16159540349778884,0.08005631744940742,0.303419069804847,13.289348696601632,50.3675655876046,0.059703640907978306,0.016280603412744208,0.140084388185654,5.082108433734939
2026-02-08,C029,Unity Ads,BR,video,711.68,69074,1111,144,0.6481116712944244,0.4173244923331136,0.16272192489074785,0.05902320015806982,0.2275563612958617,8.499340822762054,32.76811602660408,0.046043273713903654,0.016084199554101397,0.12961296129612962,4.942222222222222
2026-02-09,C029,Unity Ads,BR,video,806.59,80910,1381,200,0.6286300346201119,0.3178343003346642,0.13650506844091537,0.06023882893150622,0.26372190263357487,12.047765786301245,52.74438052671498,0.06539178142640471,0.01706834754665678,0.14482259232440262,4.0329500000000005
2026-02-10,C029,Unity Ads,BR,video,529.08,71962,927,119,0.6494827361453264,0.4094207237157993,0.145775818112628,0.03070745194381823,0.19262072314611772,3.6541867813143694,22.92186605438801,0.04332426977835301,0.012881798727105973,0.12837108953613807,4.446050420168068
2026-02-11,C029,Unity Ads,BR,video,719.82,70283,1076,162,0.6750280768842558,0.3784794283006955,0.153270087729042,0.07024750663897147,0.37962830609622883,11.380096075513379,61.49978558758907,0.08543768558476779,0.015309534311284378,0.15055762081784388,4.443333333333333
2026-02-12,C029,Unity Ads,BR,video,1035.08,96748,1572,218,0.5592018703559586,0.3305792096857137,0.10535020059548986,0.03463647547225125,0.19838299915312463,7.5507516529507726,43.24749381538117,0.04178166712810059,0.016248397899698185,0.138676844783715,4.748073394495412
2026-02-13,C029,Unity Ads,BR,video,801.45,97828,1336,153,0.5743426640635827,0.3813458798752125,0.17085139315784242,0.05489799001971121,0.18699655297408557,8.399392473015816,28.610472605035092,0.03569849250443477,0.013656621826062068,0.11452095808383234,5.238235294117647
2026-02-14,C029,Unity Ads,BR,video,732.35,79426,1342,205,0.5805714938335311,0.35571533792443033,0.17891857382147297,0.03793353381858793,0.37199131451595413,7.776374432810526,76.2582194757706,0.10412748642383739,0.01689623045350389,0.1527570789865872,3.572439024390244
2026-02-15,C029,Unity Ads,BR,video,600.84,88383,1136,149,0.5951359545422777,0.359751647996141,0.1933251874138557,0.060164796022764325,0.21328550250095313,8.964554607391884,31.779539872642015,0.05289220353723893,0.012853150492741817,0.1311619718309859,4.03248322147651
2026-02-16,C029,Unity Ads,BR,video,676.65,69280,1032,129,0.5644412145597306,0.41313164060273233,0.10059442545509589,0.05814038260563917,0.21752013775355955,7.500109356127453,28.060097770209182,0.041469053058067126,0.01489607390300231,0.125,5.245348837209302
2026-02-17,C029,Unity Ads,BR,video,601.3,65647,955,143,0.6420487956186754,0.41170983069979106,0.15175376979517316,0.08984793107716038,0.3429096368309928,12.848254144033934,49.03607806683197,0.0815506877683217,0.01454750407482444,0.14973821989528796,4.204895104895105
2026-02-18,C029,Unity Ads,BR,video,641.83,62980,996,117,0.6209865695780387,0.39663841056679805,0.1772354230409368,0.07559994527159825,0.26324489689873787,8.845193596776994,30.79965293715233,0.04798751995098385,0.015814544299777706,0.11746987951807229,5.485726495726496
2026-02-19,C029,Unity Ads,BR,video,686.63,84686,1174,155,0.6556512826266425,0.41828345906417513,0.15679345446435455,0.06763118118911604,0.25516220267956347,10.482833084312986,39.550141415332334,0.057600240204209285,0.013862976170795646,0.13202725724020442,4.429870967741936
2026-02-20,C029,Unity Ads,BR,video,823.62,79423,1243,179,0.5669909779300075,0.3698952499911202,0.15910170631001452,0.05302712406177984,0.15984726231855478,9.491855207058592,28.612659955021307,0.03474000329008981,0.01565037835387734,0.14400643604183427,4.60122905027933
2026-02-21,C029,Unity Ads,BR,video,1040.19,114739,1667,249,0.6087212638195478,0.4061347422634358,0.1784751809849603,0.0724525823801379,0.3184491859391426,18.040693012654337,79.29384729884652,0.07622991166343865,0.014528625837770941,0.14937012597480503,4.177469879518073
2026-02-22,C029,Unity Ads,BR,video,720.14,79930,1091,169,0.5127809631906053,0.34407112360320946,0.12464984834792668,0.06250129161385995,0.28588001850784656,10.562718282742331,48.313723127826066,0.06708965066621443,0.013649443262854999,0.15490375802016498,4.261183431952663
2026-02-23,C029,Unity Ads,BR,video,845.21,112554,1482,222,0.5794254490519575,0.35572856879817133,0.14668256517844094,0.027204732127529743,0.19255670830747493,6.039450532311603,42.74758924425944,0.05057651008472608,0.013167013167013167,0.14979757085020243,3.8072522522522525
2026-02-24,C029,Unity Ads,BR,video,753.89,82998,1239,161,0.6645221006899733,0.42487688678169855,0.1601181371088505,0.08322220352053653,0.3008130420162184,13.39877476680638,48.43089976461116,0.06424112690581421,0.01492807055591701,0.12994350282485875,4.6825465838509315
2026-02-25,C029,Unity Ads,BR,video,455.75,41795,657,87,0.5966925665798937,0.3693045213031984,0.15135319605348663,0.02463516697829348,0.2885124639061973,2.1432595271115327,25.100584359839164,0.055074888832379744,0.015719583682258644,0.1324200913242009,5.238505747126437
2026-02-26,C029,Unity Ads,BR,video,816.27,102581,1349,201,0.6045061328893676,0.3966273506875846,0.1472959417471853,0.06452312410923844,0.2106912805628494,12.969147945956927,42.348947393132725,0.05188102999245678,0.013150583441378033,0.14899925871015568,4.061044776119403
2026-02-27,C029,Unity Ads,BR,video,1013.79,116190,1809,271,0.6419561393944908,0.39831962181078556,0.17388630416719547,0.04710990690288876,0.3051720839761472,12.766784770682854,82.70163475753589,0.08157662810506308,0.015569326103795507,0.1498065229408513,3.740922509225092
2026-02-28,C029,Unity Ads,BR,video,706.34,62539,1026,155,0.7083159379880195,0.39816235558541346,0.182041965986698,0.06557872450448508,0.2693265812314448,10.164702298195188,41.74562009087395,0.059101318490357206,0.016405762804010297,0.15107212475633527,4.557032258064516
2026-03-01,C029,Unity Ads,BR,video,818.89,76281,1176,136,0.6543271697589015,0.39077204254475595,0.09528554806847875,0.08652102977381404,0.2281863268352121,11.766860049238709,31.033340449588845,0.0378969252454331,0.015416683053447124,0.11564625850340136,6.02125
2026-01-01,C030,Unity Ads,BR,playable,562.17,52305,953,132,0.6753530752574699,0.4149498090093217,0.19186560884162562,0.04579783209277974,0.23176682985551741,6.045313836246925,30.593221540928297,0.054420241099551465,0.018220055444030207,0.1385099685204617,4.258863636363636
2026-01-02,C030,Unity Ads,BR,playable,932.7,90563,1664,291,0.6392765951112168,0.37049658095158783,0.18269381829717368,0.08348553437693156,0.15564129007482835,24.294290503687083,45.29161541177505,0.04855958462410506,0.018373949626227046,0.17487980769230768,3.205154639175258
2026-01-03,C030,Unity Ads,BR,playable,492.61,43904,901,130,0.6941380271073658,0.4969694905104949,0.18376488759227427,0.07595292345120502,0.2595878112707597,9.873880048656654,33.74641546519876,0.0685054571532501,0.020522048104956267,0.14428412874583796,3.7893076923076925
2026-01-04,C030,Unity Ads,BR,playable,745.98,56927,1085,169,0.6760551595088418,0.4064911190727739,0.14267176122251285,0.03888651570808797,0.176105606823036,6.571821154666867,29.761847553093084,0.03989641191280472,0.019059497250865143,0.15576036866359447,4.414082840236686
2026-01-05,C030,Unity Ads,BR,playable,736.74,59582,1126,157,0.7442819484186167,0.4182237619236559,0.192238600554296,0.07494373694810474,0.24844833320366833,11.766166700852445,39.00638831297593,0.052944421796668834,0.018898324997482462,0.13943161634103018,4.692611464968153
2026-01-06,C030,Unity Ads,BR,playable,650.0,57602,952,166,0.6762136241944476,0.4698274361568704,0.2290547958769958,0.05163735591039458,0.3212169412523082,8.5718010811255,53.322012247883166,0.0820337872905499,0.016527203916530675,0.17436974789915966,3.9156626506024095
2026-01-07,C030,Unity Ads,BR,playable,667.09,62731,1181,175,0.6671501142418008,0.35700623812960935,0.13916147479729785,0.06317450362098231,0.27593364740733706,11.055538133671906,48.28838829628398,0.07238696174464945,0.01882641756069567,0.14817950889077053,3.8119428571428573
2026-01-08,C030,Unity Ads,BR,playable,907.1,91232,1492,266,0.6208651111730347,0.4077759097359954,0.14602500650549788,0.04907523375850357,0.14940981075803378,13.05401217976195,39.74300966163698,0.04381322584892716,0.016353910908453173,0.17828418230563003,3.4101503759398497
2026-01-09,C030,Unity Ads,BR,playable,634.58,55900,1100,175,0.7229763975925677,0.3918689004850909,0.17020183344709672,0.07417632861843834,0.2517796635736348,12.980857508226709,44.06144112538609,0.06943444208332868,0.01967799642218247,0.1590909090909091,3.626171428571429
2026-01-10,C030,Unity Ads,BR,playable,533.46,41911,808,128,0.6183049701567007,0.3536677237472666,0.15402300495243584,0.04186565256138601,0.32830726709992586,5.358803527857409,42.02333018879051,0.07877570353567977,0.019278948247476797,0.15841584158415842,4.16765625
2026-01-11,C030,Unity Ads,BR,playable,712.84,69261,1123,160,0.621973867491766,0.38750073650751665,0.14677984458675733,0.06746721813273952,0.22013262396103112,10.794754901238324,35.22121983376498,0.049409436257902964,0.01621403098424799,0.14247551202137132,4.45525
2026-01-12,C030,Unity Ads,BR,playable,493.19,50505,802,129,0.7391137759664794,0.4299808611691932,0.23111001242822937,0.10122464996286318,0.2741113773149418,13.05797984520935,35.36036767362749,0.07169720094648599,0.01587961587961588,0.16084788029925187,3.823178294573643
2026-01-13,C030,Unity Ads,BR,playable,938.88,85774,1364,229,0.694652710182909,0.4149277072660332,0.1528698582885088,0.06042532472170724,0.32642881708080795,13.837399361270958,74.75219911150502,0.07961823311772413,0.015902254762515448,0.16788856304985336,4.099912663755458
2026-01-14,C030,Unity Ads,BR,playable,601.88,58770,942,136,0.612577815828117,0.3872972997696487,0.2083498473501047,0.05817207226648313,0.24034092486173125,7.911401828241706,32.68636578119545,0.05430721722497133,0.01602858601327208,0.14437367303609341,4.425588235294118
2026-01-15,C030,Unity Ads,BR,playable,881.81,86519,1440,229,0.651159681160949,0.3716175867004201,0.1932336246294325,0.08071951584031875,0.29923776639863037,18.484769127432994,68.52544850528635,0.07770987542463585,0.016643742992868617,0.15902777777777777,3.8506986899563316
2026-01-16,C030,Unity Ads,BR,playable,807.88,70154,1155,164,0.6003125029684077,0.4248161437371002,0.17158845952072466,0.0822654044267859,0.26829609532885534,13.491526325992888,44.000559633932276,0.054463943121782314,0.016463779684693675,0.141991341991342,4.9260975609756095
2026-01-17,C030,Unity Ads,BR,playable,731.08,66732,1277,208,0.7193986129032253,0.3857571949541086,0.1794160896554336,0.066223235104957,0.20376273465700467,13.774432901831057,42.382648808656974,0.05797291940282785,0.019136246478451118,0.16288175411119812,3.5148076923076923
2026-01-18,C030,Unity Ads,BR,playable,736.49,56919,1095,196,0.6360597722024721,0.4159148295205399,0.17995076434421026,0.08627998076779372,0.34812735145519347,16.91087623048757,68.23296088521792,0.09264636831447837,0.019237864333526592,0.17899543378995433,3.7576020408163266
2026-01-19,C030,Unity Ads,BR,playable,511.8,50138,888,128,0.600158563571037,0.3610262524091642,0.15942562411761532,0.05277244029576642,0.1979531744816561,6.754872357858102,25.338006333651983,0.049507660595191176,0.017711117316207267,0.14414414414414414,3.9984375
2026-01-20,C030,Unity Ads,BR,playable,672.83,63095,1161,204,0.6328114359869685,0.37797627548934665,0.1672874352514275,0.08193485152505453,0.22782122976988098,16.714709711111123,46.47553087305572,0.06907465612401914,0.018400824154053412,0.17571059431524547,3.298186274509804
2026-01-21,C030,Unity Ads,BR,playable,895.3,81741,1452,207,0.6643037896581292,0.3836880958236036,0.14155276349359897,0.0707209007295623,0.27020249526584605,14.639226451019397,55.931916520030136,0.062473069271368656,0.017763423496164714,0.14256198347107438,4.3251207729468595
2026-01-22,C030,Unity Ads,BR,playable,687.54,62940,1210,170,0.7197329055590085,0.4488892373707961,0.18058743876458208,0.07556073555775761,0.28906972929526237,12.845325044818793,49.141853980194604,0.07147505250074289,0.019224658404829998,0.14049586776859505,4.04435294117647
2026-01-23,C030,Unity Ads,BR,playable,571.73,60399,946,147,0.6542834290612862,0.3928688657308991,0.1656259392196034,0.05612097283785257,0.35702836163745455,8.249783007164329,52.48316916070582,0.09179694895127546,0.015662510968724647,0.1553911205073996,3.8893197278911567
2026-01-24,C030,Unity Ads,BR,playable,871.99,79581,1505,200,0.657406477668206,0.34161800880203275,0.1263164993495654,0.06051544146403799,0.31978080128861647,12.103088292807598,63.95616025772329,0.07334532809628563,0.018911549239139996,0.132890365448505,4.35995
2026-01-25,C030,Unity Ads,BR,playable,848.61,65256,1286,191,0.6302500910214407,0.4346237168341888,0.13958992714628773,0.08953093207786222,0.38883856591312005,17.100408026871683,74.26816608940592,0.08751743963399494,0.01970700012259409,0.14852255054432348,4.442984293193717
2026-01-26,C030,Unity Ads,BR,playable,828.52,57970,1188,175,0.6396789749770881,0.3814456191152125,0.16840856004600285,0.035678510643067415,0.4103064502893447,6.243739362536798,71.80362880063532,0.08666483189511245,0.02049335863377609,0.1473063973063973,4.7344
2026-01-27,C030,Unity Ads,BR,playable,647.12,63142,1217,197,0.6374759407772982,0.40138904478588516,0.16318590125953664,0.04972297086131436,0.25236193699562737,9.795425259678929,49.715301588138594,0.0768255339935684,0.01927401729435241,0.161873459326212,3.2848730964467006
2026-01-28,C030,Unity Ads,BR,playable,570.54,56765,984,168,0.5667040719878853,0.33369517975136564,0.15670720232793575,0.05634349839134243,0.32176533251736356,9.465707729745528,54.05657586291708,0.09474694094179441,0.017334625209195806,0.17073170731707318,3.396071428571428
2026-01-29,C030,Unity Ads,BR,playable,850.31,82688,1595,228,0.6920293959574764,0.4502863337128689,0.1327644537004379,0.06991211297023903,0.36478670915542327,15.939961757214498,83.17136968743651,0.09781271887859787,0.01928937693498452,0.14294670846394986,3.7294298245614033
2026-01-30,C030,Unity Ads,BR,playable,937.3,80710,1483,257,0.641456725884693,0.33560714268553327,0.18831880287445732,0.07190006617358274,0.2818906902464258,18.478317006610766,72.44590739333144,0.07729207982383345,0.01837442696072358,0.17329737019554955,3.6470817120622567
2026-01-31,C030,Unity Ads,BR,playable,555.17,47722,892,119,0.5774410539613725,0.4002412847625199,0.14531753657438093,0.0504549558875079,0.3112679516901947,6.00413975061344,37.04088625113317,0.06672031307816152,0.018691588785046728,0.13340807174887892,4.665294117647059
2026-02-01,C030,Unity Ads,BR,playable,608.93,67183,1057,158,0.6627878323031883,0.43304077572950045,0.197827542562875,0.06684055012584765,0.3082941127508385,10.560806919883929,48.71046981463248,0.07999363600659729,0.015733146778202818,0.14947965941343425,3.8539873417721515
2026-02-02,C030,Unity Ads,BR,playable,576.92,51743,842,139,0.5832503638336114,0.4181319610079735,0.15431323456230084,0.02965341262211728,0.32046788192650627,4.121824354474302,44.54503558778437,0.07721219277245034,0.01627273254353246,0.16508313539192399,4.150503597122301
2026-02-03,C030,Unity Ads,BR,playable,486.86,45863,740,122,0.6476844903647329,0.3874327729065684,0.21623590161872155,0.06201804150928975,0.29098977609873555,7.56620106413335,35.500752684045736,0.0729177121573886,0.016135010793013976,0.16486486486486487,3.9906557377049183
2026-02-04,C030,Unity Ads,BR,playable,526.33,52295,907,153,0.7444634546103748,0.42281661910808416,0.19872809753346934,0.08496394075006772,0.27776463950334734,12.99948293476036,42.497989844012146,0.08074349409438014,0.017343914332154126,0.16868798235942667,3.4400653594771247
2026-02-05,C030,Unity Ads,BR,playable,767.18,78791,1365,237,0.7337665702197478,0.42603884388606383,0.16406526919893966,0.052082186237725786,0.27873984999287943,12.34347813834101,66.06134444831243,0.08610888942081495,0.017324313690649948,0.17362637362637362,3.2370464135021093
2026-02-06,C030,Unity Ads,BR,playable,831.28,78539,1339,195,0.6825680934087577,0.4368542845315331,0.16297746953508568,0.10176613617129203,0.3307574978181766,19.844396553401946,64.49771207454444,0.0775882915320291,0.017048854709125403,0.14563106796116504,4.2629743589743585
2026-02-07,C030,Unity Ads,BR,playable,843.78,68166,1277,221,0.733829455234123,0.42589357669425865,0.19375411463556652,0.08376965183345682,0.27101762291182574,18.513093055193956,59.89489466351349,0.07098428944718947,0.018733679546988236,0.173061863743148,3.8180090497737553
2026-02-08,C030,Unity Ads,BR,playable,643.22,66295,1196,208,0.7457330000491333,0.5208588820138161,0.1443009327472085,0.053041231902837466,0.2816910518040461,11.032576235790193,58.59173877524158,0.09109068366193401,0.01804057621238404,0.17391304347826086,3.092403846153846
2026-02-09,C030,Unity Ads,BR,playable,779.71,62814,1227,177,0.6797073111839755,0.3679162193854289,0.16115659283348713,0.05857124992139202,0.23976404182137473,10.367111236086387,42.43823540238333,0.05442812050055901,0.019533861877925305,0.14425427872860636,4.405141242937853
2026-02-10,C030,Unity Ads,BR,playable,567.56,59389,1065,157,0.643769549439294,0.3923692253947256,0.14504978209144032,0.06264026502943608,0.2889496675122035,9.834521609621465,45.365097799415956,0.07993071816174649,0.01793261378369732,0.14741784037558686,3.6150318471337575
2026-02-11,C030,Unity Ads,BR,playable,820.15,69645,1333,229,0.698243716593838,0.4447133334239853,0.16309302280888222,0.08494418821285568,0.27999764844770564,19.45221910074395,64.11946149452459,0.07817974880547204,0.019139923899777443,0.17179294823705926,3.5814410480349346
2026-02-12,C030,Unity Ads,BR,playable,512.97,39559,817,132,0.6878694686914283,0.43890954999428705,0.15432305625439313,0.04832033821888896,0.10011482974437577,6.378284644893343,13.215157526257602,0.025762125658946932,0.020652695973103465,0.16156670746634028,3.8861363636363637
2026-02-13,C030,Unity Ads,BR,playable,629.9,59824,927,163,0.646852879495551,0.32737949112507836,0.1286927343884356,0.08148714331818563,0.2955323440656574,13.282404360864257,48.17177208270216,0.0764749248370008,0.015495453329767317,0.17583603020496225,3.86441717791411
2026-02-14,C030,Unity Ads,BR,playable,791.22,67289,1232,200,0.6409730321084324,0.44188305122353866,0.20211266432921457,0.07030317125530496,0.37814364562576747,14.060634251060991,75.6287291251535,0.09558477313266882,0.018309084694377982,0.16233766233766234,3.9561
2026-02-15,C030,Unity Ads,BR,playable,854.67,91070,1567,236,0.699063099690424,0.4756548214676832,0.17824581670227516,0.06291387855486721,0.3468025102431058,14.847675338948662,81.84539241737298,0.09576295518456066,0.017206544416383,0.15060625398851307,3.6214830508474574
2026-02-16,C030,Unity Ads,BR,playable,490.44,41238,832,143,0.6581013104974545,0.37521933654651984,0.12373275674900211,0.07967162385346133,0.22941665597470035,11.39304221104497,32.80658180438215,0.0668923043474402,0.020175566225326156,0.171875,3.4296503496503496
2026-02-17,C030,Unity Ads,BR,playable,455.9,34752,662,93,0.7724625940995732,0.48593615537592677,0.19386776682599147,0.06467661969857126,0.29980950614759133,6.014925631967127,27.882284071725994,0.06115858999808361,0.01904926335174954,0.1404833836858006,4.902150537634409
2026-02-18,C030,Unity Ads,BR,playable,634.33,46046,913,160,0.6737802555105905,0.4570029436936631,0.15926964581988004,0.05816195019745454,0.3379968421202312,9.305912031592726,54.07949473923699,0.08525410228183643,0.019827998088867656,0.17524644030668127,3.9645625000000004
2026-02-19,C030,Unity Ads,BR,playable,652.65,55036,1046,164,0.7009094112844458,0.43240051860706874,0.1816606418950863,0.05082452104744435,0.30805508180065994,8.335221451780873,50.52103341530823,0.0774086043783084,0.01900574169634421,0.15678776290630975,3.9795731707317072
2026-02-20,C030,Unity Ads,BR,playable,636.63,59559,977,169,0.6942415314298728,0.39902167942086775,0.17622492614322335,0.07254563310939964,0.1846532015154672,12.26021199548854,31.206391056113958,0.04901838649737048,0.01640390201312984,0.172978505629478,3.767041420118343
2026-02-21,C030,Unity Ads,BR,playable,639.98,57119,1002,163,0.6951059823872251,0.4476570484499161,0.14302575598824016,0.08593194025180795,0.35643644187526324,14.006906261044696,58.09914002566791,0.09078330093157774,0.017542323920236698,0.1626746506986028,3.9262576687116564
2026-02-22,C030,Unity Ads,BR,playable,581.14,57347,1021,155,0.7164502291199016,0.42658843986198397,0.21720907560942415,0.08302810065186089,0.2651599009273094,12.86935560103844,41.09978464373296,0.07072222758864924,0.017803895583029628,0.15181194906953965,3.749290322580645
2026-02-23,C030,Unity Ads,BR,playable,807.83,84492,1365,226,0.6612968412394175,0.3921028888372669,0.16363501297485733,0.063170262860377,0.12598464304479737,14.276479406445201,28.472529328124207,0.03524574872236966,0.01615537565686692,0.16556776556776556,3.5744690265486727
2026-02-24,C030,Unity Ads,BR,playable,545.16,57005,917,136,0.6664740795075921,0.41860353770282327,0.2185434062301632,0.09308268220115284,0.3336575548133203,12.659244779356786,45.37742745461156,0.08323650663598738,0.016086308218577317,0.14830970556161396,4.008529411764705
2026-02-25,C030,Unity Ads,BR,playable,467.4,45150,844,123,0.6592556829830009,0.3887382186706731,0.2036074389682998,0.08027103623244308,0.26780863299974145,9.8733374565905,32.9404618589682,0.0704767050706927,0.01869324473975637,0.1457345971563981,3.8
2026-02-26,C030,Unity Ads,BR,playable,790.67,56386,1113,150,0.5815493909527197,0.411880484509068,0.16737843273849848,0.04624456250041368,0.2766546834581164,6.936684375062052,41.498202518717456,0.05248491020702726,0.019738942290639522,0.1347708894878706,5.271133333333333
2026-02-27,C030,Unity Ads,BR,playable,731.35,59821,1027,152,0.5491380564143064,0.32966763870860094,0.15402892089426468,0.06800217989476166,0.2899403404495016,10.336331344003773,44.07093174832425,0.06025930452829462,0.017167884187827016,0.14800389483933787,4.811513157894737
2026-02-28,C030,Unity Ads,BR,playable,978.14,90407,1496,268,0.6965791767679909,0.4239458182579565,0.18427865206260338,0.08505979068923011,0.2846509691254203,22.79602390471367,76.28645972561264,0.07799173487400365,0.016547391241828618,0.17914438502673796,3.649776119402985
2026-03-01,C030,Unity Ads,BR,playable,890.31,103347,1679,227,0.6972167832605629,0.3839550276290215,0.1951147393587727,0.08837705743325755,0.35076209109185086,20.061592037349463,79.62299467785014,0.08943292929669286,0.016246238400727645,0.13519952352590828,3.9220704845814978
2026-01-01,C031,Unity Ads,KR,video,934.61,57918,886,118,0.7314437620568229,0.46045590425023186,0.18426448323808325,0.09363888821354917,0.4237169749911688,11.049388809198803,49.99860304895792,0.05349648194920207,0.015297489554197314,0.13318284424379231,7.920423728813559
2026-01-02,C031,Unity Ads,KR,video,864.55,62152,897,105,0.7154824824401278,0.47316266916158356,0.20232462194085338,0.12084613169737823,0.5360507857062522,12.688843828224714,56.28533249915648,0.0651034455174766,0.014432359377011199,0.11705685618729098,8.233809523809523
2026-01-03,C031,Unity Ads,KR,video,948.65,67242,1029,119,0.7082045372389203,0.41324261968481646,0.1963569887371171,0.10224697696669235,0.330145143111473,12.16739025903639,39.28727203026529,0.041413938404268755,0.015302935665209244,0.11564625850340136,7.971848739495798
2026-01-04,C031,Unity Ads,KR,video,763.34,57263,881,118,0.6756213530314958,0.4286485275008273,0.15340856256040797,0.09735847970703543,0.5647191405276142,11.488300605430181,66.63685858225847,0.08729656573612143,0.01538515271641374,0.13393870601589103,6.4689830508474575
2026-01-05,C031,Unity Ads,KR,video,681.78,46610,788,105,0.7836621849141222,0.49385331051099673,0.1918479854881759,0.13038211613869854,0.5486103542869415,13.690122194563347,57.60408720012886,0.08449029655879624,0.016906243295430164,0.13324873096446702,6.493142857142857
2026-01-06,C031,Unity Ads,KR,video,630.15,39331,567,66,0.7031983384555901,0.4346657738826121,0.18556122224754634,0.11570264761653079,0.5387354423291418,7.636374742691032,35.55653919372336,0.05642557595850611,0.014416109430220437,0.1164021164021164,9.547727272727272
2026-01-07,C031,Unity Ads,KR,video,697.59,38696,661,93,0.7331178764786032,0.44739197183138035,0.20390818073913797,0.10145412618613324,0.4220407017488193,9.43523373531039,39.249785262640195,0.05626469170767644,0.01708186892702088,0.14069591527987896,7.500967741935484
2026-01-08,C031,Unity Ads,KR,video,652.03,36250,606,91,0.6803463248117624,0.37024159914851557,0.1976572821494361,0.09808871539056749,0.5450415659171562,8.926073100541641,49.59878249846122,0.07606878081582578,0.016717241379310344,0.15016501650165018,7.165164835164835
2026-01-09,C031,Unity Ads,KR,video,706.23,43778,673,91,0.7308558043536943,0.49309911263409684,0.18105380058018722,0.1039920934046012,0.5476008373623901,9.463280499818708,49.831676199977494,0.07056051918898655,0.015373018411074055,0.1352154531946508,7.760769230769231
2026-01-10,C031,Unity Ads,KR,video,900.76,52275,812,119,0.7353947169029427,0.5364753023170501,0.19700258676739968,0.13660615975534302,0.5771711690765221,16.25613301088582,68.68336912010614,0.07625082115690586,0.01553323768531803,0.14655172413793102,7.569411764705882
2026-01-11,C031,Unity Ads,KR,video,913.59,58248,848,131,0.7952803010230478,0.43933357904942955,0.19932302395824156,0.11487496260801987,0.49163717272799756,15.048620101650602,64.40446962736767,0.07049604503354867,0.014558439774756215,0.1544811320754717,6.973969465648855
2026-01-12,C031,Unity Ads,KR,video,975.53,54563,887,130,0.6653335503486688,0.4737120078664186,0.19081965340777524,0.10313050957859916,0.5192102837759799,13.406966245217891,67.49733689087739,0.06919049946017596,0.016256437512600114,0.14656144306651633,7.504076923076923
2026-01-13,C031,Unity Ads,KR,video,599.27,35231,607,90,0.7606647118207697,0.4253135229314445,0.17712825594622883,0.11252543366843182,0.5644615921212655,10.127289030158863,50.80154329091389,0.08477240703525087,0.01722914478726122,0.14827018121911037,6.658555555555555
2026-01-14,C031,Unity Ads,KR,video,534.19,40513,528,69,0.7571189403925066,0.4762224487897942,0.19048610453110168,0.11113878658512794,0.5822528676173109,7.6685762743738275,40.17544786559445,0.07520776334085638,0.0130328536519142,0.13068181818181818,7.741884057971015
2026-01-15,C031,Unity Ads,KR,video,681.98,44192,749,109,0.6464617788078375,0.42900285484791323,0.1787781678136163,0.13730080060768654,0.468930298175043,14.965787266237832,51.11340250107969,0.07494843031041513,0.016948769007965242,0.14552736982643524,6.256697247706422
2026-01-16,C031,Unity Ads,KR,video,583.07,38008,613,87,0.6060490492472488,0.3850308021536604,0.16587380930558454,0.08808231073803693,0.40279747108063124,7.663161034209213,35.04337998401492,0.06010141647221215,0.016128183540307303,0.14192495921696574,6.701954022988506
2026-01-17,C031,Unity Ads,KR,video,819.27,62194,943,134,0.6558246689681493,0.4385428363256756,0.205526309298732,0.11307244998934758,0.46435366429521296,15.151708298572576,62.22339101555854,0.07594964911000739,0.015162234299128533,0.1420996818663839,6.1139552238805965
2026-01-18,C031,Unity Ads,KR,video,973.62,64826,937,110,0.6490151013331228,0.4470023814427523,0.18643472316088675,0.09373168878722432,0.5130655560797223,10.310485766594676,56.43721116876945,0.05796633286019759,0.014454077067843149,0.11739594450373532,8.851090909090908
2026-01-19,C031,Unity Ads,KR,video,595.14,36248,559,68,0.6638918794017021,0.35484592232111833,0.1681256903044639,0.10384438722884447,0.3323587215099039,7.061418331561423,22.600393062673465,0.03797517876429875,0.01542154049878614,0.12164579606440072,8.752058823529412
2026-01-20,C031,Unity Ads,KR,video,857.17,52415,878,121,0.7302739668880657,0.4375314722610504,0.15250281017030662,0.11037645160583995,0.5273551798726239,13.355550644306634,63.809976764587496,0.0744423780895896,0.016750930077267957,0.1378132118451025,7.084049586776859
2026-01-21,C031,Unity Ads,KR,video,870.35,63579,984,144,0.7460764631676833,0.4185055500093723,0.2061072010755585,0.11972781693783281,0.5929270996632308,17.240805639047924,85.38150235150523,0.09810022976641587,0.015476808380125513,0.14634146341463414,6.044097222222223
2026-01-22,C031,Unity Ads,KR,video,705.04,51076,786,92,0.662912065811615,0.42458483116771595,0.21856526678718022,0.12590091687899532,0.4870932731409032,11.58288435286757,44.812581128963096,0.06356049171417051,0.015388832328295089,0.11704834605597965,7.663478260869565
2026-01-23,C031,Unity Ads,KR,video,1133.58,93948,1227,182,0.6491218889385822,0.4850034118520724,0.1780679203400373,0.10417808307167131,0.5104431294185293,18.960411119044178,92.90064955417233,0.0819533539355708,0.013060416400562012,0.14832925835370822,6.228461538461538
2026-01-24,C031,Unity Ads,KR,video,602.89,42843,550,70,0.7570068994813749,0.49392484679589177,0.17090477577271626,0.10949150834625221,0.4930000818336482,7.664405584237654,34.510005728355374,0.057241128373478514,0.012837569731344678,0.12727272727272726,8.612714285714285
2026-01-25,C031,Unity Ads,KR,video,802.59,57498,766,94,0.6816562819176395,0.45082713231297245,0.18036455852934077,0.12044364381553484,0.4396654527045476,11.321702518660274,41.32855255422747,0.05149406016125405,0.0133222025113917,0.1227154046997389,8.538191489361703
2026-01-26,C031,Unity Ads,KR,video,835.55,58470,781,116,0.6755605720814861,0.4672925334711485,0.19034555064467604,0.11172504813564721,0.48992799289943506,12.960105583735077,56.831647176334464,0.06801704807535118,0.0133572772361895,0.14852752880921896,7.20301724137931
2026-01-27,C031,Unity Ads,KR,video,763.07,54979,855,130,0.7899183671541217,0.5029456071779255,0.23915693610101352,0.10956152709676975,0.5165372190377575,14.242998522580068,67.14983847490848,0.08799946197324439,0.01555139234980629,0.15204678362573099,5.869769230769231
2026-01-28,C031,Unity Ads,KR,video,485.98,28095,432,61,0.7248462928085585,0.46093139744220407,0.22244410224419758,0.10400394005537396,0.5142016836599377,6.344240343377812,31.3663027032562,0.06454294887695561,0.015376401494927923,0.1412037037037037,7.96688524590164
2026-01-29,C031,Unity Ads,KR,video,890.02,56358,793,120,0.7232576073593296,0.4440176936800645,0.2150079849302487,0.1058821882712826,0.5094146293582992,12.705862592553911,61.1297555229959,0.06868331384091596,0.014070761914901168,0.15132408575031525,7.416833333333333
2026-01-30,C031,Unity Ads,KR,video,828.28,61941,800,101,0.7669455684571984,0.4647352351809619,0.20038980491262307,0.1208292457623733,0.42487259153960055,12.203753821999705,42.91213174549966,0.05180848867902592,0.012915516378489207,0.12625,8.20079207920792
2026-01-31,C031,Unity Ads,KR,video,745.65,52059,870,127,0.7231984840186028,0.47918135134284834,0.192102900433104,0.10879032887754952,0.5119624269788664,13.81637176744879,65.01922822631603,0.08719773449255448,0.016711807756583878,0.14597701149425288,5.8712598425196845
2026-02-01,C031,Unity Ads,KR,video,546.63,33529,499,58,0.7048678404827246,0.44043280622474196,0.1857468804644648,0.11256301050053577,0.4288593445144756,6.528654609031075,24.873841981839586,0.04550418382244714,0.014882638909600645,0.11623246492985972,9.424655172413793
2026-02-02,C031,Unity Ads,KR,video,654.8,40152,641,84,0.7202470097706382,0.43324529138726975,0.1969424818632716,0.11301551178716926,0.4606562156512225,9.493302990122217,38.69512211470269,0.05909429277791669,0.01596433552500498,0.1310452418096724,7.795238095238095
2026-02-03,C031,Unity Ads,KR,video,1123.76,70716,1192,176,0.7732462880157608,0.48075061672930397,0.20933408277236173,0.13034285460104428,0.5955608410160189,22.940342409783792,104.81870801881934,0.09327516200748595,0.01685615702245602,0.1476510067114094,6.385
2026-02-04,C031,Unity Ads,KR,video,801.36,41194,706,86,0.7443906054557904,0.4640348801826006,0.21020944963565216,0.08964235374367661,0.5401627143115878,7.709242421956189,46.45399343079655,0.05796908688593877,0.017138418216245083,0.12181303116147309,9.318139534883722
2026-02-05,C031,Unity Ads,KR,video,811.55,45139,725,89,0.6377945295586975,0.3885622563830026,0.19031835081947315,0.08832528215605176,0.4497492595040291,7.860950111888607,40.02768409585859,0.049322796150133456,0.016061498925541106,0.12275862068965518,9.118539325842697
2026-02-06,C031,Unity Ads,KR,video,844.82,51229,847,108,0.6581571993665599,0.4498538631228357,0.17563150586745932,0.1593103310004329,0.4220115902542182,17.205515748046754,45.57725174745556,0.053948908107323564,0.016533604013351813,0.12750885478158205,7.8224074074074075
2026-02-07,C031,Unity Ads,KR,video,991.51,54949,870,132,0.7151504688979052,0.45246342946658613,0.14534215234194228,0.09977689528873343,0.5626661751428633,13.170550178112812,74.27193511885795,0.0749082119135034,0.01583286320042221,0.15172413793103448,7.511439393939394
2026-02-08,C031,Unity Ads,KR,video,721.59,40774,628,79,0.741635582382031,0.4655766708740431,0.19638854002143952,0.1098084378789263,0.54295649197398,8.674866592435178,42.89356286594442,0.059442750475852804,0.015401971844803061,0.12579617834394904,9.134050632911393
2026-02-09,C031,Unity Ads,KR,video,531.42,42509,613,92,0.802005128414786,0.5116450543573539,0.18591979223422644,0.10439402703234943,0.5868875832637988,9.604250486976147,53.993657660269484,0.10160306695599562,0.01442047566397704,0.1500815660685155,5.776304347826087
2026-02-10,C031,Unity Ads,KR,video,455.39,30088,453,62,0.6736935386922219,0.3979541404410962,0.21248835744282574,0.11182878345058364,0.5155843947183218,6.933384573936186,31.966232472535953,0.07019526161078693,0.015055836213772933,0.1368653421633554,7.345
2026-02-11,C031,Unity Ads,KR,video,672.64,38588,664,98,0.6170118147449327,0.38824557373278357,0.17461399792167384,0.09733858501413781,0.3667615169717813,9.539181331385505,35.942628663234565,0.053434993435633626,0.017207421996475587,0.14759036144578314,6.863673469387755
2026-02-12,C031,Unity Ads,KR,video,582.37,37316,536,62,0.718974944673261,0.4456102459238417,0.17698209059061493,0.10610710635850977,0.42200610626428553,6.578640594227606,26.164378588385702,0.04492713460353055,0.014363811769750242,0.11567164179104478,9.393064516129032
2026-02-13,C031,Unity Ads,KR,video,633.76,44424,598,72,0.7504989369364955,0.425041132033544,0.20129129718951383,0.15952761024834505,0.45451324547309563,11.485987937880843,32.72495367406289,0.05163586161305671,0.013461192148388259,0.12040133779264214,8.802222222222222
2026-02-14,C031,Unity Ads,KR,video,1006.11,58211,983,132,0.7319796186761225,0.46052754151542613,0.2030452488236429,0.11911942627707567,0.5275674534988526,15.723764268573989,69.63890386184855,0.06921584171895055,0.016886842692961812,0.1342828077314344,7.622045454545455
2026-02-15,C031,Unity Ads,KR,video,983.73,71674,998,117,0.7239920621846679,0.4101295947443586,0.2049584084155791,0.12088085608237936,0.44138176173821203,14.143060161638385,51.641666123370804,0.052495543444129815,0.013924156597929515,0.11723446893787576,8.407948717948718
2026-02-16,C031,Unity Ads,KR,video,555.75,29414,491,66,0.7521712375440641,0.39303027561694664,0.15416418713935726,0.11874351241107547,0.4901913345941721,7.837071819130982,32.35262808321536,0.058214446609194254,0.016692731352417216,0.13441955193482688,8.420454545454545
2026-02-17,C031,Unity Ads,KR,video,995.66,54474,927,119,0.7349027624397353,0.42161036192413287,0.17950777614767963,0.09804752955176599,0.43766924846492355,11.667656016660153,52.0826405673259,0.052309700361950144,0.017017292653375923,0.12837108953613807,8.36689075630252
2026-02-18,C031,Unity Ads,KR,video,689.77,36238,625,87,0.7281084325704028,0.3919919956210341,0.2124701302866736,0.116168593636107,0.45642755890941067,10.10666764634131,39.709197625118726,0.05756871729669776,0.017247088691428887,0.1392,7.928390804597701
2026-02-19,C031,Unity Ads,KR,video,564.66,34558,587,82,0.800898654706304,0.43255596304504124,0.2042561094906019,0.14030515384965214,0.5210406033666605,11.505022615671475,42.72532947606616,0.07566562311241513,0.01698593668615082,0.13969335604770017,6.886097560975609
2026-02-20,C031,Unity Ads,KR,video,646.02,47246,654,99,0.8518871905132833,0.497570979882205,0.17484140574682433,0.12150307016102446,0.5953458359947139,12.028803945941421,58.939237763476676,0.09123410523573158,0.013842441688185244,0.15137614678899083,6.525454545454545
2026-02-21,C031,Unity Ads,KR,video,931.48,72052,1091,154,0.778167540470149,0.43012904734432167,0.1904953446220548,0.10375590112105322,0.49515307885808146,15.978408772642196,76.25357414414455,0.08186251590150001,0.015141842002997835,0.14115490375802017,6.048571428571429
2026-02-22,C031,Unity Ads,KR,video,639.19,39491,561,78,0.667454967742307,0.4391301837932948,0.19776050058284697,0.128232972216527,0.5101141681259445,10.002171832889106,39.78890511382367,0.062248475401795095,0.01420576840292725,0.13903743315508021,8.19474358974359
2026-02-23,C031,Unity Ads,KR,video,763.37,46234,784,111,0.7861247656677564,0.4708770456361243,0.15970579015025158,0.12919324491417905,0.44334317110560584,14.340450185473875,49.211091992722245,0.0644654457123148,0.01695721763204568,0.14158163265306123,6.877207207207207
2026-02-24,C031,Unity Ads,KR,video,587.39,32942,518,77,0.6634380433720365,0.44607230009670934,0.17696967307403189,0.12306135058361492,0.411899707289096,9.475723994938349,31.71627746126039,0.05399570545334663,0.01572460688482788,0.14864864864864866,7.628441558441558
2026-02-25,C031,Unity Ads,KR,video,894.35,75098,1047,139,0.6884255351150607,0.40741463978645576,0.18616848090431656,0.1130203709248935,0.374164969058599,15.709831558560197,52.00893069914526,0.058152544956710954,0.013941782737223362,0.13276026743075453,6.4341726618705035
2026-02-26,C031,Unity Ads,KR,video,776.46,50704,712,105,0.7630252898656735,0.4750742006831104,0.20914452731303218,0.1379721526031708,0.48665518518131773,14.487076023332934,51.09879444403836,0.06580974212658143,0.014042284632376143,0.14747191011235955,7.394857142857143
2026-02-27,C031,Unity Ads,KR,video,856.7,55038,746,90,0.6097765869588864,0.40183864252073503,0.17315394159973432,0.10318069008029829,0.4813611466902552,9.286262107226847,43.32250320212297,0.05056879529677611,0.0135542715941713,0.12064343163538874,9.51888888888889
2026-02-28,C031,Unity Ads,KR,video,489.09,30428,471,60,0.7558483129970727,0.4244638132786251,0.20792837215462603,0.08519553280143842,0.4986349678128131,5.111731968086305,29.918098068768785,0.06117073315352767,0.015479163927961089,0.12738853503184713,8.1515
2026-03-01,C031,Unity Ads,KR,video,926.29,60834,1045,155,0.7243937021995823,0.4264516598062367,0.15111148415557546,0.10472741444450019,0.5005202995062783,16.23274923889753,77.58064642347314,0.08375415461459987,0.01717789394088832,0.14832535885167464,5.976064516129032
2026-01-01,C032,Unity Ads,JP,static,736.64,38974,488,62,0.6770314140222053,0.3741136683535272,0.17306746204964596,0.11761525196078709,0.5204810412674584,7.2921456215688,32.26982455858242,0.043806767406543504,0.01252116795812593,0.12704918032786885,11.881290322580645
2026-01-02,C032,Unity Ads,JP,static,664.07,45314,529,71,0.6267551800817718,0.42135134342411656,0.16353310197883514,0.13862500099687078,0.5496122945346957,9.842375070777825,39.0224729119634,0.05876285632773971,0.011674096305777464,0.1342155009451796,9.353098591549296
2026-01-03,C032,Unity Ads,JP,static,1027.83,68790,847,95,0.5459190109371768,0.35745827715629447,0.13839711387124573,0.15566859215134682,0.6904227045736511,14.788516254377948,65.59015693449685,0.06381425950178057,0.01231283616804768,0.11216056670602124,10.819263157894737
2026-01-04,C032,Unity Ads,JP,static,943.65,73005,810,101,0.7042617187347131,0.43735940980539234,0.16039705157596254,0.14403014606089323,0.7180781465614121,14.547044752150217,72.52589280270263,0.07685659179608084,0.011095130470515718,0.12469135802469136,9.343069306930692
2026-01-05,C032,Unity Ads,JP,static,699.64,44671,584,71,0.6708709459469153,0.39618956610794814,0.1385488618303547,0.17512534265928237,0.6538311128987533,12.433899328809048,46.42200901581148,0.06635155910454463,0.013073358554767074,0.12157534246575342,9.854084507042254
2026-01-06,C032,Unity Ads,JP,static,620.92,41613,511,53,0.6745283758008725,0.41724532889730753,0.18209046682651758,0.1301535933534379,0.6537149056045243,6.898140447732208,34.646889997039786,0.05579931705380055,0.012279816403527743,0.10371819960861056,11.715471698113207
2026-01-07,C032,Unity Ads,JP,static,583.26,34470,412,51,0.7403451218618451,0.44368275691318027,0.16728722403049573,0.14681202641318228,0.606788639271711,7.487413347072296,30.94622060285726,0.053057425634632546,0.011952422396286626,0.12378640776699029,11.436470588235293
2026-01-08,C032,Unity Ads,JP,static,794.69,45403,559,57,0.638626169249742,0.34214142182783125,0.1844038913263263,0.14228587273735277,0.6688641645843438,8.110294746029108,38.1252573813076,0.047975179662357904,0.012311961764641104,0.10196779964221825,13.941929824561404
2026-01-09,C032,Unity Ads,JP,static,541.55,38388,430,43,0.5996130953165263,0.3553732170437113,0.1498701086002836,0.11769625561546385,0.676008132584347,5.060938991464945,29.06834970112692,0.05367609398280392,0.01120141710951339,0.1,12.594186046511627
2026-01-10,C032,Unity Ads,JP,static,599.86,28604,397,50,0.6738875585180015,0.4191013873059581,0.15387713082729484,0.13610799502030457,0.5552639343955996,6.805399751015228,27.76319671977998,0.04628303529621379,0.013879177737379388,0.12594458438287154,11.9972
2026-01-11,C032,Unity Ads,JP,static,881.9,58384,689,86,0.7486681829674355,0.44431366178020015,0.20382268219195268,0.17055195917222132,0.7069036210589279,14.667468488811034,60.7937114110678,0.06893515696862262,0.011801178405042478,0.12481857764876633,10.254651162790697
2026-01-12,C032,Unity Ads,JP,static,820.05,55658,585,70,0.7225612452508322,0.39173466102009397,0.18866421872847677,0.14772829035129545,0.556220137052655,10.340980324590682,38.935409593685854,0.04747940538356314,0.010510618419634195,0.11965811965811966,11.715
2026-01-13,C032,Unity Ads,JP,static,530.53,35518,372,47,0.6778758052298722,0.40613840967381465,0.1571220590970798,0.1274552299564669,0.5888277627060787,5.990395807953945,27.6749048471857,0.05216427195624196,0.010473562700602512,0.12634408602150538,11.287872340425531
2026-01-14,C032,Unity Ads,JP,static,706.99,48501,508,61,0.6536022349465128,0.3944276346549937,0.15062243352134913,0.1256047464133212,0.49294363854404966,7.661889531212593,30.06956195118703,0.042531791819993406,0.010474010845137214,0.12007874015748031,11.59
2026-01-15,C032,Unity Ads,JP,static,916.35,45206,608,81,0.6517749731515742,0.39738976671931864,0.22173515827116558,0.15731055995091628,0.6136049367380924,12.742155356024218,49.70199987578548,0.05423884692040768,0.013449542096181922,0.13322368421052633,11.312962962962963
2026-01-16,C032,Unity Ads,JP,static,934.97,45877,610,80,0.6658142278898923,0.4151741193595118,0.16499387879256824,0.15998889565896773,0.526482763372129,12.799111652717418,42.11862106977031,0.04504788937910134,0.013296423044226955,0.13114754098360656,11.687125
2026-01-17,C032,Unity Ads,JP,static,896.95,66732,764,101,0.6519678870784537,0.4208734012860602,0.15705383440568452,0.13494347240605628,0.5303919965972044,13.629290713011684,53.56959165631764,0.05972447288036417,0.011448780195408499,0.13219895287958114,8.88069306930693
2026-01-18,C032,Unity Ads,JP,static,667.49,36273,462,56,0.6738737168323731,0.3989676455665423,0.1813566487565375,0.135753791438341,0.6913538362224294,7.602212320547095,38.71581482845605,0.05800193332071901,0.012736746340253081,0.12121212121212122,11.919464285714286
2026-01-19,C032,Unity Ads,JP,static,871.63,54772,592,72,0.6786809871644296,0.4323908921397016,0.14829901823005157,0.11541655986149937,0.6030443739952278,8.309992310027955,43.419194927656406,0.04981407264520961,0.010808442269772877,0.12162162162162163,12.105972222222222
2026-01-20,C032,Unity Ads,JP,static,874.26,53299,602,71,0.6691644631621052,0.3798609285857693,0.15500215033837672,0.13398866107279683,0.41578362132837343,9.513194936168576,29.520637114314514,0.033766362559514006,0.011294771008836938,0.11794019933554817,12.313521126760563
2026-01-21,C032,Unity Ads,JP,static,872.0,44065,595,65,0.7071532790864256,0.39176942161886363,0.15547971704977787,0.15933722070589315,0.6493338139814149,10.356919345883055,42.206697908791966,0.04840198826584221,0.013502779984114376,0.1092436974789916,13.415384615384616
2026-01-22,C032,Unity Ads,JP,static,882.72,48568,643,78,0.6891500054203915,0.45179432823038035,0.18930622757415574,0.16476907382522177,0.5762966961580128,12.851987758367297,44.951142300325,0.05092335440386599,0.013239169823752265,0.12130637636080871,11.316923076923077
2026-01-23,C032,Unity Ads,JP,static,487.41,29793,385,52,0.6539803262693112,0.3942070737280898,0.1660776104668164,0.13692726607988331,0.4389858899805322,7.120217836153932,22.827266278987672,0.04683359874523566,0.012922498573490418,0.13506493506493505,9.373269230769232
2026-01-24,C032,Unity Ads,JP,static,784.51,50031,667,82,0.560862749714791,0.380012801565076,0.17267998323223818,0.11733461524373817,0.5460124504455179,9.62143844998653,44.77302093653247,0.0570716790989512,0.013331734324718675,0.12293853073463268,9.567195121951219
2026-01-25,C032,Unity Ads,JP,static,965.98,59690,794,102,0.6691405392635001,0.4129582700903709,0.15095964559622124,0.15016672230681088,0.677177921350462,15.31700567529471,69.07214797774712,0.07150503987029982,0.013302060646674484,0.12846347607052896,9.470392156862745
2026-01-26,C032,Unity Ads,JP,static,682.01,49424,582,76,0.6076730188612316,0.36202228208249687,0.15716795629386088,0.12613166855485136,0.6666635796885381,9.586006810168703,50.666432056328894,0.07429024892916918,0.011775655551958563,0.13058419243986255,8.973815789473685
2026-01-27,C032,Unity Ads,JP,static,554.47,36540,384,40,0.6306739304891614,0.3870783143703759,0.1337549287849374,0.1090051532367062,0.5275872641701477,4.360206129468248,21.103490566805906,0.03806066007249223,0.010509031198686371,0.10416666666666667,13.86175
2026-01-28,C032,Unity Ads,JP,static,500.29,35667,388,49,0.6819338230727484,0.4048059090160458,0.15940104109611394,0.1617049318699141,0.5887083895432107,7.923541661625792,28.846711087617326,0.057659765244018266,0.010878403005579388,0.12628865979381443,10.21
2026-01-29,C032,Unity Ads,JP,static,835.54,47339,667,77,0.7056957401369304,0.4500229349106207,0.21692414957284928,0.16999569241176404,0.7189616917722285,13.089668315705831,55.36005026646159,0.06625669659494032,0.014089862481252245,0.11544227886056972,10.851168831168831
2026-01-30,C032,Unity Ads,JP,static,632.0,32468,418,43,0.7051391697349092,0.4279688504696574,0.19090662964252686,0.13392867903463324,0.5661380918833587,5.758933198489229,24.343937950984426,0.038518946021402024,0.012874214611309597,0.10287081339712918,14.69767441860465
2026-01-31,C032,Unity Ads,JP,static,853.29,62390,672,81,0.6773318001617421,0.35611246000479563,0.17983205174464278,0.12786054858759657,0.5759382536801358,10.356704435595322,46.650998548091,0.05467222350515335,0.010770956884116044,0.12053571428571429,10.534444444444444
2026-02-01,C032,Unity Ads,JP,static,669.07,40206,491,66,0.7141768541632837,0.43895956174859824,0.17158111661351938,0.14662545632118434,0.6106943354604325,9.677280117198167,40.30582614038855,0.0602417157958267,0.01221210764562503,0.13441955193482688,10.137424242424244
2026-02-02,C032,Unity Ads,JP,static,695.87,37695,499,59,0.652555822619776,0.3032262895495537,0.19203816364981333,0.14872516419285642,0.5271630447994231,8.774784687378528,31.102619643165962,0.0446958538185269,0.013237829950921872,0.11823647294589178,11.794406779661017
2026-02-03,C032,Unity Ads,JP,static,631.1,39680,428,44,0.6816635348351725,0.40703612448930315,0.17115322733499783,0.1481237895334109,0.6343809421130437,6.5174467394700795,27.912761452973925,0.04422858455821745,0.010786290322580645,0.102803738317757,14.343181818181819
2026-02-04,C032,Unity Ads,JP,static,532.11,38244,437,58,0.6866529979884344,0.43505501672106045,0.19288163911980175,0.1696319260970152,0.7657670832355353,9.83865171362688,44.41449082766105,0.08346867773865574,0.011426629013701495,0.13272311212814644,9.174310344827587
2026-02-05,C032,Unity Ads,JP,static,650.54,38532,523,66,0.6349885525382724,0.3833279217394018,0.18080651468789902,0.14314378151022475,0.5869000637785161,9.447489579674833,38.73540420938206,0.05954347329626789,0.013573134018478148,0.12619502868068833,9.856666666666666
2026-02-06,C032,Unity Ads,JP,static,681.28,43814,461,59,0.6859737873770023,0.41956770276257627,0.1602965001286079,0.14092423110197314,0.5233282035804341,8.314529635016415,30.87636401124561,0.04532133738870982,0.010521751038480852,0.1279826464208243,11.547118644067796
2026-02-07,C032,Unity Ads,JP,static,917.91,51842,687,91,0.6565676753362942,0.407510303442695,0.1425570628500984,0.16797216732811718,0.7427726260388754,15.285467226858664,67.59230896953765,0.07363716471601692,0.013251803556961537,0.1324599708879185,10.086923076923076
2026-02-08,C032,Unity Ads,JP,static,649.18,42534,462,46,0.7202933817997154,0.4093959731290555,0.186446917149749,0.13444569224830955,0.6178358403038825,6.184501843422239,28.420448653978596,0.04377904285954203,0.010861898716321062,0.09956709956709957,14.112608695652172
2026-02-09,C032,Unity Ads,JP,static,433.74,26959,303,33,0.6040917735442273,0.31156800024538617,0.1164949354538844,0.12474707212354703,0.5672043549435296,4.116653380077052,18.71774371313648,0.04315420532712436,0.011239289291145814,0.10891089108910891,13.143636363636364
2026-02-10,C032,Unity Ads,JP,static,533.41,38227,423,57,0.6904715841083318,0.4390932953626431,0.18910357863139793,0.1583735688590614,0.7451724728890942,9.0272934249665,42.47483095467837,0.07962896535713833,0.011065477280456221,0.1347517730496454,9.358070175438597
2026-02-11,C032,Unity Ads,JP,static,600.92,39201,469,55,0.6927862587825758,0.3392768110705484,0.17707337916970906,0.15256189091369246,0.6427038825274692,8.390904000253085,35.34871353901081,0.05882436514116733,0.011963980510701258,0.11727078891257996,10.925818181818181
2026-02-12,C032,Unity Ads,JP,static,507.71,31271,390,49,0.7700202500854366,0.4477257503601058,0.19478476783759183,0.17532354256304836,0.6574584916817497,8.59085358558937,32.21546609240574,0.06345235671054698,0.012471619071983627,0.12564102564102564,10.36142857142857
2026-02-13,C032,Unity Ads,JP,static,633.98,42308,461,47,0.710084333003162,0.4370169030276357,0.19029525019381227,0.18214541910841298,0.6016586500017307,8.56083469809541,28.277956550081342,0.04460402727596401,0.010896284390658977,0.1019522776572668,13.488936170212765
2026-02-14,C032,Unity Ads,JP,static,947.28,55490,644,86,0.6115042975226748,0.4113309920906525,0.14444140689635365,0.12475451318947262,0.5753388950377415,10.728888134294644,49.479144973245766,0.052232941323330534,0.011605694719769327,0.13354037267080746,11.014883720930232
2026-02-15,C032,Unity Ads,JP,static,550.56,34953,434,56,0.6527378169251729,0.4538789778579777,0.19621197369549298,0.1380793181834154,0.617045906397936,7.732441818271262,34.55457075828441,0.06276262420281267,0.012416673819128544,0.12903225806451613,9.831428571428571
2026-02-16,C032,Unity Ads,JP,static,674.43,43098,537,71,0.6610591184373816,0.43144865310763203,0.17441121010666116,0.15640114991706347,0.581398895810913,11.104481644111507,41.27932160257482,0.061206007907276254,0.012459974940832522,0.13221601489757914,9.499014084507042
2026-02-17,C032,Unity Ads,JP,static,732.84,53690,576,66,0.6374363422585035,0.369551787938585,0.15735367432500472,0.15542806247856875,0.586548772970061,10.258252123585537,38.71221901602403,0.05282479332788208,0.010728254796051407,0.11458333333333333,11.103636363636364
2026-02-18,C032,Unity Ads,JP,static,565.4,27156,372,49,0.6831474603517794,0.4126903445446918,0.1860815283927813,0.10347351086544454,0.5423929110418171,5.070202032406782,26.577252641049036,0.04700586858791446,0.0136986301369863,0.13172043010752688,11.538775510204081
2026-02-19,C032,Unity Ads,JP,static,736.28,43391,557,59,0.6789942824113967,0.42956555511840155,0.17280378074963088,0.14269422296397452,0.6011836286319197,8.418959154874496,35.46983408928326,0.04817423306614912,0.012836763384111913,0.1059245960502693,12.479322033898304
2026-02-20,C032,Unity Ads,JP,static,985.08,46922,643,85,0.6415911378552424,0.39139014818350326,0.18387120577250207,0.13254440917297378,0.6575951625675733,11.266274779702771,55.89558881824373,0.056742279052088895,0.01370359319722092,0.1321928460342146,11.589176470588235
2026-02-21,C032,Unity Ads,JP,static,780.98,42689,524,64,0.7502226666920642,0.4030856668470407,0.22137781387973707,0.18911008209272429,0.7161006398741748,12.103045253934354,45.83044095194719,0.05868352430030724,0.012274824896343321,0.12213740458015267,12.2028125
2026-02-22,C032,Unity Ads,JP,static,649.04,40700,560,70,0.5786852901558472,0.3703072580645044,0.17238636921740155,0.11887931876162586,0.5469155708118487,8.32155231331381,38.28408995682941,0.05898569450405955,0.013759213759213759,0.125,9.272
2026-02-23,C032,Unity Ads,JP,static,815.04,54534,635,73,0.7500941710275388,0.4731232545578119,0.17698713645280015,0.14430931166101083,0.6894068865682806,10.53457975125379,50.32670271948449,0.06174773608009698,0.011644111930172002,0.11496062992125984,11.164931506849314
2026-02-24,C032,Unity Ads,JP,static,848.68,57824,701,93,0.7687456358642892,0.43456316065374834,0.1903823351244485,0.13541013058242693,0.6884576249327834,12.593142144165704,64.02655911874885,0.07544263840932529,0.012122993912562259,0.1326676176890157,9.125591397849462
2026-02-25,C032,Unity Ads,JP,static,928.06,65696,762,97,0.6406769966938493,0.38221930486376693,0.17766131862899948,0.14998202552175774,0.5332911167190764,14.5482564756105,51.72923832175041,0.05573938184069008,0.011598879688261081,0.1272965879265092,9.567628865979382
2026-02-26,C032,Unity Ads,JP,static,544.67,31518,395,47,0.660455363239905,0.40320448746761967,0.17744399831355506,0.13131523600802722,0.593968598710531,6.171816092377279,27.916524139394955,0.05125411735266068,0.012532521099054509,0.1189873417721519,11.588723404255319
2026-02-27,C032,Unity Ads,JP,static,851.87,43770,582,69,0.7605787310973803,0.434002844411838,0.19904807175536304,0.14371734950626422,0.7046100038628207,9.91649711593223,48.61809026653463,0.05707231139256469,0.013296778615490062,0.11855670103092783,12.345942028985508
2026-02-28,C032,Unity Ads,JP,static,903.57,54827,730,82,0.6384472371645493,0.4025560715474187,0.14535815905978872,0.16104252132198013,0.526270841623911,13.20548674840237,43.1542090131607,0.047759618690131816,0.013314607766246557,0.11232876712328767,11.019146341463415
2026-03-01,C032,Unity Ads,JP,static,487.31,32770,390,51,0.6650844838021491,0.4142340815466853,0.13498797167247548,0.13202813103712166,0.6021396815981329,6.733434682893205,30.709123761504777,0.06301734227074501,0.01190112908147696,0.13076923076923078,9.555098039215686
2026-01-01,C033,AppLovin,IN,playable,818.7,75099,1700,247,0.5897505308365675,0.37697696231585875,0.15357949961013362,0.050728961725252514,0.3093810835572909,12.53005354613737,76.41712763865085,0.09333928922273001,0.02263678610900278,0.14529411764705882,3.314574898785425
2026-01-02,C033,AppLovin,IN,playable,796.17,73865,1608,298,0.6520360006314905,0.4352420441032042,0.16409555904968479,0.016130840617884307,0.13782829087068005,4.806990504129524,41.072830679462655,0.0515881381613975,0.02176944425641373,0.1853233830845771,2.671711409395973
2026-01-03,C033,AppLovin,IN,playable,884.57,80616,1816,327,0.5402218285655485,0.3232356257339422,0.12309991305273114,0.007519096520979769,0.20084010028949942,2.4587445623603843,65.6747127946663,0.07424439140921231,0.02252654559888856,0.1800660792951542,2.705107033639144
2026-01-04,C033,AppLovin,IN,playable,895.51,95482,2240,319,0.6006348818334539,0.38064710111251604,0.15791558656522525,0.03164081777924943,0.18278722140984624,10.093420871580568,58.30912362974095,0.06511311382342784,0.023459919147064367,0.14241071428571428,2.807241379310345
2026-01-05,C033,AppLovin,IN,playable,848.94,90886,2090,305,0.5687445533172195,0.3545022902514178,0.16710705887695115,0.06191796959838795,0.06667316217290817,18.884980727508324,20.335314462736992,0.023953876187999268,0.022995840943599674,0.145933014354067,2.783409836065574
2026-01-06,C033,AppLovin,IN,playable,1001.23,116509,2210,349,0.6021157679216118,0.3333364909449484,0.12249758231201519,0.07727437706325746,0.1835160676608414,26.968757595076852,64.04710761363364,0.06396864715207132,0.018968491704503515,0.1579185520361991,2.8688538681948423
2026-01-07,C033,AppLovin,IN,playable,914.18,86687,1784,322,0.531730541327723,0.3607652659466019,0.14809254473314645,0.04468824401694204,0.20717985534453334,14.389614573455336,66.71191342093974,0.0729742589072384,0.020579787049961357,0.1804932735426009,2.8390683229813662
2026-01-08,C033,AppLovin,IN,playable,878.46,85398,1720,320,0.5973000901231943,0.35208954652217195,0.17787562502558815,0.040882402670601885,0.1071653523567938,13.082368854592604,34.29291275417401,0.039037598473631134,0.02014098690835851,0.18604651162790697,2.7451875
2026-01-09,C033,AppLovin,IN,playable,889.22,98159,1895,303,0.5957403060608195,0.351450214460359,0.17366707476745338,0.032975133516491895,0.07126591831083569,9.991465455497044,21.593573248183212,0.024283835350031816,0.019305412646828106,0.15989445910290237,2.934719471947195
2026-01-10,C033,AppLovin,IN,playable,645.39,88464,1640,230,0.6629828301905938,0.3857058792438594,0.1744748671506287,0.013775550424395173,0.15466728997587734,3.1683765976108895,35.573476694451784,0.05511968940464902,0.018538614577681318,0.1402439024390244,2.8060434782608694
2026-01-11,C033,AppLovin,IN,playable,705.01,82501,1748,254,0.5722522724732889,0.3460475602503332,0.15042751647263689,0.06338980948226611,0.20981795252786709,16.10101160849559,53.29375994207824,0.07559254633941478,0.021187621968218568,0.14530892448512586,2.7756299212598425
2026-01-12,C033,AppLovin,IN,playable,958.32,95961,2067,350,0.5902476244282362,0.3885434667821348,0.17098268548582984,0.04528343914650989,0.17578130290934244,15.849203701278462,61.523456018269854,0.06419910849927052,0.02154000062525401,0.16932752781809385,2.738057142857143
2026-01-13,C033,AppLovin,IN,playable,774.6,75821,1606,228,0.5419594733296239,0.4135166615478192,0.17679908073769343,0.06263850305192196,0.212387916375463,14.281578695838208,48.424444933605564,0.06251563244216818,0.02118146687593147,0.14196762141967623,3.3973684210526316
2026-01-14,C033,AppLovin,IN,playable,440.46,42737,882,139,0.5953387605057401,0.35110865197269225,0.12403953813165959,0.05318016331571623,0.20044911763843407,7.392042700884557,27.862427351742337,0.06325722756726349,0.02063785478625079,0.15759637188208617,3.168776978417266
2026-01-15,C033,AppLovin,IN,playable,753.7,76710,1501,236,0.5632408486920512,0.40407783030750327,0.15466828890436174,0.03082797625129608,0.25529343433921425,7.275402395305875,60.249250504054565,0.07993821048838182,0.019567201147177683,0.15722851432378415,3.1936440677966105
2026-01-16,C033,AppLovin,IN,playable,903.45,125407,2326,382,0.4936022385267293,0.3308017218752402,0.13850344873068082,0.0501388517301208,0.17844439697519174,19.153041360906148,68.16575964452325,0.07545092314760565,0.01854760898514437,0.1642304385210662,2.3650523560209424
2026-01-17,C033,AppLovin,IN,playable,819.63,113807,2037,373,0.6509761202794231,0.4110596212228255,0.14975034065283072,0.04673413157345909,0.1051918691541788,17.43183107690024,39.236567194508694,0.047871168553857146,0.017898723277127066,0.18311242022582228,2.1973994638069705
2026-01-18,C033,AppLovin,IN,playable,593.18,57792,1215,185,0.579886469710329,0.3147134571744423,0.14410589722274691,0.04166082206267926,0.1464332033825558,7.707252081595663,27.090142625772824,0.04566905531817125,0.021023671096345516,0.1522633744855967,3.206378378378378
2026-01-19,C033,AppLovin,IN,playable,807.28,102200,1827,295,0.6650921167041877,0.334133399181034,0.14307221765338982,0.038891477639397744,0.33006002061926243,11.472985903622334,97.36770608268242,0.1206122258969602,0.017876712328767124,0.16146688560481665,2.736542372881356
2026-01-20,C033,AppLovin,IN,playable,847.61,110433,2102,302,0.5803119948363162,0.3247038495719106,0.09627040276307898,0.05962657869214966,0.1347056340364062,18.007226765029195,40.68110147899467,0.04799510095580176,0.01903416551212047,0.14367269267364416,2.806655629139073
2026-01-21,C033,AppLovin,IN,playable,487.48,57214,1194,206,0.5207100548256081,0.3326464696053862,0.15901929020498257,0.006787662670432987,0.1705831823703552,1.3982585101091953,35.14013556829317,0.07208600335228138,0.02086901807249974,0.17252931323283083,2.3664077669902914
2026-01-22,C033,AppLovin,IN,playable,987.71,111902,2010,286,0.5966773431057176,0.403213229707295,0.12782968194379704,0.014368050785549213,0.28005333828144896,4.109262524667074,80.0952547484944,0.08109194762862461,0.01796214544869618,0.14228855721393036,3.4535314685314686
2026-01-23,C033,AppLovin,IN,playable,831.2,74737,1726,277,0.5078924274317878,0.35934651360613945,0.15534592722425802,0.010647000510880165,0.2460793169835633,2.949219141513806,68.16397080444703,0.0820063451388686,0.023094317406371676,0.160486674391657,3.00072202166065
2026-01-24,C033,AppLovin,IN,playable,500.8,54414,1084,158,0.6323557383698845,0.3801037371599352,0.17373618187405074,0.07564116247583458,0.10168952624934893,11.951303671181863,16.06694514739713,0.03208239239285509,0.01992134377182343,0.14575645756457564,3.169620253164557
2026-01-25,C033,AppLovin,IN,playable,427.16,39119,867,154,0.5471720500274867,0.3831554758509678,0.16678273847352337,0.04614579754569281,0.20517353454491086,7.106452822036693,31.596724319916273,0.07396865109677343,0.02216314322963266,0.1776239907727797,2.773766233766234
2026-01-26,C033,AppLovin,IN,playable,837.67,83751,1663,252,0.5801870118940882,0.3918103872354836,0.1442411062748613,0.05291390167905466,0.2327251247197315,13.334303223121774,58.64673142937234,0.07001200289302459,0.019856479325619993,0.15153337342152737,3.3240873015873014
2026-01-27,C033,AppLovin,IN,playable,741.17,65778,1497,214,0.664088827122785,0.3974332024424828,0.19920044783241947,0.047341594147933465,0.1571042231793186,10.13110114765776,33.62030376037418,0.04536108916571038,0.02275836905956399,0.14295257181028725,3.463411214953271
2026-01-28,C033,AppLovin,IN,playable,763.52,89843,1994,322,0.6430300673758805,0.413806894074102,0.16385575579143505,0.047851409879343984,0.11346975403622245,15.408153981148763,36.53726079966363,0.04785354234435257,0.022194272230446444,0.16148445336008024,2.3711801242236024
2026-01-29,C033,AppLovin,IN,playable,798.98,96520,2062,376,0.6856437554284731,0.4090563484158322,0.1603862563986783,0.028598051935254068,0.14413654725605266,10.75286752765553,54.195341768275796,0.06783023872070945,0.021363447990053876,0.18234723569350145,2.1249468085106384
2026-01-30,C033,AppLovin,IN,playable,649.95,67366,1335,207,0.6365966353152558,0.3339658575777536,0.12027420827553793,0.014693144079599547,0.14572276833635822,3.041480824477106,30.16461304562615,0.046410473645130124,0.019817118427693497,0.1550561797752809,3.139855072463768
2026-01-31,C033,AppLovin,IN,playable,886.09,130654,2266,362,0.5887926268341632,0.38431288218970633,0.16864338961431757,0.04005277060356911,0.19918072631959535,14.499102958492019,72.10342292769352,0.08137225178644512,0.017343517994091263,0.15975286849073256,2.4477624309392265
2026-02-01,C033,AppLovin,IN,playable,1032.56,124664,2511,448,0.6200544176353582,0.3356751489085854,0.1601977427945387,0.028366587066558653,0.21819379839654446,12.708231005818277,97.75082168165191,0.09466872038909925,0.02014214207790541,0.17841497411389884,2.3048214285714286
2026-02-02,C033,AppLovin,IN,playable,960.0,110051,2006,308,0.6289024130930859,0.3626972557663873,0.13767082000262498,0.006507950793586965,0.22379899468246184,2.004448844424785,68.93009036219824,0.07180228748610455,0.018227912513289292,0.1535393818544367,3.116883116883117
2026-02-03,C033,AppLovin,IN,playable,929.37,104908,2037,360,0.5505739494906676,0.34043110644155194,0.13992196734303095,0.05253874525061406,0.22166199648493548,18.91394829022106,79.79831873457677,0.08586256602788396,0.019417013001868304,0.17673048600883653,2.5815833333333336
2026-02-04,C033,AppLovin,IN,playable,593.22,65505,1149,189,0.5352794648226865,0.3327159865518045,0.1577138411070057,0.0439871709593072,0.15461908712870495,8.31357531130906,29.223007467325235,0.04926188527732831,0.017540645752232655,0.16449086161879894,3.138730158730159
2026-02-05,C033,AppLovin,IN,playable,880.79,98152,2266,386,0.5190742876513508,0.3733816539945394,0.16953642267110308,0.05653334312582178,0.2575181080402377,21.821870446567207,99.40198970353177,0.11285495876032578,0.023086641128046294,0.1703442188879082,2.2818393782383417
2026-02-06,C033,AppLovin,IN,playable,1146.64,107288,2222,380,0.6141983943897418,0.3965645768152249,0.15961709771182475,0.014347620465274793,0.16415419471796003,5.452095776804422,62.37859399282481,0.054401184930073586,0.020710610692714935,0.171017101710171,3.0174736842105268
2026-02-07,C033,AppLovin,IN,playable,987.82,123212,2458,368,0.6113712960447834,0.3931925058761631,0.16583462696050127,0.05316075874613903,0.2167797625235632,19.563159218579163,79.77495260867126,0.08075838577299771,0.019949355582248484,0.1497152156224573,2.68429347826087
2026-02-08,C033,AppLovin,IN,playable,897.34,101248,2184,316,0.6236367052121763,0.36709311655400984,0.1953965829629366,0.04913128376410553,0.13715404152126598,15.525485669457346,43.34067712072005,0.048299260473246675,0.02157079646017699,0.1446886446886447,2.8396835443037975
2026-02-09,C033,AppLovin,IN,playable,647.22,69218,1583,271,0.5825970056329749,0.3682081477640679,0.10823299369317155,0.016976013842269957,0.2829684422635049,4.600499751255159,76.68444785340984,0.1184823359045322,0.02286977375827097,0.17119393556538218,2.3882656826568267
2026-02-10,C033,AppLovin,IN,playable,770.16,82331,1875,315,0.5796422862680661,0.3580919187572884,0.17286621164532895,0.0679315114742843,0.14300814235152792,21.398426114399555,45.0475648407313,0.058491309986299096,0.022773924767098663,0.168,2.444952380952381
2026-02-11,C033,AppLovin,IN,playable,738.37,78023,1794,329,0.6218946125531191,0.35068318201558385,0.16085891224483018,0.04143381777353993,0.22000510438038884,13.631726047494638,72.38167934114793,0.09802930610704738,0.02299321994796406,0.18338907469342253,2.244285714285714
2026-02-12,C033,AppLovin,IN,playable,752.95,79164,1684,233,0.5971787305119366,0.4187139833857723,0.1585920137814737,0.04032529996133877,0.1314009191271975,9.395794890991933,30.61641415663702,0.040661819620709035,0.021272295487848012,0.13836104513064132,3.2315450643776824
2026-02-13,C033,AppLovin,IN,playable,662.85,68158,1583,238,0.5371474428053641,0.32316927518739663,0.15267188199787776,0.0354733072939146,0.12969743648730636,8.442647135951674,30.867989883978915,0.04656886084588788,0.023225446756066786,0.15034744156664562,2.7850840336134453
2026-02-14,C033,AppLovin,IN,playable,743.77,79324,1566,257,0.6641451444610563,0.3973003535056945,0.16461565815241155,0.052427790998330816,0.17263103165499816,13.47394228657102,44.36617513533453,0.059650439141731765,0.01974181836518582,0.1641123882503193,2.8940466926070036
2026-02-15,C033,AppLovin,IN,playable,866.57,90772,1869,295,0.6255947976715651,0.34414979985239447,0.11698810321197436,0.030512627053735322,0.08166344199852474,9.00122498085192,24.0907153895648,0.027799965476329864,0.020590049795090996,0.15783841626538256,2.9375254237288138
2026-02-16,C033,AppLovin,IN,playable,660.66,67164,1551,228,0.5591892502409488,0.36486793562090103,0.09952789700814632,0.04179801017431905,0.027829589705875762,9.529946319744743,6.345146452939674,0.009604306806717908,0.023092728247275325,0.1470019342359768,2.8976315789473683
2026-02-17,C033,AppLovin,IN,playable,857.61,118938,2075,343,0.5534290231793804,0.3219651253574012,0.12403367754022365,0.031909354507794405,0.1865610805442527,10.94490859617348,63.99045062667867,0.07461473964115393,0.017446064336040627,0.1653012048192771,2.500320699708455
2026-02-18,C033,AppLovin,IN,playable,675.23,73831,1649,286,0.5694217449620576,0.33254212043691395,0.1063684896823524,0.05339282640462663,0.1865822218413754,15.270348351723216,53.36251544663337,0.07902885045025292,0.022334791618696753,0.17343844754396603,2.360944055944056
2026-02-19,C033,AppLovin,IN,playable,716.92,99548,1823,254,0.5369219240335296,0.2929679336635539,0.16867957734052466,0.04772061144794817,0.11574604144533826,12.121035307778834,29.39949452711592,0.04100802638310074,0.01831277373729256,0.13933077345035655,2.82251968503937
2026-02-20,C033,AppLovin,IN,playable,1042.18,123763,2401,386,0.5676438441232162,0.33530334079571056,0.10780584851989938,0.0596005650276539,0.15252352573381736,23.005818100674407,58.8740809332535,0.05649153826776531,0.01939998222408959,0.16076634735526865,2.6999481865284976
2026-02-21,C033,AppLovin,IN,playable,965.12,88357,2041,328,0.607567988772587,0.36010014412843727,0.16027727729846267,0.06646141472793732,0.227459022162156,21.79934403076344,74.60655926918717,0.07730317875226039,0.023099471462362915,0.16070553650171485,2.942439024390244
2026-02-22,C033,AppLovin,IN,playable,661.16,71860,1595,256,0.5688960442898162,0.31746426888343965,0.1552462049928482,0.03315065895441515,0.1844070824635402,8.486568692330279,47.20821311066629,0.07140159314912169,0.0221959365432786,0.16050156739811913,2.58265625
2026-02-23,C033,AppLovin,IN,playable,871.24,86440,1783,313,0.6006369118964738,0.3793966503888745,0.14371575824763624,0.06454949577745173,0.2596589570525329,20.20399217834239,81.2732535574428,0.09328466433974743,0.020627024525682554,0.17554683118339875,2.783514376996805
2026-02-24,C033,AppLovin,IN,playable,747.34,74433,1470,226,0.5582674271742236,0.2989675575526653,0.1568606857300544,0.05439512445255359,0.16554353758274332,12.293298126277111,37.41283949369999,0.050061199886797136,0.01974930474386361,0.15374149659863945,3.3068141592920357
2026-02-25,C033,AppLovin,IN,playable,616.96,64875,1252,200,0.527722311922418,0.370173640261942,0.12983087423664977,0.026995641155926196,0.2863007688238482,5.399128231185239,57.26015376476964,0.09280974202929711,0.01929865125240848,0.1597444089456869,3.0848
2026-02-26,C033,AppLovin,IN,playable,721.07,86712,1706,250,0.5558865138849748,0.38054644181212155,0.1581385094060868,0.03630070927006238,0.24050807591732723,9.075177317515596,60.12701897933181,0.0833853183974205,0.019674324199649415,0.14654161781946073,2.8842800000000004
2026-02-27,C033,AppLovin,IN,playable,688.35,66211,1447,250,0.5571190101250572,0.40121314333713365,0.13128963230637225,0.026421177640036046,0.10480199468830592,6.605294410009011,26.20049867207648,0.03806299391825641,0.021854374650737793,0.17277125086385625,2.7534
2026-02-28,C033,AppLovin,IN,playable,1280.07,151730,3020,484,0.5040925133767853,0.3220463043572593,0.13179601647442357,0.04264170838951064,0.1196892612302862,20.638586860523148,57.92960243545852,0.045254948196247605,0.01990377644500099,0.16026490066225166,2.644772727272727
2026-03-01,C033,AppLovin,IN,playable,928.17,91001,1899,288,0.6729674380992338,0.32465836713246343,0.18063096817170307,0.03390680578061538,0.1466872794795938,9.76516006481723,42.245936490123015,0.045515528364183995,0.020867902550521424,0.15165876777251186,3.2228125
2026-01-01,C034,AppLovin,US,static,771.82,34699,486,51,0.6860371034801265,0.47823201822617756,0.19877268744631496,0.14855038633890094,0.6004412346097803,7.576069703283948,30.622502965098793,0.03967564514072011,0.014006167324706763,0.10493827160493827,15.13372549019608
2026-01-02,C034,AppLovin,US,static,663.81,29467,464,62,0.7106457675361088,0.4179780600731041,0.21158412932151793,0.12915003897320823,0.6741879961771453,8.007302416338911,41.79965576298301,0.06296969329492057,0.015746428207825704,0.1336206896551724,10.706612903225805
2026-01-03,C034,AppLovin,US,static,573.12,29230,421,56,0.6944397396531935,0.43419432234143546,0.17382703566374058,0.1796111267104055,0.7540073882334122,10.058223095782708,42.22441374107108,0.07367412819763723,0.01440301060554225,0.1330166270783848,10.234285714285715
2026-01-04,C034,AppLovin,US,static,550.81,26711,352,43,0.7376120953240293,0.478866467390397,0.16831998293351053,0.158780943509889,0.6265527786471845,6.827580570925227,26.941769481828935,0.04891287733515486,0.013178091423009247,0.12215909090909091,12.809534883720929
2026-01-05,C034,AppLovin,US,static,785.14,33013,507,68,0.5836244908236068,0.4072250714332005,0.19318728489057452,0.14096104186876618,0.5090212963773756,9.5853508470761,34.61344815366154,0.044085696138789786,0.015357586405355466,0.1341222879684418,11.546176470588236
2026-01-06,C034,AppLovin,US,static,1019.64,55046,787,86,0.7018776776782581,0.40432390837128607,0.17582557859745793,0.14403681682023856,0.7512765937146413,12.387166246540517,64.60978705945915,0.06336524500382805,0.01429713330668895,0.10927573062261753,11.856279069767442
2026-01-07,C034,AppLovin,US,static,1015.88,43286,677,71,0.5562847200404122,0.33959945774264083,0.15739578616716593,0.12950467937853588,0.7171992515699481,9.194832235876047,50.92114686146632,0.05012494249215305,0.01564016079101788,0.10487444608567208,14.308169014084507
2026-01-08,C034,AppLovin,US,static,830.44,42345,535,74,0.608867522457999,0.3123189143648328,0.13452589888817554,0.12404728169695896,0.5967723945846243,9.179498845574964,44.1611571992622,0.05317772344719697,0.012634313378202857,0.1383177570093458,11.222162162162164
2026-01-09,C034,AppLovin,US,static,543.68,36200,429,59,0.6819868286349077,0.3934652073951346,0.2040131247069374,0.14809206775003786,0.6874828938319949,8.737431997252234,40.5614907360877,0.0746055415263295,0.011850828729281768,0.13752913752913754,9.214915254237287
2026-01-10,C034,AppLovin,US,static,772.84,39601,601,72,0.663856879007764,0.4347238159109312,0.16017437616582603,0.13025468767569842,0.6715431177934296,9.378337512650287,48.35110448112693,0.06256322443115812,0.015176384434736496,0.11980033277870217,10.73388888888889
2026-01-11,C034,AppLovin,US,static,665.36,28925,437,52,0.6014297594058788,0.4047228956830527,0.1640505440060209,0.13148039615741647,0.5467756540859519,6.836980600185656,28.432334012469497,0.042732437358961706,0.015108038029386345,0.11899313501144165,12.795384615384616
2026-01-12,C034,AppLovin,US,static,715.77,36775,546,57,0.7180175216202435,0.4506919624328097,0.14066635780829773,0.1451869728931012,0.623939205731154,8.275657454906769,35.56453472667578,0.049687204961803455,0.014847042828008158,0.1043956043956044,12.557368421052631
2026-01-13,C034,AppLovin,US,static,780.15,42936,603,65,0.7135082680192812,0.39296222251133867,0.15487745712416556,0.13536105328021147,0.6241024498070464,8.798468463213746,40.56665923745802,0.051998771432101,0.014044158747903856,0.1077943615257048,12.002307692307692
2026-01-14,C034,AppLovin,US,static,643.2,26575,392,49,0.7100739003889674,0.4060920902982963,0.17283103349056914,0.1349115123624007,0.5766563698976499,6.6106641057576345,28.256162124984844,0.04393088201821958,0.014750705550329257,0.125,13.126530612244899
2026-01-15,C034,AppLovin,US,static,595.62,33233,465,65,0.681622901452639,0.41447551595773446,0.1857135189585341,0.13668092210984983,0.6661598286669288,8.88425993714024,43.30038886335037,0.07269778404210867,0.013992116269972618,0.13978494623655913,9.163384615384615
2026-01-16,C034,AppLovin,US,static,766.03,44850,564,63,0.7593168458123275,0.4008717634116387,0.17611190068865196,0.17644654725972025,0.6652926709148802,11.116132477362376,41.91343826763745,0.05471504647063402,0.012575250836120402,0.11170212765957446,12.159206349206348
2026-01-17,C034,AppLovin,US,static,807.05,39976,534,64,0.7285962243769951,0.43875472825391654,0.1957244614205935,0.1392156857799241,0.7615383825440899,8.909803889915143,48.73845648282175,0.0603910613780987,0.013358014808885332,0.1198501872659176,12.61015625
2026-01-18,C034,AppLovin,US,static,842.71,34105,529,59,0.6514319459256334,0.3681376031037693,0.1529574001932053,0.13418188968085715,0.5879841876395038,7.916731491170571,34.691067070730725,0.041166122084068585,0.0155109221521771,0.11153119092627599,14.283220338983051
2026-01-19,C034,AppLovin,US,static,552.15,21108,333,42,0.70267921366769,0.4200880840158059,0.15579419346784726,0.1796906096982403,0.7042574249350098,7.547005607326093,29.57881184727041,0.053570181543075884,0.015776009096077317,0.12612612612612611,13.14642857142857
2026-01-20,C034,AppLovin,US,static,977.68,49738,719,96,0.6236392336506872,0.376701310953023,0.11229593276717945,0.1402959830616879,0.5321880780926085,13.468414373922037,51.090055496890415,0.05225644111293815,0.014455748120149584,0.13351877607788595,10.184166666666666
2026-01-21,C034,AppLovin,US,static,745.48,38345,543,67,0.6490501182190468,0.4556235946351398,0.1459295883100187,0.12673360669192962,0.5389567130823716,8.491151648359285,36.110099776518894,0.04843842100572531,0.014160907549876124,0.12338858195211787,11.126567164179106
2026-01-22,C034,AppLovin,US,static,722.04,37196,571,64,0.7326743422790197,0.4683895496761587,0.19953227169701912,0.1438877385818864,0.6866174428002145,9.208815269240729,43.94351633921373,0.06086045677899137,0.015351113022905689,0.11208406304728546,11.281875
2026-01-23,C034,AppLovin,US,static,804.18,32071,497,57,0.7327340887540266,0.4565935927215085,0.1890715046887919,0.15350880205244163,0.6428177004724658,8.750001716989173,36.64060892693055,0.045562701378004694,0.015496866327835116,0.11468812877263582,14.108421052631577
2026-01-24,C034,AppLovin,US,static,783.08,39231,511,61,0.642122922219214,0.37503437288930747,0.13570249899125272,0.1338144362573979,0.5284043508102574,8.162680611701271,32.2326653994257,0.041161538574991316,0.013025413575998573,0.11937377690802348,12.83737704918033
2026-01-25,C034,AppLovin,US,static,790.85,38555,523,71,0.6008819726869041,0.4114331224898486,0.16578060065841613,0.1575728442275896,0.534479110733388,11.187671940158863,37.94801686207055,0.04798400532136091,0.013565036960186747,0.13575525812619502,11.138732394366198
2026-01-26,C034,AppLovin,US,static,472.08,22193,322,34,0.71114685758548,0.4421212062272395,0.1578164587971395,0.1644736243075989,0.6075091491650659,5.592103226458363,20.655311071612243,0.043753885321030424,0.014509079439462894,0.10559006211180125,13.884705882352941
2026-01-27,C034,AppLovin,US,static,716.82,38748,530,65,0.6830120609752428,0.42467583010025484,0.176974461568625,0.15479901097843846,0.5841910654925981,10.0619357135985,37.97241925701888,0.05297378015685586,0.013678125322597295,0.12264150943396226,11.028
2026-01-28,C034,AppLovin,US,static,747.97,34458,526,70,0.7641320388909643,0.3887367930154738,0.15846522963342874,0.1625239407312816,0.7087847610046828,11.376675851189711,49.614933270327796,0.06633319847434567,0.015264960241453364,0.13307984790874525,10.685285714285715
2026-01-29,C034,AppLovin,US,static,762.97,42480,538,66,0.6272391759715235,0.4305992179824657,0.17742453608332892,0.17183827689650355,0.5844218606813725,11.341326275169234,38.571842804970586,0.05055506882260604,0.012664783427495292,0.12267657992565056,11.560151515151516
2026-01-30,C034,AppLovin,US,static,895.94,37501,552,66,0.6924266454888346,0.39296753429268483,0.14236534886034327,0.15040849892331154,0.5645196802234195,9.926960928938561,37.258298894745685,0.04158571120851654,0.014719607477133943,0.11956521739130435,13.574848484848486
2026-01-31,C034,AppLovin,US,static,875.16,39905,547,61,0.6638897478203554,0.3613388138466201,0.1430943215478099,0.16967080062072507,0.5077762547006026,10.349918837864228,30.97435153673676,0.035392872100861394,0.013707555444179927,0.11151736745886655,14.346885245901639
2026-02-01,C034,AppLovin,US,static,813.76,40857,631,68,0.6200013107865247,0.32408703305430575,0.15514549825170446,0.1433878300535184,0.6084941225622692,9.750372443639252,41.37760033423431,0.05084762245115572,0.015444109944440365,0.10776545166402536,11.967058823529412
2026-02-02,C034,AppLovin,US,static,799.02,33236,506,53,0.6062583606436549,0.3675423835475879,0.16641006142218007,0.13388357079770946,0.6173593052846289,7.095829252278602,32.720043180085334,0.04095044179169712,0.015224455409796606,0.10474308300395258,15.075849056603774
2026-02-03,C034,AppLovin,US,static,705.26,36098,490,60,0.7079452314416901,0.44414042841402646,0.17737231567710363,0.12931441500276705,0.7286572047881829,7.7588649001660235,43.71943228729097,0.06199013128828566,0.013574159233198515,0.12244897959183673,11.754333333333333
2026-02-04,C034,AppLovin,US,static,990.39,42419,639,83,0.6014625416050507,0.32055995725286185,0.14254501729377292,0.13814290097238627,0.6181212700111273,11.465860780708061,51.30406541092356,0.05180187391287644,0.01506400433767887,0.1298904538341158,11.932409638554217
2026-02-05,C034,AppLovin,US,static,882.5,45382,639,71,0.5461476193774646,0.371449878257515,0.1553161705591037,0.14232459195480382,0.5123801386051782,10.10504602879107,36.37898984096765,0.04122273737059047,0.014080472434004671,0.1111111111111111,12.429577464788732
2026-02-06,C034,AppLovin,US,static,713.53,31634,502,60,0.7129395420382866,0.4716333343489973,0.17887606751976864,0.12994150147953976,0.6584728814240117,7.796490088772385,39.50837288544071,0.05537030695210387,0.01586900170702409,0.11952191235059761,11.892166666666666
2026-02-07,C034,AppLovin,US,static,691.99,28613,416,46,0.6814823170607028,0.48682063220370725,0.15761276637595323,0.17354631722727773,0.7202332196068817,7.983130592454776,33.13072810191656,0.047877336827466484,0.014538845979100408,0.11057692307692307,15.043260869565218
2026-02-08,C034,AppLovin,US,static,904.79,48603,579,77,0.6369589749055056,0.39337186218081704,0.16173103922178506,0.11185139886553103,0.6240799707553236,8.61255771264589,48.054157748159916,0.05311065837602742,0.011912844886118141,0.13298791018998274,11.75051948051948
2026-02-09,C034,AppLovin,US,static,739.39,41819,547,72,0.6524138725892552,0.4319237357321333,0.1501216989989689,0.1401927743018586,0.7025687444061682,10.09387974973382,50.58494959724411,0.06841413862288954,0.013080178866065663,0.1316270566727605,10.269305555555555
2026-02-10,C034,AppLovin,US,static,874.63,53294,701,89,0.7033354279694585,0.4087747811161454,0.1873573796282588,0.14657957247570086,0.7100993834007809,13.045581950337377,63.1988451226695,0.07225754807269508,0.013153450669869029,0.12696148359486448,9.827303370786517
2026-02-11,C034,AppLovin,US,static,797.46,46542,635,72,0.6789768406373275,0.5038043979774715,0.18533582847361643,0.1620667798129288,0.6385892062720726,11.668808146530873,45.97842285158923,0.05765619130174303,0.013643590735249882,0.11338582677165354,11.075833333333334
2026-02-12,C034,AppLovin,US,static,815.99,37498,573,60,0.6764230762631651,0.40115746834056404,0.18547720400494574,0.17523367647495608,0.6763808709524253,10.514020588497365,40.58285225714552,0.049734377096370075,0.015280814976798762,0.10471204188481675,13.599833333333333
2026-02-13,C034,AppLovin,US,static,925.15,47101,629,76,0.5925445107549844,0.3648961770668891,0.152376930864324,0.1457954792990559,0.5832866668973962,11.080456426728247,44.329786684202105,0.04791638619584006,0.01335428122545169,0.12082670906200318,12.173026315789473
2026-02-14,C034,AppLovin,US,static,772.59,33756,510,65,0.6475901263135335,0.3998602896208198,0.15145360102107344,0.16130308887628164,0.5860249447510901,10.484700776958306,38.091621408820856,0.049303480369703265,0.01510842516885887,0.12745098039215685,11.886000000000001
2026-02-15,C034,AppLovin,US,static,726.3,39258,480,57,0.7142452832946727,0.47468458885548903,0.19956603979725868,0.17278330362703173,0.6597030069919224,9.84864830674081,37.603071398539576,0.05177350713316777,0.012226807274950329,0.11875,12.742105263157894
2026-02-16,C034,AppLovin,US,static,929.02,60537,752,79,0.6234173790348414,0.3993419153416394,0.1964227703634362,0.12190911091250353,0.6634874071447879,9.630819762087778,52.415505164438244,0.05642014556902563,0.012422155045674546,0.10505319148936171,11.759746835443037
2026-02-17,C034,AppLovin,US,static,829.44,46366,610,76,0.6832536737883866,0.35802810525384965,0.16264045458125492,0.1236289174258277,0.5122946888391815,9.395797724362906,38.93439635177779,0.04694060135371103,0.013156192037268689,0.12459016393442623,10.913684210526316
2026-02-18,C034,AppLovin,US,static,712.46,30961,432,61,0.6874918175973972,0.3550729435415672,0.16848993717925542,0.16202255955615852,0.594921986864327,9.883376132925669,36.29024119872395,0.05093675320238103,0.013953037692580989,0.1412037037037037,11.67967213114754
2026-02-19,C034,AppLovin,US,static,812.04,34025,510,54,0.6289484476787398,0.42936002559093517,0.1473693803929412,0.14938538133850682,0.5408650634712325,8.066810592279369,29.206713427446555,0.035967232617576415,0.014988978692138133,0.10588235294117647,15.037777777777777
2026-02-20,C034,AppLovin,US,static,629.31,27755,390,52,0.6249229644158005,0.3660939792051785,0.17891573071580727,0.13924208950186712,0.6450531419976915,7.24058865409709,33.54276338387996,0.05330046240369912,0.01405152224824356,0.13333333333333333,12.102115384615384
2026-02-21,C034,AppLovin,US,static,777.12,41007,560,70,0.7181844540481115,0.41753999050029267,0.2271735933462271,0.1549180855451123,0.6631851680305756,10.844265988157861,46.42296176214029,0.059736835157724516,0.013656205038164216,0.125,11.101714285714285
2026-02-22,C034,AppLovin,US,static,806.54,39278,491,64,0.7058576305865698,0.4042528141648511,0.1702667234071731,0.11322592691766543,0.6448857365365167,7.246459322730588,41.27268713833707,0.05117222578685892,0.012500636488619583,0.13034623217922606,12.6021875
2026-02-23,C034,AppLovin,US,static,991.22,53570,723,80,0.739802583307218,0.4017041779014755,0.17885554530596576,0.14464868695336794,0.7668554771360161,11.571894956269436,61.34843817088129,0.061891980870851654,0.013496359902930745,0.11065006915629322,12.39025
2026-02-24,C034,AppLovin,US,static,811.52,40147,489,58,0.6366933063006966,0.4321385367347358,0.1543201405145429,0.15603828068873846,0.5556693941999037,9.05022027994683,32.22882486359441,0.03971427633196457,0.012180237626721798,0.11860940695296524,13.991724137931033
2026-02-25,C034,AppLovin,US,static,819.13,44958,626,87,0.7169173968745944,0.38171465002033983,0.21304517786621258,0.14809549902176422,0.5122982059428097,12.884308414893487,44.569943917024446,0.05441112047650552,0.013924106944259086,0.1389776357827476,9.415287356321839
2026-02-26,C034,AppLovin,US,static,512.17,22911,364,45,0.6266022493679284,0.3844882201685602,0.1543389620355091,0.13486540650405404,0.6067788122896304,6.068943292682432,27.305046553033367,0.05331220152795085,0.015887564925145127,0.12362637362637363,11.381555555555554
2026-02-27,C034,AppLovin,US,static,859.99,42345,602,71,0.5863495960701642,0.373054122166911,0.14794067250458043,0.12923686100906673,0.5021472275283887,9.175817131643738,35.6524531545156,0.04145680194802776,0.0142165544928563,0.11794019933554817,12.112535211267605
2026-02-28,C034,AppLovin,US,static,714.18,31439,442,53,0.6720449553682006,0.45549466953530193,0.16833663324806433,0.122979793081986,0.6760820760825442,6.517929033345259,35.83235003237484,0.05017253185229247,0.01405897134132765,0.11990950226244344,13.47509433962264
2026-03-01,C034,AppLovin,US,static,1116.59,53265,780,90,0.6044408547059212,0.3675777441280164,0.15387499845248004,0.1595312113409304,0.5983707717082478,14.357809020683735,53.8533694537423,0.04823015304253241,0.014643762320473106,0.11538461538461539,12.406555555555554
2026-01-01,C035,AppLovin,BR,static,786.38,95387,1205,126,0.5587478996675415,0.3435438508802222,0.153599039234092,0.08423605875716643,0.23750132747191569,10.613743403402971,29.925167261461375,0.03805429161530453,0.012632748697411596,0.1045643153526971,6.2411111111111115
2026-01-02,C035,AppLovin,BR,static,667.07,68785,1070,116,0.5552902539504676,0.3179429666364059,0.15717282048142642,0.03662846701993872,0.27088374268744103,4.248902174312891,31.422514151743158,0.04710505416717568,0.015555717089481719,0.10841121495327102,5.750603448275863
2026-01-03,C035,AppLovin,BR,static,687.86,78936,1051,145,0.43719794076751284,0.27143433082215074,0.1251230324672246,0.041864229718068295,0.16153117086612728,6.070313309119903,23.422019775588456,0.034050778228062344,0.01331458396675788,0.1379638439581351,4.743862068965518
2026-01-04,C035,AppLovin,BR,static,909.75,96431,1409,195,0.5051286934491553,0.2913833213348314,0.15175401592582088,0.0761618194697084,0.27869015684701737,14.851554796593138,54.34458058516839,0.059735733695497374,0.014611483858925035,0.1383960255500355,4.665384615384616
2026-01-05,C035,AppLovin,BR,static,760.45,80770,1076,141,0.5574028670834948,0.2958777463987414,0.14597866479502594,0.05658154217725282,0.12917854242626226,7.977997446992648,18.21417448210298,0.023951910337980407,0.01332177788782964,0.13104089219330856,5.393262411347518
2026-01-06,C035,AppLovin,BR,static,932.71,102873,1608,177,0.4841295059624463,0.2589367440807203,0.12197608796781906,0.03345396530404779,0.25484748472995394,5.921351858816458,45.10800479720185,0.048362210879969746,0.01563092356595025,0.11007462686567164,5.269548022598871
2026-01-07,C035,AppLovin,BR,static,884.1,90577,1327,179,0.47595135994866905,0.2845177965820029,0.15001593109910522,0.030030329485033005,0.15207432975718077,5.375428977820908,27.221305026535358,0.030789752955440588,0.014650518343508837,0.13489073097211757,4.9391061452513965
2026-01-08,C035,AppLovin,BR,static,596.8,58284,875,102,0.5982442850047371,0.3131621712740532,0.1531668638937299,0.044130163423832115,0.18865307231932965,4.501276669230876,19.242613376571626,0.03224283465188457,0.015012696451856428,0.11657142857142858,5.850980392156862
2026-01-09,C035,AppLovin,BR,static,1078.17,109580,1650,230,0.5127542276119685,0.3494936464258817,0.10708617364081424,0.06575237944964558,0.11997512371361285,15.123047273418484,27.594278454130958,0.025593679296508662,0.015057492243110057,0.1393939393939394,4.687695652173914
2026-01-10,C035,AppLovin,BR,static,997.79,119344,1644,229,0.46066943225101037,0.28587908763834263,0.13905193987011952,0.05970977131796182,0.16019421699648684,13.673537631813256,36.684475692195484,0.03676590474773909,0.013775305000670332,0.13929440389294404,4.3571615720524015
2026-01-11,C035,AppLovin,BR,static,701.89,89935,1105,136,0.5784802450146463,0.3064640556325841,0.1629644052560049,0.032519283422494355,0.2896686156331473,4.422622545459232,39.39493172610803,0.056126543976575835,0.012286651470506477,0.12307692307692308,5.160955882352941
2026-01-12,C035,AppLovin,BR,static,488.06,68430,858,115,0.4949091951174009,0.3634798158702204,0.1440917653415086,0.06321905657091068,0.21635522967892884,7.2701915056547275,24.880851413076815,0.050978850518873325,0.012538360368259536,0.13403263403263405,4.244
2026-01-13,C035,AppLovin,BR,static,673.4,77791,1219,160,0.4956959430153014,0.279926290178758,0.14779928453805835,0.04965951346554995,0.2113138157587946,7.945522154487992,33.810210521407136,0.050207945548252614,0.01567019321001144,0.13125512715340443,4.20875
2026-01-14,C035,AppLovin,BR,static,948.59,104664,1467,173,0.5092086679858286,0.2973391824287835,0.13403383814091063,0.064772301427202,0.17795683890137612,11.205608146905947,30.786533129938068,0.03245512359690016,0.0140162806695712,0.11792774369461487,5.4831791907514456
2026-01-15,C035,AppLovin,BR,static,815.95,99332,1317,154,0.5191517928083846,0.2733149343216343,0.12369528300222454,0.03958609238016145,0.24068263140983795,6.096258226544863,37.06512523711505,0.045425929186331884,0.013258567229090324,0.11693242217160213,5.298376623376623
2026-01-16,C035,AppLovin,BR,static,847.94,103260,1400,176,0.48678530353336097,0.3584351926454488,0.09565859891149589,0.07372461696338571,0.224331532007393,12.975532585555886,39.48234963330117,0.04656277809559435,0.013558008909548712,0.12571428571428572,4.81784090909091
2026-01-17,C035,AppLovin,BR,static,716.26,85243,1081,127,0.5586514888950936,0.3391103177083764,0.15742493680170655,0.06388177891899803,0.3004968854646781,8.11298592271275,38.163104454014125,0.053280874434521105,0.012681393193576012,0.11748381128584644,5.63984251968504
2026-01-18,C035,AppLovin,BR,static,764.21,103641,1236,149,0.4617060288127951,0.30447940900309506,0.12325850796230768,0.053221014403369536,0.18749278891780954,7.929931146102061,27.936425548753622,0.03655578310202545,0.011925782267635396,0.12055016181229773,5.128926174496645
2026-01-19,C035,AppLovin,BR,static,660.87,101496,1212,167,0.5520434248230249,0.3859141756935984,0.14840992868210234,0.05323504164513884,0.18003896954201482,8.890251954738186,30.066507913516475,0.04549546308680769,0.011941357294868763,0.1377887788778878,3.957305389221557
2026-01-20,C035,AppLovin,BR,static,779.37,93899,1319,151,0.5530675607357094,0.34370619370955807,0.14298629161824658,0.07188823057128542,0.14812308906252014,10.855122816264098,22.36658644844054,0.028698175135671796,0.014047007955356287,0.11448066717210008,5.161390728476821
2026-01-21,C035,AppLovin,BR,static,1109.6,160675,2080,226,0.4652839136519251,0.3299979479885593,0.09739122455377668,0.0334860283348822,0.20675993181381372,7.567842403683377,46.7277445899219,0.04211237407448903,0.012945386650070017,0.10865384615384616,4.909734513274336
2026-01-22,C035,AppLovin,BR,static,600.03,59308,882,97,0.5127415200253468,0.29141414264282123,0.1271335340412624,0.05617851404431462,0.19964860622846256,5.449315862298518,19.36591480416087,0.03227515599969701,0.014871518176299994,0.10997732426303855,6.185876288659793
2026-01-23,C035,AppLovin,BR,static,1063.81,119847,1646,190,0.4686823821516832,0.3128505328858972,0.1321979644248502,0.022281815044444365,0.24969587050745282,4.2335448584444295,47.44221539641603,0.044596558367290415,0.01373417774328936,0.11543134872417983,5.598999999999999
2026-01-24,C035,AppLovin,BR,static,687.13,89027,1093,153,0.5933730607715288,0.30862376284330095,0.16853232209767455,0.038202626614523436,0.37291702186149184,5.8450018720220855,57.056304344808254,0.08303515210391828,0.012277174340368652,0.13998170173833485,4.491045751633987
2026-01-25,C035,AppLovin,BR,static,811.55,91978,1166,138,0.4601570631772234,0.4216009518615401,0.14578275658553083,0.009296321219084844,0.24531592403723737,1.2828923282337084,33.85359751713876,0.041714502777429795,0.012676944486725086,0.1183533447684391,5.880797101449275
2026-01-26,C035,AppLovin,BR,static,791.99,104659,1296,176,0.5656159450587631,0.35322123273873385,0.12845957849924086,0.025711313881352834,0.195793723316533,4.5251912431180985,34.45969530370981,0.04351048562956769,0.012383072645448552,0.13580246913580246,4.499943181818182
2026-01-27,C035,AppLovin,BR,static,849.13,80001,1263,148,0.5335114158930577,0.38691552338828444,0.1034736573042532,0.05666587465439721,0.31968558837020156,8.386549448850786,47.31346707878983,0.05571992462244712,0.015787302658716765,0.11718131433095803,5.7373648648648645
2026-01-28,C035,AppLovin,BR,static,667.86,84186,1120,120,0.47890301194277474,0.28881463640793154,0.150655147730577,0.0443898158845518,0.16800562048077072,5.326777906146216,20.160674457692487,0.030186849309922492,0.013303874753521964,0.10714285714285714,5.5655
2026-01-29,C035,AppLovin,BR,static,676.58,93110,1257,137,0.6052607796922924,0.35675176105591805,0.13614493627042318,0.038769589079881324,0.24689376604359534,5.311433703943742,33.82444594797256,0.0499934438123586,0.01350016109977446,0.10898965791567224,4.938540145985402
2026-01-30,C035,AppLovin,BR,static,919.16,109756,1369,169,0.4477899924914407,0.2769644018093498,0.14002684020068812,0.039221675962190984,0.11293317799085494,6.628463237610276,19.085707080454483,0.02076422241979728,0.012473122198330843,0.12344777209642074,5.438816568047337
2026-01-31,C035,AppLovin,BR,static,859.86,98299,1554,213,0.5257305328230336,0.3136125084540016,0.15232004356742482,0.058384178958919494,0.0705516921206889,12.435830118249852,15.027510421706737,0.017476723766587092,0.015808909551470515,0.13706563706563707,4.036901408450705
2026-02-01,C035,AppLovin,BR,static,1145.22,151743,2002,240,0.4815528769158723,0.3511904507113586,0.1289071283565606,0.024544354102628136,0.27807233629844264,5.890644984630753,66.73736071162624,0.05827449292077352,0.013193359825494421,0.11988011988011989,4.77175
2026-02-02,C035,AppLovin,BR,static,712.36,87307,1077,118,0.5117995991994798,0.29291724797393565,0.14189901107166283,0.005,0.19371165710309535,0.59,22.857975538165253,0.03208767205491898,0.012335780636146014,0.1095636025998143,6.036949152542373
2026-02-03,C035,AppLovin,BR,static,799.19,102759,1314,183,0.5149300935906261,0.3354300564994523,0.16212718692134373,0.05237078984046927,0.2606218076350318,9.583854540805877,47.693790797210816,0.05967774353807009,0.012787201121069687,0.13926940639269406,4.367158469945355
2026-02-04,C035,AppLovin,BR,static,676.82,86962,1172,140,0.5122156861286447,0.3285228230190062,0.10914070391114589,0.04895321132366688,0.21989795347630334,6.8534495853133635,30.785713486682468,0.04548561060414554,0.013477150939490812,0.11945392491467577,4.834428571428572
2026-02-05,C035,AppLovin,BR,static,839.27,88002,1323,163,0.5355599055424807,0.32541916530260717,0.17746986040490492,0.04561158051813383,0.24083719197443884,7.434687624455814,39.25646229183353,0.04677459596321943,0.015033749232971978,0.12320483749055178,5.148895705521472
2026-02-06,C035,AppLovin,BR,static,496.85,54673,844,110,0.5040512826817223,0.32642773774285805,0.12443711621987184,0.07616142742331598,0.16471849019621784,8.377757016564757,18.119033921583963,0.0364677245516465,0.01543723592998372,0.13033175355450238,4.516818181818182
2026-02-07,C035,AppLovin,BR,static,994.72,139801,1839,207,0.48490300913933443,0.3048829810658448,0.15174463781267727,0.05154969876438068,0.19659538443176344,10.6707876442268,40.695244577375036,0.04091110705353809,0.013154412343259347,0.11256117455138662,4.805410628019324
2026-02-08,C035,AppLovin,BR,static,970.99,102492,1574,219,0.5422599269193017,0.29570366238747064,0.13848691508155847,0.0644513503105194,0.2722776541624923,14.11484571800375,59.62880626158581,0.061410328242189165,0.015357296179213987,0.13913595933926304,4.433744292237443
2026-02-09,C035,AppLovin,BR,static,616.23,55579,889,103,0.5175483645798574,0.2880277663314315,0.12026631025226305,0.051610059963406354,0.11244515870466085,5.315836176230855,11.581851346580068,0.018794726896454783,0.015995250004498102,0.11586051743532058,5.982815533980583
2026-02-10,C035,AppLovin,BR,static,680.0,77411,974,108,0.5241838922033247,0.3348643944534338,0.14713621615179034,0.04743474298318588,0.2960025081638301,5.122952242184075,31.968270881693652,0.04701210858798422,0.012582191161462841,0.11088295687885011,6.296296296296297
2026-02-11,C035,AppLovin,BR,static,930.58,91285,1441,171,0.5885073791383684,0.3452020576268499,0.15603530672133784,0.04662534374982334,0.11443361795614863,7.972933781219791,19.568148670501415,0.021027977987894866,0.015785726022895328,0.11866759195003469,5.4419883040935675
2026-02-12,C035,AppLovin,BR,static,637.87,68567,1089,115,0.5110083464171509,0.37503550833899096,0.11303938899727553,0.083099220662603,0.3317459181689999,9.556410376199345,38.15078058943499,0.05980939721786249,0.015882275730307583,0.10560146923783287,5.546695652173913
2026-02-13,C035,AppLovin,BR,static,1196.96,134307,1831,214,0.4569029830735556,0.2989995512188898,0.11268619696594005,0.06606668682643183,0.1646911351746159,14.13827098085641,35.2439029273678,0.029444503198982126,0.013632945416098937,0.11687602403058438,5.593271028037384
2026-02-14,C035,AppLovin,BR,static,980.63,96524,1450,179,0.5291537205508324,0.3441209139017775,0.09018261214864237,0.07369659762578047,0.15878317583820223,13.191690975014705,28.422188475038197,0.028983667816478688,0.015022170651858605,0.12344827586206897,5.478379888268156
2026-02-15,C035,AppLovin,BR,static,945.59,112679,1417,157,0.4678996927422143,0.2573519031421972,0.10289764489015635,0.026387316564578454,0.16306411169166307,4.142808700638818,25.6010655355911,0.02707405534628847,0.012575546463848631,0.11079745942131264,6.022866242038217
2026-02-16,C035,AppLovin,BR,static,732.47,89785,1349,160,0.548600933673246,0.2690622254180048,0.16237833366849705,0.06227007651404834,0.20213822853851607,9.963212242247735,32.342116566162574,0.04415461010661285,0.015024781422286573,0.11860637509266123,4.5779375
2026-02-17,C035,AppLovin,BR,static,709.66,74978,1057,133,0.573313368199391,0.3773397622966571,0.16969945855763915,0.04276643239023304,0.2792942656784786,5.687935507900995,37.146137335237654,0.052343283034569255,0.014097468590786632,0.12582781456953643,5.33578947368421
2026-02-18,C035,AppLovin,BR,static,654.04,78353,1117,122,0.5076168668085099,0.3145393094578766,0.14321602067202566,0.024257565911229607,0.1996999853947898,2.959423041170012,24.363398218164356,0.03725065160785479,0.01425599530330683,0.10922112802148612,5.360983606557377
2026-02-19,C035,AppLovin,BR,static,950.27,138789,1734,237,0.4675536894579734,0.2843718916416678,0.11805144416653193,0.05112482993060122,0.2729270253266719,12.116584693552488,64.68370500242123,0.0680688959589562,0.012493785530553574,0.13667820069204153,4.00957805907173
2026-02-20,C035,AppLovin,BR,static,471.29,45914,703,91,0.512108184522852,0.25972476146106116,0.1264461710682197,0.042246047417346985,0.19778291364933692,3.844390314978576,17.99824514208966,0.038189657158461246,0.0153112340462604,0.12944523470839261,5.179010989010989
2026-02-21,C035,AppLovin,BR,static,571.04,67795,999,109,0.48239410397260474,0.34667525420708317,0.11884934423845213,0.04545371082524702,0.14100280655062875,4.954454479951925,15.369305914018533,0.026914476990229277,0.0147355999704993,0.1091091091091091,5.238899082568807
2026-02-22,C035,AppLovin,BR,static,785.25,84979,1347,180,0.6192822081520478,0.37289960873892564,0.18446045385138796,0.06296026691936515,0.2633378544681645,11.332848045485727,47.40081380426961,0.06036376921344326,0.01585097494675155,0.133630289532294,4.3625
2026-02-23,C035,AppLovin,BR,static,652.1,76668,1054,127,0.5230368725810415,0.2756709448696833,0.10622128993371355,0.04527956153919176,0.1277974313176904,5.750504315477353,16.230273777346678,0.024889172825975227,0.013747586998486983,0.1204933586337761,5.134645669291339
2026-02-24,C035,AppLovin,BR,static,837.65,120666,1433,200,0.49576105255132374,0.2539869257136448,0.10857683799473565,0.026772687690594904,0.22511891504131837,5.354537538118981,45.02378300826367,0.05374998032129813,0.011875756219647622,0.13956734124214934,4.18825
2026-02-25,C035,AppLovin,BR,static,862.05,124942,1624,202,0.49712405621102934,0.32059769581223496,0.13052511523306412,0.08065512845907845,0.1883821237619245,16.292335948733847,38.05318899990875,0.04414259083736304,0.0129980310864241,0.12438423645320197,4.267574257425743
2026-02-26,C035,AppLovin,BR,static,946.67,119178,1594,209,0.6017118293272297,0.33001480565309144,0.10839505869477721,0.04628896471359841,0.2894731268534724,9.674393625142068,60.499883512375725,0.06390835091591925,0.01337495175284029,0.13111668757841907,4.529521531100478
2026-02-27,C035,AppLovin,BR,static,948.05,140948,1697,211,0.5564832901763973,0.2711679420076198,0.13165861668903883,0.05470236979886806,0.20107336450985833,11.542200027561162,42.42647991158011,0.0447510753031045,0.012039901240173682,0.12433706540954625,4.493127962085308
2026-02-28,C035,AppLovin,BR,static,612.38,93172,1113,134,0.4974730311437341,0.2741947322989156,0.13777838284540045,0.0433260462741037,0.18200031471591066,5.805690200729895,24.388042171932028,0.039825143748456984,0.011945648907397072,0.12039532794249776,4.57
2026-03-01,C035,AppLovin,BR,static,659.78,79355,1113,140,0.4972544956021243,0.2718351667279119,0.1202020307481524,0.050175150265262786,0.18002729790288202,7.02452103713679,25.203821706403485,0.0382002799129269,0.0140255812488186,0.12578616352201258,4.712714285714285
2026-01-01,C036,AppLovin,US,video,755.23,28643,502,74,0.656163731575921,0.4303187201764907,0.15343935879586226,0.1411023611428233,0.5588876477700838,10.441574724568923,41.3576859349862,0.054761998748316956,0.017526097126697622,0.14741035856573706,10.205810810810812
2026-01-02,C036,AppLovin,US,video,636.63,24301,391,62,0.6331838381568247,0.42526442416236593,0.14556375073320865,0.17332584105560955,0.7479125243415404,10.746202145447793,46.37057650917551,0.07283715568464347,0.0160898728447389,0.1585677749360614,10.268225806451612
2026-01-03,C036,AppLovin,US,video,854.73,40379,637,102,0.7716140961651274,0.5223677063051138,0.21963437657406623,0.18824415062664887,0.74837079929058,19.200903363918187,76.33382152763916,0.08930737417895504,0.015775526882785607,0.16012558869701726,8.379705882352942
2026-01-04,C036,AppLovin,US,video,566.92,18034,350,45,0.7273923800812366,0.4547934512402574,0.14585674993950007,0.1786607222153102,0.5802635175753652,8.03973249968896,26.111858290891433,0.0460590172702507,0.019407785294443827,0.12857142857142856,12.59822222222222
2026-01-05,C036,AppLovin,US,video,663.43,26211,510,62,0.6695149480769712,0.3712472193757773,0.17637824224353377,0.12323722126587777,0.6578202301487046,7.640707718484422,40.784854269219686,0.06147532905057613,0.019457479684102094,0.12156862745098039,10.70048387096774
2026-01-06,C036,AppLovin,US,video,504.79,18682,360,54,0.7615590356276284,0.5291523708595425,0.20850244746028387,0.16688251196311704,0.6630057946884919,9.01165564600832,35.80231291317856,0.07092532793075546,0.019269885451236483,0.15,9.347962962962963
2026-01-07,C036,AppLovin,US,video,546.29,29408,425,56,0.6086762362962443,0.4665776866784466,0.2024332372498633,0.15232151854981701,0.6919617729204005,8.530005038789753,38.74985928354243,0.07093224884618941,0.014451849836779107,0.13176470588235295,9.755178571428571
2026-01-08,C036,AppLovin,US,video,900.15,33368,631,85,0.6829156943651599,0.463361277743653,0.195065256125195,0.17174045774296529,0.6916205334440099,14.597938908152049,58.78774534274084,0.06530915781656972,0.018910333253416445,0.1347068145800317,10.59
2026-01-09,C036,AppLovin,US,video,935.46,52038,752,117,0.8178105248254258,0.47993199140832327,0.19745355894660488,0.1580352775833738,0.6512428681724982,18.490127477254735,76.19541557618228,0.08145273808102489,0.01445097813136554,0.15558510638297873,7.995384615384616
2026-01-10,C036,AppLovin,US,video,745.54,27776,487,64,0.670080177083922,0.43170161372345683,0.18885044184518365,0.13067878292185628,0.7412869509900869,8.363442106998802,47.44236486336556,0.06363458459664359,0.01753312211981567,0.13141683778234087,11.6490625
2026-01-11,C036,AppLovin,US,video,787.69,38891,625,82,0.7610935463144353,0.4417413156795246,0.20676553344639828,0.16731287717945548,0.722371125543939,13.71965592871535,59.234432294602996,0.07520042134287462,0.016070556169807924,0.1312,9.605975609756099
2026-01-12,C036,AppLovin,US,video,756.31,29627,577,89,0.7285218951140614,0.4533646422590275,0.1536167571714724,0.18037024020687575,0.6401687731916789,16.052951378411944,56.97502081405942,0.07533294864295614,0.01947547844871232,0.15424610051993068,8.497865168539326
2026-01-13,C036,AppLovin,US,video,832.06,42637,671,89,0.7083741487176566,0.41333802468967806,0.20193951001583954,0.14428369336185842,0.5820431737485315,12.8412487092054,51.80184246361931,0.062257023338168314,0.015737504983934142,0.13263785394932937,9.348988764044943
2026-01-14,C036,AppLovin,US,video,843.99,37997,555,78,0.7981379332711184,0.46372142620141643,0.17595101294383156,0.1483424052720857,0.7788822292704647,11.570707611222684,60.752813883096245,0.0719832596761977,0.01460641629602337,0.14054054054054055,10.820384615384615
2026-01-15,C036,AppLovin,US,video,697.07,29613,472,67,0.6968272093904923,0.3865642690385639,0.1529766356737375,0.14474092595688115,0.7067661353934055,9.697642039111036,47.35333107135817,0.06793160386024816,0.01593894573329281,0.1419491525423729,10.40402985074627
2026-01-16,C036,AppLovin,US,video,1173.85,38889,733,110,0.6798276311951398,0.46173079823680785,0.2041153553473827,0.1384877435863616,0.658719787939674,15.233651794499776,72.45917667336414,0.061727868672324465,0.01884851757566407,0.15006821282401092,10.671363636363635
2026-01-17,C036,AppLovin,US,video,772.88,28771,546,65,0.7075745362655489,0.41492901699216106,0.17163389674408502,0.1300084758166952,0.7182736771345656,8.450550928085187,46.687789013746766,0.060407595362091074,0.018977442563692607,0.11904761904761904,11.890461538461539
2026-01-18,C036,AppLovin,US,video,771.8,31065,492,73,0.7828696532213629,0.45820646779421886,0.22296977960982492,0.17859996465069997,0.6880121078282933,13.037797419501098,50.22488387146541,0.06507528398082374,0.015837759536455817,0.1483739837398374,10.572602739726026
2026-01-19,C036,AppLovin,US,video,526.19,20664,317,41,0.6772535923187232,0.3882630642176515,0.1492362461355402,0.15286856446779343,0.5687505407053529,6.267611143179531,23.31877216891947,0.04431599494630688,0.015340689121176925,0.12933753943217666,12.833902439024392
2026-01-20,C036,AppLovin,US,video,609.66,20092,367,54,0.7177604445569518,0.4318977913107284,0.19252489820376725,0.1495826929491301,0.6068412655638988,8.077465419253025,32.76942834045054,0.05375004586376184,0.01826597650806291,0.14713896457765668,11.29
2026-01-21,C036,AppLovin,US,video,619.66,27003,487,77,0.7351283370717296,0.47543531567502717,0.19495547998459248,0.15137878266984053,0.7606415104992896,11.65616626557772,58.5693963084453,0.09451904675775251,0.018035033144465428,0.15811088295687886,8.047532467532466
2026-01-22,C036,AppLovin,US,video,618.96,25712,421,61,0.617522811936283,0.4412312693715307,0.18828425080729036,0.11659776519488183,0.6728740259508492,7.112463676887791,41.0453155830018,0.06631377419368352,0.016373677660236466,0.14489311163895488,10.14688524590164
2026-01-23,C036,AppLovin,US,video,1025.39,43950,793,113,0.6931968910633926,0.45960652850916606,0.2332796813157215,0.15279226769974036,0.6885230392745841,17.26552625007066,77.803103438028,0.07587624100158347,0.018043230944254834,0.1424968474148802,9.07424778761062
2026-01-24,C036,AppLovin,US,video,788.2,33239,613,78,0.6895226036749954,0.38984802491194587,0.17845784139591434,0.1577716423496244,0.5621308469020934,12.306188103270703,43.84620605836328,0.055627967732648935,0.018442191401666717,0.1272430668841762,10.105128205128207
2026-01-25,C036,AppLovin,US,video,685.62,35440,543,85,0.7088129259964595,0.43972334048986134,0.16925572849395867,0.1602444078520727,0.6257820355499919,13.62077466742618,53.19147302174931,0.07758161586849568,0.015321670428893906,0.15653775322283608,8.066117647058823
2026-01-26,C036,AppLovin,US,video,673.02,30458,450,58,0.6168468160232237,0.391613827193097,0.18218019807145375,0.157332947550109,0.6393926451456847,9.125310957906322,37.084773418449714,0.05510202336741459,0.014774443495961652,0.1288888888888889,11.603793103448275
2026-01-27,C036,AppLovin,US,video,885.13,43879,649,80,0.8299106155055321,0.4171305188679915,0.20378794003742443,0.17558708955081478,0.7413895458124241,14.046967164065183,59.31116366499393,0.06700850118270385,0.014790674354474806,0.12326656394453005,11.064125
2026-01-28,C036,AppLovin,US,video,551.23,22312,401,64,0.6854918564724013,0.38714144453119553,0.19443772391073708,0.11824119678224237,0.6099848014219217,7.567436594063512,39.03902729100299,0.07082128440361617,0.01797239153818573,0.1596009975062344,8.61296875
2026-01-29,C036,AppLovin,US,video,613.23,22409,387,51,0.7204614202075426,0.5141703271325379,0.21562063846303314,0.1580482956008358,0.6833820835234453,8.060463075642627,34.85248625969571,0.05683466793370135,0.017269846936498728,0.13178294573643412,12.024117647058825
2026-01-30,C036,AppLovin,US,video,958.61,47483,731,97,0.6890079990778889,0.39996613137821874,0.1666305786631995,0.1501624669489236,0.5603235931444289,14.56575929404559,54.351388535009605,0.056698418897356107,0.01539498346776741,0.1326949384404925,9.882577319587629
2026-01-31,C036,AppLovin,US,video,912.56,47176,732,117,0.7034491590229212,0.44179683866539277,0.2270134852151663,0.16787793679063348,0.7043103840218444,19.641718604504117,82.4043149305558,0.0902997047641463,0.015516364253010005,0.1598360655737705,7.799658119658119
2026-02-01,C036,AppLovin,US,video,556.41,26007,376,50,0.7778373732207597,0.4769376577462559,0.2010575684398817,0.17150489319243395,0.6298077621557536,8.575244659621697,31.49038810778768,0.05659530893070484,0.014457646018379667,0.13297872340425532,11.1282
2026-02-02,C036,AppLovin,US,video,811.41,34312,556,73,0.7590659218193169,0.4966353808439987,0.16655545690136803,0.17012861023552017,0.7637144455045592,12.419388547192973,55.751154521832824,0.06870894572141238,0.016204243413383074,0.13129496402877697,11.115205479452055
2026-02-03,C036,AppLovin,US,video,724.01,34036,497,74,0.6984348452094999,0.44511287600814303,0.14796738028174197,0.17002698263875898,0.5892224501436201,12.581996715268165,43.60246131062789,0.06022370160401191,0.014602185920789752,0.1488933601609658,9.78391891891892
2026-02-04,C036,AppLovin,US,video,891.73,33841,598,82,0.7102938761923977,0.4149286699261074,0.18931682183658394,0.18516375357978487,0.7023237415643155,15.183427793542359,57.59054680827387,0.06458309470228941,0.017670872610147454,0.13712374581939799,10.874756097560976
2026-02-05,C036,AppLovin,US,video,820.13,31382,579,83,0.6471084310234312,0.3805617722576394,0.17014157908642397,0.14149829166889566,0.6545738745484526,11.74435820851834,54.32963158752157,0.06624531730815952,0.018450066917341152,0.14335060449050085,9.881084337349398
2026-02-06,C036,AppLovin,US,video,651.2,28748,457,54,0.7315322344279108,0.4155364934706176,0.1828144903969645,0.16540129781939586,0.7592830118495941,8.931670082247376,41.001282639878085,0.06296223229753567,0.015896758035341588,0.11816192560175055,12.05925925925926
2026-02-07,C036,AppLovin,US,video,1116.65,45983,671,91,0.7649580967987896,0.49308849159978774,0.17338124190116522,0.15656200033609707,0.690143724055023,14.247142030584834,62.8030788890071,0.05624217135263185,0.014592349346497618,0.13561847988077497,12.270879120879123
2026-02-08,C036,AppLovin,US,video,837.68,31244,573,92,0.6498040421447112,0.4378550317081968,0.1937243494391008,0.15689758677994733,0.7489092422457642,14.434577983755155,68.8996502866103,0.08225084011271012,0.01833952118806811,0.16055846422338568,9.105217391304347
2026-02-09,C036,AppLovin,US,video,629.2,29210,487,74,0.6521819859739495,0.4798468155869805,0.20184455274237253,0.15368500860910347,0.6691392336569241,11.372690637073656,49.516303290612385,0.07869721803340116,0.016672372475179734,0.15195071868583163,8.502702702702702
2026-02-10,C036,AppLovin,US,video,861.55,34562,606,85,0.7861595249647177,0.46219896298910773,0.18620279176857546,0.18596994103617018,0.7068443550760158,15.807444988074465,60.081770181461344,0.0697368069635212,0.017533707540072913,0.14026402640264027,10.135882352941175
2026-02-11,C036,AppLovin,US,video,731.88,28607,447,67,0.763249951093952,0.44131638049908073,0.20684590715684323,0.18633735827293138,0.8587246031003998,12.484603004286402,57.53454840772679,0.0786122871040658,0.015625546194987242,0.14988814317673377,10.923582089552239
2026-02-12,C036,AppLovin,US,video,759.68,28754,456,62,0.7480042502064181,0.4584728292193013,0.1558130467493198,0.15271628498792014,0.6776702044406567,9.468409669251049,42.01555267532072,0.05530688557985047,0.0158586631425193,0.13596491228070176,12.25290322580645
2026-02-13,C036,AppLovin,US,video,679.82,22673,432,66,0.7448168720188296,0.43213774969763813,0.1839824022918542,0.16688836748705396,0.6991898214590019,11.014632254145562,46.14652821629412,0.06788064725912173,0.01905349975742072,0.1527777777777778,10.30030303030303
2026-02-14,C036,AppLovin,US,video,723.34,28971,529,70,0.6879370835465605,0.444673186214094,0.21056753396931038,0.15310456302504968,0.7429871853181238,10.717319411753477,52.009102972268664,0.07190111467854741,0.01825963894929412,0.1323251417769376,10.333428571428572
2026-02-15,C036,AppLovin,US,video,1081.74,49484,869,104,0.6681006213321911,0.4438547204796996,0.16336436265986554,0.1552574967723364,0.6606144936273297,16.146779664322988,68.70390733724228,0.06351247982422284,0.01756123191334573,0.11967779056386652,10.401346153846154
2026-02-16,C036,AppLovin,US,video,706.19,33837,523,73,0.7811065236732488,0.4194050034973103,0.215231715473632,0.14778156529102182,0.6449759578979679,10.788054266244593,47.08324492655166,0.06667174774230789,0.015456452995241895,0.13957934990439771,9.673835616438357
2026-02-17,C036,AppLovin,US,video,639.62,24057,390,56,0.6758551779032745,0.48456581939778254,0.18844868397757358,0.16152865528623284,0.7063923304207598,9.045604696029038,39.557970503562544,0.06184594782378813,0.016211497692979176,0.14358974358974358,11.421785714285715
2026-02-18,C036,AppLovin,US,video,595.58,23610,397,62,0.718656926324521,0.45254584048338065,0.18774918351602168,0.2138118135802362,0.7177725087281548,13.256332441974646,44.5018955411456,0.07471966604519487,0.016814908936891148,0.1561712846347607,9.606129032258066
2026-02-19,C036,AppLovin,US,video,729.03,26436,457,72,0.728587087339203,0.4220943919131272,0.1897401881544231,0.1350418335179394,0.6197361693343155,9.723012013291637,44.621004192070714,0.06120635133778049,0.017287032834014223,0.1575492341356674,10.125416666666666
2026-02-20,C036,AppLovin,US,video,713.18,34091,545,71,0.7008183282523869,0.40356305578002666,0.16439507546761317,0.17005364603792547,0.5644119059764944,12.073808868692709,40.073245324331104,0.05618986495509702,0.01598662403566924,0.13027522935779817,10.044788732394366
2026-02-21,C036,AppLovin,US,video,555.06,18764,366,55,0.676882906236068,0.4160774921721627,0.15781097826198734,0.18067887126888743,0.6344689782111107,9.937337919788808,34.89579380161109,0.06286882006951933,0.01950543594116393,0.15027322404371585,10.091999999999999
2026-02-22,C036,AppLovin,US,video,645.05,28192,457,65,0.7380301238063394,0.438538784362121,0.19672007582882087,0.1571632479550421,0.6689087593364501,10.215611117077737,43.47906935686926,0.06740378825954389,0.01621027241770715,0.1422319474835886,9.923846153846153
2026-02-23,C036,AppLovin,US,video,650.4,28098,522,80,0.7475825690100714,0.45214644803955173,0.17109144379606425,0.15857423049097505,0.7298190580673429,12.685938439278004,58.385524645387434,0.08976818651817832,0.018577834721332478,0.1532567049808429,8.129999999999999
2026-02-24,C036,AppLovin,US,video,821.91,40511,651,84,0.6346069037059618,0.4494236020581521,0.1501489193022751,0.13072522986660864,0.717141010382416,10.980919308795126,60.23984487212294,0.07329230828578066,0.016069709461627706,0.12903225806451613,9.784642857142856
2026-02-25,C036,AppLovin,US,video,694.31,25295,484,57,0.7410136378015403,0.47902007449756945,0.1680471232239796,0.14910440830864724,0.7810395721212086,8.498951273592892,44.519255610908886,0.06411982457558761,0.01913421624827041,0.11776859504132231,12.180877192982456
2026-02-26,C036,AppLovin,US,video,602.23,22104,387,52,0.6697214593146333,0.39313611855197567,0.17600426075452946,0.1368480854537375,0.5695197520821059,7.11610044359435,29.61502710826951,0.049175741989390405,0.01750814332247557,0.1343669250645995,11.581346153846154
2026-02-27,C036,AppLovin,US,video,607.07,21369,407,57,0.6147556176653589,0.4031040078651743,0.15223597967712876,0.14899518274384183,0.5594240421398581,8.492725416398985,31.88717040197191,0.05252624362845527,0.019046281997285787,0.14004914004914004,10.650350877192983
2026-02-28,C036,AppLovin,US,video,705.1,24326,436,61,0.6641580442173317,0.43250681114392514,0.17192439726964331,0.15411462029268108,0.6920332979006695,9.400991837853546,42.21403117194084,0.05986979573446678,0.017923209734440518,0.13990825688073394,11.559016393442624
2026-03-01,C036,AppLovin,US,video,709.06,29154,482,72,0.7722662510193765,0.5271707437252828,0.1748060969585278,0.16565370521095474,0.7475660194993227,11.927066775188742,53.824753403951235,0.07590954456216711,0.016532894285518282,0.14937759336099585,9.848055555555554
2026-01-01,C037,AppLovin,JP,static,842.57,57920,705,94,0.6084394281305425,0.35948135605362386,0.1308504689901136,0.11386894463013573,0.5876823057054379,10.70368079523276,55.24213673631116,0.06556381239076195,0.012171961325966851,0.13333333333333333,8.963510638297873
2026-01-02,C037,AppLovin,JP,static,1085.37,56040,731,82,0.6576658353106662,0.38880600675031085,0.15351262384862419,0.1203660975770237,0.5220321589100061,9.870020001315943,42.8066370306205,0.03943958280395265,0.013044254104211278,0.1121751025991792,13.23621951219512
2026-01-03,C037,AppLovin,JP,static,876.27,54469,663,89,0.6044591424408895,0.37426830785602067,0.19061883516469963,0.13561549326151817,0.6606080899819178,12.069778900275118,58.794120008390685,0.0670959467505226,0.012172061172409994,0.13423831070889894,9.84573033707865
2026-01-04,C037,AppLovin,JP,static,858.38,47543,672,76,0.5760247754779492,0.384776637298617,0.129006492004037,0.12215121165263954,0.5282696372160464,9.283492085600605,40.14849242841952,0.04677255378083344,0.014134572912941968,0.1130952380952381,11.294473684210526
2026-01-05,C037,AppLovin,JP,static,841.76,47284,680,90,0.6335437448806948,0.3858503217337347,0.1801141348780125,0.12068035251186537,0.5080493417589429,10.861231726067883,45.72444075830486,0.05432013253890719,0.014381186024870993,0.1323529411764706,9.352888888888888
2026-01-06,C037,AppLovin,JP,static,874.69,50540,711,84,0.6329318579360386,0.444996910549034,0.15512723120830316,0.12353947032289372,0.5218156447053409,10.377315507123074,43.83251415524864,0.050112136480523525,0.01406806489908983,0.11814345991561181,10.412976190476192
2026-01-07,C037,AppLovin,JP,static,979.8,43464,694,87,0.6798623001676157,0.3861079983574317,0.11194880178595368,0.10524149520995171,0.5220962879249742,9.1560100832658,45.42237704947276,0.046358869312789194,0.015967237253819253,0.12536023054755044,11.26206896551724
2026-01-08,C037,AppLovin,JP,static,553.27,29537,379,44,0.6916453700822853,0.4348114062187751,0.1798433438856085,0.10648889594863686,0.6112940132012707,4.685511421740022,26.896936580855915,0.048614714034290483,0.012831364051867149,0.11609498680738786,12.574318181818182
2026-01-09,C037,AppLovin,JP,static,979.63,51381,712,76,0.6206484048944959,0.3903595706468789,0.1537777598093933,0.15174710529221683,0.47046300218234416,11.53278000220848,35.75518816585816,0.03649855997158746,0.013857262412175707,0.10674157303370786,12.88986842105263
2026-01-10,C037,AppLovin,JP,static,840.69,50211,664,83,0.5731785821903015,0.33373277693370074,0.14960760175967458,0.12180703126824832,0.5527384753699859,10.10998359526461,45.87729345570883,0.0545712066624603,0.01322419390173468,0.125,10.128795180722893
2026-01-11,C037,AppLovin,JP,static,876.35,40163,589,73,0.5860514933305078,0.34047391945481,0.1409826936973617,0.12910604379803844,0.5822725723879063,9.424741197256806,42.50589778431716,0.04850310170931808,0.014665239150461869,0.12393887945670629,12.004794520547945
2026-01-12,C037,AppLovin,JP,static,804.48,45617,625,79,0.7153178748310439,0.42526573173767596,0.1865286695600347,0.15644048626532958,0.6150847733377173,12.358798414961036,48.59169709367966,0.060401354547337624,0.01370103250980994,0.1264,10.183291139240506
2026-01-13,C037,AppLovin,JP,static,852.24,43071,606,81,0.6927196456143774,0.41536114929680423,0.20105085523650637,0.13329009220756535,0.5360501487964031,10.796497468812793,43.420062052508655,0.05094797642351578,0.014069791739221287,0.13366336633663367,10.521481481481482
2026-01-14,C037,AppLovin,JP,static,828.58,42149,650,73,0.6282073202064175,0.31743733827191095,0.1430787140744929,0.11454465612974776,0.6242603715397053,8.361759897471586,45.571007122398484,0.05499876097036141,0.015421480936677027,0.1123076923076923,11.35041095890411
2026-01-15,C037,AppLovin,JP,static,908.43,47988,655,82,0.6569163752900309,0.42474519520448134,0.2019161034324042,0.14565746663189286,0.68003452012898,11.943912263815214,55.76283065057636,0.06138376351982266,0.013649245644744519,0.1251908396946565,11.078414634146341
2026-01-16,C037,AppLovin,JP,static,1043.59,52332,674,75,0.6227058235576167,0.40477793898961056,0.17498255658000708,0.12244070696495413,0.5971157476116713,9.18305302237156,44.783681070875346,0.042913195627666545,0.012879309026981579,0.11127596439169139,13.914533333333333
2026-01-17,C037,AppLovin,JP,static,944.95,55533,785,84,0.5669876951771429,0.3823976241181609,0.16630383607870497,0.12394316792658577,0.570504148379,10.411226105833205,47.922348463836,0.05071408100096451,0.014135739110078692,0.1070063694267516,11.249404761904762
2026-01-18,C037,AppLovin,JP,static,961.93,55654,678,79,0.549145006248437,0.3663275429600309,0.12986076803079577,0.12350246193067196,0.49491017947577376,9.756694492523085,39.09790417858613,0.04064535329579883,0.012182412764581162,0.11651917404129794,12.17632911392405
2026-01-19,C037,AppLovin,JP,static,754.97,35829,486,60,0.6314681615677797,0.41922207364078107,0.15601636703964458,0.11968999292263818,0.5765195014964347,7.181399575358291,34.59117008978608,0.045817670220747064,0.013564431047475508,0.12345679012345678,12.582833333333333
2026-01-20,C037,AppLovin,JP,static,764.03,42669,534,62,0.6705495179268922,0.47698326292694015,0.19755047983912777,0.16695479031439933,0.551699014127012,10.351196999492759,34.205338875874745,0.04476950138177856,0.012514940589186528,0.11610486891385768,12.323064516129032
2026-01-21,C037,AppLovin,JP,static,1084.26,60524,885,118,0.6025665213029896,0.31042651310982594,0.1489642270828261,0.13521269111765774,0.5356834671473133,15.955097551883613,63.21064912338297,0.05829850117169142,0.014622298592293966,0.13333333333333333,9.18864406779661
2026-01-22,C037,AppLovin,JP,static,981.29,59335,810,103,0.6595384433766276,0.45157081996542325,0.1836281005425505,0.14617419959746775,0.7286975073863493,15.055942558539178,75.05584326079398,0.07648683887961912,0.013651301929721076,0.1271604938271605,9.527087378640775
2026-01-23,C037,AppLovin,JP,static,1078.19,56527,894,112,0.59147306249618,0.4331572375816957,0.18338431173696393,0.13953085000476043,0.6013340640799603,15.627455200533168,67.34941517695555,0.06246544412105204,0.015815451023404745,0.12527964205816555,9.62669642857143
2026-01-24,C037,AppLovin,JP,static,566.29,31615,468,65,0.6379380779990047,0.3898250789732963,0.16811475945314028,0.15584592241757467,0.6047221867822554,10.129984957142353,39.3069421408466,0.06941164502639871,0.014803099794401392,0.1388888888888889,8.712153846153846
2026-01-25,C037,AppLovin,JP,static,914.3,56174,762,94,0.5647607716716446,0.32600953201863914,0.16821605381059446,0.143597703590168,0.4488381949720557,13.498184137475791,42.190790327373236,0.04614524800302795,0.013564994481432691,0.12335958005249344,9.72659574468085
2026-01-26,C037,AppLovin,JP,static,588.24,37745,492,53,0.6289523099599648,0.40602676098070767,0.15941688318940694,0.12050416457505125,0.5154688996830097,6.386720722477716,27.319851683199513,0.046443524797664046,0.013034839051530004,0.10772357723577236,11.098867924528301
2026-01-27,C037,AppLovin,JP,static,834.93,45320,541,59,0.6904297850437644,0.4417710206706775,0.1581003976741342,0.15317282243072397,0.4902940879565998,9.037196523412714,28.92735118943939,0.03464649875041789,0.011937334510150045,0.10905730129390019,14.151355932203389
2026-01-28,C037,AppLovin,JP,static,803.64,40891,616,78,0.6666787392322118,0.4570587773905667,0.16182651275912374,0.1736605793108852,0.5561696690678302,13.545525186249044,43.38123418729075,0.053981118463853756,0.015064439607737644,0.1266233766233766,10.303076923076922
2026-01-29,C037,AppLovin,JP,static,943.96,48803,721,83,0.7004102441826381,0.3744830944558068,0.1574185995556942,0.14450103336369097,0.6263535122851651,11.99358576918635,51.9873415196687,0.055073552702046086,0.014773681945782022,0.11511789181692095,11.373012048192772
2026-01-30,C037,AppLovin,JP,static,813.48,55621,675,93,0.5998577220696673,0.4379306492421944,0.14917760520371495,0.13597997412070273,0.6415826705705537,12.646137593225355,59.6671883630615,0.0733480197738134,0.012135704140522464,0.13777777777777778,8.74709677419355
2026-01-31,C037,AppLovin,JP,static,893.41,44647,620,83,0.6994096293653268,0.41945764777758915,0.1889861046186973,0.12112748253859303,0.5957383107504501,10.05358105070322,49.44627979228736,0.05534569101110702,0.013886711313190137,0.1338709677419355,10.763975903614458
2026-02-01,C037,AppLovin,JP,static,993.35,43554,666,85,0.7202330223185669,0.42386377762643374,0.16070606626689604,0.12501402782814147,0.5605506830429224,10.626192365392026,47.64680805864841,0.04796584776609712,0.015291362446617992,0.12762762762762764,11.686470588235295
2026-02-02,C037,AppLovin,JP,static,621.92,34018,533,64,0.6676399572808887,0.4426830740641886,0.19810805991532998,0.14127237798158904,0.6030579837965344,9.041432190821698,38.5957109629782,0.06205887840381226,0.015668175671703217,0.1200750469043152,9.7175
2026-02-03,C037,AppLovin,JP,static,721.94,32716,498,57,0.7437999674577718,0.4195322328498308,0.16162595682069808,0.13466214671860294,0.7031573460384942,7.675742362960367,40.079968724194174,0.055517235868207705,0.015221909768920405,0.1144578313253012,12.66561403508772
2026-02-04,C037,AppLovin,JP,static,669.88,35655,435,55,0.523762611119927,0.36434536342002427,0.1651570483530171,0.1442231046637295,0.4024857940698576,7.9322707565051225,22.136718673842168,0.033045772132354594,0.012200252419015565,0.12643678160919541,12.179636363636364
2026-02-05,C037,AppLovin,JP,static,605.33,33109,486,60,0.6007177635177845,0.42007964511089907,0.17256017460988815,0.13673804311824064,0.5753833926286989,8.204282587094438,34.523003557721935,0.057031457994254776,0.014678788244888098,0.12345679012345678,10.088833333333334
2026-02-06,C037,AppLovin,JP,static,743.97,35030,518,71,0.6912987731451544,0.3881837554724902,0.19195247114183112,0.13032119625471703,0.581104984476184,9.252804934084908,41.25845389780906,0.05545716576835971,0.01478732514987154,0.13706563706563707,10.478450704225352
2026-02-07,C037,AppLovin,JP,static,801.88,40665,624,86,0.7403360815176362,0.4129244976576154,0.1763064914549044,0.13383429118054296,0.5993142307947833,11.509749041526694,51.541023848351365,0.06427536482008075,0.01534489118406492,0.13782051282051283,9.324186046511628
2026-02-08,C037,AppLovin,JP,static,870.77,40944,645,82,0.5991057907617456,0.4001808184338022,0.13598626853101273,0.11692589717486258,0.5106532531780033,9.587923568338732,41.87356676059627,0.048087752673489706,0.01575322391559203,0.12713178294573643,10.619146341463415
2026-02-09,C037,AppLovin,JP,static,598.42,31436,447,58,0.60033778498282,0.37465810058269755,0.14412731757376787,0.1271546174648138,0.5652710732710416,7.3749678129592,32.785722249720415,0.054787192720178415,0.01421936633159435,0.1297539149888143,10.317586206896552
2026-02-10,C037,AppLovin,JP,static,547.92,23118,354,38,0.5532603095155819,0.36035239510196027,0.14289061661446076,0.10678378456051799,0.41851189077678086,4.057783813299683,15.903451849517673,0.029024992863330934,0.015312743316895925,0.10734463276836158,14.418947368421051
2026-02-11,C037,AppLovin,JP,static,617.81,36894,529,68,0.5912051443087424,0.37101262240146654,0.15589374476875845,0.1175266167475209,0.45412463615220255,7.991809938831421,30.880475258349772,0.04998379129490734,0.014338374803491082,0.1285444234404537,9.085441176470587
2026-02-12,C037,AppLovin,JP,static,649.51,37986,499,57,0.664483604437355,0.4146841863597618,0.15348227053633348,0.11766665543709207,0.5974129842153548,6.7069993599142474,34.05254010027522,0.05242806260177555,0.013136418680566524,0.11422845691382766,11.394912280701755
2026-02-13,C037,AppLovin,JP,static,370.51,24185,319,39,0.6175462470818041,0.3496392700618421,0.12731073496929896,0.10875209455118931,0.5313833030336855,4.241331687496383,20.723948818313737,0.05593287358283844,0.01318999379780856,0.12225705329153605,9.50025641025641
2026-02-14,C037,AppLovin,JP,static,660.14,38305,503,54,0.574667019036105,0.4287247953110487,0.16266636790958883,0.14232751542854033,0.5722760707295409,7.685685833141178,30.90290781939521,0.046812547161461465,0.013131444981072967,0.1073558648111332,12.224814814814815
2026-02-15,C037,AppLovin,JP,static,723.81,39634,595,63,0.7046534567633793,0.4267431322633262,0.12121443613301476,0.12428856082758237,0.5129956073191578,7.830179332137689,32.318723261106946,0.04465057135495919,0.01501236312257153,0.10588235294117647,11.489047619047618
2026-02-16,C037,AppLovin,JP,static,822.26,51607,662,84,0.5856431206316688,0.3324573096579585,0.15586204674196288,0.10597424877985406,0.5005206530832367,8.901836897507742,42.04373485899188,0.05113211859443614,0.012827717170151336,0.1268882175226586,9.788809523809524
2026-02-17,C037,AppLovin,JP,static,727.6,34818,535,63,0.5792383596829509,0.3847726627666884,0.13256594370296887,0.10999870660331683,0.5386599713440908,6.92991851600896,33.935578194677724,0.04664033679367796,0.015365615486242748,0.11775700934579439,11.549206349206349
2026-02-18,C037,AppLovin,JP,static,634.62,34052,450,62,0.5325705967135412,0.34744779743491916,0.13572442392761933,0.1363905738110664,0.5818658305775588,8.456215576286116,36.075681495808645,0.05684636045649601,0.013215082814518971,0.13777777777777778,10.235806451612904
2026-02-19,C037,AppLovin,JP,static,647.02,29822,433,59,0.6888186105937282,0.43504892620460495,0.14280280798466835,0.1306307027076171,0.6520426096247214,7.707211459749408,38.47051396785856,0.05945809428647309,0.014519482261417745,0.13625866050808313,10.966440677966101
2026-02-20,C037,AppLovin,JP,static,865.24,54716,742,90,0.624170735487057,0.4343343987266219,0.13787966761430695,0.15370871148408777,0.5234690638731357,13.833784033567898,47.112215748582216,0.054449982520027945,0.013560932816726368,0.12129380053908356,9.613777777777777
2026-02-21,C037,AppLovin,JP,static,698.4,39955,594,65,0.7576752456441754,0.41322535420827644,0.2013703131423043,0.15910111357715281,0.6324732409310712,10.341572382514933,41.110760660519624,0.058864292231603506,0.01486672506569891,0.10942760942760943,10.744615384615384
2026-02-22,C037,AppLovin,JP,static,922.58,47658,741,97,0.717540645861809,0.33354717064529954,0.1758256146316052,0.13510509526383135,0.5988245720464846,13.105194240591642,58.08598348850901,0.06296018231863226,0.015548281505728314,0.13090418353576247,9.511134020618558
2026-02-23,C037,AppLovin,JP,static,796.64,46165,687,78,0.5608782448535166,0.4112918382618981,0.16314587385936055,0.13195757711052164,0.5606379742205494,10.292691014620688,43.729761989202856,0.05489242053024843,0.014881403660781977,0.11353711790393013,10.213333333333333
2026-02-24,C037,AppLovin,JP,static,913.43,50391,772,107,0.5676165436649154,0.4010011924070033,0.1390039602352096,0.13612268136071273,0.5022492047119528,14.565126905596262,53.74066490417895,0.0588339617631344,0.015320196066757953,0.13860103626943004,8.536728971962617
2026-02-25,C037,AppLovin,JP,static,643.02,35719,447,50,0.6325841323457504,0.43668132685826583,0.14918656221698953,0.15040803639540168,0.5107851443267056,7.520401819770084,25.539257216335283,0.0397176360443524,0.012514348106050002,0.11185682326621924,12.8604
2026-02-26,C037,AppLovin,JP,static,877.72,48080,592,74,0.5959913887218982,0.335993559624449,0.15604463818080655,0.125194536411281,0.5502761121418689,9.264395694434794,40.720432298498295,0.0463932206169716,0.012312811980033278,0.125,11.861081081081082
2026-02-27,C037,AppLovin,JP,static,706.23,33775,477,53,0.6538302094204874,0.3692806091965899,0.17209667459975664,0.1444203739904448,0.4732460042240887,7.654279821493574,25.0820382238767,0.035515213298219994,0.014122871946706144,0.1111111111111111,13.325094339622641
2026-02-28,C037,AppLovin,JP,static,793.02,54365,669,91,0.6021616518392083,0.3564764847230576,0.16096071966310765,0.1397654817018791,0.5214395526929997,12.718658834870999,47.45099929506297,0.059835474999165104,0.012305711395199117,0.13602391629297458,8.714505494505495
2026-03-01,C037,AppLovin,JP,static,561.38,34555,464,65,0.6065196439235402,0.3589910788544953,0.16205411836242462,0.12484159418332781,0.5365387360709196,8.114703621916307,34.87501784460977,0.06212324211293654,0.013427868615251049,0.1400862068965517,8.636615384615384
2026-01-01,C038,AppLovin,IN,video,674.9,86114,1659,240,0.5302535155438439,0.2851580810640467,0.1610166530804627,0.04421228698163285,0.02,10.610948875591884,4.8,0.007112165290467097,0.01926516013656316,0.14466546112115733,2.8120833333333333
2026-01-02,C038,AppLovin,IN,video,770.32,117804,1916,289,0.5901916677729977,0.3071543759184018,0.13356930850281604,0.06373468071356883,0.16838987076522188,18.41932272622139,48.664672651149125,0.06317470921984429,0.016264303419238735,0.15083507306889352,2.665467128027682
2026-01-03,C038,AppLovin,IN,video,1029.08,168893,2514,330,0.5614142316931698,0.3897093856325673,0.13324308172945032,0.043334454574007863,0.1103516500157895,14.300370009422595,36.416044505210536,0.035387118261058316,0.014885163979561024,0.13126491646778043,3.118424242424242
2026-01-04,C038,AppLovin,IN,video,505.37,66322,1265,162,0.588984850323078,0.37093256873004593,0.14895192492866707,0.0683034883342237,0.2654143891133895,11.065165110144239,42.9971310363691,0.0850809706584903,0.019073610566629474,0.12806324110671938,3.119567901234568
2026-01-05,C038,AppLovin,IN,video,857.81,113428,1787,269,0.47063335282408897,0.28975927876310004,0.15394033026075865,0.040847124772143056,0.11246617833206123,10.987876563706482,30.253401971324468,0.03526804905771012,0.015754487428148254,0.1505316172355904,3.188884758364312
2026-01-06,C038,AppLovin,IN,video,601.96,80555,1498,191,0.49632853724264697,0.30807253134234647,0.1470939534072464,0.04667455535253221,0.060331668425306836,8.914840072333652,11.523348669233606,0.019143084144728394,0.018595990317174602,0.12750333778371162,3.151623036649215
2026-01-07,C038,AppLovin,IN,video,574.93,72846,1265,191,0.5043255006592969,0.31225417780663306,0.13071199050738422,0.024520319308226502,0.22587388073595022,4.683380987871262,43.14191122056649,0.07503803395525048,0.017365400982895424,0.1509881422924901,3.0101047120418847
2026-01-08,C038,AppLovin,IN,video,401.75,48658,931,143,0.55916974096996,0.3803926146155924,0.1922679948678879,0.04470771430128106,0.1614907119524789,6.393203145083191,23.093171809204485,0.05748098849741937,0.01913354432981216,0.1535982814178303,2.8094405594405596
2026-01-09,C038,AppLovin,IN,video,1007.83,130127,2318,307,0.5377677005351009,0.3157401383418781,0.16481185321391706,0.021743972616497284,0.0954797370674412,6.675399593264666,29.31227927970445,0.029084404839535394,0.017813366941526354,0.13244176013805004,3.2828338762214986
2026-01-10,C038,AppLovin,IN,video,1131.44,151067,2250,311,0.618599909683584,0.3568572107046101,0.13047249366610647,0.03611593723208591,0.11992280656391477,11.232056479178716,37.29599284137749,0.03296325666768558,0.014894053631832233,0.13822222222222222,3.6380707395498395
2026-01-11,C038,AppLovin,IN,video,695.08,78568,1457,187,0.5310524113647596,0.3477935088363826,0.11344584474654,0.03777089889300045,0.11750723201689593,7.063158092991084,21.97385238715954,0.031613371439017705,0.018544445575806943,0.12834591626630062,3.717005347593583
2026-01-12,C038,AppLovin,IN,video,470.71,53536,925,139,0.45466530709628,0.33654481610926074,0.12393609566075336,0.028081937176194796,0.21816283467879294,3.9033892674910766,30.324634020352217,0.0644225731412775,0.017278093245666468,0.15027027027027026,3.3864028776978414
2026-01-13,C038,AppLovin,IN,video,735.94,119751,1761,249,0.5021823527402864,0.3581087727873515,0.11577187429141934,0.024908556036997723,0.14552654098636228,6.202230453212433,36.23610870560421,0.049237959706576316,0.014705513941428465,0.141396933560477,2.955582329317269
2026-01-14,C038,AppLovin,IN,video,780.94,136551,1978,239,0.5144025682345441,0.40529196910543586,0.1367678661012118,0.03996045422667469,0.25285382278335394,9.550548560175251,60.43206364522159,0.07738405460400741,0.014485430352029644,0.12082912032355915,3.2675313807531383
2026-01-15,C038,AppLovin,IN,video,616.19,71152,1194,143,0.596931926588619,0.3740694407169788,0.16863302246333725,0.04674960427876599,0.03981227367260767,6.685193411863536,5.693155135182897,0.009239318380853524,0.01678097593883517,0.11976549413735343,4.309020979020979
2026-01-16,C038,AppLovin,IN,video,1128.76,157669,2487,296,0.4497526982161951,0.2912019198402962,0.15038863834413152,0.014283280209814377,0.10010922642969697,4.227850942105055,29.632331023190304,0.026252098183250912,0.015773550919965244,0.11901889827100925,3.8133783783783786
2026-01-17,C038,AppLovin,IN,video,1009.37,126146,2311,327,0.5486772621357714,0.3494620798616953,0.11515950505093572,0.041022245615725275,0.11765331035859322,13.414274316342166,38.472632487259986,0.038115329130057475,0.018320041856261793,0.14149718736477715,3.086758409785933
2026-01-18,C038,AppLovin,IN,video,910.36,111340,2017,301,0.49682204581678374,0.33263809507855346,0.13254152622284296,0.00854798440177221,0.09509254265633225,2.5729433049334354,28.622855339556008,0.03144129035888507,0.018115681695706844,0.14923153197818542,3.024451827242525
2026-01-19,C038,AppLovin,IN,video,688.16,82614,1578,227,0.4938235839824345,0.2865557275859777,0.10771504846307169,0.0324534109310686,0.1476318670321736,7.366924281352572,33.51243381630341,0.04869875091322027,0.019100878785677972,0.1438529784537389,3.0315418502202642
2026-01-20,C038,AppLovin,IN,video,927.4,115953,2056,313,0.5128324750128351,0.2682217936059263,0.10232424947644156,0.036169309671531244,0.13204127748565314,11.32099392718928,41.32891985300943,0.04456436379060867,0.01773132217363932,0.1522373540856031,2.9629392971246005
2026-01-21,C038,AppLovin,IN,video,511.19,67825,1172,147,0.5118338687793584,0.32175105060984677,0.15229205140829716,0.037708127653021686,0.13314691880000154,5.543094764994188,19.572597063600227,0.03828819929903264,0.017279764098783634,0.12542662116040956,3.477482993197279
2026-01-22,C038,AppLovin,IN,video,727.5,99655,1552,194,0.597164717773953,0.3325237029516859,0.14794047796312326,0.03095960466586831,0.29048347213822046,6.006163305178452,56.35379359481477,0.0774620942438725,0.015573729366313783,0.125,3.75
2026-01-23,C038,AppLovin,IN,video,815.63,95082,1605,244,0.5385660227311316,0.29787585284852525,0.19110816359847294,0.04402376132321592,0.11865285267370111,10.741797762864685,28.95129605238307,0.03549572607025268,0.016880166593046003,0.15202492211838006,3.3427459016393444
2026-01-24,C038,AppLovin,IN,video,975.39,140679,2520,350,0.4577619505271066,0.36578237464492963,0.16543640281963448,0.045899037599365866,0.14633120077880038,16.064663159778053,51.215920272580135,0.0525083021607327,0.017913121361397222,0.1388888888888889,2.7868285714285714
2026-01-25,C038,AppLovin,IN,video,734.86,95769,1561,193,0.525292102219568,0.3891675863834848,0.15087401989961202,0.037610718191253945,0.20210523420804774,7.258868610912011,39.006310202153216,0.0530799562768301,0.016299637669809647,0.1236386931454196,3.8075647668393784
2026-01-26,C038,AppLovin,IN,video,593.47,106826,1547,245,0.5464537346215327,0.3283745568766835,0.1271473305073034,0.07574492569464783,0.09501510863062854,18.55750679518872,23.27870161450399,0.03922440428161913,0.014481493269428792,0.1583710407239819,2.422326530612245
2026-01-27,C038,AppLovin,IN,video,683.41,82971,1423,193,0.4630809939651887,0.28435431345236223,0.12382861207304403,0.04912786369218883,0.16174607039898037,9.481677692592443,31.21699158700321,0.045678512423910064,0.01715057068132239,0.13562895291637386,3.540984455958549
2026-01-28,C038,AppLovin,IN,video,673.37,88753,1449,179,0.5689810229541481,0.3842506804040833,0.14584063627406063,0.055137090856753966,0.1614995383021666,9.86953926335896,28.90841735608782,0.042931151167599046,0.016326208691537187,0.12353347135955832,3.7618435754189945
2026-01-29,C038,AppLovin,IN,video,900.09,114966,2231,285,0.5147555570690274,0.3166509580867831,0.12337660711637956,0.0272819186724247,0.24183719681361063,7.7753468216410395,68.92360109187904,0.07657377738282246,0.01940573734843345,0.12774540564769163,3.1582105263157896
2026-01-30,C038,AppLovin,IN,video,865.33,122815,1969,302,0.5803976888096418,0.29606139457006964,0.10193172372828511,0.042497138342249795,0.20774205241990568,12.834135779359437,62.738099830811514,0.07250159335617411,0.016032243618450515,0.15337734890807517,2.8653311258278147
2026-01-31,C038,AppLovin,IN,video,1063.58,144141,2416,365,0.5196383666156491,0.2795039237220644,0.12615730329256503,0.04405724993761782,0.2594878876835406,16.080896227230504,94.71307900449231,0.08905081667133864,0.016761365607287308,0.15107615894039736,2.913917808219178
2026-02-01,C038,AppLovin,IN,video,558.85,89465,1361,208,0.5958972139582971,0.3903431595567964,0.14510285258414138,0.019830980255499498,0.2550600023823049,4.124843893143896,53.052480495519426,0.0949313714012073,0.015212652992790477,0.15282880235121235,2.6867788461538464
2026-02-02,C038,AppLovin,IN,video,1002.26,135714,2361,366,0.5384772746614914,0.3002187818732062,0.12401520225402268,0.02108500337047442,0.16596441450022345,7.717111233593638,60.74297570708178,0.06060604704519613,0.01739687873027101,0.15501905972045743,2.738415300546448
2026-02-03,C038,AppLovin,IN,video,748.0,97276,1610,205,0.470952273539255,0.33232339173560527,0.13099874546842058,0.039425378094505054,0.0568853958373627,8.082202509373536,11.661506146659352,0.015590271192475849,0.01655084501829845,0.12732919254658384,3.648780487804878
2026-02-04,C038,AppLovin,IN,video,884.61,140472,2207,268,0.5319653827932411,0.31612199572934946,0.12772410719299482,0.019769409301733015,0.07656873813566431,5.298201692864448,20.520421820358035,0.02319716895102817,0.015711316134176204,0.12143180788400544,3.300783582089552
2026-02-05,C038,AppLovin,IN,video,761.74,89026,1566,209,0.44835389072775134,0.3214027486987877,0.16066720721659375,0.019665361665644372,0.20050187086321847,4.110060588119674,41.90489101041266,0.055011984971166036,0.017590366859119806,0.1334610472541507,3.644688995215311
2026-02-06,C038,AppLovin,IN,video,979.76,157454,2540,347,0.46997330492539924,0.3481591849442245,0.14794687528583195,0.01709426899438604,0.09933694319292818,5.931711341051956,34.46991928794608,0.03518213889925166,0.01613169560633582,0.13661417322834646,2.823515850144092
2026-02-07,C038,AppLovin,IN,video,949.52,122131,1872,232,0.49200801385887327,0.3231139886355182,0.13527118780210012,0.02714578404938904,0.21670260746339232,6.297821899458257,50.27500493150702,0.05294786102444549,0.01532780375170923,0.12393162393162394,4.092758620689655
2026-02-08,C038,AppLovin,IN,video,754.38,126065,1879,290,0.6129665705266857,0.3514300496995384,0.14534890016514126,0.029682745716935226,0.19370293058385826,8.607996257911216,56.17384986931889,0.0744639470109394,0.014905009320588586,0.15433741351782862,2.6013103448275863
2026-02-09,C038,AppLovin,IN,video,594.03,70089,1154,152,0.48554616205471146,0.28905365141732725,0.08547809880068613,0.020544969450948233,0.1770891808480079,3.1228353565441314,26.9175554888972,0.045313154628848724,0.016464780493372713,0.1317157712305026,3.9080921052631576
2026-02-10,C038,AppLovin,IN,video,771.4,117008,1821,282,0.6387911173818431,0.41575978492382293,0.19538185892736903,0.036084189121278774,0.11990962710200331,10.175741332200614,33.814514842764936,0.04383504690973812,0.015563038424723096,0.15485996705107083,2.7354609929078015
2026-02-11,C038,AppLovin,IN,video,940.98,131685,2066,313,0.5072651992904696,0.3273171646012486,0.1202428805636023,0.05468675799298875,0.16508886041719348,17.11695525180548,51.67281331058156,0.05491398691789687,0.015688954702509778,0.15150048402710553,3.0063258785942493
2026-02-12,C038,AppLovin,IN,video,740.67,98595,1838,278,0.5174524309180325,0.373378612772964,0.12384012452319457,0.045773239315964755,0.17502653135680715,12.724960529838201,48.65737571719239,0.06569340772127907,0.01864191896140778,0.1512513601741023,2.664280575539568
2026-02-13,C038,AppLovin,IN,video,625.92,106152,1551,187,0.5737867639480901,0.3226616363983794,0.12154622764774284,0.0485681323103932,0.21959249972149064,9.082240742043528,41.06379744791875,0.06560573967545512,0.01461112367171603,0.12056737588652482,3.3471657754010695
2026-02-14,C038,AppLovin,IN,video,1007.88,108568,1961,292,0.6188777113575423,0.34277191027340054,0.14677795957326406,0.04357806092973455,0.1729150887931103,12.724793791482488,50.491205927588204,0.05009649686944627,0.018062412497236755,0.14890362060173382,3.4516438356164385
2026-02-15,C038,AppLovin,IN,video,1231.92,128866,2468,370,0.5506747650134594,0.3645805276724273,0.15410061882973886,0.052505538024161885,0.24332551135769226,19.427049068939898,90.03043920234613,0.07308159617965437,0.01915167693573169,0.14991896272285252,3.329513513513514
2026-02-16,C038,AppLovin,IN,video,900.4,125725,2331,336,0.5978364466543024,0.31554910812780657,0.152895982904889,0.0360778506919443,0.21217485937517297,12.122157832493286,71.29075275005812,0.07917683438454497,0.018540465301252734,0.14414414414414414,2.6797619047619046
2026-02-17,C038,AppLovin,IN,video,655.16,82317,1458,208,0.5659507225822624,0.3494366206977121,0.14878479735566702,0.030580085582115894,0.2503128916316648,6.360657801080106,52.06508145938628,0.07946908130766368,0.017712015744013994,0.14266117969821673,3.149807692307692
2026-02-18,C038,AppLovin,IN,video,760.54,84062,1491,197,0.48445969551062007,0.3184218994049498,0.11766642855278507,0.03917081169968426,0.1571287812369261,7.7166499048378,30.954369903674444,0.040700731707179416,0.017736908472318052,0.13212608987256874,3.8606091370558375
2026-02-19,C038,AppLovin,IN,video,741.4,81845,1470,178,0.5865082340789839,0.3410940187101723,0.14600989309189327,0.03788479472482466,0.1437900719527842,6.743493461018789,25.594632807595588,0.03452201365569121,0.0179607795222677,0.12108843537414966,4.165168539325842
2026-02-20,C038,AppLovin,IN,video,872.27,102251,1706,264,0.6020510043534025,0.36694068957415127,0.13816008463470955,0.06858887474002734,0.13958580852424537,18.107462931367216,36.85065345040078,0.04224698326659783,0.016684433404074286,0.15474794841735054,3.3040530303030304
2026-02-21,C038,AppLovin,IN,video,479.63,69037,1168,141,0.5167722954854167,0.2733989968988148,0.14556209084232682,0.009147704039057809,0.22579347746144554,1.289826269507151,31.83688032206382,0.0663779397865512,0.01691846401205151,0.12071917808219178,3.401631205673759
2026-02-22,C038,AppLovin,IN,video,719.14,82881,1617,213,0.5313197177579572,0.36586794205867723,0.1528358831216539,0.054275575376666906,0.20516298881453296,11.560697555230051,43.69971661749552,0.0607665785488141,0.019509899735765737,0.13172541743970315,3.376244131455399
2026-02-23,C038,AppLovin,IN,video,662.88,73481,1413,213,0.5697086236212534,0.3074047106495522,0.12328891100536687,0.025679736026684566,0.2674879996162426,5.469783773683813,56.97494391825967,0.08595085350910009,0.019229460676909678,0.15074309978768577,3.112112676056338
2026-02-24,C038,AppLovin,IN,video,687.11,82578,1603,222,0.540099849596572,0.3140469990104458,0.11908777211890399,0.05927253792872146,0.11010013460410906,13.158503420176164,24.442229882112212,0.0355722606974541,0.019411949914020683,0.13849033063006863,3.09509009009009
2026-02-25,C038,AppLovin,IN,video,579.81,65048,1166,180,0.5311372517535184,0.34934250170423253,0.17535669258865533,0.027008170733101626,0.20046373181065774,4.861470731958293,36.08347172591839,0.062232843689327,0.017925224449637192,0.15437392795883362,3.2211666666666665
2026-02-26,C038,AppLovin,IN,video,771.3,102406,1771,240,0.6087195082374233,0.3224199592871875,0.10879024611053595,0.037752448651268346,0.2189566373210142,9.060587676304403,52.54959295704341,0.06813115083324602,0.01729390856004531,0.13551665725578768,3.2137499999999997
2026-02-27,C038,AppLovin,IN,video,867.46,101888,1699,267,0.5786582310530765,0.3136944108109308,0.1211478288201706,0.037986315538895594,0.200042882949382,10.142346248885124,53.411449747484994,0.06157192469361777,0.016675172738693466,0.15715126545026487,3.248913857677903
2026-02-28,C038,AppLovin,IN,video,953.23,122652,2235,313,0.5097565680826652,0.317126890992961,0.13710631990167335,0.06149156532515382,0.20767263683945283,19.246859946773146,65.00153533074874,0.06819053203062674,0.01822228744741219,0.14004474272930648,3.0454632587859427
2026-03-01,C038,AppLovin,IN,video,846.11,128408,2043,303,0.47306554727997113,0.4202999687873499,0.1528848723022651,0.0524876873035262,0.060731713760810865,15.90376925296844,18.401709269525693,0.021748679391263365,0.01591022366207713,0.14831130690161526,2.7924422442244223
2026-01-01,C039,AppLovin,KR,static,621.33,45320,605,75,0.6894166459886572,0.3918044202901312,0.16351644687446246,0.10917498736559027,0.48152798145519954,8.18812405241927,36.11459860913997,0.0581248315056471,0.013349514563106795,0.12396694214876033,8.2844
2026-01-02,C039,AppLovin,KR,static,736.81,67681,804,104,0.6719787921973043,0.37775850806888334,0.1335012257652447,0.09926870196006989,0.49215126910219165,10.323945003847268,51.18373198662793,0.06946690552310962,0.01187925710317519,0.12935323383084577,7.084711538461538
2026-01-03,C039,AppLovin,KR,static,1057.38,95019,1243,175,0.6723760752947922,0.38829363083591906,0.17496998431562336,0.07354637750479738,0.4328050077072567,12.870616063339542,75.74087634876993,0.07163092309586458,0.013081594207474295,0.1407884151246983,6.04217142857143
2026-01-04,C039,AppLovin,KR,static,991.69,83856,1103,121,0.5646173829278129,0.3612544685089576,0.15107997959691782,0.09093236001426241,0.34549593320749705,11.002815561725752,41.805007918107144,0.042155523369166795,0.013153501240221332,0.10970081595648232,8.195785123966942
2026-01-05,C039,AppLovin,KR,static,604.97,47268,563,65,0.5532214912677202,0.39951113518872483,0.2052549833034773,0.09451824569615379,0.4131941187769721,6.143685970249996,26.857617720503185,0.04439460809473231,0.01191080646526191,0.11545293072824156,9.30723076923077
2026-01-06,C039,AppLovin,KR,static,629.72,38713,551,73,0.7109642096398098,0.4114547315843274,0.1763986561260651,0.09744782188308285,0.5335137022064832,7.1136909974650475,38.946500261073275,0.061847439503494646,0.01423294500555369,0.132486388384755,8.626301369863015
2026-01-07,C039,AppLovin,KR,static,932.97,63489,859,117,0.6549857733813746,0.40006137057326163,0.19038715669847608,0.1047649791269463,0.40534993311807127,12.257502557852716,47.42594217481434,0.050833033039188194,0.01352990281781096,0.1362048894062864,7.974102564102564
2026-01-08,C039,AppLovin,KR,static,742.43,67922,825,109,0.6024845052751105,0.4014583697944175,0.14407919747379405,0.09130741808567819,0.35230246763488515,9.952508571338923,38.400968972202485,0.051723019509656874,0.012146285445069344,0.1321212121212121,6.811284403669724
2026-01-09,C039,AppLovin,KR,static,747.29,66855,810,86,0.6576839417636667,0.3979063284098022,0.1752208104879026,0.10700043905014099,0.47045528820927646,9.202037758312125,40.459154785997775,0.054141005445500406,0.012115772941440431,0.10617283950617284,8.689418604651163
2026-01-10,C039,AppLovin,KR,static,554.73,39373,510,56,0.5517851662393453,0.34391826995161423,0.15033530411170765,0.08834856688692101,0.40133889356381747,4.947519745667576,22.474978039573777,0.04051494973012222,0.012953038884514769,0.10980392156862745,9.905892857142858
2026-01-11,C039,AppLovin,KR,static,705.36,56441,682,80,0.6496889076471268,0.3783041295172199,0.16782206364130678,0.073449052133492,0.4119554264169156,5.87592417067936,32.956434113353254,0.04672254259157157,0.012083414539076203,0.11730205278592376,8.817
2026-01-12,C039,AppLovin,KR,static,558.48,43375,586,72,0.5384217252683641,0.34161037864769034,0.16858869426186066,0.08022465117828226,0.3693093594156122,5.776174884836323,26.59027387792408,0.04761223322549428,0.013510086455331412,0.12286689419795221,7.756666666666667
2026-01-13,C039,AppLovin,KR,static,823.01,67519,852,112,0.6898155948022401,0.3965681326177672,0.13814033798777858,0.10651456715796558,0.5280642875996138,11.929631521692144,59.14320021115674,0.0718621911214193,0.012618670300211791,0.13145539906103287,7.348303571428572
2026-01-14,C039,AppLovin,KR,static,878.91,65823,781,107,0.6143812745180864,0.36134668426005484,0.1810424230541284,0.07991834145012125,0.36315329644527816,8.551262535162973,38.85740271964476,0.04421096003722775,0.011865153517767346,0.13700384122919335,8.21411214953271
2026-01-15,C039,AppLovin,KR,static,700.69,42566,628,85,0.6488584320523134,0.40690816342779934,0.17600821033482492,0.07740169258385987,0.46493351190051735,6.579143869628089,39.519348511543974,0.0564006311364155,0.014753559178687215,0.13535031847133758,8.243411764705883
2026-01-16,C039,AppLovin,KR,static,915.64,57698,798,106,0.5886609962987052,0.3697530589515769,0.18407226461763299,0.12480891342813084,0.4691850581544706,13.22974482338187,49.733616164373885,0.05431586916495393,0.013830635377309438,0.13283208020050125,8.63811320754717
2026-01-17,C039,AppLovin,KR,static,1109.08,101416,1203,156,0.5546010146301211,0.3398997361205744,0.15894859996064067,0.09409984447408289,0.3389039454155555,14.679575737956931,52.86901548482666,0.04766907693667252,0.011862033604165023,0.12967581047381546,7.1094871794871795
2026-01-18,C039,AppLovin,KR,static,895.03,64499,997,118,0.6844995383833605,0.4090783681630061,0.16624180341632266,0.12853245618356401,0.4565423008778592,15.166829829660553,53.87199150358738,0.06019012677625194,0.01545760399386037,0.11835506519558676,7.585
2026-01-19,C039,AppLovin,KR,static,724.74,56626,702,87,0.5680837292998092,0.3667519766458898,0.13730099415041883,0.09578292174878092,0.4152488752725785,8.33311419214394,36.12665214871433,0.04984752210774247,0.012397132059477978,0.12393162393162394,8.330344827586208
2026-01-20,C039,AppLovin,KR,static,848.52,69891,904,117,0.6582563228277913,0.37096780113781197,0.16645041699222468,0.10071149698679625,0.4472957208078645,11.783245147455162,52.333599334520144,0.06167634738001199,0.012934426464065474,0.12942477876106195,7.252307692307692
2026-01-21,C039,AppLovin,KR,static,841.47,47654,762,93,0.6236403080211598,0.3570181850509513,0.17131330669142972,0.11759956291223847,0.5096389607564868,10.936759350838178,47.396423350353274,0.05632582804437262,0.015990263146850214,0.1220472440944882,9.048064516129033
2026-01-22,C039,AppLovin,KR,static,802.68,62263,866,121,0.6858761286784424,0.37328360754952145,0.17768305478505075,0.09780294429900854,0.33574085442904933,11.834156260180034,40.62464338591497,0.05061100772095185,0.013908741949472399,0.1397228637413395,6.633719008264462
2026-01-23,C039,AppLovin,KR,static,664.14,43588,688,93,0.5679666017234057,0.3458576911973289,0.18753844129591402,0.09695644117817814,0.2983623471386966,9.016949029570567,27.74769828389878,0.04177966541823777,0.015784160778195833,0.13517441860465115,7.1412903225806454
2026-01-24,C039,AppLovin,KR,static,1116.55,69333,1043,137,0.6273903882515325,0.40074365375396465,0.18501677802940283,0.12085717866438311,0.4081408547274882,16.557433477020485,55.91529709766588,0.05007864419728582,0.015043341554526704,0.13135186960690318,8.15
2026-01-25,C039,AppLovin,KR,static,727.0,41283,658,71,0.5660690609845898,0.3822414877228973,0.13262202510058135,0.07420677146324879,0.4669489275342027,5.268680773890664,33.15337385492839,0.04560280939185397,0.01593876414020299,0.10790273556231003,10.23943661971831
2026-01-26,C039,AppLovin,KR,static,830.01,58054,889,115,0.6258910607032936,0.42944668081776954,0.16405455322384066,0.09444276612868835,0.44339305934311074,10.86091810479916,50.990201824457735,0.06143337560051169,0.015313328969580046,0.12935883014623173,7.217478260869565
2026-01-27,C039,AppLovin,KR,static,860.89,61941,791,85,0.5725116738642589,0.34823422801903203,0.1159123532417685,0.10562409752378556,0.39200879189767657,8.978048289521773,33.32074731130251,0.038705164816674784,0.012770216819231205,0.10745891276864729,10.128117647058824
2026-01-28,C039,AppLovin,KR,static,470.22,38558,530,60,0.604101103439282,0.42259321249466686,0.17996342521406755,0.1007838601240826,0.40629633600155124,6.047031607444955,24.377780160093074,0.05184342853072917,0.013745526220239638,0.11320754716981132,7.837000000000001
2026-01-29,C039,AppLovin,KR,static,1043.14,72468,1068,144,0.606387362553115,0.3699528475656608,0.1562648827991498,0.09028576102790269,0.33059394645922974,13.001149588017986,47.60552829012908,0.04563688032835088,0.014737539327703263,0.1348314606741573,7.244027777777778
2026-01-30,C039,AppLovin,KR,static,703.27,50422,645,87,0.5394622051440011,0.3616900515682176,0.13186849372343007,0.07955656652862741,0.508350929014049,6.921421287990585,44.22653082422226,0.06288692462185871,0.012792035222720242,0.13488372093023257,8.083563218390804
2026-01-31,C039,AppLovin,KR,static,696.81,43296,661,75,0.6907271672019184,0.40044551085367996,0.17003643597673385,0.11112502328413083,0.47655460180333364,8.334376746309813,35.74159513525002,0.051293016429198646,0.0152669992609017,0.11346444780635401,9.290799999999999
2026-02-01,C039,AppLovin,KR,static,993.03,76716,1152,148,0.6750365668384342,0.35021981757137965,0.15542046004155308,0.09549372898601559,0.42442328194022877,14.133071889930306,62.81464572715386,0.06325562262354474,0.015016424213984044,0.1284722222222222,6.709662162162162
2026-02-02,C039,AppLovin,KR,static,1066.05,84336,1130,159,0.6448702545240258,0.39333790377652506,0.17700570650586986,0.10149192202627204,0.400105597861387,16.137215602177253,63.616790059960536,0.059675454912292585,0.013398785809144375,0.1407079646017699,6.7047169811320755
2026-02-03,C039,AppLovin,KR,static,776.85,64512,767,81,0.6485876853655096,0.4176354468383799,0.1543279301170688,0.10109536897255224,0.42846647973849644,8.18872488677673,34.70578485881821,0.04467512015312029,0.011889260912698412,0.10560625814863103,9.590740740740742
2026-02-04,C039,AppLovin,KR,static,595.32,41286,561,71,0.7181138750560605,0.41928410320764553,0.1494451918097383,0.0879172804034602,0.4167454965910683,6.242126908645674,29.58893025796585,0.04970258669233527,0.013588141258538003,0.1265597147950089,8.384788732394368
2026-02-05,C039,AppLovin,KR,static,770.91,55532,725,82,0.6202185502249938,0.40432864239471866,0.15283445687320427,0.0870913984570703,0.3245164893730196,7.141494673479764,26.610352128587607,0.03451792119736306,0.013055535547071959,0.11310344827586206,9.401341463414633
2026-02-06,C039,AppLovin,KR,static,934.29,64934,853,116,0.5584245244196121,0.3918398279654805,0.18728460749382697,0.09970450406332193,0.49168101846234535,11.565722471345344,57.03499814163206,0.06104658530687271,0.01313641543721317,0.13599062133645956,8.054224137931033
2026-02-07,C039,AppLovin,KR,static,865.23,56742,792,83,0.6051720839831658,0.37120283919604047,0.1677052085135139,0.09366296925792514,0.33911398084587263,7.774026448407787,28.14646041020743,0.032530601997341146,0.013957914772126467,0.10479797979797979,10.424457831325302
2026-02-08,C039,AppLovin,KR,static,614.77,40767,639,79,0.6465701887223381,0.4815238632830543,0.14802286851062785,0.12162315790083814,0.4300570463032929,9.608229474166214,33.97450665796014,0.05526373560712704,0.0156744425638384,0.12363067292644757,7.781898734177215
2026-02-09,C039,AppLovin,KR,static,663.88,44444,712,77,0.6268323239909183,0.4000901604043664,0.19248878890919455,0.09218233057771505,0.5768357893530387,7.098039454484058,44.41635578018398,0.066903984947685,0.016020160201602015,0.10814606741573034,8.621818181818181
2026-02-10,C039,AppLovin,KR,static,710.87,53313,746,81,0.6455052984333118,0.37463455737524065,0.15175627480927695,0.11495141328299396,0.3128568014944257,9.31106447592251,25.341400921048482,0.035648565976401085,0.013992834768255398,0.10857908847184987,8.776172839506174
2026-02-11,C039,AppLovin,KR,static,770.07,55788,684,83,0.574973548531752,0.44706896588789524,0.1447262170188549,0.0749333211735944,0.429419283205273,6.219465657408335,35.64180050603766,0.046283811915622544,0.012260701226070123,0.12134502923976608,9.277951807228916
2026-02-12,C039,AppLovin,KR,static,632.32,44156,699,93,0.6332180017477479,0.3961930370198924,0.1649733642753522,0.09033022910646459,0.46041491856699956,8.400711306901206,42.81858742673096,0.06771674650694033,0.015830238246217956,0.13304721030042918,6.799139784946237
2026-02-13,C039,AppLovin,KR,static,936.77,71394,1017,122,0.6267904607936063,0.3833616106592579,0.17935117330438105,0.10730477978615865,0.4322046243416104,13.091183133911356,52.728964169676466,0.05628782709669207,0.014244894528952013,0.119960668633235,7.678442622950819
2026-02-14,C039,AppLovin,KR,static,979.19,89686,1111,134,0.6321074104227169,0.39668196532791467,0.163339276775127,0.08235874075130203,0.4706993881091939,11.036071260674472,63.07371800663198,0.06441396340557183,0.01238766362642999,0.12061206120612061,7.307388059701493
2026-02-15,C039,AppLovin,KR,static,1083.4,79591,1044,113,0.6490066220282019,0.4251361493607932,0.15793834683463295,0.10562849545255518,0.502810358994502,11.936019986138735,56.81757056637873,0.05244379238103963,0.013117060974230755,0.1082375478927203,9.587610619469027
2026-02-16,C039,AppLovin,KR,static,979.64,68679,905,104,0.6939982199064353,0.3986471763996732,0.16310674088338242,0.11229295423887971,0.49773323943147135,11.67846724084349,51.76425690087302,0.05283981849346643,0.0131772448637866,0.11491712707182321,9.419615384615385
2026-02-17,C039,AppLovin,KR,static,980.15,72797,1080,147,0.7161729602766996,0.4180104915803912,0.21108619672716003,0.10083140402048628,0.44086812773815043,14.822216391011484,64.8076147775081,0.0661202927299808,0.014835776199568664,0.1361111111111111,6.6676870748299315
2026-02-18,C039,AppLovin,KR,static,671.56,53457,761,106,0.5963702709260577,0.3711689821418073,0.16909956417060637,0.07288024367044285,0.41333909537277225,7.725305829066942,43.813944109513855,0.06524211259389963,0.014235740875844137,0.1392904073587385,6.335471698113207
2026-02-19,C039,AppLovin,KR,static,705.35,44805,625,86,0.6661257274530394,0.3857292709234084,0.1551695646130984,0.10242022685665692,0.40233400512515455,8.808139509672495,34.600724440763294,0.049054473468817125,0.013949336011605848,0.1376,8.201744186046511
2026-02-20,C039,AppLovin,KR,static,640.93,49945,605,74,0.5665741149344861,0.3048673657511658,0.13135103641182166,0.08956299497742497,0.3890294205970187,6.627661628329448,28.788177124179384,0.04491594736789971,0.012113324657122835,0.12231404958677686,8.661216216216216
2026-02-21,C039,AppLovin,KR,static,1093.78,85754,1201,160,0.6718865912946665,0.34814232434455844,0.14941151210282988,0.1215689500053763,0.4128000417925031,19.45103200086021,66.0480066868005,0.06038487944789768,0.01400517760104485,0.13322231473771856,6.836125
2026-02-22,C039,AppLovin,KR,static,968.84,77090,977,127,0.5840144997668326,0.37784504965781174,0.13772408078589604,0.10161130714256544,0.3648250978793441,12.904636007105811,46.332787430676696,0.04782299013833946,0.012673498508237126,0.1299897645854657,7.628661417322835
2026-02-23,C039,AppLovin,KR,static,668.74,54420,780,90,0.6498789836095624,0.45250311673912624,0.17335830835320626,0.09020531375591467,0.4767624162098781,8.11847823803232,42.908617458889026,0.06416355161551701,0.014332965821389196,0.11538461538461539,7.430444444444444
2026-02-24,C039,AppLovin,KR,static,1021.9,87530,1136,153,0.6226658414453025,0.3997224522166568,0.16090526135762478,0.09286639487104019,0.3160932375746154,14.208558415269149,48.362265348916154,0.04732579636580259,0.012978407403176054,0.13468309859154928,6.679084967320262
2026-02-25,C039,AppLovin,KR,static,829.32,56485,843,90,0.610102359062852,0.3773674778518788,0.17271755385587884,0.08894732637016942,0.28929344461770234,8.005259373315248,26.036410015593212,0.03139482381633712,0.014924316190138976,0.10676156583629894,9.214666666666668
2026-02-26,C039,AppLovin,KR,static,589.51,44184,586,69,0.6054091266410302,0.34384421324832987,0.20942597364567023,0.11092484771447925,0.4853427516855898,7.653814492299068,33.4886498663057,0.05680760570959468,0.013262719536483796,0.11774744027303755,8.543623188405798
2026-02-27,C039,AppLovin,KR,static,692.21,44282,679,80,0.6491545697029478,0.3583208851637161,0.139313490627594,0.06959370110767536,0.4050280718890645,5.567496088614029,32.40224575112516,0.0468100477435602,0.01533354410369902,0.11782032400589101,8.652625
2026-02-28,C039,AppLovin,KR,static,827.1,55942,732,80,0.5453118960858424,0.3493592289177774,0.18529386857144478,0.07412418958018294,0.38146641984499335,5.929935166414635,30.517313587599467,0.0368966827608272,0.013084980873047084,0.1092896174863388,10.338750000000001
2026-03-01,C039,AppLovin,KR,static,1009.67,63699,980,112,0.6027367632149687,0.3895609705612365,0.21239013509971355,0.127277646387605,0.3404518297582905,14.25509639541176,38.13060493292854,0.037765343935115644,0.015384856905131949,0.11428571428571428,9.014910714285714
2026-01-01,C040,AppLovin,BR,video,705.62,71734,1259,160,0.583557273300419,0.3572796710287162,0.1403414629962458,0.026659134664323122,0.28266732314146703,4.265461546291699,45.22677170263472,0.06409526176453155,0.01755095212869769,0.12708498808578236,4.410125
2026-01-02,C040,AppLovin,BR,video,785.43,70063,1181,184,0.5099633591427924,0.36514494111209067,0.15782031525237794,0.04626452366402733,0.2538986327381577,8.512672354181028,46.71734842382102,0.05948022692042539,0.016856257939283217,0.15580016934801016,4.268641304347826
2026-01-03,C040,AppLovin,BR,video,673.99,72212,1107,176,0.5777482147535662,0.3367834716753647,0.15849483090832114,0.07207479170722904,0.3094800782917657,12.685163340472311,54.468493779350766,0.08081498314831685,0.015329862072785687,0.15898825654923215,3.8294886363636365
2026-01-04,C040,AppLovin,BR,video,1020.26,125404,1815,225,0.5503913843880037,0.3401441420001108,0.1877846637966389,0.07759257575369541,0.17791120291369653,17.458329544581467,40.030020655581716,0.039235133412772696,0.014473222544735416,0.12396694214876033,4.534488888888889
2026-01-05,C040,AppLovin,BR,video,762.91,70987,1310,183,0.5834550407408365,0.3782732876251792,0.14189296066280255,0.06113933284363004,0.24072348261793083,11.188497910384298,44.052397319081344,0.057742504293024376,0.018454083141983744,0.13969465648854962,4.168907103825137
2026-01-06,C040,AppLovin,BR,video,504.4,40598,727,114,0.6134724828388219,0.43886541017021863,0.20267869984267137,0.018688425361648907,0.2825012376596697,2.1304804912279756,32.20514109320235,0.06384893898655448,0.017907286073205575,0.15680880330123798,4.424561403508772
2026-01-07,C040,AppLovin,BR,video,946.29,92160,1436,221,0.6275195665391519,0.3098532987674155,0.14227296059313674,0.04681787583958603,0.29067486307401935,10.346750560548513,64.23914473935828,0.06788495922893667,0.015581597222222222,0.15389972144846797,4.28185520361991
2026-01-08,C040,AppLovin,BR,video,756.65,78016,1374,170,0.5489703244472072,0.3729800846605603,0.14721536458546802,0.06811474118953292,0.2616973338747107,11.579506002220597,44.48854675870082,0.058797044960421416,0.01761177194421657,0.12372634643377002,4.450882352941177
2026-01-09,C040,AppLovin,BR,video,783.24,70184,1108,170,0.5459113935825644,0.3279915822084891,0.15072607478389655,0.07572275231162277,0.26524008262292526,12.872867892975872,45.0908140458973,0.057569332821065994,0.01578707397697481,0.15342960288808663,4.607294117647059
2026-01-10,C040,AppLovin,BR,video,587.41,53585,905,137,0.5906599533897912,0.3549250784974048,0.15955812459304589,0.043522519770785924,0.17396733950245957,5.962585208597671,23.83352551183696,0.040573916485748485,0.016889054772790894,0.15138121546961325,4.287664233576642
2026-01-11,C040,AppLovin,BR,video,1039.8,77245,1486,220,0.554668815278137,0.30018266767864066,0.15307003245212447,0.059694494528273606,0.28736264434927433,13.132788796220193,63.219781756840355,0.06080003956625221,0.019237491099747556,0.1480484522207268,4.7263636363636365
2026-01-12,C040,AppLovin,BR,video,656.55,62009,960,115,0.6248225343441541,0.35368766584995076,0.13867257830068958,0.07213936248188949,0.21062814842601793,8.29602668541729,24.22223706899206,0.036893075045630434,0.01548162363527875,0.11979166666666667,5.709130434782608
2026-01-13,C040,AppLovin,BR,video,729.72,61706,1184,174,0.5274995448430678,0.376870352602823,0.14055991523420508,0.056507527263435074,0.3181389654301826,9.832309743837703,55.35617998485177,0.07585902008469576,0.019187761319806824,0.14695945945945946,4.193793103448276
2026-01-14,C040,AppLovin,BR,video,708.17,82166,1284,181,0.5721605432441071,0.35097608264607255,0.1519241946840562,0.03800069753525542,0.2557586088075984,6.8781262538812316,46.292308194175305,0.06536938069551153,0.015626901638147166,0.1409657320872274,3.912541436464088
2026-01-15,C040,AppLovin,BR,video,777.16,76341,1262,169,0.6929151855087854,0.3899974893392581,0.15492200939233633,0.06729827179094498,0.24064101829504553,11.373407932669702,40.668332091862695,0.05232949793895853,0.01653109076380975,0.13391442155309033,4.598579881656804
2026-01-16,C040,AppLovin,BR,video,595.55,45625,853,134,0.5875214357677759,0.3651267760331709,0.17921848911640928,0.036904624728380325,0.22986046090380044,4.945219713602963,30.801301761109258,0.05171932129306299,0.018695890410958906,0.1570926143024619,4.4444029850746265
2026-01-17,C040,AppLovin,BR,video,813.23,98423,1496,206,0.6003096004604321,0.2913210891793203,0.15158098290754102,0.056612353355603384,0.220308977805691,11.662144791254297,45.383649427972344,0.05580632638409603,0.015199699257287423,0.13770053475935828,3.9477184466019417
2026-01-18,C040,AppLovin,BR,video,981.27,77749,1486,202,0.5279476868431611,0.2879160111091406,0.1348596420432919,0.052775529806514315,0.2988062663062083,10.660657020915892,60.35886579385408,0.06151089588602789,0.019112786016540404,0.13593539703903096,4.857772277227722
2026-01-19,C040,AppLovin,BR,video,725.05,63059,1144,154,0.6697111817885005,0.401471703595763,0.13310920043225113,0.05535771153448409,0.4064231720561381,8.52508757631055,62.589168496645264,0.08632339983951111,0.018141740274980573,0.1346153846153846,4.708116883116883
2026-01-20,C040,AppLovin,BR,video,1060.23,124026,1859,235,0.6016573145547816,0.40380670734846574,0.149336772872303,0.054599702144139894,0.2925396519490994,12.830930003872876,68.74681820803836,0.06484143844162618,0.014988792672504152,0.12641204948897256,4.511617021276596
2026-01-21,C040,AppLovin,BR,video,622.76,55982,944,150,0.6028105713251216,0.3490463726773327,0.1403817756595635,0.04337162819600546,0.2684839452961294,6.505744229400818,40.27259179441941,0.06466809619074797,0.016862562966667858,0.15889830508474576,4.1517333333333335
2026-01-22,C040,AppLovin,BR,video,758.24,65503,1215,191,0.5564838216583404,0.3403586971931266,0.14756253923515908,0.04210000170832333,0.2628297446179441,8.041100326289756,50.20048122202733,0.06620615145413629,0.018548768758682808,0.15720164609053497,3.9698429319371726
2026-01-23,C040,AppLovin,BR,video,549.42,62929,1006,124,0.558591828941908,0.3363339674324179,0.16114855469207764,0.06975959083129604,0.32752217817561596,8.650189263080708,40.61275009377638,0.07391979880373419,0.015986270241065328,0.12326043737574553,4.430806451612903
2026-01-24,C040,AppLovin,BR,video,879.0,88670,1427,195,0.5447898584498642,0.3993660562658478,0.11182078233595424,0.06148514201633004,0.23022569276447283,11.989602693184358,44.894010089072204,0.05107377667610795,0.016093379948122252,0.13665031534688157,4.507692307692308
2026-01-25,C040,AppLovin,BR,video,604.66,48143,918,138,0.6060636453312033,0.34543508207312396,0.12597045546751412,0.035648443727087295,0.3259420642964063,4.919485234338047,44.980004872904075,0.07438947209023637,0.019068192675986126,0.1503267973856209,4.38159420289855
2026-01-26,C040,AppLovin,BR,video,1079.6,88770,1674,250,0.6259033008453818,0.35465736060959857,0.15902061195300332,0.08301280762253863,0.3190698611117225,20.753201905634658,79.76746527793063,0.07388596762016902,0.01885772220344711,0.14934289127837516,4.3184
2026-01-27,C040,AppLovin,BR,video,854.69,73659,1356,204,0.609681895148585,0.35714276558208574,0.15532987615164087,0.055340032302191935,0.20252999315712908,11.289366589647155,41.31611860405433,0.04834065407753694,0.018409155703987292,0.1504424778761062,4.189656862745099
2026-01-28,C040,AppLovin,BR,video,1043.72,97545,1698,250,0.5693477062175367,0.3852582462122737,0.15244534536029952,0.07181921234840138,0.22863830730368026,17.954803087100345,57.15957682592006,0.05476501181798614,0.017407350453636783,0.14723203769140164,4.17488
2026-01-29,C040,AppLovin,BR,video,680.9,67078,1220,147,0.46375916181220767,0.33464976486029097,0.1315663586720281,0.07807057549567727,0.14806587868528615,11.476374597864558,21.765684166737064,0.031966282375071764,0.018187781388830912,0.12049180327868853,4.631972789115646
2026-01-30,C040,AppLovin,BR,video,771.66,74650,1288,187,0.6088909278151479,0.4126381730192939,0.16835765942490025,0.06764258043553101,0.2721235993921955,12.649162541444298,50.887113086340555,0.06594502220382069,0.01725385130609511,0.14518633540372672,4.1265240641711225
2026-01-31,C040,AppLovin,BR,video,780.71,64372,1196,146,0.6199933802626244,0.3351456493220176,0.14886045785301966,0.03488168793181113,0.1500740578827039,5.092726438044425,21.91081245087477,0.028065137131614667,0.01857950661778413,0.12207357859531773,5.347328767123288
2026-02-01,C040,AppLovin,BR,video,909.58,109051,1591,217,0.5682366858266442,0.31930611943461185,0.15277839483591993,0.04783521066498615,0.19868054948616493,10.380240714301996,43.11367923849779,0.047399671361317314,0.014589503993544304,0.13639220615964803,4.191612903225806
2026-02-02,C040,AppLovin,BR,video,626.54,49351,879,136,0.6025932278942916,0.3707224079571177,0.16508399909793398,0.03344016891512613,0.34684902265014506,4.547862972457153,47.17146708041973,0.07528928424932069,0.017811189236287005,0.1547212741751991,4.606911764705882
2026-02-03,C040,AppLovin,BR,video,859.92,77847,1385,210,0.6091065058054195,0.34224959363010915,0.1458271466072883,0.07476422699510622,0.21265929124196106,15.700487668972308,44.65845116081182,0.05193337486175561,0.017791308592495537,0.15162454873646208,4.094857142857142
2026-02-04,C040,AppLovin,BR,video,386.4,32355,581,75,0.5531314618380739,0.2758660642485497,0.11977616076215947,0.0566746769191944,0.31114195803295863,4.25060076893958,23.335646852471896,0.06039244098917887,0.017957039097511975,0.12908777969018934,5.152
2026-02-05,C040,AppLovin,BR,video,835.36,64405,1174,167,0.6328579098027316,0.3977285350540753,0.16084141312684316,0.05426457359622153,0.233882603070787,9.062183790568994,39.05839471282143,0.04675645700591784,0.018228398416272027,0.14224872231686542,5.0021556886227545
2026-02-06,C040,AppLovin,BR,video,742.07,62163,1156,174,0.5003650414531897,0.3441615290947553,0.14501254596498606,0.049955121314188874,0.08949122926860376,8.692191108668863,15.571473892737053,0.02098397299976615,0.018596271093737432,0.15051903114186851,4.264770114942529
2026-02-07,C040,AppLovin,BR,video,1214.01,109287,1988,297,0.586242857042383,0.35784599874562917,0.1594900628580854,0.03903806351565413,0.2682239707733487,11.594304864149276,79.66251931968456,0.0656194659833695,0.018190635665724195,0.1493963782696177,4.087575757575758
2026-02-08,C040,AppLovin,BR,video,692.47,63968,1026,136,0.509352102526127,0.34999717390733404,0.13971778488345563,0.044824503420628894,0.15025507629944782,6.09613246520553,20.4346903767249,0.02950974484637816,0.01603926963481741,0.13255360623781676,5.091691176470588
2026-02-09,C040,AppLovin,BR,video,979.13,83490,1420,186,0.5699467246603819,0.37912030461533625,0.1663927285413638,0.026944945873782506,0.2784671055903435,5.011759932523546,51.79488163980389,0.05289907008322512,0.017008024913163253,0.13098591549295774,5.264139784946236
2026-02-10,C040,AppLovin,BR,video,845.99,71869,1202,151,0.5356186892812961,0.38099065153629574,0.1765067743257202,0.02486885465980249,0.3001972484267466,3.7551970536301758,45.329784512438735,0.05358208974353586,0.016724874424299766,0.12562396006655574,5.602582781456953
2026-02-11,C040,AppLovin,BR,video,632.25,60822,1087,139,0.5845151111737277,0.3055496737617453,0.15885977274468496,0.02754929826864458,0.23850177873165862,3.8293524593415964,33.15174724370055,0.05243442292935219,0.017871822695735097,0.12787488500459981,4.548561151079137
2026-02-12,C040,AppLovin,BR,video,708.5,64617,1201,164,0.5504887697712816,0.3542666616801009,0.16302683675500929,0.08249760305189521,0.3552512248263413,13.529606900510815,58.261200871519975,0.08223166615705162,0.01858644010090224,0.13655287260616153,4.320121951219512
2026-02-13,C040,AppLovin,BR,video,666.22,56216,977,122,0.5257911157703675,0.32249547349523533,0.13014957974702399,0.04893438994800813,0.19125054112278844,5.969995573656992,23.33256601698019,0.035022522117286584,0.017379393766899103,0.12487205731832139,5.460819672131148
2026-02-14,C040,AppLovin,BR,video,700.15,66335,1073,172,0.6171141414174043,0.3625000987368776,0.14372500206531572,0.058578531539294064,0.279111682051003,10.075507424758579,48.00720931277252,0.06856736981642739,0.016175472978065878,0.1602982292637465,4.070639534883721
2026-02-15,C040,AppLovin,BR,video,684.42,61409,1045,138,0.5502101321574617,0.34238461366437417,0.1308647316593884,0.04300628086105855,0.1760135606540798,5.93486675882608,24.289871370263015,0.035489818601027213,0.01701704961813415,0.1320574162679426,4.959565217391304
2026-02-16,C040,AppLovin,BR,video,950.28,81362,1426,193,0.631261113318378,0.4073747453207433,0.1936881019264169,0.03329887734092203,0.19012329182201748,6.426683326797952,36.693795321649375,0.03861371250757137,0.017526609473710087,0.135343618513324,4.923730569948186
2026-02-17,C040,AppLovin,BR,video,603.4,56578,871,111,0.5735986068236744,0.4236237350986878,0.1634499881119283,0.04940158399900697,0.17647233102442872,5.483575823889774,19.58842874371159,0.03246362599027358,0.015394676375976527,0.12743972445464982,5.436036036036036
2026-02-18,C040,AppLovin,BR,video,762.49,63376,1168,144,0.49744827039993467,0.38879236091326197,0.1383829399932471,0.052969314846627424,0.20924697300660886,7.627581337914349,30.131564112951676,0.03951746425510486,0.018429689472355466,0.1232876712328767,5.295069444444445
2026-02-19,C040,AppLovin,BR,video,711.38,62257,1215,153,0.5968326344628209,0.37974136857348556,0.18808316956020332,0.04824877136354616,0.3036199228915513,7.3820620186225625,46.45384820240735,0.06530073897412655,0.019515877732624445,0.1259259259259259,4.649542483660131
2026-02-20,C040,AppLovin,BR,video,770.73,73899,1314,175,0.5276200112236751,0.341896926667421,0.1728154933430651,0.0627544721633988,0.14371063969074288,10.98203262859479,25.149361945880003,0.032630595616537264,0.017781025453659723,0.13318112633181126,4.404171428571429
2026-02-21,C040,AppLovin,BR,video,954.78,79516,1469,193,0.5495201668981838,0.3357651984409794,0.11927303532332842,0.07704440022728765,0.2096528198504913,14.869569243866515,40.46299423114482,0.04237924684855942,0.01847426932944313,0.13138189244383935,4.947046632124352
2026-02-22,C040,AppLovin,BR,video,817.73,84270,1403,205,0.6657397083810366,0.4121579756751413,0.18256987065321428,0.06065203938218837,0.2509188759901552,12.433668073348615,51.43836957798182,0.06290396820598103,0.01664886673786638,0.14611546685673557,3.988926829268293
2026-02-23,C040,AppLovin,BR,video,813.35,77212,1158,164,0.5918298938334602,0.2992938343182169,0.1304298523213076,0.055319552396593294,0.29905981724338193,9.0724065930413,49.045810027914634,0.06030098218119262,0.014997668756151893,0.14162348877374784,4.959451219512196
2026-02-24,C040,AppLovin,BR,video,1017.12,96690,1660,265,0.539972093175213,0.40158877826598255,0.15933669919803714,0.0719102181551297,0.1930208378988462,19.05620781110937,51.15052204319424,0.0502896112016065,0.01716826972799669,0.15963855421686746,3.838188679245283
2026-02-25,C040,AppLovin,BR,video,1001.72,100058,1899,291,0.6119234079048846,0.3981123086875056,0.15323842095508455,0.03785899386231428,0.27226950303792524,11.016967213933457,79.23042538403625,0.07909400450332069,0.018978992184532972,0.15323854660347552,3.4423367697594505
2026-02-26,C040,AppLovin,BR,video,1017.35,105995,1758,260,0.4719382068107968,0.3737522376196801,0.12336646796290848,0.03534195598946316,0.1560922669929529,9.18890855726042,40.583989418167754,0.03989192001572281,0.01658568800415114,0.14789533560864618,3.9128846153846153
2026-02-27,C040,AppLovin,BR,video,832.86,72270,1344,159,0.5865855842105419,0.33016202548959556,0.15551802200707815,0.046078680606628314,0.2976125166845691,7.326510216453902,47.32039015284649,0.05681661442160768,0.01859692818596928,0.11830357142857142,5.23811320754717
2026-02-28,C040,AppLovin,BR,video,962.66,81323,1420,193,0.5485814206149819,0.3628864518685567,0.15038268144157,0.04722457282513516,0.1129117575686387,9.114342555251087,21.79196921074727,0.022637164437817,0.01746123482901516,0.1359154929577465,4.987875647668393
2026-03-01,C040,AppLovin,BR,video,1020.87,84081,1478,186,0.6162552739677082,0.4186270783115305,0.14811343861283582,0.06330303359501174,0.24305120288576548,11.774364248672184,45.20752373675238,0.044283226276988046,0.01757828760362032,0.12584573748308525,5.488548387096774
