date,campaign_id,channel,country,creative_type,spend,impressions,clicks,installs,ctr,cvr,cpi,tutorial_completion_rate,d1_retention,d7_retention,d7_revenue,d7_roas
2026-01-01 00:00:00,C001,Meta,US,static,733.57,30019,465,62,0.0155,0.1333,11.8318,0.6034522995094831,0.36560870466908446,0.15482008835729327,29.448646794613957,0.0401
2026-01-02 00:00:00,C001,Meta,US,static,1141.08,47406,728,94,0.0154,0.1291,12.1391,0.6216776002462231,0.35817231839310076,0.14435049354693946,46.37448832410434,0.0406
2026-01-03 00:00:00,C001,Meta,US,static,726.91,41835,577,69,0.0138,0.1196,10.5349,0.5910138608750412,0.380874075661362,0.1692275932664553,37.431055293576165,0.0515
2026-01-04 00:00:00,C001,Meta,US,static,693.87,34615,545,68,0.0157,0.1248,10.204,0.5476333108397818,0.3540613066746817,0.15044683473205905,31.22610898755483,0.045
2026-01-05 00:00:00,C001,Meta,US,static,909.93,50563,654,73,0.0129,0.1116,12.4648,0.6551751885721171,0.3708113397689341,0.15825996201493553,38.224974580764204,0.042
2026-01-06 00:00:00,C001,Meta,US,static,954.85,54421,706,100,0.013,0.1416,9.5485,0.5213122754044152,0.37413039288881206,0.15521208020599403,40.7739745420418,0.0427
2026-01-07 00:00:00,C001,Meta,US,static,1007.4,46268,709,92,0.0153,0.1298,10.95,0.5687283800079583,0.38061669182438,0.16074927650263968,51.88568603137686,0.0515
2026-01-08 00:00:00,C001,Meta,US,static,752.43,37965,505,72,0.0133,0.1426,10.4504,0.5482919141472381,0.3892809672875618,0.14981656225932857,32.117025243060006,0.0427
2026-01-09 00:00:00,C001,Meta,US,static,812.93,38182,562,81,0.0147,0.1441,10.0362,0.5207586796989365,0.3775777366786455,0.13771884176393118,38.01714317883339,0.0468
2026-01-10 00:00:00,C001,Meta,US,static,1132.06,52935,697,90,0.0132,0.1291,12.5784,0.5239891465858055,0.3341857862775434,0.17527495777246976,46.69405249988248,0.0412
2026-01-11 00:00:00,C001,Meta,US,static,805.14,42925,644,78,0.015,0.1211,10.3223,0.6550217996565725,0.36126198450098945,0.180443876858985,40.749165758920704,0.0506
2026-01-12 00:00:00,C001,Meta,US,static,1090.86,65595,836,104,0.0127,0.1244,10.489,0.6508015293359173,0.44756919079167773,0.16994835439620407,58.78042328698272,0.0539
2026-01-13 00:00:00,C001,Meta,US,static,1182.64,54716,777,87,0.0142,0.112,13.5936,0.6223443313582517,0.34556800728972054,0.13192934861564318,54.545641834291935,0.0461
2026-01-14 00:00:00,C001,Meta,US,static,739.39,30148,495,57,0.0164,0.1152,12.9718,0.5872099544232047,0.3386612704164049,0.14593898937484548,28.51390583660267,0.0386
2026-01-15 00:00:00,C001,Meta,US,static,858.35,42948,562,71,0.0131,0.1263,12.0894,0.5671063987301629,0.35213016710282086,0.15101533873210182,31.148876072674593,0.0363
2026-01-16 00:00:00,C001,Meta,US,static,806.71,34459,493,59,0.0143,0.1197,13.6731,0.6044538985470448,0.4036101311037765,0.14836329803187456,28.576375679576188,0.0354
2026-01-17 00:00:00,C001,Meta,US,static,1087.06,64553,850,105,0.0132,0.1235,10.353,0.707381458025171,0.37269422152963627,0.1602071336216835,53.54954758628542,0.0493
2026-01-18 00:00:00,C001,Meta,US,static,826.69,32225,518,60,0.0161,0.1158,13.7782,0.5533875993645195,0.35067881262842726,0.13519694920723552,23.791355083875942,0.0288
2026-01-19 00:00:00,C001,Meta,US,static,648.06,30600,485,67,0.0158,0.1381,9.6725,0.4996179723413485,0.3245115133068501,0.14664735352318145,26.8213032524644,0.0414
2026-01-20 00:00:00,C001,Meta,US,static,1057.37,58666,810,92,0.0138,0.1136,11.4932,0.5334855285146901,0.3283114432986438,0.1447696761254053,44.973342511556595,0.0425
2026-01-21 00:00:00,C001,Meta,US,static,955.69,47158,697,98,0.0148,0.1406,9.7519,0.6392573430944783,0.38698625690436866,0.20432372236893412,54.596175388893755,0.0571
2026-01-22 00:00:00,C001,Meta,US,static,765.92,40319,524,73,0.013,0.1393,10.4921,0.551168926546778,0.27933656982888766,0.1567463318970442,28.293594058176435,0.0369
2026-01-23 00:00:00,C001,Meta,US,static,1064.5,44012,704,79,0.016,0.1122,13.4747,0.5965337867995515,0.4110928205610834,0.10156185675274434,40.53535261682646,0.0381
2026-01-24 00:00:00,C001,Meta,US,static,840.52,40508,583,68,0.0144,0.1166,12.3606,0.6016409268924718,0.34481062383854194,0.14655117163851838,31.662740319461463,0.0377
2026-01-25 00:00:00,C001,Meta,US,static,1382.69,68500,959,123,0.014,0.1283,11.2414,0.643242973453954,0.41455715675791327,0.15645087736847313,60.497679342541744,0.0438
2026-01-26 00:00:00,C001,Meta,US,static,857.05,34113,558,63,0.0164,0.1129,13.604,0.6266676811072912,0.42727355014425056,0.1698880627456256,31.897655127610687,0.0372
2026-01-27 00:00:00,C001,Meta,US,static,889.78,37223,596,82,0.016,0.1376,10.851,0.6404673822089214,0.36032251142368826,0.1519185760792026,50.24473984203514,0.0565
2026-01-28 00:00:00,C001,Meta,US,static,949.32,40806,650,90,0.0159,0.1385,10.548,0.5138255105946649,0.346015149143955,0.16337989808073716,52.80209690612552,0.0556
2026-01-29 00:00:00,C001,Meta,US,static,901.54,36988,574,69,0.0155,0.1202,13.0658,0.6419290769723198,0.4014568772854028,0.14662750308310862,36.536530647586545,0.0405
2026-01-30 00:00:00,C001,Meta,US,static,1261.36,62204,886,120,0.0142,0.1354,10.5113,0.5644022113110073,0.3742504724615232,0.17029657327078446,70.07297436659553,0.0556
2026-01-31 00:00:00,C001,Meta,US,static,1338.09,63878,1042,138,0.0163,0.1324,9.6963,0.5987255323162155,0.32304071824150493,0.14247915104111472,50.377529659515574,0.0376
2026-02-01 00:00:00,C001,Meta,US,static,823.87,41633,578,83,0.0139,0.1436,9.9261,0.5705348634711438,0.31551310549870276,0.1614271586235085,46.027447919839155,0.0559
2026-02-02 00:00:00,C001,Meta,US,static,1219.33,51929,801,89,0.0154,0.1111,13.7003,0.6521208094593242,0.37210924369110737,0.16026170571387244,52.3110824700706,0.0429
2026-02-03 00:00:00,C001,Meta,US,static,924.47,58870,740,81,0.0126,0.1095,11.4132,0.5540182369718054,0.32757257022083947,0.10834356599641895,44.91057856076378,0.0486
2026-02-04 00:00:00,C001,Meta,US,static,987.5,39491,642,70,0.0163,0.109,14.1071,0.5993271116764604,0.3453544514684566,0.1259981404048813,26.62286717694806,0.027
2026-02-05 00:00:00,C001,Meta,US,static,711.92,27300,461,60,0.0169,0.1302,11.8653,0.49824286310694454,0.34610002360542186,0.1356528965493812,30.609626119496916,0.043
2026-02-06 00:00:00,C001,Meta,US,static,772.85,31900,465,64,0.0146,0.1376,12.0758,0.614476418176603,0.3851169130572064,0.18235459037695545,27.130610679773753,0.0351
2026-02-07 00:00:00,C001,Meta,US,static,1200.12,55364,731,93,0.0132,0.1272,12.9045,0.6439798448022606,0.41963697771854785,0.1502741068055453,51.5140628095517,0.0429
2026-02-08 00:00:00,C001,Meta,US,static,938.9,43286,622,77,0.0144,0.1238,12.1935,0.4812574277463146,0.3102237615795593,0.13405369637173312,45.19699342241771,0.0481
2026-02-09 00:00:00,C001,Meta,US,static,1056.38,45609,714,95,0.0157,0.1331,11.1198,0.6265254104652559,0.36524912771382806,0.17770489825066574,48.87812718118264,0.0463
2026-02-10 00:00:00,C001,Meta,US,static,1188.07,46445,765,109,0.0165,0.1425,10.8997,0.5814222110123474,0.3412002375587788,0.16051632278771,58.77428447960403,0.0495
2026-02-11 00:00:00,C001,Meta,US,static,791.17,41638,584,67,0.014,0.1147,11.8085,0.5010133575202659,0.3406913054536928,0.10633356280470846,37.665887051992854,0.0476
2026-02-12 00:00:00,C001,Meta,US,static,1046.93,57548,815,118,0.0142,0.1448,8.8723,0.6603445148667662,0.38363435474884955,0.17614390557764537,62.600844198264255,0.0598
2026-02-13 00:00:00,C001,Meta,US,static,756.74,38396,571,65,0.0149,0.1138,11.6422,0.5791636783281313,0.38884474644967554,0.12225394211570334,35.472201593264266,0.0469
2026-02-14 00:00:00,C001,Meta,US,static,942.24,52013,671,92,0.0129,0.1371,10.2417,0.6339513183339006,0.3486417607235084,0.1309670893510148,47.78924327595063,0.0507
2026-02-15 00:00:00,C001,Meta,US,static,720.4,32886,498,63,0.0151,0.1265,11.4349,0.479112082061108,0.30923009574623417,0.1441270595793258,27.85954771619936,0.0387
2026-02-16 00:00:00,C001,Meta,US,static,687.76,33076,494,59,0.0149,0.1194,11.6569,0.6468777343892239,0.39831264864745747,0.2029598446476204,30.376988461326025,0.0442
2026-02-17 00:00:00,C001,Meta,US,static,961.99,47171,696,89,0.0148,0.1279,10.8089,0.5381139654506492,0.34556609587398274,0.14083002534564795,45.70245103872748,0.0475
2026-02-18 00:00:00,C001,Meta,US,static,747.05,31381,456,54,0.0145,0.1184,13.8343,0.5961411255118917,0.37935651644789437,0.13679587180593783,22.758463089999545,0.0305
2026-02-19 00:00:00,C001,Meta,US,static,1032.56,39888,660,89,0.0165,0.1348,11.6018,0.6310550297495844,0.36590743194989633,0.18015102239957237,42.23404353463639,0.0409
2026-02-20 00:00:00,C001,Meta,US,static,959.12,34248,579,69,0.0169,0.1192,13.9003,0.5565892203849576,0.34292013863194143,0.1504246240529984,39.39877569830285,0.0411
2026-02-21 00:00:00,C001,Meta,US,static,1262.14,55664,894,99,0.0161,0.1107,12.7489,0.5711892261679142,0.38459511037161404,0.16874234716652128,39.92811647932109,0.0316
2026-02-22 00:00:00,C001,Meta,US,static,848.03,35340,555,76,0.0157,0.1369,11.1583,0.5849694623302323,0.41236323001199987,0.16772815123250498,47.306439762308095,0.0558
2026-02-23 00:00:00,C001,Meta,US,static,641.23,28304,440,48,0.0155,0.1091,13.359,0.5609725903347401,0.39801165053967036,0.12799343367707222,28.114999755416402,0.0438
2026-02-24 00:00:00,C001,Meta,US,static,1057.17,49567,709,84,0.0143,0.1185,12.5854,0.5933701838712155,0.40987296448438554,0.17402603509325973,48.67293937290973,0.046
2026-02-25 00:00:00,C001,Meta,US,static,1007.48,54288,714,93,0.0132,0.1303,10.8331,0.600894542660858,0.34865552366990876,0.17019434399084823,61.32751351109656,0.0609
2026-02-26 00:00:00,C001,Meta,US,static,821.88,48436,651,71,0.0134,0.1091,11.5758,0.5876842999700803,0.397291352940816,0.143905744179213,35.01722491925855,0.0426
2026-02-27 00:00:00,C001,Meta,US,static,787.69,35695,485,58,0.0136,0.1196,13.5809,0.6166857823288001,0.3171837683834968,0.17991608849804347,28.82027579140367,0.0366
2026-02-28 00:00:00,C001,Meta,US,static,759.58,35571,584,69,0.0164,0.1182,11.0084,0.607747972933264,0.3637925253313528,0.17000233535843653,40.03070252477024,0.0527
2026-03-01 00:00:00,C001,Meta,US,static,1074.07,41163,660,76,0.016,0.1152,14.1325,0.6467014521853067,0.3550847935485755,0.1451920289204109,37.26841676160108,0.0347
2026-01-01 00:00:00,C002,Meta,BR,playable,1233.36,121227,2258,350,0.0186,0.155,3.5239,0.48062381730922,0.3121660694868107,0.15484232163419512,43.56607201055265,0.0353
2026-01-02 00:00:00,C002,Meta,BR,playable,767.18,59234,1167,184,0.0197,0.1577,4.1695,0.5722135594426058,0.3406915864123458,0.15615868553104328,36.617564138004795,0.0477
2026-01-03 00:00:00,C002,Meta,BR,playable,959.9,77003,1629,297,0.0212,0.1823,3.232,0.5963868189711484,0.4061010992288367,0.10949379872104387,48.293992987864804,0.0503
2026-01-04 00:00:00,C002,Meta,BR,playable,1065.11,81446,1521,252,0.0187,0.1657,4.2266,0.5872350309575597,0.37968691383305286,0.1475902257094014,55.988204565622816,0.0526
2026-01-05 00:00:00,C002,Meta,BR,playable,753.39,61442,1375,213,0.0224,0.1549,3.537,0.5334898770357931,0.2975087408704476,0.14919061436465086,67.03848599454746,0.089
2026-01-06 00:00:00,C002,Meta,BR,playable,1086.19,79119,1583,299,0.02,0.1889,3.6327,0.6280325637135908,0.39886091712425925,0.16659841744698162,75.79558120614824,0.0698
2026-01-07 00:00:00,C002,Meta,BR,playable,1017.89,85254,1794,285,0.021,0.1589,3.5715,0.5259943345222816,0.26556750867270357,0.13462068928326493,31.36315981759939,0.0308
2026-01-08 00:00:00,C002,Meta,BR,playable,1210.66,85629,2066,357,0.0241,0.1728,3.3912,0.5265451505534675,0.2896113908005134,0.14227963105429886,39.496009167226,0.0326
2026-01-09 00:00:00,C002,Meta,BR,playable,746.09,47317,1048,156,0.0221,0.1489,4.7826,0.6075997026396346,0.3700829545701949,0.13508911193309314,27.378430091804937,0.0367
2026-01-10 00:00:00,C002,Meta,BR,playable,755.11,48782,1160,166,0.0238,0.1431,4.5489,0.6092603391932823,0.38592597252705363,0.14875779215490273,23.727813199439407,0.0314
2026-01-11 00:00:00,C002,Meta,BR,playable,1122.5,76927,1695,307,0.022,0.1811,3.6564,0.6045532057337136,0.38868917237271955,0.15519676697904683,73.35954270918324,0.0654
2026-01-12 00:00:00,C002,Meta,BR,playable,673.95,46511,973,172,0.0209,0.1768,3.9183,0.48218891023206184,0.30960554748627234,0.16377336429926037,10.792274819174525,0.016
2026-01-13 00:00:00,C002,Meta,BR,playable,831.14,64071,1391,250,0.0217,0.1797,3.3246,0.601251482151468,0.41143239908290047,0.1293565734641629,42.078436893285705,0.0506
2026-01-14 00:00:00,C002,Meta,BR,playable,642.67,49054,1137,163,0.0232,0.1434,3.9428,0.616496352364185,0.434490770871895,0.15725071036978958,40.023092922588226,0.0623
2026-01-15 00:00:00,C002,Meta,BR,playable,1293.66,96363,2145,407,0.0223,0.1897,3.1785,0.5896074367323112,0.3471572229589819,0.1498317913426725,90.73200450302213,0.0701
2026-01-16 00:00:00,C002,Meta,BR,playable,956.98,68109,1358,200,0.0199,0.1473,4.7849,0.5928448554861789,0.3453430690856977,0.16918240966288703,37.996703874740504,0.0397
2026-01-17 00:00:00,C002,Meta,BR,playable,809.8,70390,1512,289,0.0215,0.1911,2.8021,0.5123479571481981,0.3003522350037467,0.14938277173127112,58.977280799703976,0.0728
2026-01-18 00:00:00,C002,Meta,BR,playable,1184.82,67460,1668,318,0.0247,0.1906,3.7258,0.5234728478636927,0.35598613726388245,0.12413892619541357,26.820283134249276,0.0226
2026-01-19 00:00:00,C002,Meta,BR,playable,827.19,74145,1483,224,0.02,0.151,3.6928,0.5772972647236145,0.34713879458140007,0.1649976496727702,54.162887338556594,0.0655
2026-01-20 00:00:00,C002,Meta,BR,playable,1035.14,74812,1830,272,0.0245,0.1486,3.8057,0.5612241808172267,0.3781857120864422,0.13517848126720688,66.37955694600315,0.0641
2026-01-21 00:00:00,C002,Meta,BR,playable,837.73,53231,1271,237,0.0239,0.1865,3.5347,0.5619272743498672,0.3781842576318263,0.10291794655270858,34.477973158007245,0.0412
2026-01-22 00:00:00,C002,Meta,BR,playable,1039.47,77393,1667,282,0.0215,0.1692,3.6861,0.557416722561196,0.35330004291297384,0.14638226872300011,77.68119343498734,0.0747
2026-01-23 00:00:00,C002,Meta,BR,playable,986.26,79417,1565,243,0.0197,0.1553,4.0587,0.5389796708845357,0.32207497590519063,0.14928066415858368,62.42521510058826,0.0633
2026-01-24 00:00:00,C002,Meta,BR,playable,1040.71,74779,1852,341,0.0248,0.1841,3.0519,0.5282492046209668,0.3788726314710853,0.16176707567985912,58.37537509504056,0.0561
2026-01-25 00:00:00,C002,Meta,BR,playable,1322.55,88566,2057,376,0.0232,0.1828,3.5174,0.5336819084357817,0.2983340691531455,0.13464061287189316,41.51585766487646,0.0314
2026-01-26 00:00:00,C002,Meta,BR,playable,681.35,57928,1112,167,0.0192,0.1502,4.0799,0.5841030431537519,0.37620400892764694,0.12904724831700967,46.04753306577595,0.0676
2026-01-27 00:00:00,C002,Meta,BR,playable,898.11,59551,1460,233,0.0245,0.1596,3.8545,0.5509428281992714,0.3372161990462572,0.1484665486315068,49.103469915008,0.0547
2026-01-28 00:00:00,C002,Meta,BR,playable,936.7,65510,1605,259,0.0245,0.1614,3.6166,0.5843811945490999,0.37568484752219766,0.1674628085321046,57.40322758735506,0.0613
2026-01-29 00:00:00,C002,Meta,BR,playable,1061.69,85551,1797,296,0.021,0.1647,3.5868,0.5313299676626417,0.3425026232143587,0.12683660655383658,62.60808815516124,0.059
2026-01-30 00:00:00,C002,Meta,BR,playable,715.89,44492,1065,165,0.0239,0.1549,4.3387,0.5821135125017364,0.3519628998086822,0.1433377002201337,38.16400393598238,0.0533
2026-01-31 00:00:00,C002,Meta,BR,playable,874.71,60816,1393,266,0.0229,0.191,3.2884,0.5750605689403578,0.3560117862485741,0.16930680191883715,58.70954310262803,0.0671
2026-02-01 00:00:00,C002,Meta,BR,playable,708.73,49020,1178,204,0.024,0.1732,3.4742,0.583344211201119,0.36489508447102303,0.12447626507832273,49.71085067951343,0.0701
2026-02-02 00:00:00,C002,Meta,BR,playable,835.45,60105,1459,276,0.0243,0.1892,3.027,0.6153039688981367,0.3351555659797152,0.15108872491375092,100.67749091159138,0.1205
2026-02-03 00:00:00,C002,Meta,BR,playable,653.67,49914,1010,157,0.0202,0.1554,4.1635,0.5657134521218272,0.3980926693727224,0.138566895419255,26.517383541283795,0.0406
2026-02-04 00:00:00,C002,Meta,BR,playable,820.28,51013,1214,182,0.0238,0.1499,4.507,0.5532330359646652,0.3607213353622848,0.12131082937592527,41.65205632031473,0.0508
2026-02-05 00:00:00,C002,Meta,BR,playable,1104.83,63805,1577,231,0.0247,0.1465,4.7828,0.5359322710383769,0.32510736947947844,0.13689536241602754,24.34605570308887,0.022
2026-02-06 00:00:00,C002,Meta,BR,playable,676.09,50870,1116,187,0.0219,0.1676,3.6155,0.588656599474518,0.34177316246748457,0.175132030182443,45.127825813321365,0.0667
2026-02-07 00:00:00,C002,Meta,BR,playable,1005.24,77678,1640,238,0.0211,0.1451,4.2237,0.5423764098440718,0.38150783650433684,0.12308627966019778,68.85305896966044,0.0685
2026-02-08 00:00:00,C002,Meta,BR,playable,1225.4,84109,1812,340,0.0215,0.1876,3.6041,0.5242198247371695,0.35767227484459224,0.12763370003405242,44.26948633058434,0.0361
2026-02-09 00:00:00,C002,Meta,BR,playable,711.72,50043,1170,169,0.0234,0.1444,4.2114,0.6405336455942069,0.35613836607100785,0.1447436386882217,26.46805765813764,0.0372
2026-02-10 00:00:00,C002,Meta,BR,playable,1010.69,88782,1857,334,0.0209,0.1799,3.026,0.5355077398833245,0.32891147832566797,0.13823232993119708,18.36303857582914,0.0182
2026-02-11 00:00:00,C002,Meta,BR,playable,584.12,45790,876,129,0.0191,0.1473,4.5281,0.5607579340590667,0.35682466507116434,0.13948065786567398,26.729094319805792,0.0458
2026-02-12 00:00:00,C002,Meta,BR,playable,817.84,56677,1362,261,0.024,0.1916,3.1335,0.5536886408072502,0.33885466519949414,0.14876261121142606,33.625038036196614,0.0411
2026-02-13 00:00:00,C002,Meta,BR,playable,895.18,57219,1314,189,0.023,0.1438,4.7364,0.4706275276902615,0.25983519162577073,0.1297786896145498,34.12893941312607,0.0381
2026-02-14 00:00:00,C002,Meta,BR,playable,824.38,68459,1377,233,0.0201,0.1692,3.5381,0.5705526057241019,0.3115624385174076,0.15247748721525578,26.54124411968377,0.0322
2026-02-15 00:00:00,C002,Meta,BR,playable,1022.1,75759,1828,304,0.0241,0.1663,3.3622,0.5497724970999421,0.3693173454375843,0.18318157431771206,39.337201973241484,0.0385
2026-02-16 00:00:00,C002,Meta,BR,playable,685.58,63752,1256,206,0.0197,0.164,3.3281,0.5214903326061584,0.3063912262869992,0.12231080697349606,28.441748701912548,0.0415
2026-02-17 00:00:00,C002,Meta,BR,playable,1011.6,80189,1579,296,0.0197,0.1875,3.4176,0.516876613807643,0.3370857665061734,0.121465145071896,44.360908596746334,0.0439
2026-02-18 00:00:00,C002,Meta,BR,playable,1175.71,79471,1730,334,0.0218,0.1931,3.5201,0.5285946173561374,0.33857225499702664,0.12042989914482459,73.28729881347043,0.0623
2026-02-19 00:00:00,C002,Meta,BR,playable,1041.83,77972,1681,322,0.0216,0.1916,3.2355,0.5594930207839769,0.31639174773365275,0.1422681745962679,76.08165303858499,0.073
2026-02-20 00:00:00,C002,Meta,BR,playable,1389.36,105491,2182,356,0.0207,0.1632,3.9027,0.5561299377978338,0.3313426671272849,0.10705737467158215,38.34000247255689,0.0276
2026-02-21 00:00:00,C002,Meta,BR,playable,1142.45,82373,1864,318,0.0226,0.1706,3.5926,0.5684158219424725,0.334828442887088,0.17478654031461624,81.62990791711796,0.0715
2026-02-22 00:00:00,C002,Meta,BR,playable,858.62,58436,1359,211,0.0233,0.1553,4.0693,0.6213074359718148,0.39076341777790824,0.1665610720691769,64.21820252415287,0.0748
2026-02-23 00:00:00,C002,Meta,BR,playable,1041.68,89233,1641,237,0.0184,0.1444,4.3953,0.5944283021130679,0.35451359523683823,0.17431173355378207,21.465396805037013,0.0206
2026-02-24 00:00:00,C002,Meta,BR,playable,742.16,53748,1102,206,0.0205,0.1869,3.6027,0.576033213948574,0.3447240270647305,0.13273260126058714,14.651135609029398,0.0197
2026-02-25 00:00:00,C002,Meta,BR,playable,1143.74,67727,1619,246,0.0239,0.1519,4.6493,0.5738975492365023,0.29251836505238876,0.16022308780965916,47.43755669772212,0.0415
2026-02-26 00:00:00,C002,Meta,BR,playable,665.97,52896,1098,180,0.0208,0.1639,3.6998,0.5467507568074357,0.30163052393691664,0.14219738979022076,53.757806608712855,0.0807
2026-02-27 00:00:00,C002,Meta,BR,playable,975.77,69682,1591,240,0.0228,0.1508,4.0657,0.5795628494026839,0.3133254489502636,0.15466372529127,54.840037217457514,0.0562
2026-02-28 00:00:00,C002,Meta,BR,playable,656.87,56726,1168,172,0.0206,0.1473,3.819,0.6211219854197908,0.39201554794697313,0.19538006302045396,45.02670956255543,0.0685
2026-03-01 00:00:00,C002,Meta,BR,playable,1400.1,109060,2307,334,0.0212,0.1448,4.1919,0.5291913534763505,0.4201868666245597,0.15274167522520102,86.98104995201452,0.0621
2026-01-01 00:00:00,C003,Meta,JP,static,686.19,27623,449,50,0.0163,0.1114,13.7238,0.5827753387458237,0.33415065981605113,0.1258779787368856,19.179519864285577,0.028
2026-01-02 00:00:00,C003,Meta,JP,static,933.44,47221,795,95,0.0168,0.1195,9.8257,0.5436689766405446,0.2954512066436885,0.16376463964936974,45.35138572018458,0.0486
2026-01-03 00:00:00,C003,Meta,JP,static,1002.8,40243,673,76,0.0167,0.1129,13.1947,0.6185391835989065,0.3771584576385254,0.1607582185994725,41.6220703806455,0.0415
2026-01-04 00:00:00,C003,Meta,JP,static,635.24,34423,487,60,0.0141,0.1232,10.5873,0.4811776980962973,0.3323587977219177,0.11596135110458022,29.972024954445576,0.0472
2026-01-05 00:00:00,C003,Meta,JP,static,697.32,33557,566,66,0.0169,0.1166,10.5655,0.5875424603698648,0.3098836924887255,0.1703915629005364,28.827686591713196,0.0413
2026-01-06 00:00:00,C003,Meta,JP,static,717.8,31351,520,67,0.0166,0.1288,10.7134,0.5978303352080828,0.34735281881214086,0.1945605872989793,35.814987206244226,0.0499
2026-01-07 00:00:00,C003,Meta,JP,static,833.25,46393,672,97,0.0145,0.1443,8.5902,0.5442471021606586,0.3362453323808677,0.150530444089747,43.417349330680985,0.0521
2026-01-08 00:00:00,C003,Meta,JP,static,775.42,39701,625,71,0.0157,0.1136,10.9214,0.582498852037227,0.3556866974932714,0.126345943536049,34.20084278329581,0.0441
2026-01-09 00:00:00,C003,Meta,JP,static,1169.73,59335,870,108,0.0147,0.1241,10.8308,0.4679399531651106,0.36381809474168736,0.13072650107845246,59.22551234969769,0.0506
2026-01-10 00:00:00,C003,Meta,JP,static,1402.29,81634,1046,146,0.0128,0.1396,9.6047,0.5685454726127598,0.40549206918961134,0.14833106535958496,68.08377984353055,0.0486
2026-01-11 00:00:00,C003,Meta,JP,static,1299.78,54465,915,112,0.0168,0.1224,11.6052,0.5917403732891406,0.3470193563169581,0.11836032548871948,39.791548604800106,0.0306
2026-01-12 00:00:00,C003,Meta,JP,static,578.32,30675,470,64,0.0153,0.1362,9.0363,0.6045663918815839,0.44166473567045467,0.12868423055981365,37.459311783448356,0.0648
2026-01-13 00:00:00,C003,Meta,JP,static,962.54,40154,639,86,0.0159,0.1346,11.1923,0.5596034366754754,0.28707490795710244,0.143344442149826,32.81418474647,0.0341
2026-01-14 00:00:00,C003,Meta,JP,static,920.1,49939,642,81,0.0129,0.1262,11.3593,0.5572876411891852,0.3922466004387426,0.13090678937017822,35.26781228490336,0.0383
2026-01-15 00:00:00,C003,Meta,JP,static,874.32,45791,654,76,0.0143,0.1162,11.5042,0.6640112357496224,0.37272102662229406,0.1550043598126425,39.81589609510114,0.0455
2026-01-16 00:00:00,C003,Meta,JP,static,653.34,26884,448,57,0.0167,0.1272,11.4621,0.5140838634933106,0.3230721309905027,0.09547004148064789,25.599580746689725,0.0392
2026-01-17 00:00:00,C003,Meta,JP,static,921.22,61826,780,98,0.0126,0.1256,9.4002,0.5844104498377435,0.35995454548812145,0.1657432609792511,55.62804782877609,0.0604
2026-01-18 00:00:00,C003,Meta,JP,static,1004.36,39702,673,95,0.017,0.1412,10.5722,0.6391199145364928,0.3855571865037569,0.15558772223090467,44.49062227099317,0.0443
2026-01-19 00:00:00,C003,Meta,JP,static,727.85,43164,574,66,0.0133,0.115,11.028,0.4952491155771771,0.30906930977611136,0.10582897722777651,24.04551288637341,0.033
2026-01-20 00:00:00,C003,Meta,JP,static,1136.72,54550,905,103,0.0166,0.1138,11.0361,0.5455798442587955,0.3353430674709804,0.13878277994505087,48.744692918500185,0.0429
2026-01-21 00:00:00,C003,Meta,JP,static,945.78,47305,756,104,0.016,0.1376,9.094,0.5009749695890331,0.30465649341219964,0.14330854333583057,31.602706462003148,0.0334
2026-01-22 00:00:00,C003,Meta,JP,static,800.49,36510,589,65,0.0161,0.1104,12.3152,0.49703263564331285,0.2733856648203223,0.16207030105487574,26.708901927027263,0.0334
2026-01-23 00:00:00,C003,Meta,JP,static,974.59,44350,692,101,0.0156,0.146,9.6494,0.5668731854872164,0.352040163782522,0.17525625578808302,44.07929229635029,0.0452
2026-01-24 00:00:00,C003,Meta,JP,static,1106.7,67330,900,113,0.0134,0.1256,9.7938,0.5486298207901684,0.3297563924518146,0.13244353700870104,46.73944334129834,0.0422
2026-01-25 00:00:00,C003,Meta,JP,static,805.21,36715,526,61,0.0143,0.116,13.2002,0.6161729769275035,0.3526075971502388,0.16797025980405417,31.986157865625305,0.0397
2026-01-26 00:00:00,C003,Meta,JP,static,1241.28,50973,831,97,0.0163,0.1167,12.7967,0.5524957102023397,0.282916881776225,0.11651508325183939,39.416628820028855,0.0318
2026-01-27 00:00:00,C003,Meta,JP,static,1134.6,54207,786,111,0.0145,0.1412,10.2216,0.5172330617747529,0.3680913810722727,0.09880114340478205,40.0208889582422,0.0353
2026-01-28 00:00:00,C003,Meta,JP,static,908.16,45888,656,90,0.0143,0.1372,10.0907,0.6569041712376905,0.3961702517638058,0.1506546264896947,35.15157778433009,0.0387
2026-01-29 00:00:00,C003,Meta,JP,static,1158.9,48403,804,117,0.0166,0.1455,9.9051,0.545286325645678,0.3946324578889955,0.16577938733137146,52.39376121921658,0.0452
2026-01-30 00:00:00,C003,Meta,JP,static,883.32,42272,602,87,0.0142,0.1445,10.1531,0.6247528459614906,0.37117873496727233,0.12519953108271628,43.832616824992805,0.0496
2026-01-31 00:00:00,C003,Meta,JP,static,688.86,35481,557,72,0.0157,0.1293,9.5675,0.542736213701302,0.36996982298270914,0.13538509811062105,31.58925276276008,0.0459
2026-02-01 00:00:00,C003,Meta,JP,static,848.11,42669,584,82,0.0137,0.1404,10.3428,0.5996968791107598,0.3308777163815029,0.1616832051060262,50.19400607184789,0.0592
2026-02-02 00:00:00,C003,Meta,JP,static,543.93,22562,354,47,0.0157,0.1328,11.573,0.6015063779019509,0.42529116692542024,0.14434954363979283,24.954900462316054,0.0459
2026-02-03 00:00:00,C003,Meta,JP,static,1019.82,52356,791,90,0.0151,0.1138,11.3313,0.6234802039339613,0.36672709768672335,0.14953043920723483,36.86398906670804,0.0361
2026-02-04 00:00:00,C003,Meta,JP,static,820.68,41172,697,77,0.0169,0.1105,10.6582,0.49112942678934035,0.30939299348775817,0.1369951574120285,31.513672702096578,0.0384
2026-02-05 00:00:00,C003,Meta,JP,static,906.59,43436,631,76,0.0145,0.1204,11.9288,0.5553222990051412,0.3242081184941949,0.14756064873684566,40.53570646530883,0.0447
2026-02-06 00:00:00,C003,Meta,JP,static,961.02,41253,674,75,0.0163,0.1113,12.8136,0.5783852491012822,0.39646620408462196,0.13854335276762098,32.39703162154901,0.0337
2026-02-07 00:00:00,C003,Meta,JP,static,825.83,39282,601,79,0.0153,0.1314,10.4535,0.5820566301388254,0.32446072471734067,0.13434235403530284,31.22457570055602,0.0378
2026-02-08 00:00:00,C003,Meta,JP,static,825.69,51586,698,87,0.0135,0.1246,9.4907,0.5772958832875842,0.37028805006041104,0.12747964331188738,46.678338798852856,0.0565
2026-02-09 00:00:00,C003,Meta,JP,static,928.25,44768,681,93,0.0152,0.1366,9.9812,0.5205227062183472,0.24791845829854503,0.11408573384180466,44.83161952065173,0.0483
2026-02-10 00:00:00,C003,Meta,JP,static,994.59,60267,814,91,0.0135,0.1118,10.9296,0.5187031525405813,0.3069817533096372,0.09462538408157564,34.87735660726349,0.0351
2026-02-11 00:00:00,C003,Meta,JP,static,1078.97,57895,887,107,0.0153,0.1206,10.0838,0.5672921576964506,0.3637822647134252,0.11200319963450946,49.24739838993371,0.0456
2026-02-12 00:00:00,C003,Meta,JP,static,1062.42,50525,684,81,0.0135,0.1184,13.1163,0.5433403851687064,0.31968499666985417,0.15226574387022676,36.79940719033665,0.0346
2026-02-13 00:00:00,C003,Meta,JP,static,1131.62,55098,741,95,0.0134,0.1282,11.9118,0.6268503964802568,0.4002578453296687,0.18719380582715894,44.063490557349645,0.0389
2026-02-14 00:00:00,C003,Meta,JP,static,954.25,49835,746,96,0.015,0.1287,9.9401,0.5739239689859914,0.343697200108893,0.17600656919743157,39.63553777079915,0.0415
2026-02-15 00:00:00,C003,Meta,JP,static,837.01,38630,561,65,0.0145,0.1159,12.8771,0.5558127915238237,0.35774497643287445,0.16709484702008914,31.506202521605644,0.0376
2026-02-16 00:00:00,C003,Meta,JP,static,678.93,38354,580,63,0.0151,0.1086,10.7767,0.61884067043161,0.3336533672160487,0.1695966232853371,35.50633544474751,0.0523
2026-02-17 00:00:00,C003,Meta,JP,static,1209.21,78654,1049,150,0.0133,0.143,8.0614,0.5794598213318999,0.38070519532217195,0.13649185426556673,57.057855850939916,0.0472
2026-02-18 00:00:00,C003,Meta,JP,static,782.71,42021,616,75,0.0147,0.1218,10.4361,0.5598109574146841,0.3743852177523242,0.12908131174131734,22.68540012760179,0.029
2026-02-19 00:00:00,C003,Meta,JP,static,980.08,41524,670,90,0.0161,0.1343,10.8898,0.49327190918049085,0.2890750011138729,0.09153898854741116,33.944605119201675,0.0346
2026-02-20 00:00:00,C003,Meta,JP,static,771.06,39020,632,90,0.0162,0.1424,8.5673,0.5529343591972969,0.3262015695683403,0.14992474679150328,38.054043368601576,0.0494
2026-02-21 00:00:00,C003,Meta,JP,static,1244.37,48740,821,106,0.0168,0.1291,11.7393,0.41579507681908534,0.35716165757367213,0.07298588472143183,49.96551704407934,0.0402
2026-02-22 00:00:00,C003,Meta,JP,static,1066.47,57360,905,127,0.0158,0.1403,8.3974,0.560572995239383,0.313367044800711,0.13381224218477286,63.13495317635386,0.0592
2026-02-23 00:00:00,C003,Meta,JP,static,841.82,37680,630,86,0.0167,0.1365,9.7886,0.5895514802379951,0.33007916844664204,0.11471048296912746,32.16635064745006,0.0382
2026-02-24 00:00:00,C003,Meta,JP,static,670.06,27722,469,53,0.0169,0.113,12.6426,0.4927291196290273,0.2948988271420728,0.11681397597622264,21.95015585864596,0.0328
2026-02-25 00:00:00,C003,Meta,JP,static,850.09,38386,570,80,0.0148,0.1404,10.6261,0.5174570272911353,0.33871678628122004,0.1329905381826452,32.351040231525836,0.0381
2026-02-26 00:00:00,C003,Meta,JP,static,719.53,39511,504,60,0.0128,0.119,11.9922,0.5098015778830725,0.34967622270788745,0.13102494087050284,25.299046594707256,0.0352
2026-02-27 00:00:00,C003,Meta,JP,static,1116.32,60642,790,86,0.013,0.1089,12.9805,0.5542456382187334,0.33851738399491094,0.12770710714007064,35.25651583170403,0.0316
2026-02-28 00:00:00,C003,Meta,JP,static,682.26,35742,503,62,0.0141,0.1233,11.0042,0.5340746073505693,0.3393661173719167,0.1392192170151074,25.860525072435443,0.0379
2026-03-01 00:00:00,C003,Meta,JP,static,1185.61,50659,844,123,0.0167,0.1457,9.6391,0.49053900803388306,0.33195840169025387,0.13792796621704623,58.30283414687757,0.0492
2026-01-01 00:00:00,C004,Meta,KR,video,868.7,46160,787,113,0.017,0.1436,7.6876,0.6839293466646786,0.4098901819758526,0.20271940338102057,43.5866324018549,0.0502
2026-01-02 00:00:00,C004,Meta,KR,video,876.76,43079,776,128,0.018,0.1649,6.8497,0.5716629737746451,0.31633738295431046,0.11903942485532316,23.095239342377937,0.0263
2026-01-03 00:00:00,C004,Meta,KR,video,1029.99,55252,901,122,0.0163,0.1354,8.4425,0.5506094219244405,0.3613915875808311,0.13211825719568743,31.819475077847123,0.0309
2026-01-04 00:00:00,C004,Meta,KR,video,950.8,51902,995,142,0.0192,0.1427,6.6958,0.5516653703602584,0.3838273385425421,0.1616309843295913,39.25073619562163,0.0413
2026-01-05 00:00:00,C004,Meta,KR,video,980.17,66555,1104,171,0.0166,0.1549,5.732,0.5790626835137401,0.33196490271875195,0.10827519015560483,44.78713219570427,0.0457
2026-01-06 00:00:00,C004,Meta,KR,video,684.8,42036,761,111,0.0181,0.1459,6.1694,0.5981026364664235,0.34931197356275884,0.15656474839533438,34.44250054785024,0.0503
2026-01-07 00:00:00,C004,Meta,KR,video,650.9,45098,698,94,0.0155,0.1347,6.9245,0.5649498708143615,0.35302005411834697,0.10329962205740906,33.49414328352103,0.0515
2026-01-08 00:00:00,C004,Meta,KR,video,801.53,36028,744,121,0.0207,0.1626,6.6242,0.5873298520857262,0.355835610812633,0.16548803955097152,47.39117861596133,0.0591
2026-01-09 00:00:00,C004,Meta,KR,video,972.66,45790,900,123,0.0197,0.1367,7.9078,0.5916987426764259,0.45284644491161713,0.1745255326272371,41.95860152454805,0.0431
2026-01-10 00:00:00,C004,Meta,KR,video,1227.83,60690,1126,180,0.0186,0.1599,6.8213,0.56208716555181,0.35600314798410515,0.15338081902951828,60.67386410718347,0.0494
2026-01-11 00:00:00,C004,Meta,KR,video,1008.89,53998,905,146,0.0168,0.1613,6.9102,0.6136992360630913,0.3701832159321917,0.13750777440334014,50.61580553252174,0.0502
2026-01-12 00:00:00,C004,Meta,KR,video,852.69,47683,836,132,0.0175,0.1579,6.4598,0.6556754924826282,0.34484214675180896,0.15489150340629812,41.620112010466364,0.0488
2026-01-13 00:00:00,C004,Meta,KR,video,773.94,38256,706,95,0.0185,0.1346,8.1467,0.7496662987377236,0.4183955005071579,0.15501385700705278,31.104942220704345,0.0402
2026-01-14 00:00:00,C004,Meta,KR,video,784.66,46777,781,118,0.0167,0.1511,6.6497,0.5195522075493864,0.35257548046231174,0.1561219195468579,32.811745479169204,0.0418
2026-01-15 00:00:00,C004,Meta,KR,video,945.27,66383,1053,175,0.0159,0.1662,5.4015,0.6433542221337635,0.39005941308450887,0.1667068537026143,90.86025496149122,0.0961
2026-01-16 00:00:00,C004,Meta,KR,video,963.02,59182,1019,145,0.0172,0.1423,6.6415,0.5505046150481887,0.37817345762956117,0.15441821084667176,54.82952586133483,0.0569
2026-01-17 00:00:00,C004,Meta,KR,video,1143.24,63749,1201,152,0.0188,0.1266,7.5213,0.5965524658570764,0.40860491020263917,0.1675992585723083,76.92249656241549,0.0673
2026-01-18 00:00:00,C004,Meta,KR,video,948.05,63092,1091,146,0.0173,0.1338,6.4935,0.5244666397531161,0.3604485756192795,0.1527221859511224,43.32242363275579,0.0457
2026-01-19 00:00:00,C004,Meta,KR,video,956.15,53701,992,163,0.0185,0.1643,5.866,0.5898862141031641,0.38917554115118885,0.16890267788870028,65.62022089300903,0.0686
2026-01-20 00:00:00,C004,Meta,KR,video,984.86,61140,1121,144,0.0183,0.1285,6.8393,0.6301107448534682,0.3737558970854169,0.13413617021609567,46.841201817132095,0.0476
2026-01-21 00:00:00,C004,Meta,KR,video,1064.98,61819,958,141,0.0155,0.1472,7.553,0.6454759613585935,0.36147293185396606,0.15684923780696622,36.14113680109476,0.0339
2026-01-22 00:00:00,C004,Meta,KR,video,912.64,51703,1039,162,0.0201,0.1559,5.6336,0.5563091977796386,0.38880191593718416,0.13051372965989777,63.005868589521185,0.069
2026-01-23 00:00:00,C004,Meta,KR,video,807.08,48605,755,93,0.0155,0.1232,8.6783,0.5946059182791106,0.38904899573368595,0.17666313993916052,40.162706830157205,0.0498
2026-01-24 00:00:00,C004,Meta,KR,video,858.75,47274,876,142,0.0185,0.1621,6.0475,0.6354506624554848,0.4156124590498053,0.16754469609810715,61.90760642533176,0.0721
2026-01-25 00:00:00,C004,Meta,KR,video,1202.55,59366,1203,149,0.0203,0.1239,8.0708,0.5730548430584984,0.36922711254134255,0.14502705353563494,36.69741611557194,0.0305
2026-01-26 00:00:00,C004,Meta,KR,video,1144.35,62112,1145,159,0.0184,0.1389,7.1972,0.6523141647304043,0.4126247395952988,0.1734551705830127,81.62335929981671,0.0713
2026-01-27 00:00:00,C004,Meta,KR,video,788.39,55763,874,135,0.0157,0.1545,5.8399,0.6184046102082236,0.3863622024444501,0.2008378197635254,41.60262146454058,0.0528
2026-01-28 00:00:00,C004,Meta,KR,video,674.6,36758,609,89,0.0166,0.1461,7.5798,0.5770393360789351,0.4269386014399959,0.15396633539353502,32.40216011832956,0.048
2026-01-29 00:00:00,C004,Meta,KR,video,767.54,38434,772,117,0.0201,0.1516,6.5602,0.615454300645874,0.40041834026587636,0.206466421048177,45.84835375997384,0.0597
2026-01-30 00:00:00,C004,Meta,KR,video,1028.6,64326,1111,144,0.0173,0.1296,7.1431,0.6995384660766543,0.4073473862698254,0.1876031346199513,41.294126568915296,0.0401
2026-01-31 00:00:00,C004,Meta,KR,video,770.13,45889,891,148,0.0194,0.1661,5.2036,0.5850268133087542,0.3656387452936243,0.1713895089383037,29.322982175860698,0.0381
2026-02-01 00:00:00,C004,Meta,KR,video,1013.65,52902,883,116,0.0167,0.1314,8.7384,0.5840614152410137,0.365785789468702,0.1566985141163291,39.30746026611275,0.0388
2026-02-02 00:00:00,C004,Meta,KR,video,674.45,39216,663,91,0.0169,0.1373,7.4115,0.71025971567887,0.3768032865691258,0.1624313636209805,48.781586167539324,0.0723
2026-02-03 00:00:00,C004,Meta,KR,video,920.32,58223,912,149,0.0157,0.1634,6.1766,0.5494752295053377,0.34279007643386195,0.17612216465908934,26.91584378402907,0.0292
2026-02-04 00:00:00,C004,Meta,KR,video,1046.04,51883,1006,160,0.0194,0.159,6.5377,0.5758915411988647,0.37523966342177506,0.17649329583335008,43.60213588342516,0.0417
2026-02-05 00:00:00,C004,Meta,KR,video,941.64,42247,874,113,0.0207,0.1293,8.3331,0.5781061476090196,0.3254921925869769,0.12351825900517807,36.33585602183837,0.0386
2026-02-06 00:00:00,C004,Meta,KR,video,952.38,47370,909,137,0.0192,0.1507,6.9517,0.6079070383320516,0.3467085185041378,0.17087025000548686,31.755814204350227,0.0333
2026-02-07 00:00:00,C004,Meta,KR,video,736.64,43400,716,111,0.0165,0.155,6.6364,0.6901891749578941,0.3765692828740858,0.1535744381420947,26.321499849269703,0.0357
2026-02-08 00:00:00,C004,Meta,KR,video,776.48,51887,808,104,0.0156,0.1287,7.4662,0.6399075245307648,0.3341082719982587,0.14608565143895985,25.01811362884482,0.0322
2026-02-09 00:00:00,C004,Meta,KR,video,1170.58,62296,1213,191,0.0195,0.1575,6.1287,0.4975901615381775,0.3157652014052907,0.14938589529967466,60.79397687458041,0.0519
2026-02-10 00:00:00,C004,Meta,KR,video,917.62,54915,903,143,0.0164,0.1584,6.4169,0.5898674619620409,0.3605527168247587,0.17133563862930928,45.959594468285864,0.0501
2026-02-11 00:00:00,C004,Meta,KR,video,1045.03,50783,923,139,0.0182,0.1506,7.5182,0.577527119757868,0.3163279586851052,0.11650117254381301,37.83093683500464,0.0362
2026-02-12 00:00:00,C004,Meta,KR,video,762.6,45621,751,97,0.0165,0.1292,7.8619,0.6340066370285103,0.37962500263662363,0.1487549411293597,36.64102374256971,0.048
2026-02-13 00:00:00,C004,Meta,KR,video,1233.72,63596,1186,179,0.0186,0.1509,6.8923,0.6163789813580863,0.443160116759393,0.14431869224927477,65.3211025442078,0.0529
2026-02-14 00:00:00,C004,Meta,KR,video,982.85,55493,980,135,0.0177,0.1378,7.2804,0.5810620236365487,0.35559947012006726,0.164500895383096,51.55177879261947,0.0525
2026-02-15 00:00:00,C004,Meta,KR,video,918.95,48944,919,151,0.0188,0.1643,6.0858,0.6204047014541058,0.37490965849253816,0.15427716984090925,55.48918426967579,0.0604
2026-02-16 00:00:00,C004,Meta,KR,video,1123.48,57823,1046,156,0.0181,0.1491,7.2018,0.5696101835096715,0.4178203952283024,0.1570813293663426,55.17316512787531,0.0491
2026-02-17 00:00:00,C004,Meta,KR,video,941.66,46974,857,128,0.0182,0.1494,7.3567,0.689313180142587,0.3827168580466599,0.12612824445788245,52.28236015597875,0.0555
2026-02-18 00:00:00,C004,Meta,KR,video,868.01,56370,913,130,0.0162,0.1424,6.677,0.5999858907379495,0.37145497589200094,0.14945461082068856,38.32076286113748,0.0441
2026-02-19 00:00:00,C004,Meta,KR,video,691.08,29852,610,86,0.0204,0.141,8.0358,0.6509566552337323,0.38556793517820176,0.15148051169237894,41.85419532734913,0.0606
2026-02-20 00:00:00,C004,Meta,KR,video,848.97,44205,888,141,0.0201,0.1588,6.0211,0.6159522678654796,0.36246255260338456,0.11379241251092112,61.92633424592826,0.0729
2026-02-21 00:00:00,C004,Meta,KR,video,1401.69,61469,1259,167,0.0205,0.1326,8.3934,0.622341466363504,0.412775348491201,0.17826324075864244,68.85414232152264,0.0491
2026-02-22 00:00:00,C004,Meta,KR,video,996.95,49617,997,150,0.0201,0.1505,6.6463,0.5771765676562014,0.3470573997637207,0.18198053088536748,44.3425526719871,0.0445
2026-02-23 00:00:00,C004,Meta,KR,video,1135.13,55611,1110,150,0.02,0.1351,7.5675,0.6985939714063067,0.41225788271946334,0.180390142752168,76.51612657928781,0.0674
2026-02-24 00:00:00,C004,Meta,KR,video,1099.97,57704,1024,167,0.0177,0.1631,6.5866,0.5234812534246255,0.39764331147591053,0.1418304329156105,56.924231390866375,0.0518
2026-02-25 00:00:00,C004,Meta,KR,video,804.99,41065,807,130,0.0197,0.1611,6.1922,0.5047579012403381,0.29216913067479555,0.15906198882065437,38.956441141663205,0.0484
2026-02-26 00:00:00,C004,Meta,KR,video,728.14,40729,727,115,0.0178,0.1582,6.3317,0.6088755128166421,0.3723013675363356,0.19441136836457723,38.85283535295939,0.0534
2026-02-27 00:00:00,C004,Meta,KR,video,1087.76,62349,1180,158,0.0189,0.1339,6.8846,0.5700259797521076,0.3735638934261344,0.15645414262804827,67.43970700645316,0.062
2026-02-28 00:00:00,C004,Meta,KR,video,900.16,42588,810,118,0.019,0.1457,7.6285,0.5557429657651156,0.33729815681179726,0.1814425315031998,52.40273675955351,0.0582
2026-03-01 00:00:00,C004,Meta,KR,video,995.31,52358,871,116,0.0166,0.1332,8.5803,0.6047397956132118,0.32260140057361664,0.14433823677429566,39.926634544683786,0.0401
2026-01-01 00:00:00,C005,Meta,BR,static,802.24,83857,1184,147,0.0141,0.1242,5.4574,0.38837432013684975,0.25942287693072213,0.11575080847084324,21.02789506149685,0.0262
2026-01-02 00:00:00,C005,Meta,BR,static,888.26,100460,1409,167,0.014,0.1185,5.3189,0.45742837590199364,0.3000911573911453,0.15178498105739432,10.503427874851992,0.0118
2026-01-03 00:00:00,C005,Meta,BR,static,874.28,92345,1306,180,0.0141,0.1378,4.8571,0.44692394660039064,0.2216399934445923,0.10951053602003721,8.289395318000041,0.0095
2026-01-04 00:00:00,C005,Meta,BR,static,662.35,59586,958,135,0.0161,0.1409,4.9063,0.5055376930156963,0.3073915479909826,0.1341240282733074,30.897343442029218,0.0466
2026-01-05 00:00:00,C005,Meta,BR,static,613.18,60064,872,117,0.0145,0.1342,5.2409,0.4014506703363095,0.32040804445859816,0.12745804416988482,26.289782049948144,0.0429
2026-01-06 00:00:00,C005,Meta,BR,static,827.14,86154,1277,151,0.0148,0.1182,5.4777,0.4716882414748469,0.23761157886582232,0.1160942655636498,8.174550682426228,0.0099
2026-01-07 00:00:00,C005,Meta,BR,static,1005.3,96008,1602,197,0.0167,0.123,5.103,0.4568550380973935,0.27594555555648786,0.10355874844291851,30.41428230044894,0.0303
2026-01-08 00:00:00,C005,Meta,BR,static,831.41,79712,1272,186,0.016,0.1462,4.4699,0.43900734177928236,0.31044387747930624,0.10462648387477899,43.073335725989686,0.0518
2026-01-09 00:00:00,C005,Meta,BR,static,949.52,133541,1702,241,0.0127,0.1416,3.9399,0.5014431523279891,0.2909265392533127,0.09375842334439671,58.32419982830553,0.0614
2026-01-10 00:00:00,C005,Meta,BR,static,1027.15,113738,1769,195,0.0156,0.1102,5.2674,0.455785924857832,0.3020230718000271,0.15029448700492076,28.19326532779206,0.0274
2026-01-11 00:00:00,C005,Meta,BR,static,666.07,74681,1090,152,0.0146,0.1394,4.382,0.47828200621539324,0.2972596041397885,0.11735393240126356,31.96461564090843,0.048
2026-01-12 00:00:00,C005,Meta,BR,static,821.44,98955,1349,157,0.0136,0.1164,5.2321,0.5151248906057837,0.308118301987044,0.12546241886176535,26.733146257030928,0.0325
2026-01-13 00:00:00,C005,Meta,BR,static,969.68,103882,1652,238,0.0159,0.1441,4.0743,0.523188685229206,0.321101399177226,0.13655375030726666,50.11239936969645,0.0517
2026-01-14 00:00:00,C005,Meta,BR,static,795.14,100602,1445,187,0.0144,0.1294,4.2521,0.5138222129357439,0.36834664284597995,0.09358980987974287,19.224054624292958,0.0242
2026-01-15 00:00:00,C005,Meta,BR,static,737.77,82344,1226,133,0.0149,0.1085,5.5471,0.3866269259164479,0.2951420476499653,0.12828492637392847,8.868212088138964,0.012
2026-01-16 00:00:00,C005,Meta,BR,static,1251.82,174477,2287,260,0.0131,0.1137,4.8147,0.5821237722591346,0.26957949431549066,0.18300778432930842,63.94215417098745,0.0511
2026-01-17 00:00:00,C005,Meta,BR,static,1173.31,136036,1938,279,0.0142,0.144,4.2054,0.47849759518560553,0.2732710496584385,0.10956296167983073,53.99057913351897,0.046
2026-01-18 00:00:00,C005,Meta,BR,static,1113.45,128117,1692,218,0.0132,0.1288,5.1076,0.5200227393595125,0.29691641396182017,0.15427268147973378,41.679444590646,0.0374
2026-01-19 00:00:00,C005,Meta,BR,static,1013.8,144655,1918,257,0.0133,0.134,3.9447,0.3768427751818793,0.2847933874437001,0.09508503631247653,23.25350092918117,0.0229
2026-01-20 00:00:00,C005,Meta,BR,static,652.49,62731,1032,138,0.0165,0.1337,4.7282,0.443205934809571,0.25760322124166923,0.08285395513262414,4.848104174776052,0.0074
2026-01-21 00:00:00,C005,Meta,BR,static,876.42,113680,1569,195,0.0138,0.1243,4.4945,0.4794107344248728,0.31544477913045255,0.11713679677049021,38.09539246620931,0.0435
2026-01-22 00:00:00,C005,Meta,BR,static,1104.48,126180,1771,202,0.014,0.1141,5.4677,0.400509152711321,0.2431314213411222,0.08537484457803587,32.06092462954663,0.029
2026-01-23 00:00:00,C005,Meta,BR,static,807.83,92331,1393,160,0.0151,0.1149,5.0489,0.4523577417891169,0.2908921516117044,0.14354209737298107,15.6260947494765,0.0193
2026-01-24 00:00:00,C005,Meta,BR,static,1165.35,107484,1765,232,0.0164,0.1314,5.0231,0.5168004970290099,0.3258056202907835,0.15267242395614042,50.534882256964494,0.0434
2026-01-25 00:00:00,C005,Meta,BR,static,750.66,72968,1171,163,0.016,0.1392,4.6053,0.4797067144642718,0.28865865442147665,0.08980576436453898,19.46153004835555,0.0259
2026-01-26 00:00:00,C005,Meta,BR,static,794.19,76762,1165,137,0.0152,0.1176,5.797,0.5423971679748885,0.2937390424188949,0.11239246205073511,34.92936062360334,0.044
2026-01-27 00:00:00,C005,Meta,BR,static,809.19,73364,1168,157,0.0159,0.1344,5.1541,0.47418711354096676,0.31362878440737213,0.09266926378587287,22.832945449366353,0.0282
2026-01-28 00:00:00,C005,Meta,BR,static,620.17,70244,979,111,0.0139,0.1134,5.5871,0.5159629218269124,0.23979759427116454,0.11523061738172508,13.157063186181292,0.0212
2026-01-29 00:00:00,C005,Meta,BR,static,781.19,70122,1099,145,0.0157,0.1319,5.3875,0.4590612308256504,0.2610018935392385,0.10880219819186156,23.3326602486196,0.0299
2026-01-30 00:00:00,C005,Meta,BR,static,1156.0,111810,1631,217,0.0146,0.133,5.3272,0.5893745436295399,0.31316853971211245,0.16251316920453995,43.51091027770356,0.0376
2026-01-31 00:00:00,C005,Meta,BR,static,831.16,97900,1294,151,0.0132,0.1167,5.5044,0.49638863167033326,0.29726502994451554,0.14839934205530533,46.23968473163444,0.0556
2026-02-01 00:00:00,C005,Meta,BR,static,890.24,100534,1587,199,0.0158,0.1254,4.4736,0.46785375810619306,0.2838888119977118,0.14901340211258615,27.50789042310594,0.0309
2026-02-02 00:00:00,C005,Meta,BR,static,897.21,102042,1401,163,0.0137,0.1163,5.5044,0.42094511115220545,0.256315601092392,0.11443586279952435,20.127646968393993,0.0224
2026-02-03 00:00:00,C005,Meta,BR,static,851.33,74240,1219,174,0.0164,0.1427,4.8927,0.4595736885512875,0.3569102906592547,0.13798573847175893,29.996645451395132,0.0352
2026-02-04 00:00:00,C005,Meta,BR,static,1105.7,116826,1962,269,0.0168,0.1371,4.1104,0.5028197868659842,0.2627866704421979,0.13200586201000383,55.059902992160495,0.0498
2026-02-05 00:00:00,C005,Meta,BR,static,803.02,78820,1218,153,0.0155,0.1256,5.2485,0.4508633630790622,0.28440903729264594,0.12867386009368842,31.25830229004251,0.0389
2026-02-06 00:00:00,C005,Meta,BR,static,963.34,117632,1575,182,0.0134,0.1156,5.2931,0.47083581784765793,0.28035373071135317,0.09968721188933764,26.138395124742946,0.0271
2026-02-07 00:00:00,C005,Meta,BR,static,702.19,66726,1062,149,0.0159,0.1403,4.7127,0.41779485063438065,0.265746357134795,0.11580582734184953,41.74076082090664,0.0594
2026-02-08 00:00:00,C005,Meta,BR,static,1035.03,101386,1602,217,0.0158,0.1355,4.7697,0.4732286987251587,0.31208156021953876,0.0956385715333034,53.33421753512549,0.0515
2026-02-09 00:00:00,C005,Meta,BR,static,778.15,112517,1440,206,0.0128,0.1431,3.7774,0.4112612251990011,0.25334228740267123,0.11995795141927995,49.1392092726187,0.0631
2026-02-10 00:00:00,C005,Meta,BR,static,660.96,91188,1175,154,0.0129,0.1311,4.2919,0.49228850592220597,0.3802173713643726,0.14508473862727245,24.01446061774185,0.0363
2026-02-11 00:00:00,C005,Meta,BR,static,917.76,117495,1738,250,0.0148,0.1438,3.671,0.4015053811481116,0.2529212938142148,0.12024844659362505,64.83491446511195,0.0706
2026-02-12 00:00:00,C005,Meta,BR,static,808.66,103806,1392,152,0.0134,0.1092,5.3201,0.4308799409242483,0.30457704901744226,0.1264480072435099,31.198630601794672,0.0386
2026-02-13 00:00:00,C005,Meta,BR,static,1238.79,111352,1852,265,0.0166,0.1431,4.6747,0.5069926174710199,0.2800738320801846,0.1261050898641697,38.20570109681699,0.0308
2026-02-14 00:00:00,C005,Meta,BR,static,792.86,75091,1205,157,0.016,0.1303,5.0501,0.5424752328517466,0.2640204578774392,0.11795650884276024,28.406812723827592,0.0358
2026-02-15 00:00:00,C005,Meta,BR,static,1230.84,142460,1875,261,0.0132,0.1392,4.7159,0.5008547000025282,0.2977629827922282,0.11357845517013307,87.96143259181478,0.0715
2026-02-16 00:00:00,C005,Meta,BR,static,697.21,95180,1250,181,0.0131,0.1448,3.852,0.4730453779046497,0.259569695444483,0.1230236024715321,22.83169191717822,0.0327
2026-02-17 00:00:00,C005,Meta,BR,static,646.65,72818,1025,142,0.0141,0.1385,4.5539,0.532389287715446,0.26073436367427494,0.14791718611655347,31.41622413817233,0.0486
2026-02-18 00:00:00,C005,Meta,BR,static,1084.08,142670,1985,258,0.0139,0.13,4.2019,0.3787691690515874,0.23538249062006208,0.09587506613289509,18.922009157915237,0.0175
2026-02-19 00:00:00,C005,Meta,BR,static,630.27,56207,942,107,0.0168,0.1136,5.8904,0.4671760273355584,0.3120579971308067,0.15309987212631665,16.256903358399413,0.0258
2026-02-20 00:00:00,C005,Meta,BR,static,1147.04,150091,1953,261,0.013,0.1336,4.3948,0.4369833661867812,0.2948960500659038,0.09914540817429529,39.42498214294922,0.0344
2026-02-21 00:00:00,C005,Meta,BR,static,853.65,99518,1404,190,0.0141,0.1353,4.4929,0.5551829310996831,0.3261175749103348,0.15189909360446796,13.997448042361386,0.0164
2026-02-22 00:00:00,C005,Meta,BR,static,588.4,59960,837,98,0.014,0.1171,6.0041,0.47103899521033654,0.3390347041873965,0.10451449304457283,27.27360717136496,0.0464
2026-02-23 00:00:00,C005,Meta,BR,static,953.73,90885,1360,179,0.015,0.1316,5.3281,0.4818446401445674,0.24477746893594998,0.13865872535907126,32.06480207417627,0.0336
2026-02-24 00:00:00,C005,Meta,BR,static,897.29,84625,1362,179,0.0161,0.1314,5.0128,0.5086484153747207,0.3461570187772882,0.12897022196147334,43.04434953640156,0.048
2026-02-25 00:00:00,C005,Meta,BR,static,656.27,80947,1147,139,0.0142,0.1212,4.7214,0.4756453192092859,0.2601284289138684,0.12864951504111738,19.748830872492935,0.0301
2026-02-26 00:00:00,C005,Meta,BR,static,755.79,78409,1217,169,0.0155,0.1389,4.4721,0.46656646372897476,0.2913560156128668,0.11607295093158292,17.880814321529886,0.0237
2026-02-27 00:00:00,C005,Meta,BR,static,1101.69,123500,1856,235,0.015,0.1266,4.688,0.4667782806702709,0.3409639103654779,0.110951558361649,22.373109182079194,0.0203
2026-02-28 00:00:00,C005,Meta,BR,static,1022.69,101085,1558,177,0.0154,0.1136,5.7779,0.4834194033809193,0.2705294439066122,0.1324154730521831,29.204273372772732,0.0286
2026-03-01 00:00:00,C005,Meta,BR,static,707.92,69709,1015,147,0.0146,0.1448,4.8158,0.5576382788391118,0.2945038003837951,0.12595330609321728,15.118465960816478,0.0214
2026-01-01 00:00:00,C006,Meta,JP,video,1041.44,46865,785,101,0.0168,0.1287,10.3113,0.6694342594603591,0.39190808387093,0.151916645546672,55.7825127217919,0.0536
2026-01-02 00:00:00,C006,Meta,JP,video,875.88,39625,621,99,0.0157,0.1594,8.8473,0.6381638599285678,0.38531181213886684,0.14626784459785638,48.50592109946524,0.0554
2026-01-03 00:00:00,C006,Meta,JP,video,789.1,34761,557,81,0.016,0.1454,9.742,0.5770865055217125,0.31522171665695253,0.11226850249948059,39.610997903258905,0.0502
2026-01-04 00:00:00,C006,Meta,JP,video,1405.22,57904,1092,153,0.0189,0.1401,9.1844,0.5911549702270378,0.32769637973488985,0.14930213180464513,76.87183032503624,0.0547
2026-01-05 00:00:00,C006,Meta,JP,video,836.4,32454,540,68,0.0166,0.1259,12.3,0.5867307981801403,0.3912956957962215,0.1598508127296121,34.373852137528445,0.0411
2026-01-06 00:00:00,C006,Meta,JP,video,615.97,23694,475,65,0.02,0.1368,9.4765,0.6411833695941024,0.38761201846568377,0.1339691136009182,30.48058889803099,0.0495
2026-01-07 00:00:00,C006,Meta,JP,video,690.1,22792,445,72,0.0195,0.1618,9.5847,0.6721722963478,0.42205032216408134,0.20936082455625585,37.53205924094924,0.0544
2026-01-08 00:00:00,C006,Meta,JP,video,1064.9,38881,725,98,0.0186,0.1352,10.8663,0.5310509503854234,0.34325650771697214,0.13202769598762495,49.40692278123392,0.0464
2026-01-09 00:00:00,C006,Meta,JP,video,852.76,28452,575,94,0.0202,0.1635,9.0719,0.5977492136095856,0.41806273224472446,0.1307307809151051,50.325367230701154,0.059
2026-01-10 00:00:00,C006,Meta,JP,video,1015.39,40700,752,92,0.0185,0.1223,11.0368,0.5877835031222085,0.4126493447795363,0.1631583543888516,48.31011582848493,0.0476
2026-01-11 00:00:00,C006,Meta,JP,video,1181.43,48855,898,110,0.0184,0.1225,10.7403,0.6698645246994414,0.36330348971097143,0.21989591411207926,57.58357750346673,0.0487
2026-01-12 00:00:00,C006,Meta,JP,video,1176.31,39738,820,135,0.0206,0.1646,8.7134,0.6700595670661049,0.3751935708796081,0.1828453695478388,71.99731515421972,0.0612
2026-01-13 00:00:00,C006,Meta,JP,video,1029.38,49720,863,125,0.0174,0.1448,8.235,0.645188938582663,0.366567470470729,0.14842119891572364,55.957095521429046,0.0544
2026-01-14 00:00:00,C006,Meta,JP,video,884.04,38099,728,114,0.0191,0.1566,7.7547,0.5517777885056792,0.3679533332502924,0.13149663684154816,57.73345146123716,0.0653
2026-01-15 00:00:00,C006,Meta,JP,video,785.85,34354,613,88,0.0178,0.1436,8.9301,0.7236768325849152,0.3627009368810781,0.20324672411783734,38.91774758599079,0.0495
2026-01-16 00:00:00,C006,Meta,JP,video,854.99,32294,581,95,0.018,0.1635,8.9999,0.6220873515505169,0.42510250648325476,0.1632694690619486,52.4247643334792,0.0613
2026-01-17 00:00:00,C006,Meta,JP,video,1278.41,47688,854,136,0.0179,0.1593,9.4001,0.5941737563083866,0.35973520648569024,0.1286080499965606,61.31107169077208,0.048
2026-01-18 00:00:00,C006,Meta,JP,video,1181.73,48849,944,119,0.0193,0.1261,9.9305,0.6682894380580084,0.39457536743380367,0.1938932215005485,52.47537237934014,0.0444
2026-01-19 00:00:00,C006,Meta,JP,video,910.2,36848,622,98,0.0169,0.1576,9.2878,0.6115344059117663,0.3266633350392123,0.14102018020541005,48.139101767564526,0.0529
2026-01-20 00:00:00,C006,Meta,JP,video,774.7,35820,645,85,0.018,0.1318,9.1141,0.6697671075390809,0.40547319554814526,0.14113844975230525,52.956272415270675,0.0684
2026-01-21 00:00:00,C006,Meta,JP,video,860.35,30635,616,92,0.0201,0.1494,9.3516,0.6844647363857139,0.40700466575553634,0.1746111519198248,51.67832943867222,0.0601
2026-01-22 00:00:00,C006,Meta,JP,video,842.63,29984,567,83,0.0189,0.1464,10.1522,0.6763187090689126,0.40300371848891947,0.15826698441613055,48.71739789803731,0.0578
2026-01-23 00:00:00,C006,Meta,JP,video,861.68,39721,621,98,0.0156,0.1578,8.7927,0.6123986920281698,0.35239271789707843,0.14575839596933532,48.39624870444627,0.0562
2026-01-24 00:00:00,C006,Meta,JP,video,691.97,27690,476,66,0.0172,0.1387,10.4844,0.6423802484706367,0.38381665198952486,0.12714987951215947,33.856634262967816,0.0489
2026-01-25 00:00:00,C006,Meta,JP,video,851.79,39995,702,113,0.0176,0.161,7.538,0.4939367270694198,0.3580016827912454,0.14864290261881247,41.04252958144609,0.0482
2026-01-26 00:00:00,C006,Meta,JP,video,829.65,39822,691,102,0.0174,0.1476,8.1338,0.5617496501156563,0.3770062697932911,0.1385527106338279,47.93336085174372,0.0578
2026-01-27 00:00:00,C006,Meta,JP,video,1082.9,55106,859,133,0.0156,0.1548,8.1421,0.5543568312961262,0.30324269450322117,0.17645974215180446,79.74604710212611,0.0736
2026-01-28 00:00:00,C006,Meta,JP,video,793.1,39264,609,90,0.0155,0.1478,8.8122,0.5921920858260274,0.3493138021126011,0.15893604673496728,37.08873012503136,0.0468
2026-01-29 00:00:00,C006,Meta,JP,video,820.21,32735,544,80,0.0166,0.1471,10.2526,0.6129151983460891,0.406112310636304,0.1595501155732317,37.34558369829893,0.0455
2026-01-30 00:00:00,C006,Meta,JP,video,1047.72,34853,720,112,0.0207,0.1556,9.3546,0.701046884493374,0.4274023210873492,0.18473675567516543,53.9439124534282,0.0515
2026-01-31 00:00:00,C006,Meta,JP,video,982.16,37324,658,104,0.0176,0.1581,9.4438,0.6044964920744512,0.3577715588184128,0.20181499666178246,49.58979819534657,0.0505
2026-02-01 00:00:00,C006,Meta,JP,video,992.65,44311,718,118,0.0162,0.1643,8.4123,0.6347105663239088,0.37060376772481807,0.16827420857135048,59.01164698183187,0.0594
2026-02-02 00:00:00,C006,Meta,JP,video,942.62,41519,796,106,0.0192,0.1332,8.8926,0.6751669249193513,0.397442268000472,0.1772642791856697,45.394401352138026,0.0482
2026-02-03 00:00:00,C006,Meta,JP,video,885.08,41105,687,92,0.0167,0.1339,9.6204,0.6872591527544374,0.35627568123928055,0.14538522471997511,42.81132581843239,0.0484
2026-02-04 00:00:00,C006,Meta,JP,video,1106.05,47664,816,124,0.0171,0.152,8.9198,0.6151741547533033,0.36006577927010713,0.16851004347507043,65.0878250196286,0.0588
2026-02-05 00:00:00,C006,Meta,JP,video,1304.66,57029,1106,182,0.0194,0.1646,7.1685,0.6086662456079357,0.326232590754813,0.13181715518611756,69.60261448983863,0.0533
2026-02-06 00:00:00,C006,Meta,JP,video,687.18,27949,533,70,0.0191,0.1313,9.8169,0.5851293973295583,0.362869335340568,0.16536662393675416,31.69554879566137,0.0461
2026-02-07 00:00:00,C006,Meta,JP,video,1001.59,51741,796,105,0.0154,0.1319,9.539,0.6186513679572008,0.38062969970359817,0.16213990119635632,49.46088312675858,0.0494
2026-02-08 00:00:00,C006,Meta,JP,video,1232.66,55725,894,132,0.016,0.1477,9.3383,0.5830268954298106,0.35660357177401664,0.14999885708675442,64.14681800843273,0.052
2026-02-09 00:00:00,C006,Meta,JP,video,1369.38,53605,976,121,0.0182,0.124,11.3172,0.6186579788586973,0.3843919085791766,0.13433944468377707,49.09324142406904,0.0359
2026-02-10 00:00:00,C006,Meta,JP,video,1026.78,43724,780,105,0.0178,0.1346,9.7789,0.6528815044101226,0.368548732467456,0.1444510211771587,55.246154316165025,0.0538
2026-02-11 00:00:00,C006,Meta,JP,video,942.25,33009,676,98,0.0205,0.145,9.6148,0.657262064524057,0.34572879708078436,0.1575053187860779,51.67828173591603,0.0548
2026-02-12 00:00:00,C006,Meta,JP,video,911.21,39666,654,103,0.0165,0.1575,8.8467,0.6333842948327493,0.3636488693483945,0.13013567791150715,52.86239559042456,0.058
2026-02-13 00:00:00,C006,Meta,JP,video,1371.03,58436,1072,144,0.0183,0.1343,9.521,0.6426978345867617,0.3351943083915924,0.14391445056305793,87.511775150309,0.0638
2026-02-14 00:00:00,C006,Meta,JP,video,808.51,34432,704,87,0.0204,0.1236,9.2932,0.6589947445443857,0.36414281852077424,0.1708550729719633,40.74591182321313,0.0504
2026-02-15 00:00:00,C006,Meta,JP,video,931.35,36639,611,79,0.0167,0.1293,11.7892,0.6271582841882224,0.4030976171347453,0.1838517500132871,35.74957080720499,0.0384
2026-02-16 00:00:00,C006,Meta,JP,video,749.11,38011,611,96,0.0161,0.1571,7.8032,0.6313986894811092,0.43169821357031435,0.15087481762339908,49.677730585088284,0.0663
2026-02-17 00:00:00,C006,Meta,JP,video,1074.56,40153,802,112,0.02,0.1397,9.5943,0.5904845444931572,0.365981361637109,0.17277482040503103,54.939231594495915,0.0511
2026-02-18 00:00:00,C006,Meta,JP,video,921.26,35249,715,94,0.0203,0.1315,9.8006,0.6320479664819313,0.4035282340922848,0.15814888623868148,45.327635711489236,0.0492
2026-02-19 00:00:00,C006,Meta,JP,video,754.48,36087,649,87,0.018,0.1341,8.6722,0.5921674485117965,0.4517790859196853,0.17132480883571585,44.08278623201744,0.0584
2026-02-20 00:00:00,C006,Meta,JP,video,950.68,38831,779,103,0.0201,0.1322,9.2299,0.5648872672410105,0.338149956635273,0.1538942053874808,50.4288662912891,0.053
2026-02-21 00:00:00,C006,Meta,JP,video,666.3,23254,480,78,0.0206,0.1625,8.5423,0.5773805727443182,0.3684158478345938,0.14682161729559534,32.66582199252589,0.049
2026-02-22 00:00:00,C006,Meta,JP,video,672.74,30828,498,70,0.0162,0.1406,9.6106,0.5253815633020835,0.36327136899442664,0.13788463128362574,32.98802350782204,0.049
2026-02-23 00:00:00,C006,Meta,JP,video,803.4,37128,667,101,0.018,0.1514,7.9545,0.5386542659371766,0.3136406889209077,0.11760705964622965,38.683411566394575,0.0481
2026-02-24 00:00:00,C006,Meta,JP,video,951.68,29690,614,101,0.0207,0.1645,9.4226,0.6278238021870057,0.39560573689587947,0.12610786247218922,38.5781674446079,0.0405
2026-02-25 00:00:00,C006,Meta,JP,video,1070.87,45755,877,121,0.0192,0.138,8.8502,0.7428513480805176,0.39418208117119785,0.14378093487585195,61.24209713767471,0.0572
2026-02-26 00:00:00,C006,Meta,JP,video,914.42,44914,729,119,0.0162,0.1632,7.6842,0.5200509156758975,0.3666970010306822,0.14471777856196424,58.24753610167028,0.0637
2026-02-27 00:00:00,C006,Meta,JP,video,706.84,33881,576,93,0.017,0.1615,7.6004,0.6897249788554304,0.4161209391193276,0.17260063105288406,50.55221618056087,0.0715
2026-02-28 00:00:00,C006,Meta,JP,video,925.76,36056,658,84,0.0182,0.1277,11.021,0.6262154079612617,0.41052431984507065,0.15457692013374666,30.063635503330485,0.0325
2026-03-01 00:00:00,C006,Meta,JP,video,804.08,29505,528,71,0.0179,0.1345,11.3251,0.5839222359687894,0.30178607460198725,0.13558201097550257,30.0790186017328,0.0374
2026-01-01 00:00:00,C007,Meta,IN,playable,943.48,93637,1897,362,0.0203,0.1908,2.6063,0.48404046202788664,0.2880651785772159,0.11157349196219607,26.436063137308736,0.028
2026-01-02 00:00:00,C007,Meta,IN,playable,920.5,95735,2189,413,0.0229,0.1887,2.2288,0.5007283629699395,0.29638837690815767,0.1415547983341284,61.47346193329619,0.0668
2026-01-03 00:00:00,C007,Meta,IN,playable,1031.22,115679,2241,371,0.0194,0.1656,2.7796,0.5248998333381051,0.3521417636928056,0.1136066378630817,26.844289647055973,0.026
2026-01-04 00:00:00,C007,Meta,IN,playable,1009.58,131800,2572,380,0.0195,0.1477,2.6568,0.5281317785765492,0.3043188542476668,0.14752992858841604,61.45148360610124,0.0609
2026-01-05 00:00:00,C007,Meta,IN,playable,1248.41,121991,2473,435,0.0203,0.1759,2.8699,0.5702290115280485,0.33944665615149394,0.142045278423915,105.7155336176649,0.0847
2026-01-06 00:00:00,C007,Meta,IN,playable,927.0,91722,2176,395,0.0237,0.1815,2.3468,0.530031355425796,0.3355948856010076,0.1081765435074086,33.484667456544166,0.0361
2026-01-07 00:00:00,C007,Meta,IN,playable,975.28,82503,1989,323,0.0241,0.1624,3.0194,0.5589528612238501,0.374582767434052,0.1606344814892472,52.135392582064554,0.0535
2026-01-08 00:00:00,C007,Meta,IN,playable,1209.6,126783,2747,463,0.0217,0.1685,2.6125,0.47187777961486627,0.25026740624685306,0.10306856139618023,53.17625196101862,0.044
2026-01-09 00:00:00,C007,Meta,IN,playable,707.5,75999,1629,253,0.0214,0.1553,2.7964,0.45515679556356237,0.3114397858475232,0.1301299868437341,42.472455012764456,0.06
2026-01-10 00:00:00,C007,Meta,IN,playable,798.31,83950,1580,261,0.0188,0.1652,3.0587,0.4988919376103096,0.31817401471751,0.11089938001869756,32.43948478883616,0.0406
2026-01-11 00:00:00,C007,Meta,IN,playable,552.17,57839,1263,209,0.0218,0.1655,2.642,0.5426396969229335,0.276359186894272,0.13818377536145554,25.11333973822359,0.0455
2026-01-12 00:00:00,C007,Meta,IN,playable,1267.32,111270,2691,483,0.0242,0.1795,2.6239,0.45553321332615804,0.24903350396475565,0.11639077857595807,127.66353216744321,0.1007
2026-01-13 00:00:00,C007,Meta,IN,playable,711.55,83883,1584,284,0.0189,0.1793,2.5055,0.5572582893135237,0.3412087593107029,0.13232358977527758,42.51691919267187,0.0598
2026-01-14 00:00:00,C007,Meta,IN,playable,653.73,67544,1593,236,0.0236,0.1481,2.77,0.5865395087028173,0.33304639283856896,0.14957182870507593,24.212967990131766,0.037
2026-01-15 00:00:00,C007,Meta,IN,playable,1054.65,115081,2448,364,0.0213,0.1487,2.8974,0.504552749559574,0.3097390877358556,0.1517807020833039,58.703454741288134,0.0557
2026-01-16 00:00:00,C007,Meta,IN,playable,816.65,98655,1909,293,0.0194,0.1535,2.7872,0.5977628122075804,0.32593227937462416,0.15238205834763047,24.942319599423367,0.0305
2026-01-17 00:00:00,C007,Meta,IN,playable,1024.23,111890,2103,318,0.0188,0.1512,3.2208,0.6319463984339118,0.3257601269091156,0.12455684125402583,7.743476465097252,0.0076
2026-01-18 00:00:00,C007,Meta,IN,playable,1110.34,111101,2655,382,0.0239,0.1439,2.9066,0.5044904101536349,0.2797965076485328,0.11336272341221466,57.789267200637624,0.052
2026-01-19 00:00:00,C007,Meta,IN,playable,820.29,99231,2121,405,0.0214,0.1909,2.0254,0.4529458653231756,0.30360100204086893,0.1354030142041098,28.532519456407194,0.0348
2026-01-20 00:00:00,C007,Meta,IN,playable,855.54,73874,1736,314,0.0235,0.1809,2.7246,0.5443986049302453,0.3346928918890147,0.12736466612299552,55.375343539488554,0.0647
2026-01-21 00:00:00,C007,Meta,IN,playable,1103.37,114299,2617,375,0.0229,0.1433,2.9423,0.5904802326384664,0.31445853572316257,0.1390728407248538,41.984308799904824,0.0381
2026-01-22 00:00:00,C007,Meta,IN,playable,1024.43,116732,2207,322,0.0189,0.1459,3.1815,0.5233967636339303,0.2718197349015225,0.12946311706379415,6.44,0.0063
2026-01-23 00:00:00,C007,Meta,IN,playable,1124.46,109632,2520,487,0.023,0.1933,2.309,0.49849023784587426,0.3152631022679122,0.14900318474692983,55.15854416720621,0.0491
2026-01-24 00:00:00,C007,Meta,IN,playable,1004.18,102217,2048,377,0.02,0.1841,2.6636,0.5194584210655433,0.32873242146758025,0.1314010449663441,38.115885451614155,0.038
2026-01-25 00:00:00,C007,Meta,IN,playable,1212.87,138834,2602,398,0.0187,0.153,3.0474,0.5423957005782787,0.3865340025263627,0.12331160341780605,83.24586280394419,0.0686
2026-01-26 00:00:00,C007,Meta,IN,playable,765.08,71960,1713,250,0.0238,0.1459,3.0603,0.48066533398053624,0.2910699250370152,0.13507903552013473,18.449275242656267,0.0241
2026-01-27 00:00:00,C007,Meta,IN,playable,963.63,82473,1983,335,0.024,0.1689,2.8765,0.5359750010317982,0.3902719499434639,0.138938343831177,59.00073124953791,0.0612
2026-01-28 00:00:00,C007,Meta,IN,playable,860.3,94094,2024,365,0.0215,0.1803,2.357,0.48331551398290545,0.3167694214545569,0.15072134104359036,66.78511673625131,0.0776
2026-01-29 00:00:00,C007,Meta,IN,playable,681.3,76483,1545,230,0.0202,0.1489,2.9622,0.479926250985214,0.2930208466582461,0.14351784314693192,37.251230507738335,0.0547
2026-01-30 00:00:00,C007,Meta,IN,playable,720.4,77810,1590,245,0.0204,0.1541,2.9404,0.4313164648772596,0.3468115468984795,0.12525667244825817,58.49647243886366,0.0812
2026-01-31 00:00:00,C007,Meta,IN,playable,769.85,73011,1586,279,0.0217,0.1759,2.7593,0.47814292547079557,0.35402492991565393,0.13298925004175954,33.04429019576361,0.0429
2026-02-01 00:00:00,C007,Meta,IN,playable,1024.06,132092,2659,442,0.0201,0.1662,2.3169,0.512341542401806,0.33123243465189056,0.1378908329698401,117.63533191234876,0.1149
2026-02-02 00:00:00,C007,Meta,IN,playable,1049.84,130134,2606,474,0.02,0.1819,2.2149,0.535400635406239,0.3261142938660565,0.13518719251235076,50.45226385866814,0.0481
2026-02-03 00:00:00,C007,Meta,IN,playable,689.34,71573,1490,227,0.0208,0.1523,3.0367,0.45263128065855623,0.28794288581064775,0.14640840752215084,36.80165494813492,0.0534
2026-02-04 00:00:00,C007,Meta,IN,playable,735.58,67508,1602,248,0.0237,0.1548,2.966,0.4719311483955971,0.31604428441675914,0.12037181723384173,29.113641273013954,0.0396
2026-02-05 00:00:00,C007,Meta,IN,playable,665.57,71199,1533,262,0.0215,0.1709,2.5403,0.44168224273787027,0.22590841815637125,0.13046079811024575,29.550104030862087,0.0444
2026-02-06 00:00:00,C007,Meta,IN,playable,703.81,81764,1525,281,0.0187,0.1843,2.5047,0.5021934496737174,0.30614769705712586,0.1722537208958998,43.88172955444494,0.0623
2026-02-07 00:00:00,C007,Meta,IN,playable,1021.07,99417,1977,372,0.0199,0.1882,2.7448,0.4951932732588005,0.3324268016890472,0.09821516263057609,23.702865211372902,0.0232
2026-02-08 00:00:00,C007,Meta,IN,playable,1397.63,127533,2721,476,0.0213,0.1749,2.9362,0.5071931438108429,0.4019234664289496,0.14940938132108278,49.742408288203656,0.0356
2026-02-09 00:00:00,C007,Meta,IN,playable,994.45,91869,2193,423,0.0239,0.1929,2.3509,0.48844530773937384,0.33763902743695373,0.10316273035659904,24.301576179270103,0.0244
2026-02-10 00:00:00,C007,Meta,IN,playable,704.01,70869,1585,263,0.0224,0.1659,2.6768,0.46821813714288024,0.28016441573658535,0.1562470503506877,53.655666713449044,0.0762
2026-02-11 00:00:00,C007,Meta,IN,playable,849.03,88456,1694,251,0.0192,0.1482,3.3826,0.528391685306833,0.28919109891767836,0.1265997626148735,51.870277546517656,0.0611
2026-02-12 00:00:00,C007,Meta,IN,playable,1061.25,92289,2133,365,0.0231,0.1711,2.9075,0.5222688569543359,0.309163261798058,0.15591730132184872,22.178573102876562,0.0209
2026-02-13 00:00:00,C007,Meta,IN,playable,958.62,112333,2128,375,0.0189,0.1762,2.5563,0.5677455921364891,0.40570763362447043,0.16215295696664017,73.94385247376114,0.0771
2026-02-14 00:00:00,C007,Meta,IN,playable,764.43,73693,1821,283,0.0247,0.1554,2.7012,0.5503220677931958,0.3070463153113741,0.1498926319377671,64.59695105664456,0.0845
2026-02-15 00:00:00,C007,Meta,IN,playable,1112.72,99209,2287,329,0.0231,0.1439,3.3821,0.6308992312708155,0.3192963913080128,0.13545722145405673,51.44118889656109,0.0462
2026-02-16 00:00:00,C007,Meta,IN,playable,1061.24,124747,2738,471,0.0219,0.172,2.2532,0.5021727900434351,0.3025066963054983,0.17851451997804935,70.8651427759874,0.0668
2026-02-17 00:00:00,C007,Meta,IN,playable,646.61,76453,1441,255,0.0188,0.177,2.5357,0.5354843483337498,0.3663377496220721,0.15094978411593274,36.59550062202134,0.0566
2026-02-18 00:00:00,C007,Meta,IN,playable,1014.59,101630,2021,339,0.0199,0.1677,2.9929,0.562173681009539,0.33003813774052476,0.17670984539297258,33.97915049917332,0.0335
2026-02-19 00:00:00,C007,Meta,IN,playable,754.45,66389,1616,311,0.0243,0.1925,2.4259,0.5215250244859184,0.2899302218807677,0.1611171564756159,59.09301333689276,0.0783
2026-02-20 00:00:00,C007,Meta,IN,playable,1071.8,111281,2530,421,0.0227,0.1664,2.5458,0.4954703158905571,0.30815296300927053,0.15595862649373843,58.351337833649644,0.0544
2026-02-21 00:00:00,C007,Meta,IN,playable,1345.39,118646,2870,426,0.0242,0.1484,3.1582,0.5635011527730643,0.3010110833466076,0.1449915316675628,62.15018744571706,0.0462
2026-02-22 00:00:00,C007,Meta,IN,playable,1016.57,107479,2425,353,0.0226,0.1456,2.8798,0.5382574808907764,0.3230565850201693,0.16686487942303282,46.997103961937846,0.0462
2026-02-23 00:00:00,C007,Meta,IN,playable,722.98,69498,1724,326,0.0248,0.1891,2.2177,0.5028794809985051,0.2506319488329566,0.10825408094538971,42.840856096225465,0.0593
2026-02-24 00:00:00,C007,Meta,IN,playable,721.75,75462,1438,247,0.0191,0.1718,2.9221,0.4630367831094473,0.31310874953251444,0.16160334001905147,37.070973309728615,0.0514
2026-02-25 00:00:00,C007,Meta,IN,playable,1097.6,106578,2561,401,0.024,0.1566,2.7372,0.4616328138932815,0.31203216734905226,0.12148307467500108,54.391352752503444,0.0496
2026-02-26 00:00:00,C007,Meta,IN,playable,463.69,49068,1179,224,0.024,0.19,2.07,0.4721252783103861,0.3445367181957865,0.12925740734821417,42.14785283612528,0.0909
2026-02-27 00:00:00,C007,Meta,IN,playable,1018.42,106193,2450,455,0.0231,0.1857,2.2383,0.5407329402389142,0.32268427802805527,0.15835400171793,74.3021476984156,0.073
2026-02-28 00:00:00,C007,Meta,IN,playable,1020.89,114576,2381,356,0.0208,0.1495,2.8677,0.5560196708075966,0.3187345347680966,0.12395107895691784,65.69033965747937,0.0643
2026-03-01 00:00:00,C007,Meta,IN,playable,978.97,116295,2395,413,0.0206,0.1724,2.3704,0.5219591056140261,0.34187125057637263,0.1331654405923126,30.857666501300407,0.0315
2026-01-01 00:00:00,C008,Meta,JP,playable,955.11,32335,648,112,0.02,0.1728,8.5278,0.6408004254689882,0.39568230700539436,0.204930782737813,52.1247336725898,0.0546
2026-01-02 00:00:00,C008,Meta,JP,playable,1433.96,63924,1228,215,0.0192,0.1751,6.6696,0.7013616178359856,0.40702285593042914,0.15394019456142938,99.37232870347805,0.0693
2026-01-03 00:00:00,C008,Meta,JP,playable,918.03,32078,612,93,0.0191,0.152,9.8713,0.6383316475250598,0.3279518318261617,0.15506418987775406,46.69128726933909,0.0509
2026-01-04 00:00:00,C008,Meta,JP,playable,916.06,27763,600,101,0.0216,0.1683,9.0699,0.7312958151816625,0.43223186597810537,0.19306079869551968,52.89197087842588,0.0577
2026-01-05 00:00:00,C008,Meta,JP,playable,1112.58,37688,789,112,0.0209,0.142,9.9337,0.6715221480639713,0.3966450280753701,0.1541327319207611,56.89148295097806,0.0511
2026-01-06 00:00:00,C008,Meta,JP,playable,869.25,23047,560,96,0.0243,0.1714,9.0547,0.8042876763060562,0.4353510866785035,0.14001906319627744,59.39218328791383,0.0683
2026-01-07 00:00:00,C008,Meta,JP,playable,812.92,25923,529,80,0.0204,0.1512,10.1615,0.5956779742150092,0.4419510576933647,0.1659878807040372,37.1571257112421,0.0457
2026-01-08 00:00:00,C008,Meta,JP,playable,814.39,23864,551,90,0.0231,0.1633,9.0488,0.7278396795834023,0.4365027783108339,0.18351905306523733,48.42622398708496,0.0595
2026-01-09 00:00:00,C008,Meta,JP,playable,995.72,43334,862,145,0.0199,0.1682,6.867,0.6646227590984326,0.3687884371126977,0.18168638313943586,83.23835232601719,0.0836
2026-01-10 00:00:00,C008,Meta,JP,playable,989.28,38493,810,147,0.021,0.1815,6.7298,0.7704258994603772,0.42760813632549594,0.17753540815831417,92.76947971354173,0.0938
2026-01-11 00:00:00,C008,Meta,JP,playable,745.51,33773,647,97,0.0192,0.1499,7.6857,0.7150510236008014,0.45898492711893973,0.2107445838314697,49.69259765683775,0.0667
2026-01-12 00:00:00,C008,Meta,JP,playable,1007.98,35835,838,128,0.0234,0.1527,7.8748,0.6939826709079807,0.43907341320700416,0.1673705184778677,77.92066147752445,0.0773
2026-01-13 00:00:00,C008,Meta,JP,playable,681.54,24959,540,101,0.0216,0.187,6.7479,0.6542015358728211,0.4231682439282005,0.1422997478744304,40.98762484373763,0.0601
2026-01-14 00:00:00,C008,Meta,JP,playable,1060.8,40161,801,142,0.0199,0.1773,7.4704,0.6935924256351912,0.4524830571635702,0.1581152037770865,78.80801073458927,0.0743
2026-01-15 00:00:00,C008,Meta,JP,playable,996.94,32202,717,114,0.0223,0.159,8.7451,0.7620432556700429,0.40502682172453397,0.21950505746269824,47.2756296188978,0.0474
2026-01-16 00:00:00,C008,Meta,JP,playable,922.06,32087,733,122,0.0228,0.1664,7.5579,0.6360265985797434,0.3972741899619861,0.15816865462179053,55.42518107616067,0.0601
2026-01-17 00:00:00,C008,Meta,JP,playable,1221.54,38563,851,159,0.0221,0.1868,7.6826,0.6453857849255282,0.33623109825129066,0.09945696494995893,77.73945236368125,0.0636
2026-01-18 00:00:00,C008,Meta,JP,playable,1026.52,29897,694,122,0.0232,0.1758,8.4141,0.7182286914125986,0.4558113454388947,0.2004591354753495,77.91321897409888,0.0759
2026-01-19 00:00:00,C008,Meta,JP,playable,729.44,23561,542,85,0.023,0.1568,8.5816,0.7134890445769257,0.4297953080806155,0.18356624595904647,48.72785027368286,0.0668
2026-01-20 00:00:00,C008,Meta,JP,playable,717.79,26101,511,95,0.0196,0.1859,7.5557,0.5923369851468654,0.4263546346050991,0.1475599452257168,42.59419980702249,0.0593
2026-01-21 00:00:00,C008,Meta,JP,playable,917.33,32365,642,115,0.0198,0.1791,7.9768,0.60276816543902,0.3734090092694807,0.13344246275371052,44.419591790878336,0.0484
2026-01-22 00:00:00,C008,Meta,JP,playable,874.85,37182,721,120,0.0194,0.1664,7.2904,0.6017429855468018,0.3969465351044655,0.18329804805759414,65.47156198631593,0.0748
2026-01-23 00:00:00,C008,Meta,JP,playable,959.52,39922,815,152,0.0204,0.1865,6.3126,0.6791799004252096,0.46301055692915355,0.14845637414652463,77.86150668861467,0.0811
2026-01-24 00:00:00,C008,Meta,JP,playable,830.48,33606,652,103,0.0194,0.158,8.0629,0.6566938010893697,0.3787404694133639,0.16239959870141832,53.873059263097204,0.0649
2026-01-25 00:00:00,C008,Meta,JP,playable,935.41,32584,724,111,0.0222,0.1533,8.4271,0.6642216251628011,0.4092725937235818,0.17376017647456188,51.86141607029852,0.0554
2026-01-26 00:00:00,C008,Meta,JP,playable,774.47,31308,664,120,0.0212,0.1807,6.4539,0.7524193734011012,0.42726250478651057,0.20376103484276767,55.595852766581714,0.0718
2026-01-27 00:00:00,C008,Meta,JP,playable,662.64,24165,523,87,0.0216,0.1663,7.6166,0.7007066113606872,0.41485612016652673,0.13678288631412044,47.63554568321591,0.0719
2026-01-28 00:00:00,C008,Meta,JP,playable,969.97,35799,732,126,0.0204,0.1721,7.6982,0.6087857729215008,0.3566652350711367,0.1683123941628054,52.80773773285254,0.0544
2026-01-29 00:00:00,C008,Meta,JP,playable,1232.91,41757,1006,182,0.0241,0.1809,6.7742,0.6294022548124367,0.42283300045767935,0.16957402824968063,76.90108434094171,0.0624
2026-01-30 00:00:00,C008,Meta,JP,playable,1309.07,43703,1080,166,0.0247,0.1537,7.886,0.6337920050601311,0.46512846008216246,0.18288669429049553,80.79476246886907,0.0617
2026-01-31 00:00:00,C008,Meta,JP,playable,1072.88,47140,917,138,0.0195,0.1505,7.7745,0.6402515901981859,0.3804345111475277,0.1647511644307505,82.40109471176063,0.0768
2026-02-01 00:00:00,C008,Meta,JP,playable,1033.75,39636,816,135,0.0206,0.1654,7.6574,0.6132869775589245,0.453934417814328,0.2164010495317259,55.12146113271709,0.0533
2026-02-02 00:00:00,C008,Meta,JP,playable,808.56,27730,584,85,0.0211,0.1455,9.5125,0.7121198277203503,0.4598926143292234,0.1818596608966687,47.73566537785322,0.059
2026-02-03 00:00:00,C008,Meta,JP,playable,1057.91,39669,822,158,0.0207,0.1922,6.6956,0.6620952523773872,0.4288743169968989,0.18807863226470323,78.74761391123093,0.0744
2026-02-04 00:00:00,C008,Meta,JP,playable,733.5,22143,525,86,0.0237,0.1638,8.5291,0.6445780917851537,0.39988051337636144,0.15327988315113833,34.88869493070017,0.0476
2026-02-05 00:00:00,C008,Meta,JP,playable,1087.56,37351,910,157,0.0244,0.1725,6.9271,0.7396768280571436,0.4436423516314533,0.1663745773436212,85.68624551540798,0.0788
2026-02-06 00:00:00,C008,Meta,JP,playable,931.07,37674,799,122,0.0212,0.1527,7.6317,0.7041054844737036,0.46380361984843116,0.20509462539360937,60.402725313650144,0.0649
2026-02-07 00:00:00,C008,Meta,JP,playable,924.62,40033,794,147,0.0198,0.1851,6.2899,0.7236304003831442,0.4066560011580008,0.20102008166690472,71.38262994647356,0.0772
2026-02-08 00:00:00,C008,Meta,JP,playable,931.53,30614,617,108,0.0202,0.175,8.6253,0.6612149474006386,0.409786711466049,0.1855278431973563,59.60778596622549,0.064
2026-02-09 00:00:00,C008,Meta,JP,playable,724.52,22999,570,108,0.0248,0.1895,6.7085,0.5967968913819963,0.3996150523664956,0.1256406015730953,62.36650352468147,0.0861
2026-02-10 00:00:00,C008,Meta,JP,playable,1105.57,33171,789,114,0.0238,0.1445,9.698,0.6705699190318152,0.37050315923864396,0.16413379126274283,55.173213537381905,0.0499
2026-02-11 00:00:00,C008,Meta,JP,playable,808.53,30932,703,102,0.0227,0.1451,7.9268,0.7181685772315338,0.4416423258264098,0.19487071392318905,64.03998930541017,0.0792
2026-02-12 00:00:00,C008,Meta,JP,playable,670.77,19613,472,90,0.0241,0.1907,7.453,0.7119371871887837,0.4161504540170688,0.1812163355434248,52.19725067342333,0.0778
2026-02-13 00:00:00,C008,Meta,JP,playable,890.01,39539,731,106,0.0185,0.145,8.3963,0.7800900733706556,0.42657451711688926,0.17525838551519612,74.52125474789483,0.0837
2026-02-14 00:00:00,C008,Meta,JP,playable,977.32,35352,735,106,0.0208,0.1442,9.22,0.6859109889591589,0.4717240116183963,0.14871252589525072,48.79765229454567,0.0499
2026-02-15 00:00:00,C008,Meta,JP,playable,1146.74,51824,953,145,0.0184,0.1522,7.9086,0.6272612788878468,0.38978533033944074,0.17783730648187293,71.45980831002515,0.0623
2026-02-16 00:00:00,C008,Meta,JP,playable,758.82,30053,637,109,0.0212,0.1711,6.9617,0.6026401103619428,0.40904836766744185,0.1656868084505066,51.97528946063308,0.0685
2026-02-17 00:00:00,C008,Meta,JP,playable,758.04,26893,637,106,0.0237,0.1664,7.1513,0.6199052717640895,0.3549027742580998,0.15982221932493437,43.067701490025236,0.0568
2026-02-18 00:00:00,C008,Meta,JP,playable,810.85,29277,661,114,0.0226,0.1725,7.1127,0.6232255783050207,0.30469657632262503,0.15313311647274988,45.29707411154026,0.0559
2026-02-19 00:00:00,C008,Meta,JP,playable,907.79,24592,591,109,0.024,0.1844,8.3283,0.7220163025637749,0.4513571846340211,0.21456866737269603,56.80635385966545,0.0626
2026-02-20 00:00:00,C008,Meta,JP,playable,1122.02,35676,883,143,0.0248,0.1619,7.8463,0.6922356626878073,0.3998548161548044,0.14629282679092426,55.72551386981149,0.0497
2026-02-21 00:00:00,C008,Meta,JP,playable,837.19,24636,559,101,0.0227,0.1807,8.289,0.6540956503223965,0.48856242761316615,0.17404563039311832,63.4019642334982,0.0757
2026-02-22 00:00:00,C008,Meta,JP,playable,871.68,36823,679,118,0.0184,0.1738,7.3871,0.757217183067431,0.4293096477538285,0.19692376704165082,69.44057472436342,0.0797
2026-02-23 00:00:00,C008,Meta,JP,playable,841.24,34533,643,121,0.0186,0.1882,6.9524,0.7131270439165117,0.4400518863642021,0.17306876314777037,59.19645107681951,0.0704
2026-02-24 00:00:00,C008,Meta,JP,playable,721.35,21290,518,85,0.0243,0.1641,8.4865,0.6469306103247976,0.3625572756766611,0.14942583587467306,37.25721624209291,0.0516
2026-02-25 00:00:00,C008,Meta,JP,playable,1032.79,30672,728,114,0.0237,0.1566,9.0596,0.6272005750661989,0.4421960824662051,0.18697589149117924,65.3872781826672,0.0633
2026-02-26 00:00:00,C008,Meta,JP,playable,771.83,27641,544,102,0.0197,0.1875,7.567,0.700885318588016,0.4520274533194269,0.17752050932725924,47.644641853110485,0.0617
2026-02-27 00:00:00,C008,Meta,JP,playable,862.59,25868,583,85,0.0225,0.1458,10.1481,0.6021142402213837,0.38415247212042614,0.1793609974559671,46.25790842609524,0.0536
2026-02-28 00:00:00,C008,Meta,JP,playable,987.45,32956,818,118,0.0248,0.1443,8.3682,0.700815983875474,0.40165381262521105,0.17636362791904348,76.4858060310549,0.0775
2026-03-01 00:00:00,C008,Meta,JP,playable,1001.92,29867,700,106,0.0234,0.1514,9.4521,0.6492116543314387,0.4134594250278248,0.18380230930700456,57.138616002879196,0.057
2026-01-01 00:00:00,C009,Google Ads,US,static,790.7,36679,476,61,0.013,0.1282,12.9623,0.6359545847054948,0.4090265814173937,0.14418705104128293,30.540588861500666,0.0386
2026-01-02 00:00:00,C009,Google Ads,US,static,766.43,44343,591,83,0.0133,0.1404,9.2341,0.6117931034916307,0.341571887974117,0.17292193863887131,46.21656370425394,0.0603
2026-01-03 00:00:00,C009,Google Ads,US,static,782.31,38857,505,57,0.013,0.1129,13.7247,0.684864086802434,0.4905490679953941,0.176100500658239,31.70532907525013,0.0405
2026-01-04 00:00:00,C009,Google Ads,US,static,1264.55,56063,835,120,0.0149,0.1437,10.5379,0.7107483017448414,0.460633010862194,0.20910723638111417,69.41398033718599,0.0549
2026-01-05 00:00:00,C009,Google Ads,US,static,878.71,46086,551,82,0.012,0.1488,10.716,0.5729249757576231,0.38835877456626644,0.16359023191010097,32.494056375784126,0.037
2026-01-06 00:00:00,C009,Google Ads,US,static,1138.76,61881,821,106,0.0133,0.1291,10.743,0.6123731720590775,0.4054076509946413,0.12735173596132363,56.09740891748359,0.0493
2026-01-07 00:00:00,C009,Google Ads,US,static,1066.74,71039,810,112,0.0114,0.1383,9.5245,0.5961718662588679,0.37952255681137376,0.15327907723304837,58.07328748815728,0.0544
2026-01-08 00:00:00,C009,Google Ads,US,static,981.79,56444,770,88,0.0136,0.1143,11.1567,0.7212860614855954,0.4316682113268895,0.1729625391189656,54.27160981299793,0.0553
2026-01-09 00:00:00,C009,Google Ads,US,static,1460.99,105260,1174,148,0.0112,0.1261,9.8716,0.5977952780613256,0.35941725734630714,0.15244673553770488,80.45103842042585,0.0551
2026-01-10 00:00:00,C009,Google Ads,US,static,1165.71,63382,766,95,0.0121,0.124,12.2706,0.6609214404980819,0.4635683500445822,0.18588379886085737,55.64798539462373,0.0477
2026-01-11 00:00:00,C009,Google Ads,US,static,970.05,55522,756,111,0.0136,0.1468,8.7392,0.5882800592241745,0.36449422856860164,0.17485690918580057,54.93405838640985,0.0566
2026-01-12 00:00:00,C009,Google Ads,US,static,859.84,53946,625,94,0.0116,0.1504,9.1472,0.5438054568652217,0.3497256058262796,0.18115110887226432,39.22471303233119,0.0456
2026-01-13 00:00:00,C009,Google Ads,US,static,762.16,37789,467,56,0.0124,0.1199,13.61,0.7134877492271839,0.3644211453472501,0.1976474445897904,36.061312111446995,0.0473
2026-01-14 00:00:00,C009,Google Ads,US,static,899.89,48744,660,83,0.0135,0.1258,10.842,0.5168236326309746,0.3595277648013205,0.15902886551040263,38.434259068550695,0.0427
2026-01-15 00:00:00,C009,Google Ads,US,static,1304.63,62931,868,113,0.0138,0.1302,11.5454,0.5477823815893559,0.3945945424229183,0.12863726917369006,59.24701550529123,0.0454
2026-01-16 00:00:00,C009,Google Ads,US,static,1039.91,58094,682,101,0.0117,0.1481,10.2961,0.5467636943917937,0.38157955897887025,0.13331900716084452,48.355150706805354,0.0465
2026-01-17 00:00:00,C009,Google Ads,US,static,813.51,42864,503,56,0.0117,0.1113,14.527,0.5699138191286919,0.4044639323870305,0.15837013834245814,28.432668746554743,0.035
2026-01-18 00:00:00,C009,Google Ads,US,static,950.49,48793,618,77,0.0127,0.1246,12.344,0.7045724899975351,0.36824681684127436,0.15179832096735926,35.6172336463521,0.0375
2026-01-19 00:00:00,C009,Google Ads,US,static,1055.18,49728,669,75,0.0135,0.1121,14.0691,0.620013935924425,0.35862216494436494,0.17133946215858764,48.47599217097799,0.0459
2026-01-20 00:00:00,C009,Google Ads,US,static,777.68,32506,479,64,0.0147,0.1336,12.1512,0.6327006259655571,0.355027138472303,0.14356032308062633,39.006593415687774,0.0502
2026-01-21 00:00:00,C009,Google Ads,US,static,748.38,36195,493,59,0.0136,0.1197,12.6844,0.6368235803758862,0.435243886419639,0.1434141530398082,29.51042282470927,0.0394
2026-01-22 00:00:00,C009,Google Ads,US,static,973.74,58107,787,111,0.0135,0.141,8.7724,0.6284077117899434,0.42079460769584104,0.18242183716937285,61.05407240790718,0.0627
2026-01-23 00:00:00,C009,Google Ads,US,static,617.81,33236,405,56,0.0122,0.1383,11.0323,0.5177205602815884,0.353096465730615,0.15349889554781354,28.0606779673679,0.0454
2026-01-24 00:00:00,C009,Google Ads,US,static,673.42,39844,473,69,0.0119,0.1459,9.7597,0.6379397541078615,0.3486949824648912,0.17120160578107937,34.19842354371018,0.0508
2026-01-25 00:00:00,C009,Google Ads,US,static,940.31,47111,603,68,0.0128,0.1128,13.8281,0.6184937433228704,0.363133739886834,0.17249690351489547,38.295052536041055,0.0407
2026-01-26 00:00:00,C009,Google Ads,US,static,1155.31,52841,770,97,0.0146,0.126,11.9104,0.6270050859781875,0.39742525469208706,0.17300356008780893,53.500465995919875,0.0463
2026-01-27 00:00:00,C009,Google Ads,US,static,1350.01,81712,967,130,0.0118,0.1344,10.3847,0.6009863428198758,0.39327472911571204,0.14420099792692714,71.65149429155953,0.0531
2026-01-28 00:00:00,C009,Google Ads,US,static,785.18,36846,535,75,0.0145,0.1402,10.4691,0.677682321330218,0.37997612676569925,0.12625078536774276,41.8215336619058,0.0533
2026-01-29 00:00:00,C009,Google Ads,US,static,862.06,41544,551,70,0.0133,0.127,12.3151,0.6113551862592508,0.43207029258356383,0.1947602383867484,43.31589994444551,0.0502
2026-01-30 00:00:00,C009,Google Ads,US,static,1077.17,70563,842,122,0.0119,0.1449,8.8293,0.6406195406412935,0.403980674098803,0.17838427620318792,79.5063958859513,0.0738
2026-01-31 00:00:00,C009,Google Ads,US,static,1174.95,53017,727,90,0.0137,0.1238,13.055,0.6825309376391189,0.42323063503564584,0.16857800145559018,55.0875692288136,0.0469
2026-02-01 00:00:00,C009,Google Ads,US,static,1230.1,59500,820,121,0.0138,0.1476,10.1661,0.5574700902684697,0.3669275772858979,0.15761664399542052,68.37813940736531,0.0556
2026-02-02 00:00:00,C009,Google Ads,US,static,887.88,35951,538,80,0.015,0.1487,11.0985,0.555460762059031,0.34401640068604505,0.14525557373158265,52.095784303505646,0.0587
2026-02-03 00:00:00,C009,Google Ads,US,static,968.33,63725,724,83,0.0114,0.1146,11.6666,0.513336311942159,0.43419296515306205,0.21085173334406543,56.972933520721305,0.0588
2026-02-04 00:00:00,C009,Google Ads,US,static,729.51,37331,452,60,0.0121,0.1327,12.1585,0.5949553861032618,0.3789223510928616,0.14234044524533263,33.66855618933053,0.0462
2026-02-05 00:00:00,C009,Google Ads,US,static,1433.59,68608,999,121,0.0146,0.1211,11.8479,0.647137432322703,0.4125139959653588,0.13835806842262893,74.08297749762687,0.0517
2026-02-06 00:00:00,C009,Google Ads,US,static,796.85,43762,621,85,0.0142,0.1369,9.3747,0.6319570231275028,0.39134566477010135,0.15472079791851334,52.04621359205789,0.0653
2026-02-07 00:00:00,C009,Google Ads,US,static,1066.26,52308,733,102,0.014,0.1392,10.4535,0.6705422216636993,0.4086575729494913,0.16384210305467628,56.70275976595702,0.0532
2026-02-08 00:00:00,C009,Google Ads,US,static,848.52,43538,537,64,0.0123,0.1192,13.2581,0.5846184698914623,0.34486278332697257,0.13475799851681897,40.03786621393092,0.0472
2026-02-09 00:00:00,C009,Google Ads,US,static,917.35,49386,599,79,0.0121,0.1319,11.612,0.7025834812151887,0.4246304017136906,0.21271501451645203,44.10866475029212,0.0481
2026-02-10 00:00:00,C009,Google Ads,US,static,1044.86,55089,717,86,0.013,0.1199,12.1495,0.5663233557828473,0.37993133204712487,0.17572508306505027,47.00131941164987,0.045
2026-02-11 00:00:00,C009,Google Ads,US,static,738.64,40581,578,87,0.0142,0.1505,8.4901,0.6526779954557871,0.410116693560604,0.1617291867456792,53.80096966277526,0.0728
2026-02-12 00:00:00,C009,Google Ads,US,static,993.7,54733,740,83,0.0135,0.1122,11.9723,0.5744392569803395,0.3774034383490792,0.18699211537273863,36.243141223916616,0.0365
2026-02-13 00:00:00,C009,Google Ads,US,static,889.15,47839,588,68,0.0123,0.1156,13.0757,0.5969235548569515,0.3026866687796845,0.17108175053757665,39.442492067327635,0.0444
2026-02-14 00:00:00,C009,Google Ads,US,static,1012.82,53431,761,114,0.0142,0.1498,8.8844,0.5896232428411776,0.37806757927260803,0.16691364864232386,70.25319992640318,0.0694
2026-02-15 00:00:00,C009,Google Ads,US,static,1241.64,58741,851,96,0.0145,0.1128,12.9338,0.5311653686597981,0.47607750201862264,0.17955324889354624,66.83394435182092,0.0538
2026-02-16 00:00:00,C009,Google Ads,US,static,745.78,36358,472,69,0.013,0.1462,10.8084,0.6751336042069561,0.4104514981831143,0.16262025305535274,49.49111874555246,0.0664
2026-02-17 00:00:00,C009,Google Ads,US,static,874.04,48027,648,93,0.0135,0.1435,9.3983,0.5966630833215236,0.36822619024967007,0.15786992749973613,63.862418824662974,0.0731
2026-02-18 00:00:00,C009,Google Ads,US,static,1042.19,55435,797,115,0.0144,0.1443,9.0625,0.6473450239032539,0.4451618507107267,0.15155590148200102,83.7129152817702,0.0803
2026-02-19 00:00:00,C009,Google Ads,US,static,846.77,43910,603,87,0.0137,0.1443,9.733,0.6791898297285365,0.3879549123470411,0.15798950006358214,48.916831837821874,0.0578
2026-02-20 00:00:00,C009,Google Ads,US,static,1056.06,55254,758,95,0.0137,0.1253,11.1164,0.6378387992501082,0.3667565486555217,0.16343015547585563,54.29190168964725,0.0514
2026-02-21 00:00:00,C009,Google Ads,US,static,1179.26,76903,862,102,0.0112,0.1183,11.5614,0.633775361367396,0.4113095595815328,0.20987933626011634,52.78129859562316,0.0448
2026-02-22 00:00:00,C009,Google Ads,US,static,1041.41,65542,743,99,0.0113,0.1332,10.5193,0.7097960997546373,0.3973179823632325,0.17448952303565604,56.39179683088497,0.0541
2026-02-23 00:00:00,C009,Google Ads,US,static,918.53,43446,626,78,0.0144,0.1246,11.776,0.6875180112624563,0.4124111886339581,0.16398250283273555,49.35978099585725,0.0537
2026-02-24 00:00:00,C009,Google Ads,US,static,1120.1,46042,678,91,0.0147,0.1342,12.3088,0.6408485687683607,0.4125276850263505,0.17942948694188665,43.15445492620325,0.0385
2026-02-25 00:00:00,C009,Google Ads,US,static,784.4,39398,541,78,0.0137,0.1442,10.0564,0.7217940909235001,0.40949186065153614,0.2173622868608135,45.436460446486905,0.0579
2026-02-26 00:00:00,C009,Google Ads,US,static,626.7,33420,481,68,0.0144,0.1414,9.2162,0.7112462025538168,0.40600458613786694,0.1726764494270268,43.95355929847396,0.0701
2026-02-27 00:00:00,C009,Google Ads,US,static,1023.89,53894,797,94,0.0148,0.1179,10.8924,0.659822014117888,0.43243328600146264,0.17893975043415772,49.12442283266528,0.048
2026-02-28 00:00:00,C009,Google Ads,US,static,960.88,52333,677,76,0.0129,0.1123,12.6432,0.6450544777265681,0.40796365329060363,0.20265403064697882,44.37887171584701,0.0462
2026-03-01 00:00:00,C009,Google Ads,US,static,957.57,49590,597,67,0.012,0.1122,14.2921,0.5540146682703119,0.36304748217817145,0.15094885379470752,34.003829357496734,0.0355
2026-01-01 00:00:00,C010,Google Ads,BR,playable,828.51,75515,1377,266,0.0182,0.1932,3.1147,0.5438646905700545,0.3362175285801658,0.14998927895523317,69.11946273152577,0.0834
2026-01-02 00:00:00,C010,Google Ads,BR,playable,897.52,68476,1324,239,0.0193,0.1805,3.7553,0.5320923659222454,0.3218457083539341,0.1634041187204521,61.00055021814427,0.068
2026-01-03 00:00:00,C010,Google Ads,BR,playable,649.72,50178,961,154,0.0192,0.1602,4.219,0.6011817632348776,0.32816882181987944,0.16882239120451012,12.592336096642441,0.0194
2026-01-04 00:00:00,C010,Google Ads,BR,playable,1061.18,101358,1968,356,0.0194,0.1809,2.9808,0.5151112838193964,0.3629460768309614,0.11250361138478673,65.57493195939857,0.0618
2026-01-05 00:00:00,C010,Google Ads,BR,playable,979.63,96376,1777,318,0.0184,0.179,3.0806,0.5375887383276092,0.33915323696532507,0.1703269384894862,68.96393739679382,0.0704
2026-01-06 00:00:00,C010,Google Ads,BR,playable,756.52,67392,1100,165,0.0163,0.15,4.585,0.5541408155935701,0.3139166624497875,0.1333173031380831,34.067901941013055,0.045
2026-01-07 00:00:00,C010,Google Ads,BR,playable,832.82,71652,1434,266,0.02,0.1855,3.1309,0.5442689668164087,0.2848772459411746,0.1636922477975326,52.00043371853028,0.0624
2026-01-08 00:00:00,C010,Google Ads,BR,playable,709.39,75567,1275,231,0.0169,0.1812,3.071,0.6106058522966895,0.3725059802121229,0.17315848463795325,11.749503702659585,0.0166
2026-01-09 00:00:00,C010,Google Ads,BR,playable,1236.38,115987,2082,353,0.018,0.1695,3.5025,0.5666610869767627,0.3593145248340676,0.14111217367937315,52.270856848831365,0.0423
2026-01-10 00:00:00,C010,Google Ads,BR,playable,1080.41,79513,1706,310,0.0215,0.1817,3.4852,0.5964597914610128,0.39181128007617716,0.12885667932455866,72.82575358087182,0.0674
2026-01-11 00:00:00,C010,Google Ads,BR,playable,928.38,63998,1305,217,0.0204,0.1663,4.2782,0.588005056698716,0.3474500176346133,0.13582579925177182,54.6442432780615,0.0589
2026-01-12 00:00:00,C010,Google Ads,BR,playable,955.8,81089,1446,260,0.0178,0.1798,3.6762,0.629772951592661,0.37223095363427655,0.17337967583923516,72.74785157019198,0.0761
2026-01-13 00:00:00,C010,Google Ads,BR,playable,1066.26,101321,1922,383,0.019,0.1993,2.784,0.6127679768947007,0.35023115733231847,0.13160195660975454,111.57092304135737,0.1046
2026-01-14 00:00:00,C010,Google Ads,BR,playable,1044.74,94961,1960,328,0.0206,0.1673,3.1852,0.658647215619105,0.3837385672741536,0.16834904228853254,52.555247121629336,0.0503
2026-01-15 00:00:00,C010,Google Ads,BR,playable,816.93,73564,1440,223,0.0196,0.1549,3.6634,0.49991637289319724,0.42828175806135094,0.13487183170975908,30.875273536307944,0.0378
2026-01-16 00:00:00,C010,Google Ads,BR,playable,938.38,78377,1381,229,0.0176,0.1658,4.0977,0.566621445386992,0.3561526104932679,0.175744303215843,50.14658302386084,0.0534
2026-01-17 00:00:00,C010,Google Ads,BR,playable,678.92,58210,1006,153,0.0173,0.1521,4.4374,0.6116032182568415,0.42787919783249145,0.164920447546928,30.9284854548879,0.0456
2026-01-18 00:00:00,C010,Google Ads,BR,playable,905.1,60089,1299,236,0.0216,0.1817,3.8352,0.589292695424112,0.31578578861330414,0.13511838726310246,51.025073471092554,0.0564
2026-01-19 00:00:00,C010,Google Ads,BR,playable,849.74,74269,1244,236,0.0167,0.1897,3.6006,0.519674812359959,0.3919997633233157,0.15838659568402086,44.43664684915238,0.0523
2026-01-20 00:00:00,C010,Google Ads,BR,playable,1021.55,89746,1804,337,0.0201,0.1868,3.0313,0.5301770468663056,0.3294021277866738,0.14242403647649846,39.40527090661694,0.0386
2026-01-21 00:00:00,C010,Google Ads,BR,playable,1036.32,80288,1465,284,0.0182,0.1939,3.649,0.6740276917643803,0.3926422212067155,0.19839883614626688,82.9430021763708,0.08
2026-01-22 00:00:00,C010,Google Ads,BR,playable,963.42,76053,1664,263,0.0219,0.1581,3.6632,0.5789985030191468,0.34662395267443286,0.13641827684180163,55.93728705291859,0.0581
2026-01-23 00:00:00,C010,Google Ads,BR,playable,1170.8,103117,1776,341,0.0172,0.192,3.4334,0.6528383962907892,0.37988696150408885,0.16769481216410534,116.67773772446891,0.0997
2026-01-24 00:00:00,C010,Google Ads,BR,playable,1169.45,110863,2051,395,0.0185,0.1926,2.9606,0.47887043438216204,0.3279535787439304,0.11653475806680816,87.71947822516134,0.075
2026-01-25 00:00:00,C010,Google Ads,BR,playable,953.09,75223,1551,260,0.0206,0.1676,3.6657,0.5130091152875184,0.34915816736036354,0.1704407258501416,61.2184195054515,0.0642
2026-01-26 00:00:00,C010,Google Ads,BR,playable,934.44,80572,1611,318,0.02,0.1974,2.9385,0.6085509041113542,0.36884799774828175,0.15660499210985512,85.3625147194538,0.0914
2026-01-27 00:00:00,C010,Google Ads,BR,playable,868.09,76996,1411,255,0.0183,0.1807,3.4043,0.5896709183181913,0.31845163994302195,0.18128666067395408,73.2963027425254,0.0844
2026-01-28 00:00:00,C010,Google Ads,BR,playable,967.98,84309,1401,278,0.0166,0.1984,3.4819,0.6208459074105204,0.403654061909433,0.15290375498455674,54.055178174410095,0.0558
2026-01-29 00:00:00,C010,Google Ads,BR,playable,1161.39,83775,1685,315,0.0201,0.1869,3.687,0.5518317000092398,0.3330605441858158,0.14189861171648685,53.70766068539634,0.0462
2026-01-30 00:00:00,C010,Google Ads,BR,playable,1094.02,109140,1865,334,0.0171,0.1791,3.2755,0.6117280525098622,0.3797257824677731,0.13402414897530024,68.39743605717834,0.0625
2026-01-31 00:00:00,C010,Google Ads,BR,playable,892.01,81874,1428,265,0.0174,0.1856,3.3661,0.6141499729873388,0.3848717211193713,0.20282854629178643,60.87293802842586,0.0682
2026-02-01 00:00:00,C010,Google Ads,BR,playable,1388.65,128634,2216,379,0.0172,0.171,3.664,0.554914320557852,0.31072969426581876,0.12372896666868885,91.04681492035365,0.0656
2026-02-02 00:00:00,C010,Google Ads,BR,playable,721.57,79979,1358,228,0.017,0.1679,3.1648,0.5828144879899626,0.3573880932920894,0.15891362501893458,58.295272735494805,0.0808
2026-02-03 00:00:00,C010,Google Ads,BR,playable,1230.96,109267,1981,381,0.0181,0.1923,3.2309,0.5229102126866022,0.3882956258838988,0.20618596155234034,60.60532238472731,0.0492
2026-02-04 00:00:00,C010,Google Ads,BR,playable,1075.48,86434,1751,328,0.0203,0.1873,3.2789,0.5462532892541843,0.3955093980941097,0.1482878427638301,48.23129617463381,0.0448
2026-02-05 00:00:00,C010,Google Ads,BR,playable,819.05,64427,1316,210,0.0204,0.1596,3.9002,0.5925596535608281,0.37624237348942047,0.1381512677498453,75.92909429803716,0.0927
2026-02-06 00:00:00,C010,Google Ads,BR,playable,783.49,55554,1224,217,0.022,0.1773,3.6106,0.5468608388952754,0.3542393040961402,0.17593946937585891,44.25291785107246,0.0565
2026-02-07 00:00:00,C010,Google Ads,BR,playable,1158.48,79570,1745,339,0.0219,0.1943,3.4173,0.5429674392377225,0.35633617654684335,0.1962659199476342,63.66478876829449,0.055
2026-02-08 00:00:00,C010,Google Ads,BR,playable,973.3,86696,1421,242,0.0164,0.1703,4.0219,0.5295244543033044,0.3087867301341137,0.1591941545119043,72.36924788836673,0.0744
2026-02-09 00:00:00,C010,Google Ads,BR,playable,1083.59,93193,2027,304,0.0218,0.15,3.5644,0.6415690843702593,0.3830380509847437,0.15046783483565665,69.76784397400638,0.0644
2026-02-10 00:00:00,C010,Google Ads,BR,playable,978.48,73488,1475,234,0.0201,0.1586,4.1815,0.5946468430516341,0.37358435986963884,0.16941939131085706,65.68087240190837,0.0671
2026-02-11 00:00:00,C010,Google Ads,BR,playable,885.69,84694,1423,230,0.0168,0.1616,3.8508,0.6124169497665412,0.3736734300775723,0.199691766533744,86.0996897569851,0.0972
2026-02-12 00:00:00,C010,Google Ads,BR,playable,901.19,63095,1354,217,0.0215,0.1603,4.1529,0.6507053633296712,0.3951322521030538,0.15755058516510312,62.42327248020144,0.0693
2026-02-13 00:00:00,C010,Google Ads,BR,playable,799.34,65634,1162,222,0.0177,0.191,3.6006,0.5545722156631968,0.3329531256287998,0.11162087867153088,45.60013564494782,0.057
2026-02-14 00:00:00,C010,Google Ads,BR,playable,1254.54,124467,2116,417,0.017,0.1971,3.0085,0.620153649428842,0.33265805607764787,0.15105648057129475,88.11843036546108,0.0702
2026-02-15 00:00:00,C010,Google Ads,BR,playable,1168.63,91153,1806,307,0.0198,0.17,3.8066,0.6358173126403588,0.3772220768240685,0.13621814886388575,41.364550650905215,0.0354
2026-02-16 00:00:00,C010,Google Ads,BR,playable,938.41,87792,1675,270,0.0191,0.1612,3.4756,0.553404162209721,0.24939173804698495,0.14141935543705772,78.78399259702508,0.084
2026-02-17 00:00:00,C010,Google Ads,BR,playable,1220.74,93395,1712,275,0.0183,0.1606,4.4391,0.5304299742265136,0.3547939619621276,0.14131163973505345,64.60874929488872,0.0529
2026-02-18 00:00:00,C010,Google Ads,BR,playable,1086.44,93250,1987,316,0.0213,0.159,3.4381,0.5492316956238631,0.37443551008511383,0.13870722229105428,98.16651204716518,0.0904
2026-02-19 00:00:00,C010,Google Ads,BR,playable,922.32,71941,1527,245,0.0212,0.1604,3.7646,0.5507718693679506,0.3588017061904991,0.14492033448102148,54.445773109190654,0.059
2026-02-20 00:00:00,C010,Google Ads,BR,playable,1154.74,103940,1817,335,0.0175,0.1844,3.447,0.636864500547415,0.38121447855189755,0.13314992902372114,80.97394512982649,0.0701
2026-02-21 00:00:00,C010,Google Ads,BR,playable,1508.93,120580,2236,333,0.0185,0.1489,4.5313,0.566170360364353,0.36301731085494265,0.16120986135633705,68.80785277759016,0.0456
2026-02-22 00:00:00,C010,Google Ads,BR,playable,1225.18,104047,2094,417,0.0201,0.1991,2.9381,0.5898801280514226,0.3762541109826391,0.1570606268842455,77.74816178018048,0.0635
2026-02-23 00:00:00,C010,Google Ads,BR,playable,1024.84,81273,1740,269,0.0214,0.1546,3.8098,0.6293028182771063,0.4175263268033011,0.1721441413657922,84.94099544208224,0.0829
2026-02-24 00:00:00,C010,Google Ads,BR,playable,1041.3,92170,1775,302,0.0193,0.1701,3.448,0.6148633168965105,0.3598680783923181,0.16600131935320245,57.9811360080922,0.0557
2026-02-25 00:00:00,C010,Google Ads,BR,playable,1190.44,88613,1867,297,0.0211,0.1591,4.0082,0.5866626958056639,0.36170064220285286,0.1692774527634439,83.95045416977985,0.0705
2026-02-26 00:00:00,C010,Google Ads,BR,playable,1219.34,94732,1795,291,0.0189,0.1621,4.1902,0.4888893740195246,0.3456949090905652,0.14155452581812317,90.84613948394555,0.0745
2026-02-27 00:00:00,C010,Google Ads,BR,playable,700.18,59635,1143,179,0.0192,0.1566,3.9116,0.5386907778789992,0.3877114043097294,0.16701099228826222,35.86866011748879,0.0512
2026-02-28 00:00:00,C010,Google Ads,BR,playable,1105.96,78661,1619,310,0.0206,0.1915,3.5676,0.5662801659932661,0.36731770776033396,0.15375653863862995,72.68632781530815,0.0657
2026-03-01 00:00:00,C010,Google Ads,BR,playable,1061.65,111143,1990,372,0.0179,0.1869,2.8539,0.614856357067211,0.3580780823888097,0.18006741785964334,111.10934796588485,0.1047
2026-01-01 00:00:00,C011,Google Ads,JP,static,632.21,31882,455,57,0.0143,0.1253,11.0914,0.5654201915262335,0.36214433971596466,0.15509803229513902,22.665348662672017,0.0359
2026-01-02 00:00:00,C011,Google Ads,JP,static,854.9,46196,641,72,0.0139,0.1123,11.8736,0.5617342311490984,0.34076862811396663,0.16345030456324317,31.10923496154469,0.0364
2026-01-03 00:00:00,C011,Google Ads,JP,static,1004.41,71169,806,109,0.0113,0.1352,9.2148,0.6242344340536148,0.39178187759166955,0.16331324597392807,66.47991261468634,0.0662
2026-01-04 00:00:00,C011,Google Ads,JP,static,1093.31,63064,848,110,0.0134,0.1297,9.9392,0.6454697109988283,0.4020595777522501,0.18072314765449302,42.96516275126875,0.0393
2026-01-05 00:00:00,C011,Google Ads,JP,static,777.36,43886,596,68,0.0136,0.1141,11.4318,0.6112160630592193,0.4132046614457202,0.14656410761544683,30.156333198672336,0.0388
2026-01-06 00:00:00,C011,Google Ads,JP,static,1230.9,65181,889,119,0.0136,0.1339,10.3437,0.6075806310126781,0.3691017152793371,0.1687500404260169,58.68922017477744,0.0477
2026-01-07 00:00:00,C011,Google Ads,JP,static,749.66,35015,497,66,0.0142,0.1328,11.3585,0.6719086173150313,0.418387677935547,0.1626056873058498,31.36865205800573,0.0418
2026-01-08 00:00:00,C011,Google Ads,JP,static,883.18,52754,720,86,0.0136,0.1194,10.2695,0.5778563284330224,0.32663611578211366,0.12528789095347592,41.42791438192182,0.0469
2026-01-09 00:00:00,C011,Google Ads,JP,static,1252.92,74681,1086,148,0.0145,0.1363,8.4657,0.7085045710775734,0.30547535994259434,0.15916055451549688,74.26079270834136,0.0593
2026-01-10 00:00:00,C011,Google Ads,JP,static,772.15,36544,549,81,0.015,0.1475,9.5327,0.5764724047073284,0.33413877282138466,0.1996572658044081,40.92152103804987,0.053
2026-01-11 00:00:00,C011,Google Ads,JP,static,846.75,36627,552,70,0.0151,0.1268,12.0964,0.6047851179232566,0.3760040361200219,0.12558223798657628,31.42783600313319,0.0371
2026-01-12 00:00:00,C011,Google Ads,JP,static,903.1,49602,730,84,0.0147,0.1151,10.7512,0.5556447714807919,0.3230887028840014,0.14242403462312864,38.36208813435801,0.0425
2026-01-13 00:00:00,C011,Google Ads,JP,static,1154.02,65006,837,105,0.0129,0.1254,10.9907,0.5613674838227483,0.3337511181579883,0.13831584388687995,58.43107396090614,0.0506
2026-01-14 00:00:00,C011,Google Ads,JP,static,1168.33,62342,892,133,0.0143,0.1491,8.7844,0.6328687068440207,0.40980913122673707,0.12939743109509025,83.73263653436807,0.0717
2026-01-15 00:00:00,C011,Google Ads,JP,static,842.78,58079,683,79,0.0118,0.1157,10.6681,0.6370548990296426,0.4549923986173223,0.13214960237180415,41.833734600876994,0.0496
2026-01-16 00:00:00,C011,Google Ads,JP,static,911.75,47257,679,96,0.0144,0.1414,9.4974,0.6097478871760457,0.3612501923677137,0.13569936711131858,45.81608342305376,0.0503
2026-01-17 00:00:00,C011,Google Ads,JP,static,1384.28,73361,919,126,0.0125,0.1371,10.9863,0.5909233900342772,0.35196336281922597,0.1394605198807613,58.359920211608916,0.0422
2026-01-18 00:00:00,C011,Google Ads,JP,static,788.53,42666,629,78,0.0147,0.124,10.1094,0.7110159984805738,0.4500256311596774,0.18585373624056015,40.742282454163835,0.0517
2026-01-19 00:00:00,C011,Google Ads,JP,static,1332.17,84770,968,118,0.0114,0.1219,11.2896,0.5696852003586554,0.3995221158004489,0.2014118891997131,58.78858679116019,0.0441
2026-01-20 00:00:00,C011,Google Ads,JP,static,904.4,42916,629,85,0.0147,0.1351,10.64,0.68979632280544,0.4021130114801833,0.14485891877016863,43.99952010385582,0.0487
2026-01-21 00:00:00,C011,Google Ads,JP,static,768.28,40298,506,60,0.0126,0.1186,12.8047,0.5898312474406697,0.3849281999888063,0.14147388952826992,36.97746849606204,0.0481
2026-01-22 00:00:00,C011,Google Ads,JP,static,1034.8,65863,799,119,0.0121,0.1489,8.6958,0.5968568678253634,0.3914862501638881,0.16889477738307995,67.24143162929121,0.065
2026-01-23 00:00:00,C011,Google Ads,JP,static,1170.93,65637,930,116,0.0142,0.1247,10.0942,0.5716285689282867,0.38557744308462844,0.1584465623425103,58.34192351963354,0.0498
2026-01-24 00:00:00,C011,Google Ads,JP,static,1277.86,65856,941,136,0.0143,0.1445,9.396,0.6313614845841057,0.42111019596106036,0.12122612052330758,67.01112029358059,0.0524
2026-01-25 00:00:00,C011,Google Ads,JP,static,884.59,45283,586,84,0.0129,0.1433,10.5308,0.5414065954922918,0.34615814868334926,0.12949325656215996,37.23315623864448,0.0421
2026-01-26 00:00:00,C011,Google Ads,JP,static,1004.41,51526,652,73,0.0127,0.112,13.759,0.5272354612047297,0.2538899224223346,0.0778046719269532,38.00539314975624,0.0378
2026-01-27 00:00:00,C011,Google Ads,JP,static,1020.13,49750,731,82,0.0147,0.1122,12.4406,0.6193998424987676,0.41582629637221824,0.15483278484081445,31.901722894804287,0.0313
2026-01-28 00:00:00,C011,Google Ads,JP,static,1344.24,64143,882,105,0.0138,0.119,12.8023,0.5674276893873195,0.294777534741899,0.162596552229744,54.819927872938926,0.0408
2026-01-29 00:00:00,C011,Google Ads,JP,static,830.51,44665,537,68,0.012,0.1266,12.2134,0.5855441693311957,0.3670551848461815,0.1173024192521035,36.328338737673675,0.0437
2026-01-30 00:00:00,C011,Google Ads,JP,static,833.23,59045,722,82,0.0122,0.1136,10.1613,0.614051998839011,0.32800506234055565,0.1423188375263538,44.10103895403624,0.0529
2026-01-31 00:00:00,C011,Google Ads,JP,static,887.21,52729,698,100,0.0132,0.1433,8.8721,0.5382562674945448,0.33380686213908595,0.17956768470741608,51.77019651761891,0.0584
2026-02-01 00:00:00,C011,Google Ads,JP,static,1078.76,64140,875,124,0.0136,0.1417,8.6997,0.6451440862262331,0.3689516940751112,0.17484215198342254,52.07608438869762,0.0483
2026-02-02 00:00:00,C011,Google Ads,JP,static,968.83,55869,681,89,0.0122,0.1307,10.8857,0.5245586775032781,0.35048670578371394,0.16945539936537599,37.24574121450177,0.0384
2026-02-03 00:00:00,C011,Google Ads,JP,static,704.89,44162,604,81,0.0137,0.1341,8.7023,0.5786370144643276,0.3623388870293427,0.17742311689762047,35.146538210206984,0.0499
2026-02-04 00:00:00,C011,Google Ads,JP,static,1063.46,58840,816,98,0.0139,0.1201,10.8516,0.6245279436347179,0.3839088807622318,0.18224989421927779,54.29646548593793,0.0511
2026-02-05 00:00:00,C011,Google Ads,JP,static,1006.33,51990,754,93,0.0145,0.1233,10.8208,0.5808388806159573,0.3637390581023853,0.14531791026103752,41.42173410159401,0.0412
2026-02-06 00:00:00,C011,Google Ads,JP,static,884.59,52350,616,79,0.0118,0.1282,11.1973,0.6296929062369405,0.427650567844768,0.13529868408279144,45.79909309841835,0.0518
2026-02-07 00:00:00,C011,Google Ads,JP,static,1193.51,64268,858,121,0.0134,0.141,9.8637,0.6728145937217952,0.4213988809597776,0.2083151814049528,77.36160292472935,0.0648
2026-02-08 00:00:00,C011,Google Ads,JP,static,811.78,45354,586,78,0.0129,0.1331,10.4074,0.6552080769326908,0.37070985495597975,0.13848883903514053,42.3630966477513,0.0522
2026-02-09 00:00:00,C011,Google Ads,JP,static,920.1,47840,672,92,0.014,0.1369,10.0011,0.5797405614892213,0.3723053698274255,0.12002961148235405,40.1460525209042,0.0436
2026-02-10 00:00:00,C011,Google Ads,JP,static,896.86,50014,628,72,0.0126,0.1146,12.4564,0.5762030151467914,0.31781984034013117,0.13847300503282967,33.14200096639336,0.037
2026-02-11 00:00:00,C011,Google Ads,JP,static,993.37,51592,737,110,0.0143,0.1493,9.0306,0.5543686155785553,0.37783838318984597,0.13024099265288652,50.551176810512175,0.0509
2026-02-12 00:00:00,C011,Google Ads,JP,static,1179.68,67708,900,102,0.0133,0.1133,11.5655,0.6139440180421748,0.3469195798623033,0.135456096315157,39.627499587223106,0.0336
2026-02-13 00:00:00,C011,Google Ads,JP,static,874.14,43812,612,75,0.014,0.1225,11.6552,0.4824176113443781,0.40673529924175517,0.1357390181093668,37.33089341162451,0.0427
2026-02-14 00:00:00,C011,Google Ads,JP,static,867.32,57024,679,102,0.0119,0.1502,8.5031,0.6392590698655889,0.3811338438296902,0.11142728024403495,44.83845621572662,0.0517
2026-02-15 00:00:00,C011,Google Ads,JP,static,1310.17,67316,975,131,0.0145,0.1344,10.0013,0.6242053761607756,0.36629538331879763,0.16585857711615107,61.25895010974568,0.0468
2026-02-16 00:00:00,C011,Google Ads,JP,static,1139.72,61778,819,108,0.0133,0.1319,10.553,0.5561206342359781,0.412361393960122,0.15777266969303383,59.245741450651224,0.052
2026-02-17 00:00:00,C011,Google Ads,JP,static,845.22,38942,561,75,0.0144,0.1337,11.2696,0.5129106074952665,0.3143578646755497,0.15567993598120422,28.769118369413068,0.034
2026-02-18 00:00:00,C011,Google Ads,JP,static,894.36,52337,588,71,0.0112,0.1207,12.5966,0.6172443012724214,0.3789768988074573,0.16763557551006894,30.845503981284068,0.0345
2026-02-19 00:00:00,C011,Google Ads,JP,static,804.8,56876,664,99,0.0117,0.1491,8.1293,0.6633994723619225,0.4159524971669785,0.14665808779391282,59.82777565103969,0.0743
2026-02-20 00:00:00,C011,Google Ads,JP,static,1244.04,75280,1031,155,0.0137,0.1503,8.0261,0.5667870951193845,0.40063498834651756,0.1626591986300928,82.6223792954592,0.0664
2026-02-21 00:00:00,C011,Google Ads,JP,static,1026.04,58146,752,86,0.0129,0.1144,11.9307,0.6286536843318872,0.39422863351887855,0.15859805225889412,43.064242445088425,0.042
2026-02-22 00:00:00,C011,Google Ads,JP,static,1231.26,69370,1011,152,0.0146,0.1503,8.1004,0.6184714652455864,0.3382710207693062,0.1705029749249939,70.37934627590899,0.0572
2026-02-23 00:00:00,C011,Google Ads,JP,static,1048.02,52961,680,83,0.0128,0.1221,12.6267,0.6274716242862387,0.3672381254352193,0.18736451214096875,41.4126488694136,0.0395
2026-02-24 00:00:00,C011,Google Ads,JP,static,1048.34,66740,779,115,0.0117,0.1476,9.116,0.6112763733051896,0.37271640394201383,0.17050599583504225,58.43696490937356,0.0557
2026-02-25 00:00:00,C011,Google Ads,JP,static,784.9,53583,625,71,0.0117,0.1136,11.0549,0.6072743097664811,0.3849668815273179,0.15196518136977655,35.276668557689156,0.0449
2026-02-26 00:00:00,C011,Google Ads,JP,static,851.13,46174,602,85,0.013,0.1412,10.0133,0.6621680138588987,0.37932846217461735,0.17999546493206647,42.358735753956765,0.0498
2026-02-27 00:00:00,C011,Google Ads,JP,static,1186.86,64662,935,124,0.0145,0.1326,9.5715,0.6122674145951394,0.38677918720035054,0.14326919821270823,71.44397542136623,0.0602
2026-02-28 00:00:00,C011,Google Ads,JP,static,1055.92,54533,811,93,0.0149,0.1147,11.354,0.5754172930264763,0.31974172088360187,0.1426886552393021,36.103196828942814,0.0342
2026-03-01 00:00:00,C011,Google Ads,JP,static,808.04,46521,654,95,0.0141,0.1453,8.5057,0.6382206730242441,0.3717265600332027,0.17884211536067463,53.90455036850876,0.0667
2026-01-01 00:00:00,C012,Google Ads,JP,playable,948.7,37626,822,146,0.0218,0.1776,6.4979,0.7548942853097627,0.43845359119411,0.20817036348510143,81.74639164307068,0.0862
2026-01-02 00:00:00,C012,Google Ads,JP,playable,1276.12,48467,1036,178,0.0214,0.1718,7.1692,0.6912496353681487,0.3769162885235658,0.17722972615074215,84.57519854367638,0.0663
2026-01-03 00:00:00,C012,Google Ads,JP,playable,1375.35,57302,1133,222,0.0198,0.1959,6.1953,0.7407197736331439,0.44108402674809777,0.1938333939745247,135.6264756937222,0.0986
2026-01-04 00:00:00,C012,Google Ads,JP,playable,1165.71,43568,941,182,0.0216,0.1934,6.405,0.794987380945822,0.4562549475898621,0.2064608462851224,108.34342940998839,0.0929
2026-01-05 00:00:00,C012,Google Ads,JP,playable,887.55,37159,696,124,0.0187,0.1782,7.1577,0.7909367602177633,0.4504254934375951,0.1885890448038569,77.95223285887855,0.0878
2026-01-06 00:00:00,C012,Google Ads,JP,playable,896.97,35794,771,152,0.0215,0.1971,5.9011,0.5849232020439519,0.41329981860970777,0.157479069934082,75.25306172791086,0.0839
2026-01-07 00:00:00,C012,Google Ads,JP,playable,991.46,40051,743,130,0.0186,0.175,7.6266,0.7167341803868672,0.432249957945085,0.17801430130574297,76.95790377348527,0.0776
2026-01-08 00:00:00,C012,Google Ads,JP,playable,868.71,33123,591,88,0.0178,0.1489,9.8717,0.673249019108375,0.3563985395892806,0.1565745881757945,43.88093620983432,0.0505
2026-01-09 00:00:00,C012,Google Ads,JP,playable,1250.72,53649,883,153,0.0165,0.1733,8.1746,0.7371549242930259,0.4331233116253812,0.1866325801728992,84.11882501763775,0.0673
2026-01-10 00:00:00,C012,Google Ads,JP,playable,1303.22,47538,941,165,0.0198,0.1753,7.8983,0.6112114618996193,0.436308352313163,0.16875219871677785,85.16405665056767,0.0653
2026-01-11 00:00:00,C012,Google Ads,JP,playable,982.03,45676,838,144,0.0183,0.1718,6.8197,0.6266291632477947,0.37448448778847326,0.184750846358924,79.75882554161728,0.0812
2026-01-12 00:00:00,C012,Google Ads,JP,playable,816.26,37149,690,103,0.0186,0.1493,7.9249,0.7344449272373722,0.4229372734351807,0.13506183209775463,59.9934851772017,0.0735
2026-01-13 00:00:00,C012,Google Ads,JP,playable,783.65,25293,555,98,0.0219,0.1766,7.9964,0.6682261927785287,0.4097119578675209,0.20120512331850524,56.03896718664194,0.0715
2026-01-14 00:00:00,C012,Google Ads,JP,playable,809.04,32239,653,127,0.0203,0.1945,6.3704,0.633259482228421,0.39675862626963315,0.17216783180327053,63.81439002542599,0.0789
2026-01-15 00:00:00,C012,Google Ads,JP,playable,714.47,26294,563,84,0.0214,0.1492,8.5056,0.713923366209387,0.4852667174674652,0.18532978048877397,51.91565249172528,0.0727
2026-01-16 00:00:00,C012,Google Ads,JP,playable,655.67,19702,424,63,0.0215,0.1486,10.4075,0.5946773754477985,0.39871264064335143,0.17739480577000066,30.702169268218228,0.0468
2026-01-17 00:00:00,C012,Google Ads,JP,playable,861.72,27918,555,94,0.0199,0.1694,9.1672,0.6822332852900921,0.3726581313620026,0.167260641157662,55.39404536985811,0.0643
2026-01-18 00:00:00,C012,Google Ads,JP,playable,1263.33,48695,963,192,0.0198,0.1994,6.5798,0.7709215965617247,0.4608886204826126,0.19556377271995207,126.73710676534067,0.1003
2026-01-19 00:00:00,C012,Google Ads,JP,playable,850.25,27089,562,104,0.0207,0.1851,8.1755,0.7223619316200536,0.45055241636698606,0.21077793985968063,71.85766761158133,0.0845
2026-01-20 00:00:00,C012,Google Ads,JP,playable,1306.7,49676,1023,156,0.0206,0.1525,8.3763,0.6326100495929238,0.444050156495087,0.15312019162511836,90.29784991277435,0.0691
2026-01-21 00:00:00,C012,Google Ads,JP,playable,826.7,26926,577,102,0.0214,0.1768,8.1049,0.6558760768946595,0.3368251460685284,0.14743763216204805,46.07941337022805,0.0557
2026-01-22 00:00:00,C012,Google Ads,JP,playable,1102.14,42248,861,158,0.0204,0.1835,6.9756,0.6874227358611498,0.41442549429950787,0.19559074161162904,89.77824250283771,0.0815
2026-01-23 00:00:00,C012,Google Ads,JP,playable,847.97,33175,687,130,0.0207,0.1892,6.5228,0.7625227902161221,0.44614119018601056,0.1811816254342969,85.90407526573651,0.1013
2026-01-24 00:00:00,C012,Google Ads,JP,playable,754.16,27258,566,94,0.0208,0.1661,8.023,0.7330396410518568,0.3619371335369393,0.18066683219250432,59.55897733482552,0.079
2026-01-25 00:00:00,C012,Google Ads,JP,playable,1182.35,43071,942,184,0.0219,0.1953,6.4258,0.7125799606527081,0.4498790143182744,0.23118802958174264,121.26551071197865,0.1026
2026-01-26 00:00:00,C012,Google Ads,JP,playable,890.25,33884,626,104,0.0185,0.1661,8.5601,0.6222428984247366,0.40638374363631447,0.15191604721501376,50.61925429066877,0.0569
2026-01-27 00:00:00,C012,Google Ads,JP,playable,1007.42,42957,844,131,0.0196,0.1552,7.6902,0.7477206276580284,0.43924344381469754,0.20050486933012013,81.14763832488501,0.0805
2026-01-28 00:00:00,C012,Google Ads,JP,playable,729.23,27304,514,96,0.0188,0.1868,7.5961,0.7517237654762807,0.42042789862032104,0.18934434418196058,65.70644175719421,0.0901
2026-01-29 00:00:00,C012,Google Ads,JP,playable,885.43,33859,721,108,0.0213,0.1498,8.1984,0.8048663808123254,0.4416158657730989,0.15389712337196185,56.12454212633161,0.0634
2026-01-30 00:00:00,C012,Google Ads,JP,playable,1072.47,44338,809,129,0.0182,0.1595,8.3137,0.7481214153808787,0.491978543806747,0.20494193254751894,86.34067144215825,0.0805
2026-01-31 00:00:00,C012,Google Ads,JP,playable,1039.41,32596,703,132,0.0216,0.1878,7.8743,0.7051240325216478,0.4597845995799557,0.19496366470108772,72.77835273611932,0.07
2026-02-01 00:00:00,C012,Google Ads,JP,playable,1202.16,42952,806,157,0.0188,0.1948,7.6571,0.675592898105395,0.3293038141777799,0.18253017809884947,89.87372213040244,0.0748
2026-02-02 00:00:00,C012,Google Ads,JP,playable,844.64,36775,601,111,0.0163,0.1847,7.6094,0.7306861276868527,0.4581441599222384,0.19248548759620168,71.32743273827094,0.0844
2026-02-03 00:00:00,C012,Google Ads,JP,playable,980.42,42461,742,143,0.0175,0.1927,6.8561,0.7078230633475818,0.4179928840449533,0.16428104650023728,68.177573401596,0.0695
2026-02-04 00:00:00,C012,Google Ads,JP,playable,1169.01,38591,818,144,0.0212,0.176,8.1181,0.7028348217746306,0.41753146479747105,0.16321648532129046,79.08810947520053,0.0677
2026-02-05 00:00:00,C012,Google Ads,JP,playable,712.21,25613,474,76,0.0185,0.1603,9.3712,0.6484245683465002,0.3675235590758756,0.15887351127884033,45.90402644646302,0.0645
2026-02-06 00:00:00,C012,Google Ads,JP,playable,931.69,36856,608,94,0.0165,0.1546,9.9116,0.6935873844395497,0.4487096932825253,0.19307632617445114,55.38197509643244,0.0594
2026-02-07 00:00:00,C012,Google Ads,JP,playable,1245.05,46574,934,166,0.0201,0.1777,7.5003,0.6826592350362694,0.4785483762438032,0.19018824133572446,96.76148454113006,0.0777
2026-02-08 00:00:00,C012,Google Ads,JP,playable,843.37,26983,547,83,0.0203,0.1517,10.1611,0.6604598818281536,0.49901062228917664,0.18793749985204994,35.917801788716986,0.0426
2026-02-09 00:00:00,C012,Google Ads,JP,playable,921.56,43833,733,131,0.0167,0.1787,7.0348,0.6398326107007276,0.40711973677422525,0.17382855096863803,78.30767041868738,0.085
2026-02-10 00:00:00,C012,Google Ads,JP,playable,1028.51,38891,743,120,0.0191,0.1615,8.5709,0.7839866163671151,0.5307759462614103,0.19856594021240728,82.4019404227511,0.0801
2026-02-11 00:00:00,C012,Google Ads,JP,playable,716.77,25704,530,91,0.0206,0.1717,7.8766,0.619623871656358,0.38611099446968444,0.15091775486612388,51.41690756722988,0.0717
2026-02-12 00:00:00,C012,Google Ads,JP,playable,741.38,31821,542,98,0.017,0.1808,7.5651,0.7584443949425763,0.44156316920785454,0.19876428733547274,54.33838288431292,0.0733
2026-02-13 00:00:00,C012,Google Ads,JP,playable,887.56,38033,686,109,0.018,0.1589,8.1428,0.7622409886837419,0.4435909637241753,0.1867363332155744,64.99257321628326,0.0732
2026-02-14 00:00:00,C012,Google Ads,JP,playable,1138.76,49084,822,162,0.0167,0.1971,7.0294,0.6626773448912258,0.45450693343336634,0.20604586153034976,84.83398554368772,0.0745
2026-02-15 00:00:00,C012,Google Ads,JP,playable,953.35,33347,642,107,0.0193,0.1667,8.9098,0.7849108554883522,0.49995940807229305,0.1601267999491179,79.64605206552613,0.0835
2026-02-16 00:00:00,C012,Google Ads,JP,playable,717.48,25018,470,85,0.0188,0.1809,8.4409,0.6617412809247988,0.4023324194724058,0.20989723024101042,54.59388632764464,0.0761
2026-02-17 00:00:00,C012,Google Ads,JP,playable,677.32,26296,474,83,0.018,0.1751,8.1605,0.6644161802468893,0.3287880821160505,0.16331472623819734,47.86154366723131,0.0707
2026-02-18 00:00:00,C012,Google Ads,JP,playable,851.24,38024,700,128,0.0184,0.1829,6.6503,0.640917885507715,0.4415563909613158,0.1903757117413232,79.7675479485008,0.0937
2026-02-19 00:00:00,C012,Google Ads,JP,playable,1051.25,35094,752,113,0.0214,0.1503,9.3031,0.7748201867086103,0.513034315414694,0.1952864283276863,61.3852473326475,0.0584
2026-02-20 00:00:00,C012,Google Ads,JP,playable,946.39,32483,663,103,0.0204,0.1554,9.1883,0.7514853477607291,0.4351732947304079,0.2462153888695633,64.19372879654115,0.0678
2026-02-21 00:00:00,C012,Google Ads,JP,playable,1102.05,45886,955,186,0.0208,0.1948,5.925,0.8334793956996497,0.46402065238264606,0.20803044482064834,113.22884166796,0.1027
2026-02-22 00:00:00,C012,Google Ads,JP,playable,1221.44,47873,837,165,0.0175,0.1971,7.4027,0.7533963433330595,0.4532101274406407,0.22891866681492917,111.63184956672158,0.0914
2026-02-23 00:00:00,C012,Google Ads,JP,playable,867.21,36584,646,127,0.0177,0.1966,6.8284,0.7322396760069539,0.4494076251276326,0.19336646294997667,68.71102144882455,0.0792
2026-02-24 00:00:00,C012,Google Ads,JP,playable,971.04,33085,652,129,0.0197,0.1979,7.5274,0.7576469828729596,0.5019001757771975,0.1920500492692758,80.65176925836063,0.0831
2026-02-25 00:00:00,C012,Google Ads,JP,playable,1035.41,42362,739,119,0.0174,0.161,8.7009,0.7585129767234429,0.5422679790631343,0.24252180196638978,80.44473886085561,0.0777
2026-02-26 00:00:00,C012,Google Ads,JP,playable,1135.66,44404,818,145,0.0184,0.1773,7.8321,0.6848246180105027,0.35324066766955775,0.17319788364439323,90.45312171153537,0.0796
2026-02-27 00:00:00,C012,Google Ads,JP,playable,976.96,35113,743,127,0.0212,0.1709,7.6926,0.8149074801820503,0.5423002002833406,0.16562958065791564,75.74226575013327,0.0775
2026-02-28 00:00:00,C012,Google Ads,JP,playable,1200.67,38881,792,155,0.0204,0.1957,7.7463,0.6868364587643342,0.4377528681892819,0.1623293189367887,91.54050408778454,0.0762
2026-03-01 00:00:00,C012,Google Ads,JP,playable,967.24,30601,665,103,0.0217,0.1549,9.3907,0.6374941996987021,0.40770062135380153,0.1842079667767518,59.45128392119504,0.0615
2026-01-01 00:00:00,C013,Google Ads,JP,video,835.54,33864,540,69,0.0159,0.1278,12.1093,0.5719058739567012,0.3357618829648086,0.14602864931555726,29.381861299998942,0.0352
2026-01-02 00:00:00,C013,Google Ads,JP,video,912.91,34069,617,83,0.0181,0.1345,10.9989,0.6149831428954344,0.35802788540001595,0.1816259716591078,54.34312581397955,0.0595
2026-01-03 00:00:00,C013,Google Ads,JP,video,1154.73,60659,979,144,0.0161,0.1471,8.019,0.7213783761729331,0.3929447612140867,0.15879089737199495,89.05415594168008,0.0771
2026-01-04 00:00:00,C013,Google Ads,JP,video,890.69,36277,598,92,0.0165,0.1538,9.6814,0.6233154637337215,0.40182961688967445,0.2055279068401706,53.492481910013694,0.0601
2026-01-05 00:00:00,C013,Google Ads,JP,video,784.11,35066,599,86,0.0171,0.1436,9.1176,0.5873070849881947,0.4590710475979741,0.1588280545804627,51.49237637341898,0.0657
2026-01-06 00:00:00,C013,Google Ads,JP,video,914.09,41211,689,115,0.0167,0.1669,7.9486,0.7112059479847778,0.42205129374161754,0.18754880439088226,66.77584782390409,0.0731
2026-01-07 00:00:00,C013,Google Ads,JP,video,851.32,45403,674,94,0.0148,0.1395,9.0566,0.5746522417982675,0.43702024605074674,0.16109584967306076,46.56098230720122,0.0547
2026-01-08 00:00:00,C013,Google Ads,JP,video,764.83,34421,563,94,0.0164,0.167,8.1365,0.6075801339173634,0.4721705562163332,0.14923676678432202,46.40393563651572,0.0607
2026-01-09 00:00:00,C013,Google Ads,JP,video,1049.2,57543,844,122,0.0147,0.1445,8.6,0.6583833148200027,0.43422685281092993,0.20426970654717108,80.35506980042807,0.0766
2026-01-10 00:00:00,C013,Google Ads,JP,video,1012.98,53070,741,124,0.014,0.1673,8.1692,0.6318820011821242,0.421477558968329,0.17406641006488086,67.67425998408896,0.0668
2026-01-11 00:00:00,C013,Google Ads,JP,video,792.83,33504,605,87,0.0181,0.1438,9.113,0.5850110235959691,0.37618475800609014,0.15393800804309613,38.96675437810211,0.0491
2026-01-12 00:00:00,C013,Google Ads,JP,video,1200.22,53196,883,121,0.0166,0.137,9.9192,0.6230361088946971,0.40232923937489634,0.1279299243111557,58.46558800507894,0.0487
2026-01-13 00:00:00,C013,Google Ads,JP,video,868.67,43594,663,103,0.0152,0.1554,8.4337,0.675313123780487,0.4722595520482299,0.19409902098988702,69.98275004417606,0.0806
2026-01-14 00:00:00,C013,Google Ads,JP,video,1013.56,47083,734,120,0.0156,0.1635,8.4463,0.6425908573894481,0.4138492152932925,0.1789306467071876,62.88077513088495,0.062
2026-01-15 00:00:00,C013,Google Ads,JP,video,839.79,32722,548,75,0.0167,0.1369,11.1972,0.6033516233396997,0.33583051930252966,0.1627615045678882,35.75450667063877,0.0426
2026-01-16 00:00:00,C013,Google Ads,JP,video,1150.3,63743,885,150,0.0139,0.1695,7.6687,0.675208303816914,0.4733408709028761,0.20352457621794673,96.36056114428352,0.0838
2026-01-17 00:00:00,C013,Google Ads,JP,video,832.01,44586,636,101,0.0143,0.1588,8.2377,0.7418343642631022,0.4687917332881347,0.16991880362778547,65.52805307737691,0.0788
2026-01-18 00:00:00,C013,Google Ads,JP,video,1295.5,50427,847,144,0.0168,0.17,8.9965,0.74984829157602,0.4843993189936678,0.19561546136404184,85.6544442483357,0.0661
2026-01-19 00:00:00,C013,Google Ads,JP,video,1328.92,68776,1058,155,0.0154,0.1465,8.5737,0.6518481556437624,0.3908236889457662,0.19969765976586634,85.42983115374577,0.0643
2026-01-20 00:00:00,C013,Google Ads,JP,video,756.7,40063,622,104,0.0155,0.1672,7.276,0.7669947600654525,0.40934661932147953,0.16391350929835005,50.12802936539945,0.0662
2026-01-21 00:00:00,C013,Google Ads,JP,video,822.76,46939,716,113,0.0153,0.1578,7.2811,0.5894502716794454,0.43223555533429686,0.16239996705044957,64.14887156064937,0.078
2026-01-22 00:00:00,C013,Google Ads,JP,video,997.97,36156,647,91,0.0179,0.1406,10.9667,0.5558751423168046,0.3849185933506175,0.14192668414213724,38.16666422290354,0.0382
2026-01-23 00:00:00,C013,Google Ads,JP,video,844.16,44781,726,94,0.0162,0.1295,8.9804,0.7497927259734385,0.3901393808171011,0.20662427407400213,59.69660803867594,0.0707
2026-01-24 00:00:00,C013,Google Ads,JP,video,810.99,41185,576,88,0.014,0.1528,9.2158,0.6311751110217507,0.3461700674946512,0.17087965216045975,52.464007385134465,0.0647
2026-01-25 00:00:00,C013,Google Ads,JP,video,1153.5,53061,812,133,0.0153,0.1638,8.6729,0.6455516600670477,0.39422160590884503,0.1761836094050443,74.62486450154366,0.0647
2026-01-26 00:00:00,C013,Google Ads,JP,video,1072.83,54148,873,142,0.0161,0.1627,7.5551,0.6070756999338129,0.4157384079395361,0.16881460511015842,92.3319830460322,0.0861
2026-01-27 00:00:00,C013,Google Ads,JP,video,840.15,38308,543,87,0.0142,0.1602,9.6569,0.576477967242159,0.37505698644806984,0.1476781258620533,43.418018005819505,0.0517
2026-01-28 00:00:00,C013,Google Ads,JP,video,974.21,38376,676,98,0.0176,0.145,9.9409,0.6998692887598473,0.4014743033681569,0.13210608108849534,54.96682243541173,0.0564
2026-01-29 00:00:00,C013,Google Ads,JP,video,1157.2,53380,836,127,0.0157,0.1519,9.1118,0.6883975051341344,0.46543485657073247,0.18382824362853425,78.85541370902169,0.0681
2026-01-30 00:00:00,C013,Google Ads,JP,video,1089.85,40471,705,105,0.0174,0.1489,10.3795,0.5432800893185376,0.3891099210410209,0.13952446213511777,50.382227400421314,0.0462
2026-01-31 00:00:00,C013,Google Ads,JP,video,1075.95,44696,755,113,0.0169,0.1497,9.5217,0.6839377617487652,0.3815083033602408,0.14574056295020038,54.81914761919596,0.0509
2026-02-01 00:00:00,C013,Google Ads,JP,video,722.71,32472,573,89,0.0176,0.1553,8.1203,0.7679651358990625,0.46525932277255133,0.17411602389049166,44.95453220336531,0.0622
2026-02-02 00:00:00,C013,Google Ads,JP,video,658.44,31848,568,88,0.0178,0.1549,7.4823,0.6737795577205161,0.41287721162197494,0.16720869395798674,51.85683797863828,0.0788
2026-02-03 00:00:00,C013,Google Ads,JP,video,879.14,44155,688,114,0.0156,0.1657,7.7118,0.5694252203015711,0.36910969867324145,0.128255023637214,56.58175500194221,0.0644
2026-02-04 00:00:00,C013,Google Ads,JP,video,741.69,34561,628,105,0.0182,0.1672,7.0637,0.6857258303164244,0.390936218370006,0.1760238628572624,48.286578039556694,0.0651
2026-02-05 00:00:00,C013,Google Ads,JP,video,980.61,46893,751,113,0.016,0.1505,8.678,0.5862895230844365,0.3792630535602798,0.1756355490897952,62.042021644164045,0.0633
2026-02-06 00:00:00,C013,Google Ads,JP,video,1594.38,80224,1199,196,0.0149,0.1635,8.1346,0.6083856491997143,0.374356793494824,0.1589616765161229,90.63094418279672,0.0568
2026-02-07 00:00:00,C013,Google Ads,JP,video,799.26,31937,543,74,0.017,0.1363,10.8008,0.7176884740170777,0.4295159205415576,0.21268030965787646,43.91463201756567,0.0549
2026-02-08 00:00:00,C013,Google Ads,JP,video,1152.83,73204,1002,162,0.0137,0.1617,7.1162,0.6408137896467649,0.35563240957152065,0.16699021249273657,67.44438679085232,0.0585
2026-02-09 00:00:00,C013,Google Ads,JP,video,1190.92,58370,942,141,0.0161,0.1497,8.4462,0.7092160641135867,0.4653529363382058,0.16617086802250056,86.43862008728593,0.0726
2026-02-10 00:00:00,C013,Google Ads,JP,video,1063.7,44999,821,120,0.0182,0.1462,8.8642,0.5336315407084063,0.39176719435954954,0.1434985446528999,58.11020909377447,0.0546
2026-02-11 00:00:00,C013,Google Ads,JP,video,829.05,31664,543,74,0.0171,0.1363,11.2034,0.6525109334129842,0.407802164834953,0.15228311419437623,36.18216187974422,0.0436
2026-02-12 00:00:00,C013,Google Ads,JP,video,956.15,46377,743,119,0.016,0.1602,8.0349,0.5883947543481807,0.4331257806387594,0.13658938527114145,58.460978658190534,0.0611
2026-02-13 00:00:00,C013,Google Ads,JP,video,992.44,48775,822,132,0.0169,0.1606,7.5185,0.5361465888696203,0.3191197095647287,0.19623472738063957,68.70783574013214,0.0692
2026-02-14 00:00:00,C013,Google Ads,JP,video,1129.12,50021,847,138,0.0169,0.1629,8.182,0.6421449320502065,0.39514389896699964,0.1770871179948584,79.65855028637249,0.0705
2026-02-15 00:00:00,C013,Google Ads,JP,video,867.57,43197,620,95,0.0144,0.1532,9.1323,0.6112084919866598,0.39041967774791847,0.2007953715489776,49.0000222246117,0.0565
2026-02-16 00:00:00,C013,Google Ads,JP,video,1108.35,48889,788,102,0.0161,0.1294,10.8662,0.7092017962313792,0.4702846983074504,0.17215462928797837,57.39780407490681,0.0518
2026-02-17 00:00:00,C013,Google Ads,JP,video,781.26,41320,572,80,0.0138,0.1399,9.7658,0.735498618445244,0.42542776583785374,0.2064227153371314,50.13337814993492,0.0642
2026-02-18 00:00:00,C013,Google Ads,JP,video,1081.72,55112,768,101,0.0139,0.1315,10.7101,0.6904537640577042,0.43211334686831204,0.15595321728070916,59.59919353304442,0.0551
2026-02-19 00:00:00,C013,Google Ads,JP,video,776.34,35745,545,70,0.0152,0.1284,11.0906,0.606929952323661,0.3918130421126134,0.18420714333687416,38.295271188968286,0.0493
2026-02-20 00:00:00,C013,Google Ads,JP,video,1122.85,59252,942,131,0.0159,0.1391,8.5714,0.6070803123280073,0.38686685496174944,0.16954462298001316,74.64618755642482,0.0665
2026-02-21 00:00:00,C013,Google Ads,JP,video,825.01,37543,634,87,0.0169,0.1372,9.4829,0.6496415988646407,0.4187599522188439,0.18097237757559148,50.09739048344548,0.0607
2026-02-22 00:00:00,C013,Google Ads,JP,video,750.23,38416,613,93,0.016,0.1517,8.067,0.6262019823146097,0.40462191254529806,0.17933565846111912,42.91649307321962,0.0572
2026-02-23 00:00:00,C013,Google Ads,JP,video,972.55,41359,681,114,0.0165,0.1674,8.5311,0.6108423650488396,0.3423294364276513,0.12912645242774287,59.692443774202374,0.0614
2026-02-24 00:00:00,C013,Google Ads,JP,video,1082.0,43709,740,98,0.0169,0.1324,11.0408,0.6666243245731777,0.470671179112716,0.1448157128944955,52.37516833349163,0.0484
2026-02-25 00:00:00,C013,Google Ads,JP,video,736.04,30944,496,70,0.016,0.1411,10.5149,0.5702068018291226,0.3414523932856773,0.1142948772412784,42.50648292630594,0.0578
2026-02-26 00:00:00,C013,Google Ads,JP,video,808.25,39476,641,87,0.0162,0.1357,9.2902,0.6774348637154025,0.4123097646616769,0.16243318899190862,41.27529001252955,0.0511
2026-02-27 00:00:00,C013,Google Ads,JP,video,957.86,45863,797,127,0.0174,0.1593,7.5422,0.5703500748649515,0.325742549927087,0.14298309294826916,56.66665736366038,0.0592
2026-02-28 00:00:00,C013,Google Ads,JP,video,1157.12,46618,802,120,0.0172,0.1496,9.6427,0.6815936774375643,0.4072291652986779,0.18100654378420433,81.01301329739611,0.07
2026-03-01 00:00:00,C013,Google Ads,JP,video,943.27,40664,702,98,0.0173,0.1396,9.6252,0.6759773442789232,0.41236769249606664,0.17207809694393067,49.575366026004346,0.0526
2026-01-01 00:00:00,C014,Google Ads,US,playable,1097.9,39822,742,136,0.0186,0.1833,8.0728,0.7803260798877791,0.5184352227436544,0.23390989696005246,91.87663275657235,0.0837
2026-01-02 00:00:00,C014,Google Ads,US,playable,1079.42,45146,807,126,0.0179,0.1561,8.5668,0.7540414541993863,0.48828285880006855,0.1657789271850779,88.00389903091246,0.0815
2026-01-03 00:00:00,C014,Google Ads,US,playable,988.36,28420,625,110,0.022,0.176,8.9851,0.6325571437393156,0.3920103212624441,0.17701444988300305,59.87238583926156,0.0606
2026-01-04 00:00:00,C014,Google Ads,US,playable,930.55,27639,589,94,0.0213,0.1596,9.8995,0.7656983779445363,0.4120761942766737,0.19486716762834194,72.44605239740149,0.0779
2026-01-05 00:00:00,C014,Google Ads,US,playable,803.38,27761,584,113,0.021,0.1935,7.1096,0.810207556778686,0.46840614908542816,0.21820917033983114,74.48978672521426,0.0927
2026-01-06 00:00:00,C014,Google Ads,US,playable,700.12,28598,496,80,0.0173,0.1613,8.7515,0.7009426345186703,0.4278138932710847,0.17070211470458102,52.662909827737735,0.0752
2026-01-07 00:00:00,C014,Google Ads,US,playable,1055.26,30088,663,118,0.022,0.178,8.9429,0.7929774781231042,0.47118996599974927,0.2519650673982332,81.23949031132867,0.077
2026-01-08 00:00:00,C014,Google Ads,US,playable,855.17,30389,608,113,0.02,0.1859,7.5679,0.7934781264675067,0.5232738951250798,0.23122989863338306,85.49543144304177,0.1
2026-01-09 00:00:00,C014,Google Ads,US,playable,932.08,37362,732,123,0.0196,0.168,7.5779,0.6815636285815386,0.4640019487864639,0.15965338920539746,69.31194842600473,0.0744
2026-01-10 00:00:00,C014,Google Ads,US,playable,884.02,28453,592,106,0.0208,0.1791,8.3398,0.843089579244312,0.46816413084861364,0.16566128910288982,71.9203643145211,0.0814
2026-01-11 00:00:00,C014,Google Ads,US,playable,1078.69,42172,733,142,0.0174,0.1937,7.5964,0.8052570971900169,0.46209130632826667,0.18406639444080916,92.29815115178295,0.0856
2026-01-12 00:00:00,C014,Google Ads,US,playable,605.0,24940,420,71,0.0168,0.169,8.5211,0.7437556700412965,0.46669690565553235,0.13478189847334648,48.00012589756684,0.0793
2026-01-13 00:00:00,C014,Google Ads,US,playable,1074.67,40495,701,121,0.0173,0.1726,8.8816,0.8090383132140131,0.4741219822699994,0.19507195444348044,80.7399518906077,0.0751
2026-01-14 00:00:00,C014,Google Ads,US,playable,905.9,34799,725,133,0.0208,0.1834,6.8113,0.8538418945217889,0.4874042959386863,0.1739751523682045,88.90445971170402,0.0981
2026-01-15 00:00:00,C014,Google Ads,US,playable,852.18,30122,648,122,0.0215,0.1883,6.9851,0.7364156835814487,0.47815045645770166,0.1780267640463522,67.75610325900732,0.0795
2026-01-16 00:00:00,C014,Google Ads,US,playable,813.65,28198,561,94,0.0199,0.1676,8.6559,0.7192051412759729,0.4682808386951605,0.17840415851354638,53.383984964634074,0.0656
2026-01-17 00:00:00,C014,Google Ads,US,playable,1093.62,48349,885,151,0.0183,0.1706,7.2425,0.7821374097269562,0.49672549761325335,0.1905441026425977,119.45184371588353,0.1092
2026-01-18 00:00:00,C014,Google Ads,US,playable,897.46,25878,543,107,0.021,0.1971,8.3875,0.7064513434417822,0.39599237350314204,0.19314688808586225,68.20394707478215,0.076
2026-01-19 00:00:00,C014,Google Ads,US,playable,1066.75,41739,694,128,0.0166,0.1844,8.334,0.7486929342074551,0.4656462776226487,0.18877894326149444,73.3211367922539,0.0687
2026-01-20 00:00:00,C014,Google Ads,US,playable,805.93,26311,528,78,0.0201,0.1477,10.3324,0.690514936782453,0.4681472583801501,0.2345004243204124,56.556678966589274,0.0702
2026-01-21 00:00:00,C014,Google Ads,US,playable,897.75,30307,654,114,0.0216,0.1743,7.875,0.7924195652718232,0.5235930750483178,0.19081873977011163,82.33410440857628,0.0917
2026-01-22 00:00:00,C014,Google Ads,US,playable,1208.91,39255,782,137,0.0199,0.1752,8.8242,0.7400337339021628,0.418847308183155,0.15963757739061932,96.43448511675972,0.0798
2026-01-23 00:00:00,C014,Google Ads,US,playable,689.81,22990,492,77,0.0214,0.1565,8.9586,0.5891905844630435,0.4148622861637447,0.18540666409343506,54.79976320806188,0.0794
2026-01-24 00:00:00,C014,Google Ads,US,playable,936.24,32699,580,100,0.0177,0.1724,9.3624,0.673393983614152,0.45577934481947746,0.1968766754822833,62.321653373395044,0.0666
2026-01-25 00:00:00,C014,Google Ads,US,playable,975.55,29704,637,104,0.0214,0.1633,9.3803,0.8650231475187536,0.4782775578419609,0.20338222951995882,77.92161229608223,0.0799
2026-01-26 00:00:00,C014,Google Ads,US,playable,1109.87,35623,681,126,0.0191,0.185,8.8085,0.7373332671956474,0.421976570773499,0.18804308957332339,88.91861491347298,0.0801
2026-01-27 00:00:00,C014,Google Ads,US,playable,947.12,30816,585,95,0.019,0.1624,9.9697,0.8204191290154408,0.44056119644360775,0.21954435126646749,66.81515927341373,0.0705
2026-01-28 00:00:00,C014,Google Ads,US,playable,861.24,37730,630,101,0.0167,0.1603,8.5271,0.6707705013430454,0.4648010186723384,0.14726441987504513,61.72611788743487,0.0717
2026-01-29 00:00:00,C014,Google Ads,US,playable,1216.53,37175,743,148,0.02,0.1992,8.2198,0.7195760520785847,0.451700177120718,0.18204500723083733,83.58539154434368,0.0687
2026-01-30 00:00:00,C014,Google Ads,US,playable,1353.89,49357,975,178,0.0198,0.1826,7.6061,0.7678302772230242,0.4572221327036278,0.17710999894548712,135.35171914728576,0.1
2026-01-31 00:00:00,C014,Google Ads,US,playable,1207.87,47769,788,130,0.0165,0.165,9.2913,0.7831720781146844,0.3980273995616791,0.2003018047385193,76.86851961923276,0.0636
2026-02-01 00:00:00,C014,Google Ads,US,playable,1250.26,45563,855,156,0.0188,0.1825,8.0145,0.7492988802946268,0.4307102201591257,0.22362075558425357,120.2460780536102,0.0962
2026-02-02 00:00:00,C014,Google Ads,US,playable,958.14,31936,579,101,0.0181,0.1744,9.4865,0.6906765688751939,0.4769231680948708,0.20149374446956758,71.55799175167894,0.0747
2026-02-03 00:00:00,C014,Google Ads,US,playable,1033.15,33765,622,108,0.0184,0.1736,9.5662,0.752915114528619,0.5037992847554784,0.19339505996418244,57.73414200153269,0.0559
2026-02-04 00:00:00,C014,Google Ads,US,playable,941.81,26705,570,94,0.0213,0.1649,10.0193,0.8270961444146936,0.4855337587425481,0.21569628424443046,65.05636215797671,0.0691
2026-02-05 00:00:00,C014,Google Ads,US,playable,921.83,33040,651,97,0.0197,0.149,9.5034,0.7898556764339093,0.47521677014996994,0.18836950217887488,62.27072719313795,0.0676
2026-02-06 00:00:00,C014,Google Ads,US,playable,999.06,39380,654,121,0.0166,0.185,8.2567,0.6409119676027777,0.4739936927624281,0.20759393771461265,57.109846132376454,0.0572
2026-02-07 00:00:00,C014,Google Ads,US,playable,1280.61,41274,891,153,0.0216,0.1717,8.37,0.6661687451123219,0.40896331091436366,0.19866325341133445,101.48581882440125,0.0792
2026-02-08 00:00:00,C014,Google Ads,US,playable,871.8,31240,620,95,0.0198,0.1532,9.1768,0.7234844413637584,0.4211069068959524,0.1520088106197899,60.33717314200766,0.0692
2026-02-09 00:00:00,C014,Google Ads,US,playable,1174.54,42402,813,153,0.0192,0.1882,7.6767,0.6811166063855265,0.38106383593020987,0.17935039448174764,90.642559696491,0.0772
2026-02-10 00:00:00,C014,Google Ads,US,playable,917.27,29616,612,111,0.0207,0.1814,8.2637,0.710699061806647,0.46792926771243754,0.1930881020486614,73.8567393403961,0.0805
2026-02-11 00:00:00,C014,Google Ads,US,playable,865.48,33134,636,99,0.0192,0.1557,8.7422,0.8308194332127938,0.41817456458362,0.1992314800633307,71.17368868593569,0.0822
2026-02-12 00:00:00,C014,Google Ads,US,playable,918.31,27060,589,98,0.0218,0.1664,9.3705,0.6439434162218496,0.4270033750995656,0.1537395499794725,75.78512877273218,0.0825
2026-02-13 00:00:00,C014,Google Ads,US,playable,918.93,30425,554,91,0.0182,0.1643,10.0981,0.7515201245843542,0.49417661434016424,0.22736114394673124,59.88124448017135,0.0652
2026-02-14 00:00:00,C014,Google Ads,US,playable,825.23,26468,523,102,0.0198,0.195,8.0905,0.6956510888830277,0.4567841886984762,0.15451172240539626,57.50567996448373,0.0697
2026-02-15 00:00:00,C014,Google Ads,US,playable,1091.11,49276,876,146,0.0178,0.1667,7.4734,0.7919185577543261,0.48888960231922246,0.22941763991631842,109.82559442347458,0.1007
2026-02-16 00:00:00,C014,Google Ads,US,playable,922.76,27853,587,93,0.0211,0.1584,9.9222,0.7460907087518256,0.45538100440592294,0.20915230145253472,63.98386440207517,0.0693
2026-02-17 00:00:00,C014,Google Ads,US,playable,1017.85,38365,784,135,0.0204,0.1722,7.5396,0.7726874656432065,0.5492096969800114,0.18931648968457623,100.22960787688788,0.0985
2026-02-18 00:00:00,C014,Google Ads,US,playable,1104.74,41504,882,132,0.0213,0.1497,8.3692,0.7410709390252348,0.48570720499625075,0.15009819880278108,90.09432886265456,0.0816
2026-02-19 00:00:00,C014,Google Ads,US,playable,518.94,16420,321,54,0.0195,0.1682,9.61,0.6566679266796172,0.4041400954812815,0.1608919872357455,31.649813943526674,0.061
2026-02-20 00:00:00,C014,Google Ads,US,playable,808.29,24555,493,75,0.0201,0.1521,10.7772,0.719690363870066,0.43658935699438234,0.17741434458557132,57.010075780764886,0.0705
2026-02-21 00:00:00,C014,Google Ads,US,playable,996.66,36013,721,115,0.02,0.1595,8.6666,0.7441009879485954,0.5065449027731668,0.20202803981074044,77.63987643603559,0.0779
2026-02-22 00:00:00,C014,Google Ads,US,playable,1071.43,40807,840,136,0.0206,0.1619,7.8782,0.7022553214849353,0.44899037796196734,0.18623647809557264,90.54177090568542,0.0845
2026-02-23 00:00:00,C014,Google Ads,US,playable,893.49,35800,594,99,0.0166,0.1667,9.0252,0.7674432025416941,0.40856636182773876,0.18193275550245572,60.462075370070835,0.0677
2026-02-24 00:00:00,C014,Google Ads,US,playable,774.31,29664,627,99,0.0211,0.1579,7.8213,0.7275963115736893,0.45555400978723176,0.2082787637861647,65.74821252787063,0.0849
2026-02-25 00:00:00,C014,Google Ads,US,playable,909.18,32038,657,120,0.0205,0.1826,7.5765,0.6462487498082147,0.45112115447508655,0.20501922898327857,72.93118364617396,0.0802
2026-02-26 00:00:00,C014,Google Ads,US,playable,897.46,29736,616,99,0.0207,0.1607,9.0653,0.7814775838465519,0.48999814813286635,0.20229665638442537,77.71697874745732,0.0866
2026-02-27 00:00:00,C014,Google Ads,US,playable,1193.24,45812,805,161,0.0176,0.2,7.4114,0.7470782969535733,0.4416918566405204,0.1606298761930794,109.93865438439433,0.0921
2026-02-28 00:00:00,C014,Google Ads,US,playable,1148.17,36775,788,150,0.0214,0.1904,7.6545,0.7067089845371302,0.43171644680128746,0.20447152610531968,102.58265312277064,0.0893
2026-03-01 00:00:00,C014,Google Ads,US,playable,906.72,28789,613,115,0.0213,0.1876,7.8845,0.7815030683926728,0.454052568667459,0.19160493560947145,74.4187712241161,0.0821
2026-01-01 00:00:00,C015,Google Ads,IN,video,722.3,106486,1807,282,0.017,0.1561,2.5613,0.5410222690328256,0.3651349422659196,0.10391133479605423,21.52545411725828,0.0298
2026-01-02 00:00:00,C015,Google Ads,IN,video,1245.62,232045,3194,488,0.0138,0.1528,2.5525,0.3555303810569363,0.2782817659269821,0.12056798043934529,88.77887181358572,0.0713
2026-01-03 00:00:00,C015,Google Ads,IN,video,1193.55,177189,2908,430,0.0164,0.1479,2.7757,0.5089092855485164,0.31453619318058695,0.13550357796631957,38.972153405099704,0.0327
2026-01-04 00:00:00,C015,Google Ads,IN,video,1243.34,173071,2602,414,0.015,0.1591,3.0032,0.49280420960904825,0.300104641056986,0.16302161654639932,66.43298368968117,0.0534
2026-01-05 00:00:00,C015,Google Ads,IN,video,1093.83,143223,2314,309,0.0162,0.1335,3.5399,0.49135250777470807,0.2352794685380927,0.13705559131539208,31.185266857332827,0.0285
2026-01-06 00:00:00,C015,Google Ads,IN,video,765.23,101011,1488,203,0.0147,0.1364,3.7696,0.5334949046718066,0.337653176181476,0.11376899438428537,27.986936024852504,0.0366
2026-01-07 00:00:00,C015,Google Ads,IN,video,971.67,116412,1889,305,0.0162,0.1615,3.1858,0.43215384885720715,0.3694591126758225,0.09377938640874957,39.6032600356338,0.0408
2026-01-08 00:00:00,C015,Google Ads,IN,video,718.98,95372,1531,261,0.0161,0.1705,2.7547,0.5286905260561746,0.3681565616852105,0.13599531143383706,12.593750880974298,0.0175
2026-01-09 00:00:00,C015,Google Ads,IN,video,806.9,111102,2032,278,0.0183,0.1368,2.9025,0.5240318657197,0.3204761783377136,0.11338445505084763,39.87218941767774,0.0494
2026-01-10 00:00:00,C015,Google Ads,IN,video,808.48,120631,1683,259,0.014,0.1539,3.1215,0.49289979581969895,0.33747796650089484,0.10910378151255438,33.59854176782708,0.0416
2026-01-11 00:00:00,C015,Google Ads,IN,video,836.46,115843,2085,324,0.018,0.1554,2.5817,0.4472373346520419,0.2685565333269099,0.09095699914889134,25.014122363322564,0.0299
2026-01-12 00:00:00,C015,Google Ads,IN,video,734.61,96715,1612,275,0.0167,0.1706,2.6713,0.5210154008146743,0.2376743013815902,0.14493745581107603,14.636595216548459,0.0199
2026-01-13 00:00:00,C015,Google Ads,IN,video,1108.0,137826,2167,327,0.0157,0.1509,3.3884,0.5146318978496993,0.2995446137080197,0.11534213802122009,36.871828846300396,0.0333
2026-01-14 00:00:00,C015,Google Ads,IN,video,847.17,128557,1812,242,0.0141,0.1336,3.5007,0.412387509460591,0.2851641753426491,0.11251874054717936,23.43080452967144,0.0277
2026-01-15 00:00:00,C015,Google Ads,IN,video,726.02,92856,1554,237,0.0167,0.1525,3.0634,0.48852116937623963,0.28271793983367316,0.12550025312164492,24.903994189217453,0.0343
2026-01-16 00:00:00,C015,Google Ads,IN,video,1114.44,175844,2860,383,0.0163,0.1339,2.9098,0.6211637185112361,0.30138774760157616,0.09248737846678197,72.35758561987159,0.0649
2026-01-17 00:00:00,C015,Google Ads,IN,video,1400.35,185489,2813,425,0.0152,0.1511,3.2949,0.53301129811344,0.3532290237473698,0.14415645342971734,57.5573629128064,0.0411
2026-01-18 00:00:00,C015,Google Ads,IN,video,1283.57,206613,3153,505,0.0153,0.1602,2.5417,0.5072737465769803,0.33941989570375464,0.14458041843288252,49.40241276383648,0.0385
2026-01-19 00:00:00,C015,Google Ads,IN,video,997.33,119985,2197,316,0.0183,0.1438,3.1561,0.5134336508424752,0.34135960295769724,0.19196497466405174,33.85718291766199,0.0339
2026-01-20 00:00:00,C015,Google Ads,IN,video,993.19,143480,2067,331,0.0144,0.1601,3.0006,0.4810577140815796,0.3309698540736704,0.10939626134019055,19.51993866197156,0.0197
2026-01-21 00:00:00,C015,Google Ads,IN,video,898.74,100659,1837,253,0.0182,0.1377,3.5523,0.4747017543235276,0.2926302242777268,0.13875034965637642,21.19602126629767,0.0236
2026-01-22 00:00:00,C015,Google Ads,IN,video,1093.04,155482,2759,413,0.0177,0.1497,2.6466,0.4919473192338669,0.27073700184941857,0.10134377186727758,32.26122764004784,0.0295
2026-01-23 00:00:00,C015,Google Ads,IN,video,1079.16,123525,2166,317,0.0175,0.1464,3.4043,0.4229617782515916,0.2701563054352183,0.13733401564006606,37.98824980566138,0.0352
2026-01-24 00:00:00,C015,Google Ads,IN,video,681.88,77484,1413,243,0.0182,0.172,2.8061,0.511551166453422,0.3193013305743282,0.12359106309571077,43.17181886370583,0.0633
2026-01-25 00:00:00,C015,Google Ads,IN,video,811.83,103521,1756,255,0.017,0.1452,3.1836,0.5109172893560705,0.2936696036867482,0.1593282645656539,38.62272836414566,0.0476
2026-01-26 00:00:00,C015,Google Ads,IN,video,1136.59,161977,2277,305,0.0141,0.1339,3.7265,0.46784934264159383,0.25720613723842406,0.14087744954510095,44.83453668811543,0.0394
2026-01-27 00:00:00,C015,Google Ads,IN,video,1038.7,175747,2576,335,0.0147,0.13,3.1006,0.48818392286243545,0.2781688708171319,0.1069790656863407,45.385794042595045,0.0437
2026-01-28 00:00:00,C015,Google Ads,IN,video,1032.94,126831,2220,323,0.0175,0.1455,3.198,0.5608007616862276,0.331817541664254,0.10187763230738989,15.231375787627638,0.0147
2026-01-29 00:00:00,C015,Google Ads,IN,video,775.87,87879,1612,240,0.0183,0.1489,3.2328,0.46009147518073257,0.2653401848472182,0.16233890462592915,45.78306846826866,0.059
2026-01-30 00:00:00,C015,Google Ads,IN,video,907.54,114002,2094,283,0.0184,0.1351,3.2069,0.5139172676176765,0.2749509457243325,0.10911268531160113,46.60469540519153,0.0514
2026-01-31 00:00:00,C015,Google Ads,IN,video,996.19,129672,2164,354,0.0167,0.1636,2.8141,0.550987903774454,0.3211772616911469,0.15569050377899554,41.12230497939347,0.0413
2026-02-01 00:00:00,C015,Google Ads,IN,video,974.09,153220,2528,372,0.0165,0.1472,2.6185,0.5166029627949342,0.32017762796689453,0.16778898094078168,68.3880214914387,0.0702
2026-02-02 00:00:00,C015,Google Ads,IN,video,1091.44,152333,2460,341,0.0161,0.1386,3.2007,0.49502415621136436,0.3489379490600958,0.15359826385807387,31.86075597649052,0.0292
2026-02-03 00:00:00,C015,Google Ads,IN,video,1021.66,181613,2573,404,0.0142,0.157,2.5289,0.5392893639372139,0.30147865156990905,0.13132457657792085,8.08,0.0079
2026-02-04 00:00:00,C015,Google Ads,IN,video,1030.78,162633,2505,343,0.0154,0.1369,3.0052,0.4664364260129288,0.29861170147534843,0.15226813458445068,70.25227513449374,0.0682
2026-02-05 00:00:00,C015,Google Ads,IN,video,550.74,94169,1307,190,0.0139,0.1454,2.8986,0.5082430016004383,0.2709327558529515,0.1441913538441596,11.585980262912262,0.021
2026-02-06 00:00:00,C015,Google Ads,IN,video,886.82,116052,2006,283,0.0173,0.1411,3.1336,0.4895122772231054,0.31789554129980635,0.11283767212882909,46.27300924860983,0.0522
2026-02-07 00:00:00,C015,Google Ads,IN,video,989.03,112347,1970,332,0.0175,0.1685,2.979,0.44299349506210567,0.31078364539512365,0.14316026753307326,48.38808959457478,0.0489
2026-02-08 00:00:00,C015,Google Ads,IN,video,1004.39,123385,2099,347,0.017,0.1653,2.8945,0.4038622515975247,0.29941387594653485,0.1320703611347773,69.95704910409154,0.0697
2026-02-09 00:00:00,C015,Google Ads,IN,video,986.98,144095,2105,320,0.0146,0.152,3.0843,0.5402225267053128,0.3323510567007784,0.1472328639067897,65.17858406878622,0.066
2026-02-10 00:00:00,C015,Google Ads,IN,video,530.29,95046,1336,209,0.0141,0.1564,2.5373,0.5165409426675405,0.31702750799118157,0.1426473256617924,19.749194716583112,0.0372
2026-02-11 00:00:00,C015,Google Ads,IN,video,694.31,116079,1579,257,0.0136,0.1628,2.7016,0.44645603381595594,0.27226470962258204,0.13062830289386784,15.74221777807036,0.0227
2026-02-12 00:00:00,C015,Google Ads,IN,video,935.09,129766,1874,268,0.0144,0.143,3.4891,0.49898723013074475,0.3149508513305322,0.16740755145012431,27.65692717394991,0.0296
2026-02-13 00:00:00,C015,Google Ads,IN,video,1390.39,188659,3022,386,0.016,0.1277,3.602,0.5208090273710345,0.3181985768548015,0.14484494083224847,79.71395722915265,0.0573
2026-02-14 00:00:00,C015,Google Ads,IN,video,972.24,139363,2372,355,0.017,0.1497,2.7387,0.5536011282816754,0.29947381001619783,0.14020157571837652,20.930637846966047,0.0215
2026-02-15 00:00:00,C015,Google Ads,IN,video,1298.28,174307,2582,367,0.0148,0.1421,3.5375,0.4202043529012849,0.3075876055193231,0.08325139941500484,74.92299949009379,0.0577
2026-02-16 00:00:00,C015,Google Ads,IN,video,1064.18,195029,2742,469,0.0141,0.171,2.269,0.500476617992317,0.34886248708798673,0.13216785622504865,52.06920100227987,0.0489
2026-02-17 00:00:00,C015,Google Ads,IN,video,946.58,125944,1889,265,0.015,0.1403,3.572,0.46944504669678194,0.2748261246558172,0.11657931921844394,48.375902169494736,0.0511
2026-02-18 00:00:00,C015,Google Ads,IN,video,731.78,107752,1889,261,0.0175,0.1382,2.8038,0.52862903196571,0.3196874975789051,0.15943442177890227,5.22,0.0071
2026-02-19 00:00:00,C015,Google Ads,IN,video,1030.18,149668,2132,314,0.0142,0.1473,3.2808,0.5647139694854834,0.27462817284500085,0.12664214236630697,42.78770703082045,0.0415
2026-02-20 00:00:00,C015,Google Ads,IN,video,963.16,142784,2065,312,0.0145,0.1511,3.0871,0.5851284939895168,0.357563185878121,0.11088059747196491,9.859215345596523,0.0102
2026-02-21 00:00:00,C015,Google Ads,IN,video,1355.21,240493,3416,478,0.0142,0.1399,2.8352,0.5038020301820773,0.3014011125325158,0.12943779719242893,108.40081629777738,0.08
2026-02-22 00:00:00,C015,Google Ads,IN,video,868.52,135330,2030,290,0.015,0.1429,2.9949,0.47952197250741324,0.33493555633180605,0.1442696166722066,33.95506386380623,0.0391
2026-02-23 00:00:00,C015,Google Ads,IN,video,654.55,80169,1364,186,0.017,0.1364,3.5191,0.4713476518137159,0.27472337953545406,0.12201997675749289,30.290337090563888,0.0463
2026-02-24 00:00:00,C015,Google Ads,IN,video,848.78,136124,1880,253,0.0138,0.1346,3.3549,0.6088501928350233,0.34176014008088323,0.14505013157011615,53.26534370422337,0.0628
2026-02-25 00:00:00,C015,Google Ads,IN,video,906.36,116086,2134,292,0.0184,0.1368,3.104,0.45542813884387734,0.30436812446901146,0.11997276685515561,15.57129568435977,0.0172
2026-02-26 00:00:00,C015,Google Ads,IN,video,1055.99,144422,2657,451,0.0184,0.1697,2.3414,0.4875750405513978,0.323039695165082,0.15729252422970827,22.798649322948194,0.0216
2026-02-27 00:00:00,C015,Google Ads,IN,video,880.05,118407,1972,289,0.0167,0.1466,3.0452,0.5666281536544698,0.3382513597288121,0.1356191478147451,36.03811084666387,0.041
2026-02-28 00:00:00,C015,Google Ads,IN,video,735.54,123716,1913,307,0.0155,0.1605,2.3959,0.5421158238697057,0.2964913823114306,0.1335790098337436,62.033124432745645,0.0843
2026-03-01 00:00:00,C015,Google Ads,IN,video,937.39,124835,1830,242,0.0147,0.1322,3.8735,0.5044370689977195,0.3282634853551216,0.12509768094676976,8.65292393351216,0.0092
2026-01-01 00:00:00,C016,Google Ads,IN,static,847.16,126492,1766,234,0.014,0.1325,3.6203,0.4336194898570034,0.2799669545498843,0.10598372272895104,36.05447151803394,0.0426
2026-01-02 00:00:00,C016,Google Ads,IN,static,920.52,148572,2047,238,0.0138,0.1163,3.8677,0.4325560753582005,0.20853089789526544,0.11212135064929205,37.26469334457418,0.0405
2026-01-03 00:00:00,C016,Google Ads,IN,static,918.01,125821,1785,266,0.0142,0.149,3.4512,0.49569647988909143,0.3230440563557786,0.11634513060505887,7.312816010983401,0.008
2026-01-04 00:00:00,C016,Google Ads,IN,static,856.34,162838,2025,296,0.0124,0.1462,2.893,0.3921070499296667,0.25059691674389206,0.11665267855391893,23.812053802376546,0.0278
2026-01-05 00:00:00,C016,Google Ads,IN,static,960.17,208743,2432,288,0.0117,0.1184,3.3339,0.4439326456479599,0.29211060188165033,0.1533425430875509,34.48446527845899,0.0359
2026-01-06 00:00:00,C016,Google Ads,IN,static,1114.91,168237,2245,270,0.0133,0.1203,4.1293,0.4776740619484604,0.2551431291275773,0.12324716939530857,15.984259946191106,0.0143
2026-01-07 00:00:00,C016,Google Ads,IN,static,930.65,164142,1836,210,0.0112,0.1144,4.4317,0.417618855585388,0.23105254267393827,0.12209445769059321,49.4427247980423,0.0531
2026-01-08 00:00:00,C016,Google Ads,IN,static,1071.72,167558,2390,298,0.0143,0.1247,3.5964,0.4694902363191651,0.33748166979885985,0.12463730085645548,12.27949763499397,0.0115
2026-01-09 00:00:00,C016,Google Ads,IN,static,1354.52,186894,2741,323,0.0147,0.1178,4.1936,0.4873025692510591,0.2794086864342403,0.08980249433627048,25.455135378514083,0.0188
2026-01-10 00:00:00,C016,Google Ads,IN,static,981.06,170357,2343,343,0.0138,0.1464,2.8602,0.5104244347462773,0.2778757558616155,0.11811322976045519,60.97618439266757,0.0622
2026-01-11 00:00:00,C016,Google Ads,IN,static,1022.44,166670,2481,290,0.0149,0.1169,3.5257,0.37977402136539146,0.27424780425816425,0.10867224113669385,54.166822408433866,0.053
2026-01-12 00:00:00,C016,Google Ads,IN,static,1085.32,162690,2307,297,0.0142,0.1287,3.6543,0.5024839270816359,0.31703797482003754,0.11518498387221646,35.068047198075654,0.0323
2026-01-13 00:00:00,C016,Google Ads,IN,static,651.7,133029,1485,199,0.0112,0.134,3.2749,0.5209711730334731,0.2677097709294136,0.12367309055947841,37.273699805846945,0.0572
2026-01-14 00:00:00,C016,Google Ads,IN,static,1153.88,175369,2444,345,0.0139,0.1412,3.3446,0.4615480706495493,0.31885114324016084,0.1116080984460195,44.56498813278597,0.0386
2026-01-15 00:00:00,C016,Google Ads,IN,static,880.4,147387,2097,255,0.0142,0.1216,3.4525,0.5203797270226327,0.2592935122659531,0.1207363828943172,35.535719212771234,0.0404
2026-01-16 00:00:00,C016,Google Ads,IN,static,1129.24,186605,2658,303,0.0142,0.114,3.7269,0.46323935310222586,0.30118586049484775,0.09990175720209238,41.150824683165176,0.0364
2026-01-17 00:00:00,C016,Google Ads,IN,static,1269.34,204396,2994,384,0.0146,0.1283,3.3056,0.42891948717130884,0.3155417122806312,0.10508349155837901,10.984495319103168,0.0087
2026-01-18 00:00:00,C016,Google Ads,IN,static,919.37,167408,2059,295,0.0123,0.1433,3.1165,0.40782457463998045,0.22079637062148058,0.0912302246304546,18.21648586962602,0.0198
2026-01-19 00:00:00,C016,Google Ads,IN,static,1077.96,213246,2417,365,0.0113,0.151,2.9533,0.41803178409778674,0.3265284148029103,0.08611689248429591,59.42952544856947,0.0551
2026-01-20 00:00:00,C016,Google Ads,IN,static,1122.11,214130,2494,309,0.0116,0.1239,3.6314,0.4537247156130109,0.2622320249823582,0.10866568284100431,47.69062679164288,0.0425
2026-01-21 00:00:00,C016,Google Ads,IN,static,1068.01,191612,2569,350,0.0134,0.1362,3.0515,0.4374780224108569,0.2583268994221784,0.12304840190863864,60.70599348017614,0.0568
2026-01-22 00:00:00,C016,Google Ads,IN,static,736.97,122564,1643,249,0.0134,0.1516,2.9597,0.5323979538696261,0.3090573134169696,0.12656595107440174,29.75549264891721,0.0404
2026-01-23 00:00:00,C016,Google Ads,IN,static,1286.27,231905,3116,376,0.0134,0.1207,3.4209,0.3522790928818642,0.22909154676172055,0.08145737182944857,47.76931394945782,0.0371
2026-01-24 00:00:00,C016,Google Ads,IN,static,1009.2,221187,2631,392,0.0119,0.149,2.5745,0.4492445676218593,0.26400458690187767,0.10076752510414896,10.479418993317887,0.0104
2026-01-25 00:00:00,C016,Google Ads,IN,static,1326.58,210860,3047,407,0.0145,0.1336,3.2594,0.5460113016748728,0.2565103184905518,0.11734795689229988,31.219847593600534,0.0235
2026-01-26 00:00:00,C016,Google Ads,IN,static,856.18,138109,1804,249,0.0131,0.138,3.4385,0.4625962521483061,0.2710396524857282,0.13895764897015422,12.756043080017232,0.0149
2026-01-27 00:00:00,C016,Google Ads,IN,static,853.91,126210,1898,230,0.015,0.1212,3.7127,0.44309516581062863,0.22342700640234178,0.0705076992785476,12.577687676615646,0.0147
2026-01-28 00:00:00,C016,Google Ads,IN,static,952.8,179031,2477,338,0.0138,0.1365,2.8189,0.4000189002574602,0.261122856844083,0.09552995590974882,91.9947495779378,0.0966
2026-01-29 00:00:00,C016,Google Ads,IN,static,821.88,116750,1731,233,0.0148,0.1346,3.5274,0.47318186690420394,0.32005646559096823,0.14586318839851348,28.450054063229317,0.0346
2026-01-30 00:00:00,C016,Google Ads,IN,static,1404.48,264998,3483,471,0.0131,0.1352,2.9819,0.39907385255586986,0.25447475539319303,0.10765919393567364,46.747809306875986,0.0333
2026-01-31 00:00:00,C016,Google Ads,IN,static,1046.01,164851,2465,322,0.015,0.1306,3.2485,0.4139649788205412,0.24734578028987753,0.11729781492053139,27.907200862388486,0.0267
2026-02-01 00:00:00,C016,Google Ads,IN,static,1092.33,210255,2437,349,0.0116,0.1432,3.1299,0.4105899523206919,0.27857540668344916,0.11687373042223294,100.20216908779747,0.0917
2026-02-02 00:00:00,C016,Google Ads,IN,static,1127.0,184740,2724,404,0.0147,0.1483,2.7896,0.43159193102936166,0.27901660422201474,0.09903509571825367,75.73028727867114,0.0672
2026-02-03 00:00:00,C016,Google Ads,IN,static,1041.09,233132,2643,325,0.0113,0.123,3.2034,0.4522439404046593,0.2788822621622917,0.09367918920413418,37.912778272243045,0.0364
2026-02-04 00:00:00,C016,Google Ads,IN,static,830.01,139765,1903,286,0.0136,0.1503,2.9021,0.47994705409452326,0.35360159549777154,0.12281282987536672,36.70207647525804,0.0442
2026-02-05 00:00:00,C016,Google Ads,IN,static,898.0,178225,2153,290,0.0121,0.1347,3.0966,0.5324039669931256,0.3027911001423323,0.14143705692039613,43.51907312265152,0.0485
2026-02-06 00:00:00,C016,Google Ads,IN,static,1129.62,193471,2197,315,0.0114,0.1434,3.5861,0.46573651839459973,0.28991198066410795,0.12125398994556363,6.3,0.0056
2026-02-07 00:00:00,C016,Google Ads,IN,static,919.42,139273,2074,268,0.0149,0.1292,3.4307,0.5609321810033964,0.33830081831982983,0.13982374246359325,34.187397647540244,0.0372
2026-02-08 00:00:00,C016,Google Ads,IN,static,1005.63,182564,2479,354,0.0136,0.1428,2.8408,0.4329440285059311,0.3126239145673077,0.11952209412541968,56.7373986597963,0.0564
2026-02-09 00:00:00,C016,Google Ads,IN,static,732.17,113271,1673,199,0.0148,0.1189,3.6792,0.4093200625796645,0.30132921717238303,0.14406799813517698,3.98,0.0054
2026-02-10 00:00:00,C016,Google Ads,IN,static,1280.81,194390,2904,400,0.0149,0.1377,3.202,0.42914110224094004,0.3013974678538263,0.11942169778164587,37.55720447065677,0.0293
2026-02-11 00:00:00,C016,Google Ads,IN,static,937.13,138688,1970,261,0.0142,0.1325,3.5905,0.4879695983338507,0.27717078989452165,0.11354915821120948,46.61822869505374,0.0497
2026-02-12 00:00:00,C016,Google Ads,IN,static,1141.17,196298,2619,349,0.0133,0.1333,3.2698,0.48341593657657067,0.2670270581818788,0.13857932777629245,34.48858946127871,0.0302
2026-02-13 00:00:00,C016,Google Ads,IN,static,796.33,112028,1621,203,0.0145,0.1252,3.9228,0.48457945454598944,0.298276181469112,0.11855315235784664,36.057017047787106,0.0453
2026-02-14 00:00:00,C016,Google Ads,IN,static,1086.38,159431,2135,283,0.0134,0.1326,3.8388,0.44645602673916795,0.3057229885839848,0.12780475681661244,49.684075358813175,0.0457
2026-02-15 00:00:00,C016,Google Ads,IN,static,843.05,135220,1729,228,0.0128,0.1319,3.6976,0.48626332721928955,0.2690065129106958,0.1499318778637044,26.36394154110514,0.0313
2026-02-16 00:00:00,C016,Google Ads,IN,static,680.17,101857,1383,178,0.0136,0.1287,3.8212,0.4231988068219521,0.250759620896042,0.11527094432032219,21.62756595812343,0.0318
2026-02-17 00:00:00,C016,Google Ads,IN,static,780.91,109338,1560,201,0.0143,0.1288,3.8851,0.35808203972255553,0.2393712444019218,0.09267075077179948,8.91670477652301,0.0114
2026-02-18 00:00:00,C016,Google Ads,IN,static,1358.59,251428,3382,430,0.0135,0.1271,3.1595,0.4149592597514183,0.2327563031414554,0.10190583615870161,68.88443203510319,0.0507
2026-02-19 00:00:00,C016,Google Ads,IN,static,1019.62,163877,2268,275,0.0138,0.1213,3.7077,0.4877502158311171,0.3172187100898609,0.09942604606752355,5.5,0.0054
2026-02-20 00:00:00,C016,Google Ads,IN,static,1126.57,191902,2872,423,0.015,0.1473,2.6633,0.43929777329257425,0.30399963482873965,0.10980884128127512,63.94924982944619,0.0568
2026-02-21 00:00:00,C016,Google Ads,IN,static,959.45,148485,2133,261,0.0144,0.1224,3.6761,0.42050954239170857,0.2586057948449224,0.13862896894052093,47.55001710665853,0.0496
2026-02-22 00:00:00,C016,Google Ads,IN,static,1189.96,189467,2453,321,0.0129,0.1309,3.707,0.3679556384845583,0.21264293911697757,0.10354550064751002,72.41607757609337,0.0609
2026-02-23 00:00:00,C016,Google Ads,IN,static,778.9,165630,1914,229,0.0116,0.1196,3.4013,0.45978337631997523,0.3054449229881391,0.13825857401249353,45.2219420687008,0.0581
2026-02-24 00:00:00,C016,Google Ads,IN,static,758.69,131372,1723,250,0.0131,0.1451,3.0348,0.4661822312776292,0.2743026208203574,0.11706275123907826,59.541649972141144,0.0785
2026-02-25 00:00:00,C016,Google Ads,IN,static,936.24,142084,1870,214,0.0132,0.1144,4.375,0.4269411381229942,0.24772697762712986,0.12660559945420782,25.490947782947572,0.0272
2026-02-26 00:00:00,C016,Google Ads,IN,static,970.19,189294,2217,307,0.0117,0.1385,3.1602,0.43889031978432386,0.2980572751991699,0.1379707932189296,27.247473888724482,0.0281
2026-02-27 00:00:00,C016,Google Ads,IN,static,1137.24,213514,2529,345,0.0118,0.1364,3.2963,0.4371941857930982,0.2657509934141896,0.1198493518522616,66.00513319764866,0.058
2026-02-28 00:00:00,C016,Google Ads,IN,static,831.61,136411,2051,311,0.015,0.1516,2.674,0.5134909444839733,0.3059982329930911,0.13011701464587777,26.615832054533485,0.032
2026-03-01 00:00:00,C016,Google Ads,IN,static,1147.32,211849,2749,347,0.013,0.1262,3.3064,0.4641878067448802,0.2802665952948543,0.093070837285543,55.42172328730383,0.0483
2026-01-01 00:00:00,C017,TikTok,KR,playable,854.7,27269,850,184,0.0312,0.2165,4.6451,0.5270348720469091,0.31340901879710725,0.13303776337861647,54.241516807374545,0.0635
2026-01-02 00:00:00,C017,TikTok,KR,playable,884.33,25821,802,178,0.0311,0.2219,4.9681,0.6051363842903317,0.3402882467136611,0.1205933845035222,49.80184579448546,0.0563
2026-01-03 00:00:00,C017,TikTok,KR,playable,797.14,23930,814,174,0.034,0.2138,4.5813,0.45598799506578425,0.3199406454148418,0.14098230098749925,25.19861818673976,0.0316
2026-01-04 00:00:00,C017,TikTok,KR,playable,880.15,26402,820,160,0.0311,0.1951,5.5009,0.5620718501472388,0.3888256437561036,0.12633719057936407,37.95162654585337,0.0431
2026-01-05 00:00:00,C017,TikTok,KR,playable,895.08,26005,817,183,0.0314,0.224,4.8911,0.47062127873500637,0.3447438951725676,0.14537111140505474,29.184079141847153,0.0326
2026-01-06 00:00:00,C017,TikTok,KR,playable,619.88,22218,602,120,0.0271,0.1993,5.1657,0.5418652705946273,0.31567347315345123,0.16146672155097933,32.47948469406185,0.0524
2026-01-07 00:00:00,C017,TikTok,KR,playable,586.6,20095,552,94,0.0275,0.1703,6.2404,0.5510899862871806,0.34906751575277534,0.18243753737064783,28.941052492825257,0.0493
2026-01-08 00:00:00,C017,TikTok,KR,playable,869.93,28532,930,193,0.0326,0.2075,4.5074,0.5916218009464566,0.3551707419548973,0.13831959822240378,56.23223041375179,0.0646
2026-01-09 00:00:00,C017,TikTok,KR,playable,879.66,33815,1006,210,0.0298,0.2087,4.1889,0.46724398450106175,0.3023788785946741,0.13128904882479317,55.76521629149164,0.0634
2026-01-10 00:00:00,C017,TikTok,KR,playable,1222.1,42541,1150,247,0.027,0.2148,4.9478,0.5602929214616923,0.3561949738171083,0.16273086584411792,66.38945297383374,0.0543
2026-01-11 00:00:00,C017,TikTok,KR,playable,896.65,25855,849,167,0.0328,0.1967,5.3692,0.5283771824377428,0.3227619170218513,0.10295001291267446,38.45718863467315,0.0429
2026-01-12 00:00:00,C017,TikTok,KR,playable,658.31,17429,621,120,0.0356,0.1932,5.4859,0.48536005342942107,0.3100802769157477,0.15250419111731262,17.901820289169283,0.0272
2026-01-13 00:00:00,C017,TikTok,KR,playable,878.13,29443,810,176,0.0275,0.2173,4.9894,0.6100675760796032,0.3700580293603722,0.11907953425158369,80.32125256121263,0.0915
2026-01-14 00:00:00,C017,TikTok,KR,playable,625.4,23172,667,146,0.0288,0.2189,4.2836,0.5488387430238587,0.37288749586865244,0.1227281417126538,39.498255123744116,0.0632
2026-01-15 00:00:00,C017,TikTok,KR,playable,775.02,27102,821,160,0.0303,0.1949,4.8439,0.5454709977550875,0.3092657143219598,0.12831666690004054,52.157159433242754,0.0673
2026-01-16 00:00:00,C017,TikTok,KR,playable,981.37,28720,937,208,0.0326,0.222,4.7181,0.6280708531887622,0.2957048551183153,0.14205362440397357,48.14498411942721,0.0491
2026-01-17 00:00:00,C017,TikTok,KR,playable,922.68,32778,960,171,0.0293,0.1781,5.3958,0.5750525132998344,0.3341214904260703,0.1030097388897693,48.640421646594035,0.0527
2026-01-18 00:00:00,C017,TikTok,KR,playable,984.33,36779,1018,217,0.0277,0.2132,4.5361,0.557099076710758,0.3672294102048666,0.13322693848952838,37.71772768969018,0.0383
2026-01-19 00:00:00,C017,TikTok,KR,playable,920.84,22780,809,174,0.0355,0.2151,5.2922,0.593099820307067,0.3343423254481512,0.15952936079123006,45.27923753239386,0.0492
2026-01-20 00:00:00,C017,TikTok,KR,playable,1077.13,29922,949,186,0.0317,0.196,5.791,0.6366779805914409,0.3545337902094672,0.11171510326516526,58.20201565269908,0.054
2026-01-21 00:00:00,C017,TikTok,KR,playable,798.85,21888,704,134,0.0322,0.1903,5.9616,0.5552145885252051,0.3568914315685627,0.15132159487205146,37.540021100683624,0.047
2026-01-22 00:00:00,C017,TikTok,KR,playable,753.3,23361,746,139,0.0319,0.1863,5.4194,0.5259201700984983,0.31865018591411565,0.11182422075127482,16.348804243356064,0.0217
2026-01-23 00:00:00,C017,TikTok,KR,playable,659.61,19209,638,128,0.0332,0.2006,5.1532,0.4580928595882195,0.27678694041631,0.1077798090232481,29.173949861141303,0.0442
2026-01-24 00:00:00,C017,TikTok,KR,playable,1043.97,34820,1210,272,0.0348,0.2248,3.8381,0.517973147193102,0.373541890154063,0.14076869975499187,71.73456807442037,0.0687
2026-01-25 00:00:00,C017,TikTok,KR,playable,880.14,28644,837,188,0.0292,0.2246,4.6816,0.5544746797061072,0.3591086767192465,0.14502118998053637,33.652661703302385,0.0382
2026-01-26 00:00:00,C017,TikTok,KR,playable,1051.6,33796,973,204,0.0288,0.2097,5.1549,0.5143744897593128,0.3259695726191251,0.15712554031203751,49.06639767958092,0.0467
2026-01-27 00:00:00,C017,TikTok,KR,playable,903.12,23225,814,161,0.035,0.1978,5.6094,0.5567862773614148,0.37765163103695226,0.10687083265174947,16.20846923274503,0.0179
2026-01-28 00:00:00,C017,TikTok,KR,playable,803.82,21138,736,142,0.0348,0.1929,5.6607,0.5324368856707552,0.3308382617293409,0.17429303178601713,32.03787405243124,0.0399
2026-01-29 00:00:00,C017,TikTok,KR,playable,795.87,30084,870,193,0.0289,0.2218,4.1237,0.47884318073355275,0.295234536114995,0.10364802287972545,40.96487361046986,0.0515
2026-01-30 00:00:00,C017,TikTok,KR,playable,959.37,32171,979,186,0.0304,0.19,5.1579,0.6688053750616445,0.33743328733715117,0.13548437910199684,63.66139085879148,0.0664
2026-01-31 00:00:00,C017,TikTok,KR,playable,846.31,27436,921,190,0.0336,0.2063,4.4543,0.5437898592596453,0.3820781070640511,0.12896567344791102,43.59103739710934,0.0515
2026-02-01 00:00:00,C017,TikTok,KR,playable,981.79,30163,956,173,0.0317,0.181,5.6751,0.5456889645632323,0.3734391305997459,0.15418411378438274,40.95498995552934,0.0417
2026-02-02 00:00:00,C017,TikTok,KR,playable,917.07,31863,1044,212,0.0328,0.2031,4.3258,0.594825114144474,0.3686195058534539,0.17671040619056438,88.56095976174294,0.0966
2026-02-03 00:00:00,C017,TikTok,KR,playable,800.82,29739,907,187,0.0305,0.2062,4.2825,0.5524531007995246,0.30341298179261383,0.1476932122679364,49.257224076828756,0.0615
2026-02-04 00:00:00,C017,TikTok,KR,playable,799.17,25808,915,170,0.0355,0.1858,4.701,0.5516321727593665,0.27176276983114905,0.1261120731784322,39.9135098655691,0.0499
2026-02-05 00:00:00,C017,TikTok,KR,playable,1089.6,28503,1004,219,0.0352,0.2181,4.9753,0.5470959136346509,0.3510119695527423,0.18326825181923326,48.354698163493424,0.0444
2026-02-06 00:00:00,C017,TikTok,KR,playable,699.34,23920,662,112,0.0277,0.1692,6.2441,0.4882222001006009,0.308216895522702,0.1325248897856255,26.403763639350977,0.0378
2026-02-07 00:00:00,C017,TikTok,KR,playable,764.25,19612,681,121,0.0347,0.1777,6.3161,0.5496334016407676,0.2978486886835006,0.13410995791771327,23.439498693927966,0.0307
2026-02-08 00:00:00,C017,TikTok,KR,playable,751.21,20190,673,144,0.0333,0.214,5.2167,0.5585806590550539,0.3258257953525007,0.15118645827271376,32.50050997289025,0.0433
2026-02-09 00:00:00,C017,TikTok,KR,playable,1009.5,27883,896,162,0.0321,0.1808,6.2315,0.4570697790614645,0.3583862743571337,0.13977262349366157,33.33438766083993,0.033
2026-02-10 00:00:00,C017,TikTok,KR,playable,691.39,23829,723,126,0.0303,0.1743,5.4872,0.5102524808286356,0.3510974166820758,0.11029273289678429,29.33429284125158,0.0424
2026-02-11 00:00:00,C017,TikTok,KR,playable,676.9,22861,632,130,0.0276,0.2057,5.2069,0.4595705827580406,0.3458928625877438,0.1324905821774321,15.925313490997356,0.0235
2026-02-12 00:00:00,C017,TikTok,KR,playable,853.97,26796,789,135,0.0294,0.1711,6.3257,0.5624763605857872,0.3158296337401598,0.13202439868675966,32.63747763328467,0.0382
2026-02-13 00:00:00,C017,TikTok,KR,playable,647.16,23886,741,128,0.031,0.1727,5.0559,0.5083490045490987,0.29046701974351924,0.12047649157516716,25.699899628121702,0.0397
2026-02-14 00:00:00,C017,TikTok,KR,playable,490.61,13333,446,90,0.0335,0.2018,5.4512,0.5392856956114622,0.2712902366177532,0.13954891471437658,21.952920856472467,0.0447
2026-02-15 00:00:00,C017,TikTok,KR,playable,999.38,35146,1010,198,0.0287,0.196,5.0474,0.5267580521899594,0.29141167443408694,0.14653375372595467,29.830015789578596,0.0298
2026-02-16 00:00:00,C017,TikTok,KR,playable,654.73,23868,712,139,0.0298,0.1952,4.7103,0.5425582085731622,0.32466316085655467,0.12158108984319477,39.43176036569733,0.0602
2026-02-17 00:00:00,C017,TikTok,KR,playable,845.95,29683,801,143,0.027,0.1785,5.9157,0.5390332393442259,0.35487475863114787,0.1184680657886757,48.50550899088635,0.0573
2026-02-18 00:00:00,C017,TikTok,KR,playable,637.79,22322,656,113,0.0294,0.1723,5.6442,0.556366281882481,0.31858055787289563,0.1821516103875041,26.338151530893988,0.0413
2026-02-19 00:00:00,C017,TikTok,KR,playable,905.82,28717,986,186,0.0343,0.1886,4.87,0.5348515763748877,0.39343169775491205,0.11639748671704041,44.45939230028881,0.0491
2026-02-20 00:00:00,C017,TikTok,KR,playable,802.15,22425,802,179,0.0358,0.2232,4.4813,0.590384655462781,0.3450156216727758,0.14756011877943237,51.193922442246276,0.0638
2026-02-21 00:00:00,C017,TikTok,KR,playable,949.2,29115,925,164,0.0318,0.1773,5.7878,0.5465062405063843,0.3642567351078612,0.13220236081001843,24.226458301934453,0.0255
2026-02-22 00:00:00,C017,TikTok,KR,playable,849.0,24473,846,149,0.0346,0.1761,5.698,0.5410273728926055,0.31143897330967857,0.11701479644824866,46.34474230692882,0.0546
2026-02-23 00:00:00,C017,TikTok,KR,playable,796.95,29693,817,138,0.0275,0.1689,5.775,0.601016902895714,0.32594404268357496,0.14038911843736565,37.26601520800472,0.0468
2026-02-24 00:00:00,C017,TikTok,KR,playable,739.08,22229,697,147,0.0314,0.2109,5.0278,0.4704265102812498,0.3444351399423966,0.11910699678509422,30.895694213297055,0.0418
2026-02-25 00:00:00,C017,TikTok,KR,playable,778.89,27664,868,192,0.0314,0.2212,4.0567,0.5758642931513039,0.36284830259788875,0.15057379734729395,38.877110117746994,0.0499
2026-02-26 00:00:00,C017,TikTok,KR,playable,971.41,31662,1077,220,0.034,0.2043,4.4155,0.6222709512130932,0.38525058544040797,0.1488788113627244,48.32825190784356,0.0498
2026-02-27 00:00:00,C017,TikTok,KR,playable,968.93,32079,1030,190,0.0321,0.1845,5.0996,0.5287850849595902,0.3607733270964128,0.13874985189192895,50.52887677835911,0.0521
2026-02-28 00:00:00,C017,TikTok,KR,playable,1016.4,38558,1128,211,0.0293,0.1871,4.8171,0.48534063437049846,0.3220851272318605,0.11305940662121788,74.42510115637297,0.0732
2026-03-01 00:00:00,C017,TikTok,KR,playable,605.39,15612,529,106,0.0339,0.2004,5.7112,0.5226854293367289,0.365971066462732,0.1206737230770838,16.46661784601214,0.0272
2026-01-01 00:00:00,C018,TikTok,US,static,683.54,28216,525,86,0.0186,0.1638,7.9481,0.5005313218134569,0.2539288842941254,0.12848499089938287,26.262288444650995,0.0384
2026-01-02 00:00:00,C018,TikTok,US,static,893.91,31176,589,76,0.0189,0.129,11.762,0.4462324647833946,0.3029502232676231,0.1023224991618311,26.088819693870025,0.0292
2026-01-03 00:00:00,C018,TikTok,US,static,941.18,27413,587,88,0.0214,0.1499,10.6952,0.4394086560756723,0.2906108926269565,0.133017678225017,26.72184763948765,0.0284
2026-01-04 00:00:00,C018,TikTok,US,static,656.35,26468,484,78,0.0183,0.1612,8.4147,0.4771193472703159,0.26724748243044194,0.10295658781591346,10.121975303942556,0.0154
2026-01-05 00:00:00,C018,TikTok,US,static,834.67,34376,672,87,0.0195,0.1295,9.5939,0.5179317486019139,0.3046699871648117,0.12633502017807893,28.53846889713194,0.0342
2026-01-06 00:00:00,C018,TikTok,US,static,704.93,19334,444,64,0.023,0.1441,11.0145,0.4926353766086627,0.3121860391004664,0.1400207035596241,22.728344091210637,0.0322
2026-01-07 00:00:00,C018,TikTok,US,static,1160.3,32787,725,112,0.0221,0.1545,10.3598,0.41274533741721037,0.2544532690999313,0.10863388486616322,25.248627196006947,0.0218
2026-01-08 00:00:00,C018,TikTok,US,static,683.53,29191,534,68,0.0183,0.1273,10.0519,0.3965674458088286,0.2538125116515633,0.11836987796435636,19.55359763143723,0.0286
2026-01-09 00:00:00,C018,TikTok,US,static,849.48,27544,582,90,0.0211,0.1546,9.4387,0.5079238341929873,0.2805245579876088,0.13532692008362088,29.23827489335296,0.0344
2026-01-10 00:00:00,C018,TikTok,US,static,679.75,26639,528,75,0.0198,0.142,9.0633,0.5684262773457449,0.34373229507310005,0.15917736102953892,28.715544176392914,0.0422
2026-01-11 00:00:00,C018,TikTok,US,static,524.36,13930,323,42,0.0232,0.13,12.4848,0.5107338313582029,0.3468330768189135,0.12736796085824886,10.064631045416197,0.0192
2026-01-12 00:00:00,C018,TikTok,US,static,561.79,20185,387,62,0.0192,0.1602,9.0611,0.4871881869436126,0.3002013399801644,0.12970728452433894,27.8404097210648,0.0496
2026-01-13 00:00:00,C018,TikTok,US,static,915.3,33232,661,103,0.0199,0.1558,8.8864,0.4117843289169709,0.27160171814608647,0.0930068387398357,34.60058287912385,0.0378
2026-01-14 00:00:00,C018,TikTok,US,static,1153.3,34040,746,123,0.0219,0.1649,9.3764,0.5313003933654987,0.3081307581802352,0.12069156218264272,30.455341935541767,0.0264
2026-01-15 00:00:00,C018,TikTok,US,static,882.42,25248,592,101,0.0234,0.1706,8.7368,0.48049372697755105,0.2770470465847295,0.10888089288719167,37.625244302356,0.0426
2026-01-16 00:00:00,C018,TikTok,US,static,953.84,28601,658,93,0.023,0.1413,10.2563,0.38154323188250416,0.24469354370178176,0.11511085806321744,19.675966963796807,0.0206
2026-01-17 00:00:00,C018,TikTok,US,static,719.76,22524,538,84,0.0239,0.1561,8.5686,0.4554196815800473,0.29623262950936574,0.10923717008220002,18.93879652177416,0.0263
2026-01-18 00:00:00,C018,TikTok,US,static,792.61,24022,588,79,0.0245,0.1344,10.033,0.43561160770989626,0.28326320596029336,0.0969557147270717,17.28926269418926,0.0218
2026-01-19 00:00:00,C018,TikTok,US,static,700.66,18893,446,59,0.0236,0.1323,11.8756,0.45821818223078054,0.2803854235359778,0.15848792925841992,22.505295519423417,0.0321
2026-01-20 00:00:00,C018,TikTok,US,static,749.07,23492,471,64,0.02,0.1359,11.7042,0.5058348379182114,0.34311582127135476,0.11483462928833553,17.281382619017986,0.0231
2026-01-21 00:00:00,C018,TikTok,US,static,772.5,23018,531,84,0.0231,0.1582,9.1964,0.4882753966617124,0.28394349910057687,0.15638876655066303,18.658640792979934,0.0242
2026-01-22 00:00:00,C018,TikTok,US,static,622.27,20531,418,59,0.0204,0.1411,10.5469,0.54974154576107,0.3322046300454438,0.10530129170555472,24.742034221419935,0.0398
2026-01-23 00:00:00,C018,TikTok,US,static,729.29,25191,480,82,0.0191,0.1708,8.8938,0.4768587556622533,0.32176456267528253,0.13311252374370822,25.884521432577454,0.0355
2026-01-24 00:00:00,C018,TikTok,US,static,933.82,29101,652,95,0.0224,0.1457,9.8297,0.4831859910213784,0.32085881894109025,0.12638668928577562,25.90105607650418,0.0277
2026-01-25 00:00:00,C018,TikTok,US,static,995.19,34527,715,105,0.0207,0.1469,9.478,0.476644537630948,0.3507175908466774,0.09432324368785833,37.650255553449504,0.0378
2026-01-26 00:00:00,C018,TikTok,US,static,1025.81,33893,776,105,0.0229,0.1353,9.7696,0.47556672617735557,0.25814917886152144,0.13252796368673786,37.11588771269158,0.0362
2026-01-27 00:00:00,C018,TikTok,US,static,589.06,19237,374,56,0.0194,0.1497,10.5189,0.46232504601146196,0.27210766989184815,0.1307254377186579,18.5144090739709,0.0314
2026-01-28 00:00:00,C018,TikTok,US,static,450.72,17330,353,58,0.0204,0.1643,7.771,0.49149911747123587,0.2609778133340474,0.12230289893585361,17.382348776104827,0.0386
2026-01-29 00:00:00,C018,TikTok,US,static,757.24,30072,554,71,0.0184,0.1282,10.6654,0.49712470018509536,0.268392441987738,0.09884963396170013,23.09346899268264,0.0305
2026-01-30 00:00:00,C018,TikTok,US,static,579.64,15168,363,59,0.0239,0.1625,9.8244,0.43942399900157464,0.2842099791486916,0.11378305074551731,26.495693682235075,0.0457
2026-01-31 00:00:00,C018,TikTok,US,static,814.83,25087,501,67,0.02,0.1337,12.1616,0.4673081020987977,0.370384156375701,0.1379684226488588,22.58337059339711,0.0277
2026-02-01 00:00:00,C018,TikTok,US,static,864.51,25714,523,73,0.0203,0.1396,11.8426,0.506718615183976,0.3292190074014762,0.13397449091086844,22.07404122495713,0.0255
2026-02-02 00:00:00,C018,TikTok,US,static,917.62,32256,587,80,0.0182,0.1363,11.4703,0.4721229821360953,0.3059244179263508,0.11945955850331857,27.353619093539688,0.0298
2026-02-03 00:00:00,C018,TikTok,US,static,734.77,21827,528,68,0.0242,0.1288,10.8054,0.530031226550392,0.28480511525931446,0.12899799865226785,22.628064434699375,0.0308
2026-02-04 00:00:00,C018,TikTok,US,static,812.57,27221,618,95,0.0227,0.1537,8.5534,0.5235922431485389,0.28401541746818043,0.14996700275008373,39.205954055330274,0.0482
2026-02-05 00:00:00,C018,TikTok,US,static,748.34,23046,478,75,0.0207,0.1569,9.9779,0.5247216825407613,0.2863208030701855,0.16811059508341786,20.801891877644042,0.0278
2026-02-06 00:00:00,C018,TikTok,US,static,976.25,28226,680,116,0.0241,0.1706,8.4159,0.49947046401436757,0.30778888039354346,0.13492960837253867,32.69917396147856,0.0335
2026-02-07 00:00:00,C018,TikTok,US,static,873.6,24876,555,87,0.0223,0.1568,10.0414,0.4145936578001241,0.320372314957554,0.11012295136386414,24.069112708982157,0.0276
2026-02-08 00:00:00,C018,TikTok,US,static,985.0,30893,730,110,0.0236,0.1507,8.9545,0.5286385768526153,0.3272954892568984,0.13924337015745403,38.77204652846551,0.0394
2026-02-09 00:00:00,C018,TikTok,US,static,823.35,24737,570,85,0.023,0.1491,9.6865,0.4357432030386441,0.27962011201741266,0.11632407557227249,28.253792412472077,0.0343
2026-02-10 00:00:00,C018,TikTok,US,static,583.8,20312,439,67,0.0216,0.1526,8.7134,0.5330269217122436,0.425199213108195,0.1491696706332268,24.179653220593117,0.0414
2026-02-11 00:00:00,C018,TikTok,US,static,600.72,24606,452,69,0.0184,0.1527,8.7061,0.4974466723636551,0.31303301738161826,0.12886161891918915,20.65765727739259,0.0344
2026-02-12 00:00:00,C018,TikTok,US,static,784.94,22442,526,80,0.0234,0.1521,9.8117,0.479286913761815,0.31669267103724275,0.17278437427828522,30.5841585235654,0.039
2026-02-13 00:00:00,C018,TikTok,US,static,885.13,31021,681,110,0.022,0.1615,8.0466,0.4386939238567435,0.273283485659766,0.11101709107982435,40.843901844614486,0.0461
2026-02-14 00:00:00,C018,TikTok,US,static,971.32,36024,717,114,0.0199,0.159,8.5204,0.46918027517178523,0.29509132026821966,0.09858507936428436,46.14424402916911,0.0475
2026-02-15 00:00:00,C018,TikTok,US,static,857.0,22061,515,83,0.0233,0.1612,10.3253,0.565202155452054,0.2840106178018869,0.07115158412414517,30.49593662197009,0.0356
2026-02-16 00:00:00,C018,TikTok,US,static,678.49,23750,490,78,0.0206,0.1592,8.6986,0.4877236004379059,0.292849351322354,0.11469400854666711,26.8320438104693,0.0395
2026-02-17 00:00:00,C018,TikTok,US,static,878.05,22070,541,77,0.0245,0.1423,11.4032,0.4772380830794898,0.3002433726827806,0.17133874636049506,24.391009204965766,0.0278
2026-02-18 00:00:00,C018,TikTok,US,static,664.57,21752,467,68,0.0215,0.1456,9.7731,0.5788481342676418,0.3621738501556559,0.130578963541653,24.02609649198821,0.0362
2026-02-19 00:00:00,C018,TikTok,US,static,695.15,24973,481,77,0.0193,0.1601,9.0279,0.45903044678008753,0.2267659664444962,0.10651798626148884,25.24660627979029,0.0363
2026-02-20 00:00:00,C018,TikTok,US,static,1226.65,38153,921,130,0.0241,0.1412,9.4358,0.41755909748120335,0.25116000349371287,0.12799002489190392,40.89528727237585,0.0333
2026-02-21 00:00:00,C018,TikTok,US,static,739.92,26683,517,69,0.0194,0.1335,10.7235,0.4068526393454038,0.26190851719283087,0.10625949173626877,20.163056136803718,0.0273
2026-02-22 00:00:00,C018,TikTok,US,static,1026.43,38751,738,120,0.019,0.1626,8.5536,0.4160765311419234,0.32981270435920484,0.07517896982261696,27.092920571309907,0.0264
2026-02-23 00:00:00,C018,TikTok,US,static,947.96,36649,724,99,0.0198,0.1367,9.5754,0.5174160781059423,0.28233798258635223,0.1648961573367096,33.63453521777052,0.0355
2026-02-24 00:00:00,C018,TikTok,US,static,702.69,22805,559,94,0.0245,0.1682,7.4754,0.5495450313941956,0.311275140984544,0.15799210442288336,32.09901555167372,0.0457
2026-02-25 00:00:00,C018,TikTok,US,static,880.91,25552,541,77,0.0212,0.1423,11.4404,0.4434231097804058,0.29921712163411723,0.1275314129591717,21.082253561131157,0.0239
2026-02-26 00:00:00,C018,TikTok,US,static,888.72,26690,607,92,0.0227,0.1516,9.66,0.47383054578295636,0.24910666489343136,0.10284943843065443,23.89513869277335,0.0269
2026-02-27 00:00:00,C018,TikTok,US,static,689.24,20733,469,70,0.0226,0.1493,9.8463,0.48360036560655273,0.25889644420659397,0.10401409422645239,16.48400961169963,0.0239
2026-02-28 00:00:00,C018,TikTok,US,static,883.77,32172,607,97,0.0189,0.1598,9.111,0.5232628646492573,0.31747960500017786,0.12023076219576552,22.971276996971614,0.026
2026-03-01 00:00:00,C018,TikTok,US,static,1111.53,37740,722,103,0.0191,0.1427,10.7916,0.4204322862153923,0.23169159519796412,0.12863608917906094,30.46135866705877,0.0274
2026-01-01 00:00:00,C019,TikTok,BR,playable,925.55,45382,1341,278,0.0295,0.2073,3.3293,0.5046234765486669,0.3081030333761453,0.13246694253301367,51.18285992878484,0.0553
2026-01-02 00:00:00,C019,TikTok,BR,playable,765.05,43557,1315,258,0.0302,0.1962,2.9653,0.44790919840455906,0.24987416422734093,0.14701608612328823,40.38963204488417,0.0528
2026-01-03 00:00:00,C019,TikTok,BR,playable,795.43,38641,1245,256,0.0322,0.2056,3.1071,0.5224471244688808,0.28193979782628076,0.13046877175853103,42.90559858513609,0.0539
2026-01-04 00:00:00,C019,TikTok,BR,playable,540.18,28512,838,159,0.0294,0.1897,3.3974,0.4872978742387751,0.25735426085979024,0.11856904000514634,32.46345068299396,0.0601
2026-01-05 00:00:00,C019,TikTok,BR,playable,836.33,43838,1435,247,0.0327,0.1721,3.386,0.5040781584813431,0.28485395572750993,0.15189233619469028,22.170545655133413,0.0265
2026-01-06 00:00:00,C019,TikTok,BR,playable,814.33,35646,1221,259,0.0343,0.2121,3.1441,0.4569195134736475,0.2283556101505193,0.12414866327322693,47.74391522639397,0.0586
2026-01-07 00:00:00,C019,TikTok,BR,playable,974.99,54728,1729,293,0.0316,0.1695,3.3276,0.513156407342919,0.2971848897991747,0.16148419187812618,57.70395978288931,0.0592
2026-01-08 00:00:00,C019,TikTok,BR,playable,767.84,40477,1082,221,0.0267,0.2043,3.4744,0.37268252682355346,0.3015419129170447,0.15433153205352843,42.03493546312867,0.0547
2026-01-09 00:00:00,C019,TikTok,BR,playable,954.73,44502,1531,282,0.0344,0.1842,3.3856,0.5041954956581287,0.32410429243998345,0.10341434343351041,29.67100341317931,0.0311
2026-01-10 00:00:00,C019,TikTok,BR,playable,800.45,33524,1181,242,0.0352,0.2049,3.3076,0.4829232686996653,0.28991159392630567,0.1335022741319797,7.127654342771879,0.0089
2026-01-11 00:00:00,C019,TikTok,BR,playable,699.21,42756,1287,234,0.0301,0.1818,2.9881,0.4362988586592203,0.2684241605168305,0.10240955854338177,18.096348088428613,0.0259
2026-01-12 00:00:00,C019,TikTok,BR,playable,852.39,39031,1225,251,0.0314,0.2049,3.396,0.5369798059216838,0.27648157921773325,0.11137475293348235,18.382548226947037,0.0216
2026-01-13 00:00:00,C019,TikTok,BR,playable,864.73,52440,1601,300,0.0305,0.1874,2.8824,0.48888450069953354,0.339702581067641,0.13456564681191835,57.57476787078278,0.0666
2026-01-14 00:00:00,C019,TikTok,BR,playable,732.37,44196,1383,303,0.0313,0.2191,2.4171,0.4705561969414007,0.2725663993147899,0.13342631098304994,51.146692179396844,0.0698
2026-01-15 00:00:00,C019,TikTok,BR,playable,916.55,44947,1600,340,0.0356,0.2125,2.6957,0.5765715707062335,0.30036655274517027,0.11127707594431627,73.72544805152359,0.0804
2026-01-16 00:00:00,C019,TikTok,BR,playable,926.36,48669,1481,255,0.0304,0.1722,3.6328,0.431520544900171,0.27134318199333296,0.11688712103045742,48.32644659694242,0.0522
2026-01-17 00:00:00,C019,TikTok,BR,playable,802.7,39403,1199,234,0.0304,0.1952,3.4303,0.48872684000145766,0.32900262117964585,0.09277888958048802,25.455444457113913,0.0317
2026-01-18 00:00:00,C019,TikTok,BR,playable,700.4,36068,1016,187,0.0282,0.1841,3.7455,0.3876495291164022,0.2887598868187193,0.10209480411071421,26.391368004169696,0.0377
2026-01-19 00:00:00,C019,TikTok,BR,playable,606.64,24272,861,158,0.0355,0.1835,3.8395,0.4287672973529207,0.25145317236050985,0.1257650303182254,7.922704915508824,0.0131
2026-01-20 00:00:00,C019,TikTok,BR,playable,989.27,53721,1741,359,0.0324,0.2062,2.7556,0.39176523526099505,0.2667421448808613,0.12283820231082235,12.044117570650982,0.0122
2026-01-21 00:00:00,C019,TikTok,BR,playable,774.48,39575,1189,221,0.03,0.1859,3.5044,0.5072205388305394,0.33066718913143006,0.12001622609082024,15.3989847473856,0.0199
2026-01-22 00:00:00,C019,TikTok,BR,playable,699.55,32433,1022,199,0.0315,0.1947,3.5153,0.549035024711082,0.3001374873457478,0.1525238070253113,31.612582070487342,0.0452
2026-01-23 00:00:00,C019,TikTok,BR,playable,856.52,54029,1546,310,0.0286,0.2005,2.763,0.4328038470654383,0.2874101456434083,0.13334879173874656,15.842423390062136,0.0185
2026-01-24 00:00:00,C019,TikTok,BR,playable,992.18,50267,1544,345,0.0307,0.2234,2.8759,0.4259282248921507,0.29095675338631416,0.10593394626057952,36.97704321213064,0.0373
2026-01-25 00:00:00,C019,TikTok,BR,playable,813.38,37751,1179,229,0.0312,0.1942,3.5519,0.4173053569169431,0.2759274520804805,0.11047639660701669,21.97437935313574,0.027
2026-01-26 00:00:00,C019,TikTok,BR,playable,460.24,26130,735,150,0.0281,0.2041,3.0683,0.5120332975305061,0.2869888505031899,0.16320192968129438,16.121438575073668,0.035
2026-01-27 00:00:00,C019,TikTok,BR,playable,642.61,43403,1156,206,0.0266,0.1782,3.1195,0.38745428078468536,0.21991015866928526,0.11586777967003993,19.012826468982386,0.0296
2026-01-28 00:00:00,C019,TikTok,BR,playable,859.15,45998,1463,278,0.0318,0.19,3.0905,0.40445918839947986,0.2674350846325803,0.11086677463386313,37.699049200216955,0.0439
2026-01-29 00:00:00,C019,TikTok,BR,playable,624.15,38446,1155,208,0.03,0.1801,3.0007,0.4616345113031413,0.3169934078315774,0.09253754062134063,21.11510398398613,0.0338
2026-01-30 00:00:00,C019,TikTok,BR,playable,1107.87,53180,1673,300,0.0315,0.1793,3.6929,0.488201019811724,0.3007581374433465,0.13070206106106635,36.41014489917411,0.0329
2026-01-31 00:00:00,C019,TikTok,BR,playable,1095.81,59259,1573,323,0.0265,0.2053,3.3926,0.41553803920475874,0.2736382510009548,0.10129315232331357,25.13612073041236,0.0229
2026-02-01 00:00:00,C019,TikTok,BR,playable,958.51,38595,1384,268,0.0359,0.1936,3.5765,0.403532413743551,0.2952435990246084,0.08538378421689566,33.230982154736374,0.0347
2026-02-02 00:00:00,C019,TikTok,BR,playable,441.94,23129,703,152,0.0304,0.2162,2.9075,0.45650213827627967,0.23818575332877373,0.14789404966038797,14.250513581287096,0.0322
2026-02-03 00:00:00,C019,TikTok,BR,playable,798.91,44905,1308,283,0.0291,0.2164,2.823,0.4393424942478768,0.2780596377476812,0.12378842313152508,25.990012332613528,0.0325
2026-02-04 00:00:00,C019,TikTok,BR,playable,913.17,55606,1540,265,0.0277,0.1721,3.4459,0.5011009701474973,0.2890003941974267,0.10289641174923692,52.53587915996023,0.0575
2026-02-05 00:00:00,C019,TikTok,BR,playable,527.11,34635,929,188,0.0268,0.2024,2.8038,0.48826260445684694,0.26589803649334814,0.13339293808400243,40.83993691933124,0.0775
2026-02-06 00:00:00,C019,TikTok,BR,playable,732.34,33760,1080,222,0.032,0.2056,3.2988,0.41582334400970633,0.2700389342382071,0.08130462867839469,28.396773723853602,0.0388
2026-02-07 00:00:00,C019,TikTok,BR,playable,1241.85,54665,1920,373,0.0351,0.1943,3.3294,0.42116341912855165,0.25153544997107247,0.07994692942456827,26.697585068699667,0.0215
2026-02-08 00:00:00,C019,TikTok,BR,playable,926.79,52247,1730,341,0.0331,0.1971,2.7179,0.45586128615678406,0.3085877653005905,0.14885581931785696,36.40573750350198,0.0393
2026-02-09 00:00:00,C019,TikTok,BR,playable,885.69,48099,1423,247,0.0296,0.1736,3.5858,0.41864117722267064,0.298531987107024,0.13382380784678072,23.41897438617695,0.0264
2026-02-10 00:00:00,C019,TikTok,BR,playable,833.16,48194,1574,279,0.0327,0.1773,2.9862,0.4786823326792641,0.26743157222165936,0.09433338105293901,55.5815575027075,0.0667
2026-02-11 00:00:00,C019,TikTok,BR,playable,775.15,34517,1130,210,0.0327,0.1858,3.6912,0.4939978772032119,0.29929917417952623,0.10284078556432556,21.490782718586047,0.0277
2026-02-12 00:00:00,C019,TikTok,BR,playable,659.11,34867,1099,208,0.0315,0.1893,3.1688,0.4664360397250032,0.26737844009603673,0.12882820043839216,17.266810700314323,0.0262
2026-02-13 00:00:00,C019,TikTok,BR,playable,866.68,50541,1501,317,0.0297,0.2112,2.734,0.4700999998824007,0.31725350741829417,0.11778352959918101,71.15892284456521,0.0821
2026-02-14 00:00:00,C019,TikTok,BR,playable,1172.47,51900,1682,306,0.0324,0.1819,3.8316,0.48347002956797996,0.27007837485924757,0.07450245468872874,75.77116619818118,0.0646
2026-02-15 00:00:00,C019,TikTok,BR,playable,680.42,31714,1064,218,0.0335,0.2049,3.1212,0.41959619086531097,0.30320728629453314,0.1162123559260052,29.92676599147249,0.044
2026-02-16 00:00:00,C019,TikTok,BR,playable,1153.4,59745,1938,410,0.0324,0.2116,2.8132,0.5089114172398889,0.30005403853438406,0.13273304757203752,69.21613247686741,0.06
2026-02-17 00:00:00,C019,TikTok,BR,playable,759.9,40046,1345,275,0.0336,0.2045,2.7633,0.4641294129631487,0.34486532081656385,0.12145399478774992,40.00419367658871,0.0526
2026-02-18 00:00:00,C019,TikTok,BR,playable,715.0,33370,1059,207,0.0317,0.1955,3.4541,0.47125706148073493,0.29372307812158055,0.11985971099388931,33.26264315678752,0.0465
2026-02-19 00:00:00,C019,TikTok,BR,playable,909.87,50134,1458,268,0.0291,0.1838,3.395,0.45653204174639267,0.257448613973986,0.14061919358408628,6.572684669349139,0.0072
2026-02-20 00:00:00,C019,TikTok,BR,playable,736.58,34764,1093,214,0.0314,0.1958,3.442,0.4572481560080018,0.2515501837378291,0.1268586704223174,31.41968338763126,0.0427
2026-02-21 00:00:00,C019,TikTok,BR,playable,817.84,47611,1453,255,0.0305,0.1755,3.2072,0.39938269785469227,0.32005402948313927,0.1282731177191361,16.225923995320745,0.0198
2026-02-22 00:00:00,C019,TikTok,BR,playable,1036.42,51436,1823,340,0.0354,0.1865,3.0483,0.44367903637931394,0.2612078875433047,0.13857589161037717,60.7690971514037,0.0586
2026-02-23 00:00:00,C019,TikTok,BR,playable,1054.09,51841,1823,320,0.0352,0.1755,3.294,0.4550725442318847,0.30986382356803593,0.14530195597218298,78.20234810679712,0.0742
2026-02-24 00:00:00,C019,TikTok,BR,playable,907.8,57697,1549,272,0.0268,0.1756,3.3375,0.39385707377296053,0.21893075625231806,0.10131292587730024,35.10590407495238,0.0387
2026-02-25 00:00:00,C019,TikTok,BR,playable,953.55,46500,1360,269,0.0292,0.1978,3.5448,0.5166816814118622,0.30260713587048504,0.13046109929864252,35.27466516513657,0.037
2026-02-26 00:00:00,C019,TikTok,BR,playable,1003.95,51168,1540,333,0.0301,0.2162,3.0149,0.42403502383655767,0.31413606173054437,0.11201017024647324,6.66,0.0066
2026-02-27 00:00:00,C019,TikTok,BR,playable,932.39,57984,1678,333,0.0289,0.1985,2.8,0.49345912169822387,0.3349897986308728,0.12005606047180391,43.105372408462905,0.0462
2026-02-28 00:00:00,C019,TikTok,BR,playable,774.46,40580,1407,291,0.0347,0.2068,2.6614,0.4629668120068405,0.265170160881526,0.10620136887040749,13.852481376150177,0.0179
2026-03-01 00:00:00,C019,TikTok,BR,playable,1161.39,56073,1983,372,0.0354,0.1876,3.122,0.48571253198970166,0.30482461156602014,0.09875204005706804,33.825661881049534,0.0291
2026-01-01 00:00:00,C020,TikTok,JP,static,919.96,34507,715,101,0.0207,0.1413,9.1085,0.5005274614344029,0.28468353153845183,0.1225650583175794,33.891076352872204,0.0368
2026-01-02 00:00:00,C020,TikTok,JP,static,1045.83,38764,803,131,0.0207,0.1631,7.9834,0.49356869636345757,0.27761157017415355,0.14576442969005143,45.05248984221093,0.0431
2026-01-03 00:00:00,C020,TikTok,JP,static,958.15,36828,797,110,0.0216,0.138,8.7105,0.46414713961868287,0.3123223671657826,0.10298283456688961,35.627812879234256,0.0372
2026-01-04 00:00:00,C020,TikTok,JP,static,853.6,31457,718,110,0.0228,0.1532,7.76,0.5388988854170237,0.26796684980068214,0.1299655601258212,28.4389470367609,0.0333
2026-01-05 00:00:00,C020,TikTok,JP,static,878.22,34146,727,92,0.0213,0.1265,9.5459,0.43739181611574396,0.3029522828926794,0.12420531978056973,21.892895725784097,0.0249
2026-01-06 00:00:00,C020,TikTok,JP,static,603.8,22534,500,68,0.0222,0.136,8.8794,0.4732652851295943,0.2693580255213194,0.1260935723337767,20.77759550414515,0.0344
2026-01-07 00:00:00,C020,TikTok,JP,static,752.16,29765,610,103,0.0205,0.1689,7.3025,0.5236441134663959,0.29961181376908197,0.1259239976631414,33.9147230045956,0.0451
2026-01-08 00:00:00,C020,TikTok,JP,static,986.76,34315,657,105,0.0191,0.1598,9.3977,0.4676306386405317,0.2797086269909854,0.10020217270640977,31.74930046999458,0.0322
2026-01-09 00:00:00,C020,TikTok,JP,static,1066.86,39526,843,144,0.0213,0.1708,7.4087,0.4595712628965319,0.2670176393466305,0.09906614657511005,37.985111569729796,0.0356
2026-01-10 00:00:00,C020,TikTok,JP,static,921.29,35835,791,125,0.0221,0.158,7.3703,0.49437125087615846,0.31818998977970003,0.13980049342343184,36.975903144562416,0.0401
2026-01-11 00:00:00,C020,TikTok,JP,static,1001.98,33868,666,89,0.0197,0.1336,11.2582,0.47699396058293003,0.30209360272768954,0.11726558715822238,28.95474503909078,0.0289
2026-01-12 00:00:00,C020,TikTok,JP,static,667.13,24958,576,82,0.0231,0.1424,8.1357,0.473498468496311,0.30827363000086255,0.11353789296719376,29.495242886512905,0.0442
2026-01-13 00:00:00,C020,TikTok,JP,static,847.97,23541,565,93,0.024,0.1646,9.118,0.49423984283623795,0.2680496656825573,0.1325773266921122,20.270493496542986,0.0239
2026-01-14 00:00:00,C020,TikTok,JP,static,634.95,20687,453,63,0.0219,0.1391,10.0786,0.46404073313655136,0.38046539865493173,0.15633777760544063,20.913197632821408,0.0329
2026-01-15 00:00:00,C020,TikTok,JP,static,722.22,20811,479,75,0.023,0.1566,9.6296,0.45249416835605044,0.28009752748742145,0.10129351721164145,20.795325427549162,0.0288
2026-01-16 00:00:00,C020,TikTok,JP,static,975.43,32855,655,101,0.0199,0.1542,9.6577,0.4896329506582802,0.26768952614044356,0.1598551061662082,40.38876074425598,0.0414
2026-01-17 00:00:00,C020,TikTok,JP,static,694.06,26798,588,89,0.0219,0.1514,7.7984,0.5359406940174224,0.26546483103358204,0.16407006288988235,24.20191130807319,0.0349
2026-01-18 00:00:00,C020,TikTok,JP,static,889.09,30734,690,101,0.0225,0.1464,8.8029,0.4999797731266863,0.2875229921763393,0.10981993444522015,32.44868903134239,0.0365
2026-01-19 00:00:00,C020,TikTok,JP,static,945.66,38210,724,99,0.0189,0.1367,9.5521,0.4872897717984165,0.30703424372814825,0.11617991998995421,23.450146635049283,0.0248
2026-01-20 00:00:00,C020,TikTok,JP,static,584.72,18027,418,67,0.0232,0.1603,8.7272,0.45272757116081785,0.3542788072935092,0.10945634176713898,18.960988468450136,0.0324
2026-01-21 00:00:00,C020,TikTok,JP,static,903.71,33042,606,78,0.0183,0.1287,11.586,0.45934373652278193,0.3284260254922037,0.09050786239015172,22.524368098489365,0.0249
2026-01-22 00:00:00,C020,TikTok,JP,static,1120.93,43592,965,132,0.0221,0.1368,8.4919,0.48716482425952606,0.2804230327396573,0.13782685080836116,38.75274279839744,0.0346
2026-01-23 00:00:00,C020,TikTok,JP,static,806.02,25041,541,78,0.0216,0.1442,10.3336,0.47117878244912426,0.24305243897900192,0.11743131809595417,27.13851709639077,0.0337
2026-01-24 00:00:00,C020,TikTok,JP,static,827.16,28235,621,106,0.022,0.1707,7.8034,0.5322801228623981,0.2536948783299544,0.08918689414696039,28.239771699469774,0.0341
2026-01-25 00:00:00,C020,TikTok,JP,static,1344.0,45981,1012,133,0.022,0.1314,10.1053,0.410448484860865,0.20903420013486965,0.08797301394630776,41.488332704612,0.0309
2026-01-26 00:00:00,C020,TikTok,JP,static,746.25,32940,624,79,0.0189,0.1266,9.4462,0.4720604673399193,0.25459606049269234,0.09485302654577545,29.248149963798532,0.0392
2026-01-27 00:00:00,C020,TikTok,JP,static,522.64,14955,363,58,0.0243,0.1598,9.011,0.5202585654060188,0.33708608853682753,0.10480819653958928,14.301812022683064,0.0274
2026-01-28 00:00:00,C020,TikTok,JP,static,742.42,29879,588,75,0.0197,0.1276,9.8989,0.4626391710559259,0.28187029120218654,0.10292343161148375,28.654819996840207,0.0386
2026-01-29 00:00:00,C020,TikTok,JP,static,638.79,24049,556,91,0.0231,0.1637,7.0197,0.42266978893056334,0.24685102258787836,0.11599157188329526,36.22553931122241,0.0567
2026-01-30 00:00:00,C020,TikTok,JP,static,1076.21,34556,799,127,0.0231,0.1589,8.4741,0.49191736713599016,0.3379616028328977,0.11991444676035992,46.12509171767054,0.0429
2026-01-31 00:00:00,C020,TikTok,JP,static,925.97,32616,771,126,0.0236,0.1634,7.349,0.40046926944872163,0.3235204872850105,0.11484204801195565,31.794188289381857,0.0343
2026-02-01 00:00:00,C020,TikTok,JP,static,696.93,23148,476,61,0.0206,0.1282,11.4251,0.41806896584504544,0.2249810118409006,0.0810602291633396,22.131299948520336,0.0318
2026-02-02 00:00:00,C020,TikTok,JP,static,1068.13,42833,890,117,0.0208,0.1315,9.1293,0.4687136317492992,0.2873378384051932,0.08981382221650713,36.539705739609374,0.0342
2026-02-03 00:00:00,C020,TikTok,JP,static,793.14,30028,648,93,0.0216,0.1435,8.5284,0.48454139356357256,0.2787097828778695,0.09907296747307469,34.21927940064863,0.0431
2026-02-04 00:00:00,C020,TikTok,JP,static,718.89,24003,488,73,0.0203,0.1496,9.8478,0.44753324304468417,0.2096750970321717,0.12391212737491569,22.81855925839713,0.0317
2026-02-05 00:00:00,C020,TikTok,JP,static,552.89,19720,452,65,0.0229,0.1438,8.506,0.3787100268234466,0.2753201891747565,0.11208920471968549,21.150181581795447,0.0383
2026-02-06 00:00:00,C020,TikTok,JP,static,817.12,24105,577,94,0.0239,0.1629,8.6928,0.49211597366195153,0.2866669458649814,0.12806067154461792,34.12976543361918,0.0418
2026-02-07 00:00:00,C020,TikTok,JP,static,790.39,28222,625,84,0.0221,0.1344,9.4094,0.3710601537794559,0.23006542153024118,0.15493450399935652,33.287670220532554,0.0421
2026-02-08 00:00:00,C020,TikTok,JP,static,751.49,29453,628,89,0.0213,0.1417,8.4437,0.4487849103428908,0.2381385019529378,0.09443942348255374,31.571843947110242,0.042
2026-02-09 00:00:00,C020,TikTok,JP,static,846.57,36950,692,90,0.0187,0.1301,9.4063,0.5034930886594907,0.2765713961349415,0.11330480488477114,35.415732059687095,0.0418
2026-02-10 00:00:00,C020,TikTok,JP,static,742.73,24127,565,71,0.0234,0.1257,10.461,0.4635295026834535,0.3022128502413574,0.11265035179054253,20.198428876812766,0.0272
2026-02-11 00:00:00,C020,TikTok,JP,static,924.86,31471,641,95,0.0204,0.1482,9.7354,0.474938900378594,0.3032898898373348,0.10314613194225046,21.397054287097152,0.0231
2026-02-12 00:00:00,C020,TikTok,JP,static,797.43,25188,562,76,0.0223,0.1352,10.4925,0.5123021616077157,0.2874964602029291,0.10534446014080885,8.876553537115013,0.0111
2026-02-13 00:00:00,C020,TikTok,JP,static,793.04,25024,558,89,0.0223,0.1595,8.9106,0.4782548313136971,0.2895138562518711,0.08696581680122148,24.44514885965766,0.0308
2026-02-14 00:00:00,C020,TikTok,JP,static,939.02,38689,775,130,0.02,0.1677,7.2232,0.45240754620210366,0.3162914333830549,0.12569529608552035,40.05801352695525,0.0427
2026-02-15 00:00:00,C020,TikTok,JP,static,707.9,27106,494,73,0.0182,0.1478,9.6973,0.46639823754081017,0.2866367030642098,0.10930082153552838,18.775642027334044,0.0265
2026-02-16 00:00:00,C020,TikTok,JP,static,589.93,19620,435,63,0.0222,0.1448,9.364,0.4406511864625521,0.29284931516387386,0.08737155506413669,15.372549779753289,0.0261
2026-02-17 00:00:00,C020,TikTok,JP,static,1079.71,32498,792,111,0.0244,0.1402,9.7271,0.4285647577061629,0.29047489573041085,0.0751864118037559,40.93174346232454,0.0379
2026-02-18 00:00:00,C020,TikTok,JP,static,1004.16,29971,652,112,0.0218,0.1718,8.9657,0.49560836755830884,0.2929618062413258,0.1572957668034689,35.040255104327215,0.0349
2026-02-19 00:00:00,C020,TikTok,JP,static,576.05,18987,424,66,0.0223,0.1557,8.728,0.5533499266456645,0.31489942635883955,0.15227970285679807,25.200288605888083,0.0437
2026-02-20 00:00:00,C020,TikTok,JP,static,673.46,24184,527,83,0.0218,0.1575,8.114,0.44934238057043807,0.2429565283292171,0.12598108132409014,25.37338077629364,0.0377
2026-02-21 00:00:00,C020,TikTok,JP,static,688.93,30714,561,90,0.0183,0.1604,7.6548,0.5252861482913066,0.2782651827085669,0.12299569424140364,25.038014066157018,0.0363
2026-02-22 00:00:00,C020,TikTok,JP,static,782.23,27946,588,83,0.021,0.1412,9.4245,0.45870481536744445,0.2519528423852053,0.0999346924819355,22.26760529017926,0.0285
2026-02-23 00:00:00,C020,TikTok,JP,static,521.57,18262,430,70,0.0235,0.1628,7.451,0.5739268358378004,0.25243915230850833,0.11038325978477426,31.215482714844576,0.0598
2026-02-24 00:00:00,C020,TikTok,JP,static,1120.48,41879,816,106,0.0195,0.1299,10.5706,0.5085401790162899,0.27590489387430933,0.11577749819719808,20.041482252281007,0.0179
2026-02-25 00:00:00,C020,TikTok,JP,static,700.76,26634,534,84,0.02,0.1573,8.3424,0.48402086354281765,0.28902645474585753,0.1305891337026886,28.764006265150833,0.041
2026-02-26 00:00:00,C020,TikTok,JP,static,665.4,19789,459,76,0.0232,0.1656,8.7553,0.40145112276747486,0.3016023112306174,0.10474382262877575,18.481593434936965,0.0278
2026-02-27 00:00:00,C020,TikTok,JP,static,1191.45,36064,883,143,0.0245,0.1619,8.3318,0.5039396268271193,0.377280651401614,0.12342413816000841,61.4368558994652,0.0516
2026-02-28 00:00:00,C020,TikTok,JP,static,621.21,22711,464,73,0.0204,0.1573,8.5097,0.36804396135789974,0.28132518031552667,0.12028984581422207,24.19300871749007,0.0389
2026-03-01 00:00:00,C020,TikTok,JP,static,796.83,27732,551,75,0.0199,0.1361,10.6244,0.4437719263854149,0.28156576650194165,0.0724274273472038,21.266731860093703,0.0267
2026-01-01 00:00:00,C021,TikTok,BR,static,1061.63,80813,1698,242,0.021,0.1425,4.3869,0.3910791167991689,0.28762404513745454,0.13695629296934062,37.700572718692385,0.0355
2026-01-02 00:00:00,C021,TikTok,BR,static,1108.21,76300,1626,230,0.0213,0.1415,4.8183,0.3842177130164318,0.14856403888591604,0.08960869891683268,26.768994358108333,0.0242
2026-01-03 00:00:00,C021,TikTok,BR,static,803.56,60323,1142,190,0.0189,0.1664,4.2293,0.3756991629799371,0.2206375660691292,0.11275721874762662,3.8000000000000003,0.0047
2026-01-04 00:00:00,C021,TikTok,BR,static,760.38,51519,1126,167,0.0219,0.1483,4.5532,0.34067113640469326,0.1896439399870582,0.11225454086114395,39.69018433732061,0.0522
2026-01-05 00:00:00,C021,TikTok,BR,static,646.84,43803,998,129,0.0228,0.1293,5.0143,0.3844559539227004,0.24100766212160396,0.1141591316817949,14.020082756518196,0.0217
2026-01-06 00:00:00,C021,TikTok,BR,static,850.8,77027,1526,204,0.0198,0.1337,4.1706,0.34931179629055603,0.2261181945199313,0.10037322432636941,41.60612177429017,0.0489
2026-01-07 00:00:00,C021,TikTok,BR,static,1021.58,72550,1501,232,0.0207,0.1546,4.4034,0.3838229834249311,0.24658991461025107,0.09200746579524666,14.696583950873197,0.0144
2026-01-08 00:00:00,C021,TikTok,BR,static,772.38,71499,1354,212,0.0189,0.1566,3.6433,0.38024715296915446,0.21116611685651343,0.11033325425278531,36.896663979066936,0.0478
2026-01-09 00:00:00,C021,TikTok,BR,static,883.57,66422,1565,222,0.0236,0.1419,3.98,0.37502449791855436,0.1911687795223945,0.060700674698653145,17.753588587390414,0.0201
2026-01-10 00:00:00,C021,TikTok,BR,static,743.0,59617,1361,179,0.0228,0.1315,4.1508,0.363238363870598,0.2650061898663669,0.09260755700390547,22.688507483021205,0.0305
2026-01-11 00:00:00,C021,TikTok,BR,static,1024.62,64366,1538,213,0.0239,0.1385,4.8104,0.36325683269568154,0.30233704452768356,0.12248439903637157,42.433944213621245,0.0414
2026-01-12 00:00:00,C021,TikTok,BR,static,918.53,78051,1577,220,0.0202,0.1395,4.1751,0.371955651769179,0.24794715460541739,0.1043233297417267,12.491929411311247,0.0136
2026-01-13 00:00:00,C021,TikTok,BR,static,1032.35,66311,1505,192,0.0227,0.1276,5.3768,0.32625105307843666,0.21876573920458986,0.0804093741720251,22.25374888794912,0.0216
2026-01-14 00:00:00,C021,TikTok,BR,static,712.76,51087,1034,134,0.0202,0.1296,5.3191,0.43702072474791115,0.2715408410184404,0.08771730393770358,9.216971791904486,0.0129
2026-01-15 00:00:00,C021,TikTok,BR,static,823.65,69447,1381,216,0.0199,0.1564,3.8132,0.38863640242758607,0.21128914947594024,0.07447057410779587,28.565865571673765,0.0347
2026-01-16 00:00:00,C021,TikTok,BR,static,687.11,47588,1058,140,0.0222,0.1323,4.9079,0.4966816160910751,0.28837530961204405,0.09970612097648232,2.8000000000000003,0.0041
2026-01-17 00:00:00,C021,TikTok,BR,static,770.85,65074,1272,173,0.0195,0.136,4.4558,0.3938523179573118,0.2671486703709425,0.10439590853516535,23.80473871395685,0.0309
2026-01-18 00:00:00,C021,TikTok,BR,static,1022.83,65750,1558,207,0.0237,0.1329,4.9412,0.4186477664923517,0.2140703771987266,0.07901733650154179,31.961206746389543,0.0312
2026-01-19 00:00:00,C021,TikTok,BR,static,931.17,78811,1738,276,0.0221,0.1588,3.3738,0.378226343134378,0.25285947060938796,0.09121081232169916,43.21265101094016,0.0464
2026-01-20 00:00:00,C021,TikTok,BR,static,965.13,93696,1702,236,0.0182,0.1387,4.0895,0.4183003015065064,0.25305414060888776,0.08071671964813093,23.88117180261975,0.0247
2026-01-21 00:00:00,C021,TikTok,BR,static,1130.42,76471,1758,231,0.023,0.1314,4.8936,0.3587828708142605,0.22692335176577097,0.07768697321161072,40.40836468287812,0.0357
2026-01-22 00:00:00,C021,TikTok,BR,static,1091.44,80367,1769,234,0.022,0.1323,4.6643,0.4156370331908886,0.22346100989604453,0.0919886697839627,32.145380105946806,0.0295
2026-01-23 00:00:00,C021,TikTok,BR,static,877.53,60166,1364,227,0.0227,0.1664,3.8658,0.3426200256467332,0.2879089548019432,0.09333498669974655,4.54,0.0052
2026-01-24 00:00:00,C021,TikTok,BR,static,741.59,71408,1375,184,0.0193,0.1338,4.0304,0.4264606665749978,0.16529556361731354,0.09340827906836989,7.2774670750480555,0.0098
2026-01-25 00:00:00,C021,TikTok,BR,static,807.96,67925,1530,202,0.0225,0.132,3.9998,0.41504411581814954,0.2529300581003706,0.10479742926801537,4.04,0.005
2026-01-26 00:00:00,C021,TikTok,BR,static,1038.76,94974,1779,267,0.0187,0.1501,3.8905,0.3693790470596233,0.19939114697531649,0.11537780042650637,18.061157245284896,0.0174
2026-01-27 00:00:00,C021,TikTok,BR,static,991.67,67897,1398,218,0.0206,0.1559,4.5489,0.3465670127052904,0.22347684923134822,0.07134031931234125,25.83702671297138,0.0261
2026-01-28 00:00:00,C021,TikTok,BR,static,664.4,42341,997,171,0.0235,0.1715,3.8854,0.39683813714241734,0.23038188294021017,0.09360329417897603,12.259731897178124,0.0185
2026-01-29 00:00:00,C021,TikTok,BR,static,944.0,59426,1384,207,0.0233,0.1496,4.5604,0.3486403003594478,0.22990420753525986,0.08148479477718464,23.443856591964675,0.0248
2026-01-30 00:00:00,C021,TikTok,BR,static,1166.87,71589,1691,248,0.0236,0.1467,4.7051,0.38772070195747155,0.2639442235588306,0.08443248508097397,51.367310813687915,0.044
2026-01-31 00:00:00,C021,TikTok,BR,static,1119.98,76560,1596,216,0.0208,0.1353,5.1851,0.317991405346019,0.24325067192737143,0.10220662405024344,31.255890549953204,0.0279
2026-02-01 00:00:00,C021,TikTok,BR,static,1122.1,92680,1879,268,0.0203,0.1426,4.1869,0.42700769298818275,0.2735355238688673,0.11368737826121506,67.52741071047012,0.0602
2026-02-02 00:00:00,C021,TikTok,BR,static,852.88,69834,1531,222,0.0219,0.145,3.8418,0.44267136214620784,0.2649531724738473,0.08881536514124488,41.78945970665113,0.049
2026-02-03 00:00:00,C021,TikTok,BR,static,785.29,58225,1219,202,0.0209,0.1657,3.8876,0.3605976236780481,0.1838046360973136,0.09739730410220279,18.60046968069149,0.0237
2026-02-04 00:00:00,C021,TikTok,BR,static,879.15,65056,1500,198,0.0231,0.132,4.4402,0.36856476758702805,0.23578732775919456,0.11241778157240441,9.860919774162058,0.0112
2026-02-05 00:00:00,C021,TikTok,BR,static,735.13,49528,1117,175,0.0226,0.1567,4.2007,0.39882205463522513,0.23899261942130628,0.1108039661271581,16.1124892732991,0.0219
2026-02-06 00:00:00,C021,TikTok,BR,static,802.65,58426,1375,180,0.0235,0.1309,4.4592,0.4345354551574973,0.2536333751122085,0.10639290913802482,39.050600413869454,0.0487
2026-02-07 00:00:00,C021,TikTok,BR,static,775.42,49644,1134,184,0.0228,0.1623,4.2142,0.39061016232364865,0.25555934713996475,0.08068384566435588,26.918490982385954,0.0347
2026-02-08 00:00:00,C021,TikTok,BR,static,737.58,58411,1343,183,0.023,0.1363,4.0305,0.4700383146454521,0.24331924834691676,0.05978810710734136,40.78534235795614,0.0553
2026-02-09 00:00:00,C021,TikTok,BR,static,881.2,62738,1264,189,0.0201,0.1495,4.6624,0.39480425057014407,0.28636669486375177,0.12202681689730654,17.877860386125906,0.0203
2026-02-10 00:00:00,C021,TikTok,BR,static,734.08,51622,1054,154,0.0204,0.1461,4.7668,0.4131854312004907,0.26867506885290193,0.09925244292465235,16.366269583920722,0.0223
2026-02-11 00:00:00,C021,TikTok,BR,static,689.18,54206,1050,156,0.0194,0.1486,4.4178,0.37468752297386854,0.2588472928143925,0.05723555285806975,11.582039389583782,0.0168
2026-02-12 00:00:00,C021,TikTok,BR,static,991.42,60100,1430,212,0.0238,0.1483,4.6765,0.361137038411339,0.22769021895316202,0.12974032212117015,15.627629419960051,0.0158
2026-02-13 00:00:00,C021,TikTok,BR,static,742.83,53656,1147,148,0.0214,0.129,5.0191,0.3987657602234184,0.2324254512773773,0.12052793061608168,8.184396755330491,0.011
2026-02-14 00:00:00,C021,TikTok,BR,static,1074.89,80273,1968,305,0.0245,0.155,3.5242,0.3913646339269934,0.19489984801532714,0.07462008588239376,31.86279584518439,0.0296
2026-02-15 00:00:00,C021,TikTok,BR,static,994.72,71324,1527,221,0.0214,0.1447,4.501,0.4147605491948786,0.28051910480154135,0.0808418506167658,31.162866320690828,0.0313
2026-02-16 00:00:00,C021,TikTok,BR,static,1010.89,70977,1673,237,0.0236,0.1417,4.2654,0.40682881591652587,0.24499372415591097,0.05422007964384662,21.949366223765686,0.0217
2026-02-17 00:00:00,C021,TikTok,BR,static,795.45,64263,1174,199,0.0183,0.1695,3.9972,0.3595911953312263,0.2499803610533172,0.10241745484706999,32.18962632054912,0.0405
2026-02-18 00:00:00,C021,TikTok,BR,static,688.13,50019,1147,153,0.0229,0.1334,4.4976,0.4580790929471467,0.2599484435305261,0.08973166178587264,36.30576247965121,0.0528
2026-02-19 00:00:00,C021,TikTok,BR,static,948.69,71674,1666,273,0.0232,0.1639,3.4751,0.36318774121121394,0.2145220812962809,0.08822148883076071,26.36643503294245,0.0278
2026-02-20 00:00:00,C021,TikTok,BR,static,1232.88,80657,1771,246,0.022,0.1389,5.0117,0.44105557197942685,0.22415384229672133,0.1052463771523865,4.92,0.004
2026-02-21 00:00:00,C021,TikTok,BR,static,961.42,84048,1823,261,0.0217,0.1432,3.6836,0.4115798722544366,0.2452906631733794,0.08955513758507398,53.99772440075692,0.0562
2026-02-22 00:00:00,C021,TikTok,BR,static,850.41,66192,1302,167,0.0197,0.1283,5.0923,0.4644131487238415,0.239514316974069,0.09196693011051571,18.282100367536405,0.0215
2026-02-23 00:00:00,C021,TikTok,BR,static,1046.66,63967,1485,216,0.0232,0.1455,4.8456,0.38434510877589306,0.269112830812845,0.11670209287698163,22.831535701611557,0.0218
2026-02-24 00:00:00,C021,TikTok,BR,static,707.88,49759,1134,181,0.0228,0.1596,3.9109,0.4025783006438114,0.2597278035735055,0.08536872561069468,6.318446599308561,0.0089
2026-02-25 00:00:00,C021,TikTok,BR,static,1118.89,81433,1916,270,0.0235,0.1409,4.144,0.4262766690226159,0.2719467327174124,0.073983109154141,35.44007049190643,0.0317
2026-02-26 00:00:00,C021,TikTok,BR,static,1200.45,107305,1977,278,0.0184,0.1406,4.3182,0.3813101260546668,0.2391001580929998,0.11058569157980269,29.23813448098854,0.0244
2026-02-27 00:00:00,C021,TikTok,BR,static,712.2,68164,1302,177,0.0191,0.1359,4.0237,0.40757398345787915,0.20611533503783386,0.06162001334089687,21.650890882478272,0.0304
2026-02-28 00:00:00,C021,TikTok,BR,static,1011.74,67933,1531,228,0.0225,0.1489,4.4375,0.4136955120479627,0.24788987712508967,0.09850155834204612,19.667292150411907,0.0194
2026-03-01 00:00:00,C021,TikTok,BR,static,1010.96,91001,1847,266,0.0203,0.144,3.8006,0.4111356605449467,0.24599190361306378,0.1312908140889874,50.19592051871044,0.0497
2026-01-01 00:00:00,C022,TikTok,BR,video,459.97,34424,863,159,0.0251,0.1842,2.8929,0.4222089963225618,0.2392971202807981,0.1330202686507998,23.597946617871877,0.0513
2026-01-02 00:00:00,C022,TikTok,BR,video,1101.33,66804,1877,292,0.0281,0.1556,3.7717,0.4759543064867295,0.2867081666802339,0.0932279521074432,5.84,0.0053
2026-01-03 00:00:00,C022,TikTok,BR,video,740.33,48379,1078,193,0.0223,0.179,3.8359,0.3745577853999461,0.23882037878628912,0.0967577510752897,25.548393173462333,0.0345
2026-01-04 00:00:00,C022,TikTok,BR,video,844.02,45549,1327,211,0.0291,0.159,4.0001,0.4683758310558915,0.3259237480514802,0.13608395973002968,66.80557252766656,0.0792
2026-01-05 00:00:00,C022,TikTok,BR,video,780.97,48122,1361,231,0.0283,0.1697,3.3808,0.3820220091635238,0.22216936235427992,0.09038713499327229,37.98496214422508,0.0486
2026-01-06 00:00:00,C022,TikTok,BR,video,809.14,49361,1196,200,0.0242,0.1672,4.0457,0.41304253974386385,0.2901966255709919,0.1251931669746466,42.45513355336604,0.0525
2026-01-07 00:00:00,C022,TikTok,BR,video,1204.94,72081,1944,364,0.027,0.1872,3.3103,0.40538896498280075,0.29953707409714064,0.09338068596335689,28.389258248669115,0.0236
2026-01-08 00:00:00,C022,TikTok,BR,video,911.05,58723,1580,273,0.0269,0.1728,3.3372,0.3388036857958791,0.2370134416637884,0.09161476417896541,34.444127288426785,0.0378
2026-01-09 00:00:00,C022,TikTok,BR,video,770.94,49497,1217,233,0.0246,0.1915,3.3088,0.3705062497643401,0.2633769460440255,0.07819507932574574,31.60899068711285,0.041
2026-01-10 00:00:00,C022,TikTok,BR,video,1021.39,64451,1520,243,0.0236,0.1599,4.2033,0.4909814487165123,0.2920736198345468,0.12970976586050226,45.14691684595054,0.0442
2026-01-11 00:00:00,C022,TikTok,BR,video,1093.38,85529,2039,377,0.0238,0.1849,2.9002,0.40452165868730144,0.26597721693521353,0.09448821719923486,47.34604729486403,0.0433
2026-01-12 00:00:00,C022,TikTok,BR,video,827.75,61451,1563,251,0.0254,0.1606,3.2978,0.46827861783472163,0.2689806086281745,0.08726440535695106,49.178652714572735,0.0594
2026-01-13 00:00:00,C022,TikTok,BR,video,775.67,46630,1110,205,0.0238,0.1847,3.7838,0.4155375975624728,0.2237126770955627,0.12720847268436353,22.75416686546091,0.0293
2026-01-14 00:00:00,C022,TikTok,BR,video,610.92,39728,1132,177,0.0285,0.1564,3.4515,0.3448435098072863,0.2108046846242292,0.10785807141623484,15.512293580651429,0.0254
2026-01-15 00:00:00,C022,TikTok,BR,video,744.63,36258,1070,154,0.0295,0.1439,4.8353,0.3820841344334727,0.23940229955617645,0.08847033865643324,25.993529984588285,0.0349
2026-01-16 00:00:00,C022,TikTok,BR,video,901.64,49069,1403,263,0.0286,0.1875,3.4283,0.447400122514245,0.2755907935236388,0.09859442492348475,14.155074538826026,0.0157
2026-01-17 00:00:00,C022,TikTok,BR,video,1033.29,67225,1577,279,0.0235,0.1769,3.7035,0.4437394667615432,0.2976962529958567,0.1357090107336335,39.95648816669797,0.0387
2026-01-18 00:00:00,C022,TikTok,BR,video,769.5,52110,1303,246,0.025,0.1888,3.128,0.36121160087198406,0.2598697575730884,0.10449970947488818,59.141919768555944,0.0769
2026-01-19 00:00:00,C022,TikTok,BR,video,1036.75,59147,1596,253,0.027,0.1585,4.0978,0.43836634852183326,0.27684050752740114,0.13365452695398228,61.1545332353083,0.059
2026-01-20 00:00:00,C022,TikTok,BR,video,725.64,41407,1071,206,0.0259,0.1923,3.5225,0.2940651728626985,0.2078977502064166,0.13127615509550355,18.328181205982183,0.0253
2026-01-21 00:00:00,C022,TikTok,BR,video,990.51,65407,1680,297,0.0257,0.1768,3.3351,0.3884889161018722,0.28850141249580463,0.1093907400739163,76.99034160563255,0.0777
2026-01-22 00:00:00,C022,TikTok,BR,video,521.3,41931,967,160,0.0231,0.1655,3.2581,0.49125756030026735,0.2652977574223525,0.0951649633260208,25.62912405889893,0.0492
2026-01-23 00:00:00,C022,TikTok,BR,video,833.81,62695,1391,263,0.0222,0.1891,3.1704,0.5364806826132268,0.289966242882022,0.11844215851174203,24.678090011859716,0.0296
2026-01-24 00:00:00,C022,TikTok,BR,video,1093.47,66611,1973,297,0.0296,0.1505,3.6817,0.4270406076283502,0.2645311591259053,0.12646727293218146,33.86810910467618,0.031
2026-01-25 00:00:00,C022,TikTok,BR,video,985.9,48098,1413,269,0.0294,0.1904,3.6651,0.4650460152612839,0.24676520359404586,0.16083567755011483,15.446747672367653,0.0157
2026-01-26 00:00:00,C022,TikTok,BR,video,865.1,47975,1244,214,0.0259,0.172,4.0425,0.3506822861247067,0.21230206036057778,0.1173126939036612,16.70762622152309,0.0193
2026-01-27 00:00:00,C022,TikTok,BR,video,690.04,46883,1285,213,0.0274,0.1658,3.2396,0.4049646646679156,0.2357927907578195,0.06726639402504209,26.64590142838997,0.0386
2026-01-28 00:00:00,C022,TikTok,BR,video,830.67,62135,1509,287,0.0243,0.1902,2.8943,0.4631434476900197,0.26893923564699207,0.12816462859577016,37.36807190245804,0.045
2026-01-29 00:00:00,C022,TikTok,BR,video,854.4,70950,1620,297,0.0228,0.1833,2.8768,0.32399131762871297,0.17005250102738048,0.14075816933404484,22.726945905625993,0.0266
2026-01-30 00:00:00,C022,TikTok,BR,video,947.34,53382,1572,244,0.0294,0.1552,3.8825,0.35777866077484455,0.28741587605782615,0.08725287875067535,43.35507080142108,0.0458
2026-01-31 00:00:00,C022,TikTok,BR,video,681.03,43660,1015,182,0.0232,0.1793,3.7419,0.4585288437435109,0.18856130068953414,0.09672121387810655,26.635810418781407,0.0391
2026-02-01 00:00:00,C022,TikTok,BR,video,640.66,35453,973,171,0.0274,0.1757,3.7465,0.45149214684427086,0.24707734933403236,0.11806325448032151,3.8730714803874378,0.006
2026-02-02 00:00:00,C022,TikTok,BR,video,826.03,53907,1432,233,0.0266,0.1627,3.5452,0.4725695159859741,0.2508947051172897,0.11284894973774393,21.605836485485316,0.0262
2026-02-03 00:00:00,C022,TikTok,BR,video,672.27,39216,1153,185,0.0294,0.1605,3.6339,0.3712233920441938,0.24831673608525567,0.09054753310687927,26.38635583919567,0.0392
2026-02-04 00:00:00,C022,TikTok,BR,video,662.62,38173,1078,192,0.0282,0.1781,3.4511,0.45913812327846226,0.2785451283536568,0.09722346775423624,17.967636856106267,0.0271
2026-02-05 00:00:00,C022,TikTok,BR,video,587.4,31776,877,166,0.0276,0.1893,3.5386,0.43946098635932107,0.284957231784829,0.08053387403104263,12.069012368004675,0.0205
2026-02-06 00:00:00,C022,TikTok,BR,video,729.25,40219,1042,198,0.0259,0.19,3.6831,0.42108630695286686,0.2628567905638666,0.12765206711734492,22.125523925834266,0.0303
2026-02-07 00:00:00,C022,TikTok,BR,video,1206.83,68935,1864,321,0.027,0.1722,3.7596,0.4157546267640365,0.3023015426660782,0.0896253877931301,48.9944470162224,0.0406
2026-02-08 00:00:00,C022,TikTok,BR,video,894.8,46894,1266,243,0.027,0.1919,3.6823,0.48361133143454116,0.29527612769272904,0.09404301638475528,35.78908401357245,0.04
2026-02-09 00:00:00,C022,TikTok,BR,video,1004.91,62919,1567,305,0.0249,0.1946,3.2948,0.44848945471536283,0.2733661783407365,0.14317390432170274,41.121533197980725,0.0409
2026-02-10 00:00:00,C022,TikTok,BR,video,888.46,63900,1431,213,0.0224,0.1488,4.1712,0.35124510624153404,0.21460175294469958,0.09211687579339627,4.615080734117301,0.0052
2026-02-11 00:00:00,C022,TikTok,BR,video,662.29,41694,969,154,0.0232,0.1589,4.3006,0.38206645734906797,0.22002870309021072,0.11899804415819615,16.65349013443301,0.0251
2026-02-12 00:00:00,C022,TikTok,BR,video,632.03,36769,1095,212,0.0298,0.1936,2.9813,0.31578427136408926,0.2923898298237049,0.06355031958891744,19.927159267281368,0.0315
2026-02-13 00:00:00,C022,TikTok,BR,video,814.88,49992,1408,226,0.0282,0.1605,3.6057,0.40126381760349267,0.2336902742453919,0.11835376194200385,22.880561304208733,0.0281
2026-02-14 00:00:00,C022,TikTok,BR,video,869.42,41767,1243,228,0.0298,0.1834,3.8132,0.4471753116612295,0.2949951823061936,0.09655669828453171,33.550532482001685,0.0386
2026-02-15 00:00:00,C022,TikTok,BR,video,767.66,42097,1114,213,0.0265,0.1912,3.604,0.40109123256104207,0.3208573181777045,0.10726793760438416,17.395050302183115,0.0227
2026-02-16 00:00:00,C022,TikTok,BR,video,721.01,50101,1220,227,0.0244,0.1861,3.1763,0.33628706347792886,0.192378777615868,0.11006036144921388,39.57025551530139,0.0549
2026-02-17 00:00:00,C022,TikTok,BR,video,960.09,48368,1441,221,0.0298,0.1534,4.3443,0.4501773588195959,0.23042705257906218,0.09800556894158709,37.030360682613086,0.0386
2026-02-18 00:00:00,C022,TikTok,BR,video,841.08,55616,1509,274,0.0271,0.1816,3.0696,0.38171722236872435,0.26101184725172627,0.11477423526757204,40.339113068598174,0.048
2026-02-19 00:00:00,C022,TikTok,BR,video,753.49,44308,1078,201,0.0243,0.1865,3.7487,0.46233375932350157,0.25331537745473165,0.15554998427084255,4.763341720867321,0.0063
2026-02-20 00:00:00,C022,TikTok,BR,video,558.25,31751,784,127,0.0247,0.162,4.3957,0.39039747198977454,0.20944136274342878,0.10985478155052236,12.898498209711757,0.0231
2026-02-21 00:00:00,C022,TikTok,BR,video,817.15,52204,1200,186,0.023,0.155,4.3933,0.4399283074418777,0.28368417354084924,0.09742619296851375,32.173618524047946,0.0394
2026-02-22 00:00:00,C022,TikTok,BR,video,893.37,59931,1622,305,0.0271,0.188,2.9291,0.4913575710212735,0.2957960565137909,0.11305653317967089,6.1000000000000005,0.0068
2026-02-23 00:00:00,C022,TikTok,BR,video,839.35,41608,1217,181,0.0292,0.1487,4.6373,0.42035888857216797,0.26732002998221355,0.12130216262511584,39.65165026255747,0.0472
2026-02-24 00:00:00,C022,TikTok,BR,video,708.77,36772,1001,174,0.0272,0.1738,4.0734,0.4064982858658536,0.2196738732648784,0.07640045675794499,23.29639444941384,0.0329
2026-02-25 00:00:00,C022,TikTok,BR,video,752.98,40270,1178,181,0.0293,0.1537,4.1601,0.41233245378965633,0.254417665514908,0.08343392966687863,28.64589000208285,0.038
2026-02-26 00:00:00,C022,TikTok,BR,video,684.72,38510,1035,158,0.0269,0.1527,4.3337,0.45492269357195825,0.3380095445646114,0.12588173145559656,45.30031160129745,0.0662
2026-02-27 00:00:00,C022,TikTok,BR,video,560.51,30816,843,133,0.0274,0.1578,4.2144,0.43598470724776867,0.30699197783114696,0.0967067373202932,15.870410516434493,0.0283
2026-02-28 00:00:00,C022,TikTok,BR,video,863.19,43186,1230,200,0.0285,0.1626,4.3159,0.3831376672573932,0.26204813246615266,0.08818113877407205,41.78392321173621,0.0484
2026-03-01 00:00:00,C022,TikTok,BR,video,1060.4,64658,1568,297,0.0243,0.1894,3.5704,0.40361384347278306,0.23657181043867329,0.09691420428017855,54.15945474490069,0.0511
2026-01-01 00:00:00,C023,TikTok,JP,video,693.54,21784,514,82,0.0236,0.1595,8.4578,0.4614803043769302,0.2916803366507595,0.10524907794956632,28.366773832570956,0.0409
2026-01-02 00:00:00,C023,TikTok,JP,video,786.02,23347,517,89,0.0221,0.1721,8.8317,0.4670111946144446,0.29828427595082974,0.11570885408322645,33.434143470600695,0.0425
2026-01-03 00:00:00,C023,TikTok,JP,video,865.72,22453,630,116,0.0281,0.1841,7.4631,0.5814916723107421,0.34037567158066095,0.1431709862570774,33.63404197875805,0.0389
2026-01-04 00:00:00,C023,TikTok,JP,video,1046.4,32615,893,141,0.0274,0.1579,7.4213,0.5270646525470093,0.3282977571923734,0.11675934415162621,35.65943763347015,0.0341
2026-01-05 00:00:00,C023,TikTok,JP,video,986.26,27168,785,113,0.0289,0.1439,8.728,0.415701446867222,0.29151837526715957,0.10465911463773801,22.180629180466376,0.0225
2026-01-06 00:00:00,C023,TikTok,JP,video,902.52,23739,693,117,0.0292,0.1688,7.7138,0.5989917942414332,0.34634658127889345,0.1658099139783416,41.75086247654174,0.0463
2026-01-07 00:00:00,C023,TikTok,JP,video,1088.06,30126,876,144,0.0291,0.1644,7.556,0.5606231837409982,0.30094836710908285,0.11793075759101437,53.984299811188606,0.0496
2026-01-08 00:00:00,C023,TikTok,JP,video,751.92,27597,646,100,0.0234,0.1548,7.5192,0.5562195926354575,0.3187544079822043,0.08735893622300925,37.37043389491356,0.0497
2026-01-09 00:00:00,C023,TikTok,JP,video,982.72,26176,704,109,0.0269,0.1548,9.0158,0.487521216586275,0.2476422597975926,0.1040269752812864,36.03183360345012,0.0367
2026-01-10 00:00:00,C023,TikTok,JP,video,682.78,23278,515,88,0.0221,0.1709,7.7589,0.4624257136557039,0.2785134872876478,0.14599876694637984,22.031090663712238,0.0323
2026-01-11 00:00:00,C023,TikTok,JP,video,913.37,29639,678,124,0.0229,0.1829,7.3659,0.4509765076539596,0.26853031437409525,0.14071685386092103,41.99513731743736,0.046
2026-01-12 00:00:00,C023,TikTok,JP,video,993.88,25946,666,130,0.0257,0.1952,7.6452,0.4663455469115175,0.3294183720686453,0.14087495808572126,32.76643240392374,0.033
2026-01-13 00:00:00,C023,TikTok,JP,video,897.1,23929,604,90,0.0252,0.149,9.9678,0.5191411430116026,0.31117516100139786,0.13012443077952762,25.93298152445956,0.0289
2026-01-14 00:00:00,C023,TikTok,JP,video,732.44,20753,558,92,0.0269,0.1649,7.9613,0.5223156231928885,0.27432149070373607,0.08604316775036264,19.7273711329858,0.0269
2026-01-15 00:00:00,C023,TikTok,JP,video,712.04,22787,546,81,0.024,0.1484,8.7906,0.49020684128452346,0.3502185304932678,0.16268737865895153,28.795094632657452,0.0404
2026-01-16 00:00:00,C023,TikTok,JP,video,869.78,25157,733,106,0.0291,0.1446,8.2055,0.49166491562948433,0.3034911149496273,0.14391991316739625,40.36765065732235,0.0464
2026-01-17 00:00:00,C023,TikTok,JP,video,771.33,20513,524,76,0.0255,0.145,10.1491,0.5712230347017238,0.3371817560786741,0.13241015929720426,25.195967853589426,0.0327
2026-01-18 00:00:00,C023,TikTok,JP,video,886.8,29154,683,109,0.0234,0.1596,8.1358,0.5654440273340818,0.36715456177096323,0.13899265477616016,33.07901536820874,0.0373
2026-01-19 00:00:00,C023,TikTok,JP,video,918.14,25273,628,116,0.0248,0.1847,7.915,0.5124516026165037,0.31346333755776973,0.15444543835373192,30.32763805291434,0.033
2026-01-20 00:00:00,C023,TikTok,JP,video,960.35,23714,636,92,0.0268,0.1447,10.4386,0.5515803965997975,0.330167851213672,0.15585771585607808,42.44524094238181,0.0442
2026-01-21 00:00:00,C023,TikTok,JP,video,609.18,13972,408,62,0.0292,0.152,9.8255,0.49201805599881215,0.30197456360556457,0.10275754849772542,20.98587503013084,0.0344
2026-01-22 00:00:00,C023,TikTok,JP,video,751.02,20815,591,100,0.0284,0.1692,7.5102,0.4828503493334623,0.284656218275951,0.1132034246915444,31.287297674602616,0.0417
2026-01-23 00:00:00,C023,TikTok,JP,video,1081.19,28905,737,140,0.0255,0.19,7.7228,0.5566134879446445,0.29763666021713014,0.08474566503071723,47.38751421680887,0.0438
2026-01-24 00:00:00,C023,TikTok,JP,video,939.73,22991,635,99,0.0276,0.1559,9.4922,0.5122026623987247,0.3469841752750915,0.1326282867895892,25.497504206147934,0.0271
2026-01-25 00:00:00,C023,TikTok,JP,video,918.63,27632,798,117,0.0289,0.1466,7.8515,0.4775008853528274,0.27551952423069404,0.10627698821844181,38.27130053759198,0.0417
2026-01-26 00:00:00,C023,TikTok,JP,video,1011.28,34477,853,151,0.0247,0.177,6.6972,0.6020366622233915,0.30628441672220763,0.13872948015242773,69.87236647607165,0.0691
2026-01-27 00:00:00,C023,TikTok,JP,video,1117.83,26069,755,113,0.029,0.1497,9.8923,0.43898966749330615,0.3164340932400329,0.1450867962155598,32.900468262481866,0.0294
2026-01-28 00:00:00,C023,TikTok,JP,video,750.44,25041,642,93,0.0256,0.1449,8.0692,0.5237204424952783,0.33728405561902747,0.10550290613665217,32.07592075666518,0.0427
2026-01-29 00:00:00,C023,TikTok,JP,video,648.2,19199,473,86,0.0246,0.1818,7.5372,0.5159065803657775,0.3073487440642635,0.12054721647261762,28.62100944751515,0.0442
2026-01-30 00:00:00,C023,TikTok,JP,video,1098.08,31444,890,154,0.0283,0.173,7.1304,0.608085309329978,0.3918875287703358,0.1263515815987834,52.887731638320936,0.0482
2026-01-31 00:00:00,C023,TikTok,JP,video,960.32,32591,829,147,0.0254,0.1773,6.5328,0.5630868688261392,0.32699593409525973,0.1749510628520573,60.2124412967555,0.0627
2026-02-01 00:00:00,C023,TikTok,JP,video,831.98,27290,716,105,0.0262,0.1466,7.9236,0.5027880557858465,0.3261681832863722,0.1437543127350359,38.21483725935393,0.0459
2026-02-02 00:00:00,C023,TikTok,JP,video,907.98,22995,659,101,0.0287,0.1533,8.9899,0.5040780299982867,0.27664598171055116,0.10636280259259458,30.17940828588879,0.0332
2026-02-03 00:00:00,C023,TikTok,JP,video,773.94,27486,661,120,0.024,0.1815,6.4495,0.5337905703794301,0.31475804225077103,0.14726418509934946,33.220222381204735,0.0429
2026-02-04 00:00:00,C023,TikTok,JP,video,786.32,20831,511,98,0.0245,0.1918,8.0237,0.5346846436895935,0.26091041358969036,0.15020815309023078,27.005141093328657,0.0343
2026-02-05 00:00:00,C023,TikTok,JP,video,783.64,24002,558,83,0.0232,0.1487,9.4414,0.456952756998892,0.22645305827749015,0.12526535476201167,19.810305597860882,0.0253
2026-02-06 00:00:00,C023,TikTok,JP,video,743.54,20772,524,93,0.0252,0.1775,7.9951,0.45055337602953754,0.3280205049233354,0.1310432626636812,31.781259818146477,0.0427
2026-02-07 00:00:00,C023,TikTok,JP,video,700.23,18513,525,97,0.0284,0.1848,7.2189,0.5582866709652593,0.3533553968850134,0.12170647860156641,23.91489913163637,0.0342
2026-02-08 00:00:00,C023,TikTok,JP,video,664.96,21059,519,83,0.0246,0.1599,8.0116,0.5131394436336124,0.28034273259722664,0.15449729822394706,39.33097735713993,0.0591
2026-02-09 00:00:00,C023,TikTok,JP,video,642.92,16283,459,71,0.0282,0.1547,9.0552,0.5072463925954068,0.2957860052826479,0.11656396306460258,23.51059903078268,0.0366
2026-02-10 00:00:00,C023,TikTok,JP,video,685.32,19884,482,80,0.0242,0.166,8.5665,0.48513491416808857,0.3088049032634989,0.12841354180737802,26.296309486795877,0.0384
2026-02-11 00:00:00,C023,TikTok,JP,video,868.1,25857,635,101,0.0246,0.1591,8.595,0.5306795492941682,0.32350976825099215,0.13301346976163156,34.001012648057596,0.0392
2026-02-12 00:00:00,C023,TikTok,JP,video,611.43,14725,403,71,0.0274,0.1762,8.6117,0.55092275598604,0.2702001291633435,0.15302846490536443,19.522434586147163,0.0319
2026-02-13 00:00:00,C023,TikTok,JP,video,1126.93,31317,764,133,0.0244,0.1741,8.4732,0.4639426203317267,0.27778116423731225,0.13687317074886876,24.579299343711803,0.0218
2026-02-14 00:00:00,C023,TikTok,JP,video,840.65,28221,691,133,0.0245,0.1925,6.3207,0.5072378958893873,0.2982793209671404,0.1253879221800438,53.89878794727179,0.0641
2026-02-15 00:00:00,C023,TikTok,JP,video,731.79,20495,573,84,0.028,0.1466,8.7118,0.5611205184107407,0.32134483640739686,0.1164342335357347,36.581072006069526,0.05
2026-02-16 00:00:00,C023,TikTok,JP,video,769.59,21771,642,119,0.0295,0.1854,6.4671,0.5105609044989698,0.3048503396791588,0.11063065975816987,37.82859535614512,0.0492
2026-02-17 00:00:00,C023,TikTok,JP,video,536.5,14256,372,70,0.0261,0.1882,7.6643,0.5411627142450088,0.3401206651720491,0.08754392686087753,23.05245212889275,0.043
2026-02-18 00:00:00,C023,TikTok,JP,video,657.26,19419,531,87,0.0273,0.1638,7.5547,0.531131928192339,0.32714412011479116,0.15821311270943414,15.971482281512822,0.0243
2026-02-19 00:00:00,C023,TikTok,JP,video,618.78,16245,452,66,0.0278,0.146,9.3755,0.4572051658199525,0.2822092104574334,0.10689218372138631,18.51017796494016,0.0299
2026-02-20 00:00:00,C023,TikTok,JP,video,864.64,29972,686,119,0.0229,0.1735,7.2659,0.5172818793962314,0.2636749255264306,0.12328184733404315,27.447134080398854,0.0317
2026-02-21 00:00:00,C023,TikTok,JP,video,924.97,25792,751,130,0.0291,0.1731,7.1152,0.4472601173677625,0.2812126158616678,0.11468505010243668,26.221830686031755,0.0283
2026-02-22 00:00:00,C023,TikTok,JP,video,783.52,24171,587,89,0.0243,0.1516,8.8036,0.5240474131986986,0.2722176967217333,0.15020711025167918,29.1518110724167,0.0372
2026-02-23 00:00:00,C023,TikTok,JP,video,984.88,27149,778,131,0.0287,0.1684,7.5182,0.517211738889522,0.3548502259319581,0.1332283289779989,49.35990192636907,0.0501
2026-02-24 00:00:00,C023,TikTok,JP,video,670.72,19804,446,85,0.0225,0.1906,7.8908,0.5191971186640278,0.3309297321089467,0.14086866971624357,28.296529360166563,0.0422
2026-02-25 00:00:00,C023,TikTok,JP,video,991.46,29138,668,116,0.0229,0.1737,8.5471,0.5149967866016776,0.3452244101422729,0.07978629452290839,35.57913924013279,0.0359
2026-02-26 00:00:00,C023,TikTok,JP,video,921.67,25437,746,139,0.0293,0.1863,6.6307,0.49851903438328826,0.291744591431621,0.13741439464207497,37.31556940102345,0.0405
2026-02-27 00:00:00,C023,TikTok,JP,video,787.26,21727,521,79,0.024,0.1516,9.9653,0.46828377264914606,0.33998375463864405,0.1029711359529347,38.00493341357641,0.0483
2026-02-28 00:00:00,C023,TikTok,JP,video,847.8,22438,641,103,0.0286,0.1607,8.2311,0.468637974410037,0.31505140040318647,0.1062161204535192,30.633266122759405,0.0361
2026-03-01 00:00:00,C023,TikTok,JP,video,1030.87,31946,715,132,0.0224,0.1846,7.8096,0.5568017480986505,0.3619726606936882,0.15152157301980898,45.37357615734943,0.044
2026-01-01 00:00:00,C024,TikTok,IN,static,714.25,63329,1397,197,0.0221,0.141,3.6256,0.4272855761492706,0.23424598982050412,0.09247279728266569,14.281825193575544,0.02
2026-01-02 00:00:00,C024,TikTok,IN,static,893.06,105362,2134,334,0.0203,0.1565,2.6738,0.35478654408863797,0.28570228106909884,0.06919678010170115,9.462408710894888,0.0106
2026-01-03 00:00:00,C024,TikTok,IN,static,638.33,62090,1348,218,0.0217,0.1617,2.9281,0.31086132341520273,0.17991412445297464,0.08631253782628029,14.375620445692293,0.0225
2026-01-04 00:00:00,C024,TikTok,IN,static,694.28,71209,1589,265,0.0223,0.1668,2.6199,0.3449958414732978,0.23260433649763448,0.10433601071406927,32.21518635718765,0.0464
2026-01-05 00:00:00,C024,TikTok,IN,static,816.8,93461,1769,232,0.0189,0.1311,3.5207,0.4245778751196211,0.16111851376794167,0.12389906895497493,4.64,0.0057
2026-01-06 00:00:00,C024,TikTok,IN,static,1041.38,118575,2375,373,0.02,0.1571,2.7919,0.3694282082876466,0.18387803450002055,0.10981764995515589,7.46,0.0072
2026-01-07 00:00:00,C024,TikTok,IN,static,918.03,97312,2259,381,0.0232,0.1687,2.4095,0.40957543548376685,0.2641275565833245,0.07391753590237629,63.44783927069685,0.0691
2026-01-08 00:00:00,C024,TikTok,IN,static,839.27,83911,1826,251,0.0218,0.1375,3.3437,0.40645765812078105,0.27306196621531315,0.08773269641679164,18.388992721973253,0.0219
2026-01-09 00:00:00,C024,TikTok,IN,static,788.54,75211,1608,225,0.0214,0.1399,3.5046,0.41253269567332457,0.21774748062902352,0.11913581235514194,12.714698085186384,0.0161
2026-01-10 00:00:00,C024,TikTok,IN,static,694.36,62347,1502,215,0.0241,0.1431,3.2296,0.3416962060174538,0.2069803003244855,0.07292391288323155,25.045828923340316,0.0361
2026-01-11 00:00:00,C024,TikTok,IN,static,1224.17,113494,2564,369,0.0226,0.1439,3.3175,0.3623565583318182,0.20970193293774989,0.09011680691809623,7.38,0.006
2026-01-12 00:00:00,C024,TikTok,IN,static,1097.09,117502,2808,434,0.0239,0.1546,2.5279,0.4352037823435305,0.2900411101245725,0.12781523942850567,8.68,0.0079
2026-01-13 00:00:00,C024,TikTok,IN,static,696.95,68548,1363,219,0.0199,0.1607,3.1824,0.3733974753519741,0.2418705644296071,0.0784581520895401,34.619479334441955,0.0497
2026-01-14 00:00:00,C024,TikTok,IN,static,550.62,61440,1156,188,0.0188,0.1626,2.9288,0.32169014470455615,0.2410619132807444,0.09645219877641151,7.553115428521973,0.0137
2026-01-15 00:00:00,C024,TikTok,IN,static,813.77,81717,1817,233,0.0222,0.1282,3.4926,0.3876487581816865,0.1528348425004535,0.0913581687868719,4.66,0.0057
2026-01-16 00:00:00,C024,TikTok,IN,static,605.89,63500,1323,182,0.0208,0.1376,3.3291,0.3093762642633528,0.19819906449668925,0.08745978203846808,15.496541880213531,0.0256
2026-01-17 00:00:00,C024,TikTok,IN,static,963.54,82146,1991,271,0.0242,0.1361,3.5555,0.346024556644458,0.2023324050532651,0.09983602676328704,5.42,0.0056
2026-01-18 00:00:00,C024,TikTok,IN,static,962.43,98152,2171,347,0.0221,0.1598,2.7736,0.3541498502189697,0.22233788863037748,0.09125094365023796,26.127534185695527,0.0271
2026-01-19 00:00:00,C024,TikTok,IN,static,910.73,104954,2191,316,0.0209,0.1442,2.8821,0.30568537265379664,0.15354355039614254,0.08466132114011063,18.764820216373323,0.0206
2026-01-20 00:00:00,C024,TikTok,IN,static,912.89,102368,1966,304,0.0192,0.1546,3.0029,0.44320205818096065,0.19934517122419068,0.11057445890203997,6.08,0.0067
2026-01-21 00:00:00,C024,TikTok,IN,static,914.88,77292,1879,288,0.0243,0.1533,3.1767,0.377232224118811,0.22598360368632797,0.093405042850114,5.76,0.0063
2026-01-22 00:00:00,C024,TikTok,IN,static,579.35,63376,1174,182,0.0185,0.155,3.1832,0.34299655637421866,0.23945690927150554,0.07420432162469143,3.64,0.0063
2026-01-23 00:00:00,C024,TikTok,IN,static,1078.91,134621,2464,401,0.0183,0.1627,2.6905,0.34552189865001726,0.1771894303207669,0.06242141333337419,11.734432722076614,0.0109
2026-01-24 00:00:00,C024,TikTok,IN,static,855.69,83635,1937,323,0.0232,0.1668,2.6492,0.3866477943166307,0.23614447415975773,0.0697222141247186,18.4666536000323,0.0216
2026-01-25 00:00:00,C024,TikTok,IN,static,846.69,77325,1713,225,0.0222,0.1313,3.7631,0.4029621721197849,0.19117080177021117,0.09504120952463953,21.06327932015974,0.0249
2026-01-26 00:00:00,C024,TikTok,IN,static,943.92,101378,2033,267,0.0201,0.1313,3.5353,0.296621757750544,0.20472577896550861,0.15003670887427376,5.34,0.0057
2026-01-27 00:00:00,C024,TikTok,IN,static,981.7,117468,2371,371,0.0202,0.1565,2.6461,0.48031290316672015,0.2567723159381613,0.09778305252424309,18.16031142398146,0.0185
2026-01-28 00:00:00,C024,TikTok,IN,static,835.5,80138,1946,257,0.0243,0.1321,3.251,0.39083029885940795,0.21486058412535944,0.08999766209023073,7.45205131778553,0.0089
2026-01-29 00:00:00,C024,TikTok,IN,static,874.59,85751,1836,262,0.0214,0.1427,3.3381,0.35528739489370303,0.22514725815649395,0.08115248776108287,43.19569628858138,0.0494
2026-01-30 00:00:00,C024,TikTok,IN,static,834.76,80649,1974,285,0.0245,0.1444,2.929,0.3635843870268286,0.23330923747629873,0.0918559384002133,43.16037754010859,0.0517
2026-01-31 00:00:00,C024,TikTok,IN,static,1150.86,133915,3005,398,0.0224,0.1324,2.8916,0.38783624458557486,0.2397623289074571,0.1311536677648478,26.175590288525267,0.0227
2026-02-01 00:00:00,C024,TikTok,IN,static,894.57,102055,1990,296,0.0195,0.1487,3.0222,0.2740659735418718,0.2196200948763808,0.06804150551235798,23.680041343365033,0.0265
2026-02-02 00:00:00,C024,TikTok,IN,static,618.86,63113,1421,183,0.0225,0.1288,3.3817,0.3751822154584041,0.2485391349333094,0.1260724194728654,10.966257337291998,0.0177
2026-02-03 00:00:00,C024,TikTok,IN,static,1020.83,88756,2077,266,0.0234,0.1281,3.8377,0.30026433556880455,0.210198740452438,0.11551532501703338,42.2604887974794,0.0414
2026-02-04 00:00:00,C024,TikTok,IN,static,847.88,91101,1895,243,0.0208,0.1282,3.4892,0.3690783898799591,0.24848555649848333,0.09292514045354565,4.86,0.0057
2026-02-05 00:00:00,C024,TikTok,IN,static,679.56,59689,1356,179,0.0227,0.132,3.7964,0.4320803914773241,0.20632272812377223,0.07262039372863624,32.48204462060766,0.0478
2026-02-06 00:00:00,C024,TikTok,IN,static,1031.43,89503,2020,305,0.0226,0.151,3.3817,0.3820750579253785,0.18642122064618652,0.08221179880663435,47.39174603241428,0.0459
2026-02-07 00:00:00,C024,TikTok,IN,static,1154.23,111214,2264,314,0.0204,0.1387,3.6759,0.3720845276206803,0.2893188275939383,0.1064750385577058,6.28,0.0054
2026-02-08 00:00:00,C024,TikTok,IN,static,879.15,85435,2030,295,0.0238,0.1453,2.9802,0.39779133339879635,0.2877613599019882,0.1406920907698696,21.347585085063802,0.0243
2026-02-09 00:00:00,C024,TikTok,IN,static,754.25,78673,1476,231,0.0188,0.1565,3.2652,0.37978707097971415,0.2530429345206514,0.07920841924159915,26.400151911529296,0.035
2026-02-10 00:00:00,C024,TikTok,IN,static,791.14,80235,1877,295,0.0234,0.1572,2.6818,0.3819691943297767,0.25596164209773814,0.11233573828063953,44.40761198261572,0.0561
2026-02-11 00:00:00,C024,TikTok,IN,static,728.75,66503,1535,252,0.0231,0.1642,2.8919,0.37750901698615735,0.16673003008841625,0.05418988071753631,5.117668904492642,0.007
2026-02-12 00:00:00,C024,TikTok,IN,static,831.58,92959,1685,257,0.0181,0.1525,3.2357,0.3347023614362674,0.23827924396110509,0.11601990799271011,21.639982375236947,0.026
2026-02-13 00:00:00,C024,TikTok,IN,static,1055.11,115761,2702,369,0.0233,0.1366,2.8594,0.3457718226846716,0.20645986716248402,0.06757003347838916,43.853361005881254,0.0416
2026-02-14 00:00:00,C024,TikTok,IN,static,945.19,85094,1915,276,0.0225,0.1441,3.4246,0.33088395694090666,0.2443082947141876,0.05430629207051211,9.107974415568185,0.0096
2026-02-15 00:00:00,C024,TikTok,IN,static,1053.37,100260,2287,306,0.0228,0.1338,3.4424,0.36147076790938515,0.2187352808169085,0.06514967520764314,6.12,0.0058
2026-02-16 00:00:00,C024,TikTok,IN,static,700.06,73139,1683,257,0.023,0.1527,2.724,0.31378656961534745,0.17473495972239,0.09894537180616131,30.77615863205275,0.044
2026-02-17 00:00:00,C024,TikTok,IN,static,674.67,73633,1689,257,0.0229,0.1522,2.6252,0.4125585726033067,0.2778023115950683,0.11038576261926894,41.94002662111912,0.0622
2026-02-18 00:00:00,C024,TikTok,IN,static,813.72,85289,1925,305,0.0226,0.1584,2.6679,0.3285258563911439,0.21982568954588685,0.06308918688432728,6.1000000000000005,0.0075
2026-02-19 00:00:00,C024,TikTok,IN,static,526.49,56594,1282,167,0.0227,0.1303,3.1526,0.3299790975675029,0.23584032685344355,0.0771140016280075,24.427573123246727,0.0464
2026-02-20 00:00:00,C024,TikTok,IN,static,976.16,111996,2458,365,0.0219,0.1485,2.6744,0.327800724582487,0.265932629264999,0.08557142167651369,13.136828048859867,0.0135
2026-02-21 00:00:00,C024,TikTok,IN,static,1063.45,110469,2175,328,0.0197,0.1508,3.2422,0.3281200394141394,0.2518856111491592,0.07733811597993297,30.5984068951071,0.0288
2026-02-22 00:00:00,C024,TikTok,IN,static,679.49,63058,1428,245,0.0226,0.1716,2.7734,0.3884733464257945,0.26496072403675214,0.07954680773174466,4.9,0.0072
2026-02-23 00:00:00,C024,TikTok,IN,static,944.31,94924,2022,340,0.0213,0.1682,2.7774,0.33624626263910146,0.26367685993377293,0.09709178304035215,40.26348702451215,0.0426
2026-02-24 00:00:00,C024,TikTok,IN,static,887.94,93118,2260,337,0.0243,0.1491,2.6348,0.3231065881642905,0.23748588359887018,0.0897644828007797,6.74,0.0076
2026-02-25 00:00:00,C024,TikTok,IN,static,941.93,93636,1964,336,0.021,0.1711,2.8034,0.38340643228699856,0.255614107545372,0.10812753990818308,34.00066288049391,0.0361
2026-02-26 00:00:00,C024,TikTok,IN,static,870.38,97172,2131,306,0.0219,0.1436,2.8444,0.37395029630613347,0.22838431610623144,0.10831563072904739,7.944831911026783,0.0091
2026-02-27 00:00:00,C024,TikTok,IN,static,887.38,99105,1999,314,0.0202,0.1571,2.8261,0.3492661074737915,0.2596318077120221,0.04918448690306295,6.533475598599765,0.0074
2026-02-28 00:00:00,C024,TikTok,IN,static,996.91,87020,1998,302,0.023,0.1512,3.301,0.34848325689211,0.21968296260769074,0.0980888598266034,6.04,0.0061
2026-03-01 00:00:00,C024,TikTok,IN,static,646.74,63050,1266,183,0.0201,0.1445,3.5341,0.3211002400839741,0.23985813126840924,0.050251460484073314,26.227051169978978,0.0406
2026-01-01 00:00:00,C025,Unity Ads,KR,static,901.2,88237,972,122,0.011,0.1255,7.3869,0.714180406208069,0.4642672053895939,0.1910632833781454,51.113924833412746,0.0567
2026-01-02 00:00:00,C025,Unity Ads,KR,static,707.08,54835,775,103,0.0141,0.1329,6.8649,0.6980865398433778,0.4476853889935925,0.1833513006089449,42.56173261576087,0.0602
2026-01-03 00:00:00,C025,Unity Ads,KR,static,1014.28,90610,1078,126,0.0119,0.1169,8.0498,0.5731971613004297,0.3593763478317292,0.16644696179125482,62.053651769415794,0.0612
2026-01-04 00:00:00,C025,Unity Ads,KR,static,756.45,60125,838,101,0.0139,0.1205,7.4896,0.614290420453051,0.3514236182024169,0.19533366948406522,46.048783177816645,0.0609
2026-01-05 00:00:00,C025,Unity Ads,KR,static,547.09,54767,619,65,0.0113,0.105,8.4168,0.7170169479088748,0.41889444022683325,0.14720125348337865,27.397710198006514,0.0501
2026-01-06 00:00:00,C025,Unity Ads,KR,static,835.06,81236,923,113,0.0114,0.1224,7.3899,0.5813463742246499,0.3514107081616509,0.09512842205132185,45.12364708075274,0.054
2026-01-07 00:00:00,C025,Unity Ads,KR,static,741.13,70915,848,87,0.012,0.1026,8.5187,0.6735504367344676,0.45337310093480815,0.2033196721315686,37.4681284409146,0.0506
2026-01-08 00:00:00,C025,Unity Ads,KR,static,833.71,79124,841,85,0.0106,0.1011,9.8084,0.6435745181273489,0.34937657671994016,0.13758748988750094,30.734246191804836,0.0369
2026-01-09 00:00:00,C025,Unity Ads,KR,static,888.88,66972,819,99,0.0122,0.1209,8.9786,0.6608977523647399,0.3585403418335263,0.15356495496486544,42.36666148176575,0.0477
2026-01-10 00:00:00,C025,Unity Ads,KR,static,901.34,71100,883,119,0.0124,0.1348,7.5743,0.6349161370110297,0.39205675917127814,0.1270624361565396,42.059981144454504,0.0467
2026-01-11 00:00:00,C025,Unity Ads,KR,static,850.88,62817,811,94,0.0129,0.1159,9.0519,0.6927911405545525,0.4316970720072189,0.17208732544163188,35.22679992286799,0.0414
2026-01-12 00:00:00,C025,Unity Ads,KR,static,617.92,39184,539,59,0.0138,0.1095,10.4732,0.7004092239809557,0.40320867147467754,0.21202518752803423,34.54873113174657,0.0559
2026-01-13 00:00:00,C025,Unity Ads,KR,static,1031.86,95079,1033,139,0.0109,0.1346,7.4235,0.6647038589615192,0.3736666475938035,0.16924042810296522,68.49343783759161,0.0664
2026-01-14 00:00:00,C025,Unity Ads,KR,static,568.18,43607,587,62,0.0135,0.1056,9.1642,0.729817165438095,0.4595774955525672,0.1854804738540226,34.64161420727049,0.061
2026-01-15 00:00:00,C025,Unity Ads,KR,static,653.71,55625,598,79,0.0108,0.1321,8.2748,0.6975905433263472,0.4744255708224526,0.18070155013504988,35.099480493007256,0.0537
2026-01-16 00:00:00,C025,Unity Ads,KR,static,971.13,60138,849,88,0.0141,0.1037,11.0356,0.6602527436982885,0.41918400443609033,0.17855420115170348,35.820756664664714,0.0369
2026-01-17 00:00:00,C025,Unity Ads,KR,static,1092.38,86237,1000,117,0.0116,0.117,9.3366,0.651100257683592,0.39096387972863356,0.17328843747986747,54.03475857710558,0.0495
2026-01-18 00:00:00,C025,Unity Ads,KR,static,694.01,55154,664,77,0.012,0.116,9.0131,0.5928521303900147,0.42314385420102574,0.15538377880387932,37.34256837416874,0.0538
2026-01-19 00:00:00,C025,Unity Ads,KR,static,773.27,52423,695,83,0.0133,0.1194,9.3165,0.6758785444317034,0.41122932947946644,0.18480021969413676,39.72087430325155,0.0514
2026-01-20 00:00:00,C025,Unity Ads,KR,static,462.25,30806,402,49,0.013,0.1219,9.4337,0.6118433320276241,0.4094295905753247,0.1579023641311997,28.736929252306517,0.0622
2026-01-21 00:00:00,C025,Unity Ads,KR,static,695.8,52965,678,71,0.0128,0.1047,9.8,0.5990907113353959,0.4292311995472689,0.1470077721161001,33.161453152432934,0.0477
2026-01-22 00:00:00,C025,Unity Ads,KR,static,645.0,46898,577,60,0.0123,0.104,10.75,0.6976075583515603,0.43619633295540744,0.16880827364635295,25.289726689167825,0.0392
2026-01-23 00:00:00,C025,Unity Ads,KR,static,818.12,60145,711,72,0.0118,0.1013,11.3628,0.6394014717669527,0.40412954570678145,0.12554484848472147,32.16616476965789,0.0393
2026-01-24 00:00:00,C025,Unity Ads,KR,static,675.58,53512,599,67,0.0112,0.1119,10.0833,0.6671569568264986,0.4210572203008003,0.18795030558338977,31.833900976491865,0.0471
2026-01-25 00:00:00,C025,Unity Ads,KR,static,711.64,57697,740,98,0.0128,0.1324,7.2616,0.6823814881662992,0.437942584641787,0.18076251590698636,42.643804588722865,0.0599
2026-01-26 00:00:00,C025,Unity Ads,KR,static,762.42,58924,803,83,0.0136,0.1034,9.1858,0.6208271623957439,0.4387668981374147,0.12393822818078291,43.586027858197504,0.0572
2026-01-27 00:00:00,C025,Unity Ads,KR,static,913.77,65210,918,95,0.0141,0.1035,9.6186,0.6230279434920022,0.3967733692792343,0.13572127012914695,37.66982914338606,0.0412
2026-01-28 00:00:00,C025,Unity Ads,KR,static,745.69,64620,747,83,0.0116,0.1111,8.9842,0.6413110677685858,0.42432715467354015,0.16150445270046124,33.43375249425875,0.0448
2026-01-29 00:00:00,C025,Unity Ads,KR,static,791.83,61846,756,94,0.0122,0.1243,8.4237,0.6489896295519869,0.47183360393803886,0.1832200297695419,37.93094499201741,0.0479
2026-01-30 00:00:00,C025,Unity Ads,KR,static,706.8,68253,745,78,0.0109,0.1047,9.0615,0.5928202531775415,0.34044267257129657,0.17091066783338466,35.92297319417151,0.0508
2026-01-31 00:00:00,C025,Unity Ads,KR,static,605.29,43863,537,61,0.0122,0.1136,9.9228,0.6143991877272975,0.36423724540249014,0.17915112777485442,24.844439072337273,0.041
2026-02-01 00:00:00,C025,Unity Ads,KR,static,643.37,62990,724,92,0.0115,0.1271,6.9932,0.6428648563015098,0.41379811554614065,0.1628485796988862,47.20778905265463,0.0734
2026-02-02 00:00:00,C025,Unity Ads,KR,static,861.04,79426,905,120,0.0114,0.1326,7.1753,0.624032620307093,0.35379082881442736,0.15931330762195295,58.09387637183072,0.0675
2026-02-03 00:00:00,C025,Unity Ads,KR,static,720.57,55990,747,81,0.0133,0.1084,8.8959,0.7075921095204566,0.4395972983780896,0.21276360718110587,35.62304996654984,0.0494
2026-02-04 00:00:00,C025,Unity Ads,KR,static,888.25,64491,809,87,0.0125,0.1075,10.2098,0.7519181660669735,0.38848853292607016,0.21120471113482236,41.99842839648202,0.0473
2026-02-05 00:00:00,C025,Unity Ads,KR,static,408.78,31130,402,42,0.0129,0.1045,9.7329,0.6600187398492463,0.3923262620367659,0.14243928316163887,21.669613846355684,0.053
2026-02-06 00:00:00,C025,Unity Ads,KR,static,665.38,51403,622,80,0.0121,0.1286,8.3172,0.6519167147328528,0.4116553535505939,0.11833260615358587,33.0082198795994,0.0496
2026-02-07 00:00:00,C025,Unity Ads,KR,static,819.91,72761,925,112,0.0127,0.1211,7.3206,0.5753723414215063,0.3922567322314254,0.1882561465318796,58.18570488116535,0.071
2026-02-08 00:00:00,C025,Unity Ads,KR,static,859.25,76537,856,89,0.0112,0.104,9.6545,0.5709506234240971,0.3526655065341393,0.16062012421966662,38.691513679733674,0.045
2026-02-09 00:00:00,C025,Unity Ads,KR,static,635.02,47563,652,75,0.0137,0.115,8.4669,0.5219723258002138,0.3184112751162541,0.16374166343078664,24.04870958630525,0.0379
2026-02-10 00:00:00,C025,Unity Ads,KR,static,606.1,54092,661,72,0.0122,0.1089,8.4181,0.6816671968171746,0.36871213254264107,0.14615022485348655,38.12897135706408,0.0629
2026-02-11 00:00:00,C025,Unity Ads,KR,static,645.96,57098,756,85,0.0132,0.1124,7.5995,0.591492588970446,0.3351673842518229,0.1661428045972452,35.427022951290645,0.0548
2026-02-12 00:00:00,C025,Unity Ads,KR,static,535.83,39187,514,64,0.0131,0.1245,8.3723,0.6269145188604062,0.40908731611929605,0.14518496449534765,19.65267257907165,0.0367
2026-02-13 00:00:00,C025,Unity Ads,KR,static,864.99,74159,779,101,0.0105,0.1297,8.5643,0.7055444549338431,0.42017498696192307,0.23516263204296484,49.321399891044756,0.057
2026-02-14 00:00:00,C025,Unity Ads,KR,static,862.97,81540,920,109,0.0113,0.1185,7.9172,0.618355196835924,0.426748724087701,0.17681615614804796,40.44945508052271,0.0469
2026-02-15 00:00:00,C025,Unity Ads,KR,static,723.18,64091,818,85,0.0128,0.1039,8.508,0.6995835085893523,0.4325723106841995,0.15587940430579378,38.319218679173034,0.053
2026-02-16 00:00:00,C025,Unity Ads,KR,static,899.06,69523,938,115,0.0135,0.1226,7.8179,0.6597329111111965,0.4236029111653159,0.19079542139187147,50.90422803484209,0.0566
2026-02-17 00:00:00,C025,Unity Ads,KR,static,500.74,41322,472,56,0.0114,0.1186,8.9418,0.5887698854918885,0.3691342107364329,0.14903222077097467,23.06070692638295,0.0461
2026-02-18 00:00:00,C025,Unity Ads,KR,static,738.59,47994,645,68,0.0134,0.1054,10.8616,0.6827418781363069,0.3663481745876598,0.2164994208896553,28.086981878078017,0.038
2026-02-19 00:00:00,C025,Unity Ads,KR,static,659.53,51928,703,95,0.0135,0.1351,6.9424,0.6356570706100169,0.41977017534428346,0.20677547198692325,38.85558830683834,0.0589
2026-02-20 00:00:00,C025,Unity Ads,KR,static,699.33,55770,673,70,0.0121,0.104,9.9904,0.7619750105250312,0.439539398092158,0.19095711581342406,26.73270098482631,0.0382
2026-02-21 00:00:00,C025,Unity Ads,KR,static,726.48,51508,720,96,0.014,0.1333,7.5675,0.5148879709825525,0.38019544445376563,0.14876290471566395,39.562190628422805,0.0545
2026-02-22 00:00:00,C025,Unity Ads,KR,static,711.25,60052,763,86,0.0127,0.1127,8.2703,0.6857757868113898,0.395678419043012,0.19068467446954243,38.537056499751586,0.0542
2026-02-23 00:00:00,C025,Unity Ads,KR,static,508.05,36966,466,49,0.0126,0.1052,10.3684,0.6794400977017249,0.4219010874245375,0.16368368247630172,25.624660882043333,0.0504
2026-02-24 00:00:00,C025,Unity Ads,KR,static,550.12,48484,624,71,0.0129,0.1138,7.7482,0.6085615888330644,0.4388814745143237,0.17504586074665024,29.050763866359492,0.0528
2026-02-25 00:00:00,C025,Unity Ads,KR,static,602.25,54679,594,63,0.0109,0.1061,9.5595,0.6521879228120907,0.4079681710594247,0.21091084329188758,28.96211889643302,0.0481
2026-02-26 00:00:00,C025,Unity Ads,KR,static,587.8,44571,537,71,0.012,0.1322,8.2789,0.6154490212002955,0.40998712294841355,0.19189204367301405,30.948314949041073,0.0527
2026-02-27 00:00:00,C025,Unity Ads,KR,static,1007.23,68092,888,120,0.013,0.1351,8.3936,0.6738425041904084,0.4677864119736669,0.1756482570641607,64.37031785417156,0.0639
2026-02-28 00:00:00,C025,Unity Ads,KR,static,732.82,59536,831,103,0.014,0.1239,7.1148,0.6215640280519503,0.40285491748841673,0.19356872540954392,41.87983451123488,0.0571
2026-03-01 00:00:00,C025,Unity Ads,KR,static,668.49,49719,676,89,0.0136,0.1317,7.5111,0.7189897291777784,0.44840939977661004,0.16658133922170912,41.19582221314483,0.0616
2026-01-01 00:00:00,C026,Unity Ads,JP,video,692.91,33233,573,87,0.0172,0.1518,7.9645,0.8012469687531867,0.5232322929900038,0.20142970647426697,66.80610133986282,0.0964
2026-01-02 00:00:00,C026,Unity Ads,JP,video,617.81,26596,442,50,0.0166,0.1131,12.3562,0.6888719043715811,0.43947979167453116,0.1429790130846366,32.72437164478576,0.053
2026-01-03 00:00:00,C026,Unity Ads,JP,video,592.58,29342,431,59,0.0147,0.1369,10.0437,0.7173659922575455,0.4138603912360504,0.21678309864011627,44.60980490929275,0.0753
2026-01-04 00:00:00,C026,Unity Ads,JP,video,681.56,34474,552,66,0.016,0.1196,10.3267,0.8435303752905262,0.47989355779854265,0.18564145546442484,44.41357737282628,0.0652
2026-01-05 00:00:00,C026,Unity Ads,JP,video,916.64,38471,603,90,0.0157,0.1493,10.1849,0.658437210378875,0.41093397040228047,0.16136974992417352,55.64561008608137,0.0607
2026-01-06 00:00:00,C026,Unity Ads,JP,video,698.03,37388,605,85,0.0162,0.1405,8.2121,0.6751115877634816,0.43140121999257064,0.20113063058948105,64.67664093868126,0.0927
2026-01-07 00:00:00,C026,Unity Ads,JP,video,659.93,30699,512,65,0.0167,0.127,10.1528,0.6912252104553417,0.4334841444539022,0.19234149030388234,41.9259643272158,0.0635
2026-01-08 00:00:00,C026,Unity Ads,JP,video,531.46,24874,404,55,0.0162,0.1361,9.6629,0.6605962630583683,0.4215639919509857,0.16748812495377968,32.35598657223054,0.0609
2026-01-09 00:00:00,C026,Unity Ads,JP,video,851.35,34456,577,68,0.0167,0.1179,12.5199,0.7227291504076364,0.36688248048356475,0.16923788608284704,38.30727460814018,0.045
2026-01-10 00:00:00,C026,Unity Ads,JP,video,919.02,43529,646,99,0.0148,0.1533,9.283,0.7045256255731966,0.459973205142174,0.20404231126238032,78.24256883868856,0.0851
2026-01-11 00:00:00,C026,Unity Ads,JP,video,668.17,34054,478,65,0.014,0.136,10.2795,0.6587810968018543,0.430806357659795,0.14412018282726735,40.41535860981304,0.0605
2026-01-12 00:00:00,C026,Unity Ads,JP,video,724.16,44924,588,85,0.0131,0.1446,8.5195,0.7114479698556779,0.4581296697772552,0.21963455601433995,59.965484338388215,0.0828
2026-01-13 00:00:00,C026,Unity Ads,JP,video,848.72,49467,675,89,0.0136,0.1319,9.5362,0.8372911795846567,0.4479556643719841,0.18295297152580645,66.4721398239863,0.0783
2026-01-14 00:00:00,C026,Unity Ads,JP,video,761.69,41277,576,69,0.014,0.1198,11.039,0.6125248652596581,0.41332523472023414,0.15831916776329552,46.25737336709475,0.0607
2026-01-15 00:00:00,C026,Unity Ads,JP,video,1100.32,51218,715,86,0.014,0.1203,12.7944,0.6604513992410136,0.4586291731963889,0.133895813193728,56.97656151951051,0.0518
2026-01-16 00:00:00,C026,Unity Ads,JP,video,790.99,34560,573,67,0.0166,0.1169,11.8058,0.7444362461859169,0.4364894917152933,0.17176225057116146,52.37019411921791,0.0662
2026-01-17 00:00:00,C026,Unity Ads,JP,video,697.49,41405,562,84,0.0136,0.1495,8.3035,0.8332220499674513,0.49063636686182993,0.2002137847219386,61.05095180474501,0.0875
2026-01-18 00:00:00,C026,Unity Ads,JP,video,1067.67,51927,876,124,0.0169,0.1416,8.6102,0.7020465400336101,0.5198835138172123,0.1304932879169856,80.81676960518672,0.0757
2026-01-19 00:00:00,C026,Unity Ads,JP,video,693.74,27820,476,71,0.0171,0.1492,9.771,0.7363231296755748,0.4055329966096893,0.1835144818644151,46.97976227717859,0.0677
2026-01-20 00:00:00,C026,Unity Ads,JP,video,629.85,34940,537,72,0.0154,0.1341,8.7479,0.6912054406995742,0.3867608795896803,0.19312642283500175,39.66124295392696,0.063
2026-01-21 00:00:00,C026,Unity Ads,JP,video,699.13,43304,556,85,0.0128,0.1529,8.2251,0.7224816702599108,0.49258520202836686,0.21373742509342208,60.37072105015763,0.0864
2026-01-22 00:00:00,C026,Unity Ads,JP,video,850.57,42474,694,92,0.0163,0.1326,9.2453,0.7245819451029452,0.44169846503427285,0.18781202309983436,68.52636574436906,0.0806
2026-01-23 00:00:00,C026,Unity Ads,JP,video,650.89,29868,446,63,0.0149,0.1413,10.3316,0.6375727176006005,0.43266825656738495,0.1875908308263572,46.21951253533917,0.071
2026-01-24 00:00:00,C026,Unity Ads,JP,video,717.42,31346,518,75,0.0165,0.1448,9.5656,0.6325489429878441,0.39295027670481075,0.14167288808824272,40.3024407987244,0.0562
2026-01-25 00:00:00,C026,Unity Ads,JP,video,608.4,28455,421,61,0.0148,0.1449,9.9738,0.6561007674101667,0.40984877299696065,0.16002805230188552,35.426062580479154,0.0582
2026-01-26 00:00:00,C026,Unity Ads,JP,video,517.3,27276,382,54,0.014,0.1414,9.5796,0.6395268627976578,0.46932842603486874,0.18736747458847614,35.03956119798696,0.0677
2026-01-27 00:00:00,C026,Unity Ads,JP,video,980.3,49607,813,111,0.0164,0.1365,8.8315,0.768980380461396,0.4948531237351473,0.23413055711873318,72.62154542353773,0.0741
2026-01-28 00:00:00,C026,Unity Ads,JP,video,519.33,32063,449,58,0.014,0.1292,8.954,0.6978539934410246,0.4662075583538107,0.16591576713631162,36.4223386390214,0.0701
2026-01-29 00:00:00,C026,Unity Ads,JP,video,409.99,15987,268,34,0.0168,0.1269,12.0585,0.7344037058666611,0.4592406216581499,0.19708612781631982,23.321332676001784,0.0569
2026-01-30 00:00:00,C026,Unity Ads,JP,video,635.53,26278,423,53,0.0161,0.1253,11.9911,0.6791185610294795,0.4885287254674833,0.17454672522399536,31.062802751895163,0.0489
2026-01-31 00:00:00,C026,Unity Ads,JP,video,766.29,33989,567,65,0.0167,0.1146,11.7891,0.7561587010578775,0.4318741715653832,0.20803728603740126,41.27689706544337,0.0539
2026-02-01 00:00:00,C026,Unity Ads,JP,video,866.7,50760,657,101,0.0129,0.1537,8.5812,0.7347444445919701,0.4872175557903039,0.23031145012552484,73.38871464873928,0.0847
2026-02-02 00:00:00,C026,Unity Ads,JP,video,692.66,33384,483,57,0.0145,0.118,12.1519,0.7751730538545346,0.44949908222159546,0.23372816004215752,37.78333408991176,0.0545
2026-02-03 00:00:00,C026,Unity Ads,JP,video,610.57,32444,440,66,0.0136,0.15,9.2511,0.67398588513022,0.3831405558331027,0.1831743187813807,44.06219430297789,0.0722
2026-02-04 00:00:00,C026,Unity Ads,JP,video,735.2,36807,614,72,0.0167,0.1173,10.2111,0.6990297630346213,0.5363581554379062,0.19371324528908454,46.384545076583876,0.0631
2026-02-05 00:00:00,C026,Unity Ads,JP,video,813.63,35434,553,73,0.0156,0.132,11.1456,0.622938643412925,0.4302199291869078,0.19554204099911054,47.02494286280126,0.0578
2026-02-06 00:00:00,C026,Unity Ads,JP,video,797.0,38633,554,69,0.0143,0.1245,11.5507,0.6744514943859424,0.45779384273262286,0.18993259134477,47.01844741251185,0.059
2026-02-07 00:00:00,C026,Unity Ads,JP,video,492.47,23588,359,45,0.0152,0.1253,10.9438,0.840074567366148,0.49505695182349746,0.20804417208720197,33.21519134099668,0.0674
2026-02-08 00:00:00,C026,Unity Ads,JP,video,767.94,33436,512,63,0.0153,0.123,12.1895,0.7229643091355998,0.4373881911462103,0.15370102109684064,41.71482841245924,0.0543
2026-02-09 00:00:00,C026,Unity Ads,JP,video,739.22,37265,489,73,0.0131,0.1493,10.1263,0.773199684976691,0.4444404710495116,0.19893249377732933,45.26341023606719,0.0612
2026-02-10 00:00:00,C026,Unity Ads,JP,video,641.32,32997,433,57,0.0131,0.1316,11.2512,0.7531383372165026,0.5059095739456662,0.19415936807235937,39.35388279251062,0.0614
2026-02-11 00:00:00,C026,Unity Ads,JP,video,756.4,30261,494,60,0.0163,0.1215,12.6067,0.7275409341456405,0.5219167868685045,0.1977126322940773,37.62554910274653,0.0497
2026-02-12 00:00:00,C026,Unity Ads,JP,video,624.22,39304,542,75,0.0138,0.1384,8.3229,0.6778938141358916,0.4503772932129829,0.1916455743327293,44.23206026662964,0.0709
2026-02-13 00:00:00,C026,Unity Ads,JP,video,943.02,40287,671,104,0.0167,0.155,9.0675,0.7168911300721859,0.39893953797858495,0.21732583260616362,74.48623966022667,0.079
2026-02-14 00:00:00,C026,Unity Ads,JP,video,903.17,53223,707,97,0.0133,0.1372,9.311,0.7836352026087485,0.46955988066170656,0.20544406213516858,65.93106638554667,0.073
2026-02-15 00:00:00,C026,Unity Ads,JP,video,873.47,46422,618,86,0.0133,0.1392,10.1566,0.8360169784697734,0.4298595528882912,0.2132680039287497,57.5811137289134,0.0659
2026-02-16 00:00:00,C026,Unity Ads,JP,video,588.55,28744,389,53,0.0135,0.1362,11.1047,0.6819288479056981,0.4749020774367186,0.19518143913876268,37.47816765451006,0.0637
2026-02-17 00:00:00,C026,Unity Ads,JP,video,847.33,44073,641,80,0.0145,0.1248,10.5916,0.6461025023383761,0.4150320365368149,0.16636012747876905,48.25834725384111,0.057
2026-02-18 00:00:00,C026,Unity Ads,JP,video,664.7,25958,432,65,0.0166,0.1505,10.2262,0.7798178787372567,0.4981825356404805,0.20445228368886603,43.59575379020725,0.0656
2026-02-19 00:00:00,C026,Unity Ads,JP,video,655.42,29347,502,58,0.0171,0.1155,11.3003,0.6963452775961536,0.41897964667248133,0.18739580902724223,42.31250244295685,0.0646
2026-02-20 00:00:00,C026,Unity Ads,JP,video,598.38,34552,499,63,0.0144,0.1263,9.4981,0.6311894373177291,0.43408223901670134,0.17346821172138405,39.184074245994964,0.0655
2026-02-21 00:00:00,C026,Unity Ads,JP,video,635.53,31929,461,57,0.0144,0.1236,11.1496,0.7383161130097418,0.45343265101378194,0.2020317962476265,38.75901607386014,0.061
2026-02-22 00:00:00,C026,Unity Ads,JP,video,682.28,32859,498,59,0.0152,0.1185,11.5641,0.8175250149066834,0.5075955965974208,0.20033774791820785,40.01611434315696,0.0587
2026-02-23 00:00:00,C026,Unity Ads,JP,video,601.43,36772,488,71,0.0133,0.1455,8.4708,0.6753487156804338,0.402318594620206,0.1547826428408885,49.18330078586301,0.0818
2026-02-24 00:00:00,C026,Unity Ads,JP,video,831.25,42060,616,88,0.0146,0.1429,9.446,0.8088163845001131,0.5442308242010344,0.1870251603419551,69.69922117698208,0.0838
2026-02-25 00:00:00,C026,Unity Ads,JP,video,743.8,47448,615,89,0.013,0.1447,8.3573,0.7031343883451451,0.505824153653962,0.20486876526169354,64.51621580960125,0.0867
2026-02-26 00:00:00,C026,Unity Ads,JP,video,701.13,36258,463,68,0.0128,0.1469,10.3107,0.8400032786618781,0.5157222998246701,0.19487910721703225,44.41188022697427,0.0633
2026-02-27 00:00:00,C026,Unity Ads,JP,video,833.29,46995,668,101,0.0142,0.1512,8.2504,0.8050192597026842,0.49958613139624014,0.19866633957036278,69.042802327318,0.0829
2026-02-28 00:00:00,C026,Unity Ads,JP,video,652.41,34331,445,60,0.013,0.1348,10.8735,0.7383927955637168,0.4860148271955044,0.1859387288521312,41.45744986755484,0.0635
2026-03-01 00:00:00,C026,Unity Ads,JP,video,828.76,47821,649,78,0.0136,0.1202,10.6251,0.7060245142063301,0.44296674187823765,0.14562337827278107,54.16299014565441,0.0654
2026-01-01 00:00:00,C027,Unity Ads,IN,playable,875.35,135294,2245,364,0.0166,0.1621,2.4048,0.611272060532603,0.37596987033405616,0.11838590404895935,95.13844380840278,0.1087
2026-01-02 00:00:00,C027,Unity Ads,IN,playable,804.34,102346,2090,284,0.0204,0.1359,2.8322,0.5548153589842384,0.41828920821477666,0.1262903132155709,17.755415661584475,0.0221
2026-01-03 00:00:00,C027,Unity Ads,IN,playable,697.77,82359,1363,221,0.0165,0.1621,3.1573,0.618134446725063,0.44536589355244105,0.16454479160739358,35.60395671308653,0.051
2026-01-04 00:00:00,C027,Unity Ads,IN,playable,741.71,89170,1591,260,0.0178,0.1634,2.8527,0.5509676911439885,0.37814091606911565,0.21504579722501915,76.66170894107319,0.1034
2026-01-05 00:00:00,C027,Unity Ads,IN,playable,706.58,90096,1391,220,0.0154,0.1582,3.2117,0.5681581609578974,0.39236056629640886,0.14171018972511057,41.735613792746165,0.0591
2026-01-06 00:00:00,C027,Unity Ads,IN,playable,809.97,104466,1659,239,0.0159,0.1441,3.389,0.5842738050753542,0.33660727445321775,0.18015403124943258,46.325815246206844,0.0572
2026-01-07 00:00:00,C027,Unity Ads,IN,playable,582.12,75414,1191,204,0.0158,0.1713,2.8535,0.6252037366646378,0.34184055739622776,0.18603807552505774,31.27161037132694,0.0537
2026-01-08 00:00:00,C027,Unity Ads,IN,playable,659.61,74999,1335,209,0.0178,0.1566,3.156,0.6633427315765865,0.42512969845307885,0.1672264405099454,39.97834370156623,0.0606
2026-01-09 00:00:00,C027,Unity Ads,IN,playable,681.64,74205,1438,203,0.0194,0.1412,3.3578,0.590140693949824,0.3594198550114746,0.1823784205682861,32.163202349770806,0.0472
2026-01-10 00:00:00,C027,Unity Ads,IN,playable,916.02,132913,2252,336,0.0169,0.1492,2.7262,0.6274976894781307,0.3716140405595757,0.1519032229929318,69.48076739433239,0.0759
2026-01-11 00:00:00,C027,Unity Ads,IN,playable,617.53,81953,1431,198,0.0175,0.1384,3.1188,0.560783317584714,0.35765188394201824,0.1460130929701098,26.848160687599822,0.0435
2026-01-12 00:00:00,C027,Unity Ads,IN,playable,783.45,90376,1682,253,0.0186,0.1504,3.0966,0.6374763279636431,0.3690809328383774,0.16496372731195175,24.89782129857042,0.0318
2026-01-13 00:00:00,C027,Unity Ads,IN,playable,892.85,106386,1932,334,0.0182,0.1729,2.6732,0.6338080882547857,0.3303063608025556,0.16733380379393228,64.53152764421016,0.0723
2026-01-14 00:00:00,C027,Unity Ads,IN,playable,600.21,58225,1160,158,0.0199,0.1362,3.7988,0.6377565741660368,0.4242162807134241,0.17779142427003133,35.80764730125362,0.0597
2026-01-15 00:00:00,C027,Unity Ads,IN,playable,617.84,77729,1586,221,0.0204,0.1393,2.7957,0.5990975327643538,0.32726096918544395,0.1470505157388056,22.116634835443836,0.0358
2026-01-16 00:00:00,C027,Unity Ads,IN,playable,914.28,119842,2287,348,0.0191,0.1522,2.6272,0.5311671009919539,0.3456670892476934,0.11438270264814386,47.27377404896457,0.0517
2026-01-17 00:00:00,C027,Unity Ads,IN,playable,701.98,84007,1378,188,0.0164,0.1364,3.7339,0.6179955771982375,0.37489695820090574,0.18681096199912053,36.42308959704782,0.0519
2026-01-18 00:00:00,C027,Unity Ads,IN,playable,917.76,102426,1875,322,0.0183,0.1717,2.8502,0.5917569914282762,0.40947272812254576,0.16807077610555465,76.02244427734676,0.0828
2026-01-19 00:00:00,C027,Unity Ads,IN,playable,730.36,89806,1453,205,0.0162,0.1411,3.5627,0.5933579455979802,0.3608099327006842,0.16616620294800616,34.63444044961793,0.0474
2026-01-20 00:00:00,C027,Unity Ads,IN,playable,710.02,89886,1732,278,0.0193,0.1605,2.554,0.6098565943235005,0.40855106550523085,0.18905259810910274,54.891646988544785,0.0773
2026-01-21 00:00:00,C027,Unity Ads,IN,playable,500.44,70717,1212,187,0.0171,0.1543,2.6761,0.5995175483019225,0.3667034591442072,0.18159108257320486,32.54492868669792,0.065
2026-01-22 00:00:00,C027,Unity Ads,IN,playable,838.99,91360,1687,274,0.0185,0.1624,3.062,0.647974942723123,0.376007772995035,0.15259571714817388,33.64890357062806,0.0401
2026-01-23 00:00:00,C027,Unity Ads,IN,playable,729.91,89465,1756,256,0.0196,0.1458,2.8512,0.5495535996977964,0.38056035184661846,0.16430753844467902,48.92602703244215,0.067
2026-01-24 00:00:00,C027,Unity Ads,IN,playable,884.74,88519,1816,258,0.0205,0.1421,3.4292,0.5211386949078337,0.3400755288603439,0.1305503207870085,55.41968445988996,0.0626
2026-01-25 00:00:00,C027,Unity Ads,IN,playable,857.73,93324,1920,301,0.0206,0.1568,2.8496,0.5984921795318062,0.46116076814280693,0.14466509976234793,88.22920280408943,0.1029
2026-01-26 00:00:00,C027,Unity Ads,IN,playable,624.05,77211,1308,190,0.0169,0.1453,3.2845,0.5543491489092092,0.37265559402841836,0.2021553296849693,33.97409025843193,0.0544
2026-01-27 00:00:00,C027,Unity Ads,IN,playable,705.71,85748,1744,313,0.0203,0.1795,2.2547,0.523050385744723,0.3882076213353084,0.1436399681310398,72.7317808134444,0.1031
2026-01-28 00:00:00,C027,Unity Ads,IN,playable,884.48,106416,1993,351,0.0187,0.1761,2.5199,0.6587222723873396,0.4101314939255347,0.19510880140417244,52.0579292015674,0.0589
2026-01-29 00:00:00,C027,Unity Ads,IN,playable,670.4,79629,1375,240,0.0173,0.1745,2.7933,0.5707901077242621,0.3652236444832339,0.15224389450713394,49.46742871458506,0.0738
2026-01-30 00:00:00,C027,Unity Ads,IN,playable,692.72,86183,1590,232,0.0184,0.1459,2.9859,0.6376843685481134,0.4117454783653843,0.15357888049174984,53.25071165076218,0.0769
2026-01-31 00:00:00,C027,Unity Ads,IN,playable,811.51,122446,1918,284,0.0157,0.1481,2.8574,0.5845820080571426,0.35699634651016443,0.13350210720548739,74.40204652542897,0.0917
2026-02-01 00:00:00,C027,Unity Ads,IN,playable,631.95,80010,1276,222,0.0159,0.174,2.8466,0.6020241070606176,0.3440193308500754,0.13294392433096938,27.365653162572023,0.0433
2026-02-02 00:00:00,C027,Unity Ads,IN,playable,453.79,50734,935,160,0.0184,0.1711,2.8362,0.5365999044771347,0.35150650176049264,0.16868284062520492,33.10265278725951,0.0729
2026-02-03 00:00:00,C027,Unity Ads,IN,playable,693.01,88047,1551,267,0.0176,0.1721,2.5955,0.6909213352589672,0.473171651057327,0.17169366922957163,57.76066426175901,0.0833
2026-02-04 00:00:00,C027,Unity Ads,IN,playable,794.76,87557,1598,279,0.0183,0.1746,2.8486,0.5510433592246838,0.36248851011952504,0.14384625269596324,41.09018016801881,0.0517
2026-02-05 00:00:00,C027,Unity Ads,IN,playable,596.26,64448,1275,170,0.0198,0.1333,3.5074,0.5773874105706553,0.4377095304509471,0.18053971171786926,28.611352464366067,0.048
2026-02-06 00:00:00,C027,Unity Ads,IN,playable,887.68,101438,2056,281,0.0203,0.1367,3.159,0.5821620944195345,0.2883434982072577,0.1430535426920983,24.420229984920542,0.0275
2026-02-07 00:00:00,C027,Unity Ads,IN,playable,557.45,61780,1159,158,0.0188,0.1363,3.5282,0.6468172065810701,0.36397201934229,0.16912926417859775,26.195849494346916,0.047
2026-02-08 00:00:00,C027,Unity Ads,IN,playable,839.38,108059,2053,347,0.019,0.169,2.419,0.6578521902759412,0.4352206554429062,0.15982085806418728,54.817420546481934,0.0653
2026-02-09 00:00:00,C027,Unity Ads,IN,playable,871.36,120695,2161,331,0.0179,0.1532,2.6325,0.572449355930142,0.370972341704108,0.1520326740004129,51.38734688154939,0.059
2026-02-10 00:00:00,C027,Unity Ads,IN,playable,882.59,126767,2036,309,0.0161,0.1518,2.8563,0.6423157535819922,0.3719561913142698,0.1603909310768019,55.3582598708314,0.0627
2026-02-11 00:00:00,C027,Unity Ads,IN,playable,647.37,80087,1441,257,0.018,0.1783,2.5189,0.5880921116569838,0.3569499610494472,0.1509435136087921,45.97552016255583,0.071
2026-02-12 00:00:00,C027,Unity Ads,IN,playable,863.91,107615,1794,322,0.0167,0.1795,2.683,0.6271517580155112,0.38172499429649703,0.1534538417474268,22.30824233484074,0.0258
2026-02-13 00:00:00,C027,Unity Ads,IN,playable,1119.59,122582,2204,392,0.018,0.1779,2.8561,0.6033352188357729,0.3928406907298211,0.15669013016896205,56.179367493809636,0.0502
2026-02-14 00:00:00,C027,Unity Ads,IN,playable,813.62,109521,1968,272,0.018,0.1382,2.9912,0.6473877650777533,0.38897668521080936,0.17433674774225003,50.564907680446304,0.0621
2026-02-15 00:00:00,C027,Unity Ads,IN,playable,1104.35,130255,2233,353,0.0171,0.1581,3.1285,0.58631635547927,0.3478049565780713,0.15175423020378354,78.68788705684923,0.0713
2026-02-16 00:00:00,C027,Unity Ads,IN,playable,676.83,70207,1430,242,0.0204,0.1692,2.7968,0.6331979390642821,0.4050808930437269,0.158431522940845,55.865224897438004,0.0825
2026-02-17 00:00:00,C027,Unity Ads,IN,playable,834.74,107639,1827,247,0.017,0.1352,3.3795,0.6235207889595502,0.40559075510421017,0.1691576916374533,52.68940734628871,0.0631
2026-02-18 00:00:00,C027,Unity Ads,IN,playable,961.27,121036,1920,344,0.0159,0.1792,2.7944,0.6132171271240686,0.3893184198888928,0.1564440664473067,58.76795617405869,0.0611
2026-02-19 00:00:00,C027,Unity Ads,IN,playable,809.41,105860,1621,231,0.0153,0.1425,3.5039,0.6587989727519493,0.39943518964156355,0.18231635848472683,66.26239102729691,0.0819
2026-02-20 00:00:00,C027,Unity Ads,IN,playable,573.61,72901,1430,256,0.0196,0.179,2.2407,0.5275062124596583,0.3777742348449481,0.16930937743818697,69.88206917061535,0.1218
2026-02-21 00:00:00,C027,Unity Ads,IN,playable,1008.06,113631,2019,274,0.0178,0.1357,3.6791,0.6073487845736883,0.3261759585645356,0.1376238116443508,52.71332414546782,0.0523
2026-02-22 00:00:00,C027,Unity Ads,IN,playable,877.12,112982,2142,370,0.019,0.1727,2.3706,0.714802128869091,0.4350671421312954,0.19969333238991235,80.47469985766617,0.0917
2026-02-23 00:00:00,C027,Unity Ads,IN,playable,684.67,76949,1354,180,0.0176,0.1329,3.8037,0.6241490678560295,0.32175472481266426,0.15703252038855994,25.73696329520476,0.0376
2026-02-24 00:00:00,C027,Unity Ads,IN,playable,688.56,85626,1366,188,0.016,0.1376,3.6626,0.6572077314703146,0.39194543368124374,0.12787854771254714,15.100396171982291,0.0219
2026-02-25 00:00:00,C027,Unity Ads,IN,playable,596.46,67591,1350,231,0.02,0.1711,2.5821,0.6437830489843296,0.35947879766155816,0.16030268996296748,60.530246465366055,0.1015
2026-02-26 00:00:00,C027,Unity Ads,IN,playable,761.45,89710,1500,250,0.0167,0.1667,3.0458,0.6183832420637478,0.42141017361463834,0.13601337228415775,40.71247504779767,0.0535
2026-02-27 00:00:00,C027,Unity Ads,IN,playable,565.77,54476,1096,176,0.0201,0.1606,3.2146,0.6516187067009952,0.43404023969600186,0.1686385046618435,38.963403222347765,0.0689
2026-02-28 00:00:00,C027,Unity Ads,IN,playable,753.24,83138,1555,232,0.0187,0.1492,3.2467,0.6199694153416867,0.3752117684573482,0.12815061301734793,36.045153394032205,0.0479
2026-03-01 00:00:00,C027,Unity Ads,IN,playable,741.93,97652,1577,238,0.0161,0.1509,3.1174,0.5910460368803877,0.4034950154325429,0.17299837610759677,61.51350235266574,0.0829
2026-01-01 00:00:00,C028,Unity Ads,US,playable,1015.36,38636,664,95,0.0172,0.1431,10.688,0.777691367662115,0.47068005357648723,0.232117855338475,65.69680405053722,0.0647
2026-01-02 00:00:00,C028,Unity Ads,US,playable,605.27,25310,456,71,0.018,0.1557,8.5249,0.7911436617112373,0.5045617776900764,0.21350298218478714,54.7891887542127,0.0905
2026-01-03 00:00:00,C028,Unity Ads,US,playable,778.44,28991,471,69,0.0162,0.1465,11.2817,0.8884891965892427,0.5453235516526111,0.23266942751869785,63.01499602108535,0.081
2026-01-04 00:00:00,C028,Unity Ads,US,playable,992.88,37291,733,126,0.0197,0.1719,7.88,0.8508858062549505,0.5115290890187429,0.23342291984168054,114.16402686170164,0.115
2026-01-05 00:00:00,C028,Unity Ads,US,playable,782.43,26196,503,89,0.0192,0.1769,8.7913,0.7910110336565905,0.5375634012326518,0.22597480416207244,67.48856645820132,0.0863
2026-01-06 00:00:00,C028,Unity Ads,US,playable,874.92,28748,566,96,0.0197,0.1696,9.1137,0.8666210993496648,0.567001748115099,0.2334968728171167,82.97089195264499,0.0948
2026-01-07 00:00:00,C028,Unity Ads,US,playable,732.34,23041,458,69,0.0199,0.1507,10.6136,0.792626761145795,0.5082212708971718,0.20850879072928297,59.96776000404911,0.0819
2026-01-08 00:00:00,C028,Unity Ads,US,playable,774.01,23851,485,66,0.0203,0.1361,11.7274,0.7864399653097889,0.4770838709811697,0.19587698721633484,47.425665098364,0.0613
2026-01-09 00:00:00,C028,Unity Ads,US,playable,704.98,26127,443,65,0.017,0.1467,10.8458,0.7564713407647168,0.4399339655314003,0.17525972510936555,50.769359885501146,0.072
2026-01-10 00:00:00,C028,Unity Ads,US,playable,657.19,25538,419,60,0.0164,0.1432,10.9532,0.9,0.5560201956148875,0.2662129549618596,49.96764756082283,0.076
2026-01-11 00:00:00,C028,Unity Ads,US,playable,937.95,33379,654,88,0.0196,0.1346,10.6585,0.8009479625728847,0.4754192772973374,0.1991316692785148,71.44639655974782,0.0762
2026-01-12 00:00:00,C028,Unity Ads,US,playable,907.47,31408,591,96,0.0188,0.1624,9.4528,0.8155999139246148,0.5249451982875007,0.1943602372136706,63.78722171109824,0.0703
2026-01-13 00:00:00,C028,Unity Ads,US,playable,735.63,26089,478,84,0.0183,0.1757,8.7575,0.7998626772846253,0.516625128267714,0.19192822575133983,62.47056121321225,0.0849
2026-01-14 00:00:00,C028,Unity Ads,US,playable,647.38,26059,442,74,0.017,0.1674,8.7484,0.8645426731624231,0.5772203609457892,0.20119389425327755,67.19534458786681,0.1038
2026-01-15 00:00:00,C028,Unity Ads,US,playable,680.29,27464,521,71,0.019,0.1363,9.5815,0.9,0.570607899856891,0.2655155332322736,61.80374627147905,0.0908
2026-01-16 00:00:00,C028,Unity Ads,US,playable,757.07,35402,561,83,0.0158,0.148,9.1213,0.9,0.5441181237680047,0.2651282466919506,67.33350843118264,0.0889
2026-01-17 00:00:00,C028,Unity Ads,US,playable,937.21,37741,649,114,0.0172,0.1757,8.2211,0.8676723681482155,0.4851103604323916,0.20389759592545934,93.65750992127211,0.0999
2026-01-18 00:00:00,C028,Unity Ads,US,playable,1016.92,48079,789,123,0.0164,0.1559,8.2676,0.8548300133854932,0.48482216404705875,0.21750191282010534,91.022600175146,0.0895
2026-01-19 00:00:00,C028,Unity Ads,US,playable,655.9,26734,439,59,0.0164,0.1344,11.1169,0.878185995796042,0.5035885971470733,0.20111506894031517,49.91753642352527,0.0761
2026-01-20 00:00:00,C028,Unity Ads,US,playable,756.64,30907,532,87,0.0172,0.1635,8.697,0.8245240540258049,0.5143714171544063,0.2400234217622202,66.8899861915037,0.0884
2026-01-21 00:00:00,C028,Unity Ads,US,playable,1026.86,42708,763,112,0.0179,0.1468,9.1684,0.8842332269969929,0.5027131451302771,0.2499401411877217,86.51581188495125,0.0843
2026-01-22 00:00:00,C028,Unity Ads,US,playable,818.16,32164,606,101,0.0188,0.1667,8.1006,0.7828302607557893,0.4876895549445621,0.1854117378241516,70.46228467190113,0.0861
2026-01-23 00:00:00,C028,Unity Ads,US,playable,642.52,31147,517,71,0.0166,0.1373,9.0496,0.8262200861648522,0.4404562488275979,0.21252156833686636,52.07858114394074,0.0811
2026-01-24 00:00:00,C028,Unity Ads,US,playable,953.38,42170,653,97,0.0155,0.1485,9.8287,0.8938209775710079,0.5586156820202357,0.23928823900048474,78.65928148981618,0.0825
2026-01-25 00:00:00,C028,Unity Ads,US,playable,674.45,20425,412,57,0.0202,0.1383,11.8325,0.7756288699146403,0.4390333178914279,0.1743821291578479,39.61376385965966,0.0587
2026-01-26 00:00:00,C028,Unity Ads,US,playable,721.27,28550,452,65,0.0158,0.1438,11.0965,0.8154709903715849,0.5107792158436048,0.21430969659686147,45.398353943921336,0.0629
2026-01-27 00:00:00,C028,Unity Ads,US,playable,666.57,24329,428,59,0.0176,0.1379,11.2978,0.8235284646863555,0.530640244729305,0.25492986970142534,51.838931333702476,0.0778
2026-01-28 00:00:00,C028,Unity Ads,US,playable,772.66,30217,465,62,0.0154,0.1333,12.4623,0.833363137745672,0.5365740529637937,0.2048538828978989,51.54117318930724,0.0667
2026-01-29 00:00:00,C028,Unity Ads,US,playable,702.26,26502,501,68,0.0189,0.1357,10.3274,0.9,0.5651210436350833,0.23112131836412772,54.58740483723123,0.0777
2026-01-30 00:00:00,C028,Unity Ads,US,playable,836.97,28011,521,74,0.0186,0.142,11.3104,0.9,0.5631880818176547,0.216405603542639,61.82429777254794,0.0739
2026-01-31 00:00:00,C028,Unity Ads,US,playable,815.17,36051,647,88,0.0179,0.136,9.2633,0.7750246521454864,0.5041627718599699,0.21793195510681793,61.18762872101232,0.0751
2026-02-01 00:00:00,C028,Unity Ads,US,playable,950.35,35972,610,104,0.017,0.1705,9.138,0.8416593479237269,0.5189933686217009,0.22712067458976487,87.00328096149892,0.0915
2026-02-02 00:00:00,C028,Unity Ads,US,playable,563.64,22237,443,67,0.0199,0.1512,8.4125,0.8238623123024741,0.5394845322022839,0.2150754126854618,58.94611169994242,0.1046
2026-02-03 00:00:00,C028,Unity Ads,US,playable,752.48,30533,486,79,0.0159,0.1626,9.5251,0.7773927426251386,0.5447734111704939,0.20106048407302113,55.6012352903519,0.0739
2026-02-04 00:00:00,C028,Unity Ads,US,playable,628.12,28644,483,84,0.0169,0.1739,7.4776,0.7365774263204365,0.4691800558835792,0.20608078869695268,60.334038123168924,0.0961
2026-02-05 00:00:00,C028,Unity Ads,US,playable,685.34,25171,493,82,0.0196,0.1663,8.3578,0.7357523810817506,0.4816105468925039,0.19712484037015646,60.43971549665691,0.0882
2026-02-06 00:00:00,C028,Unity Ads,US,playable,932.14,31072,641,92,0.0206,0.1435,10.132,0.8160327518555895,0.5215768460516781,0.17549490954888708,75.16354211107796,0.0806
2026-02-07 00:00:00,C028,Unity Ads,US,playable,647.08,24695,395,62,0.016,0.157,10.4368,0.8169296755824431,0.527715331547296,0.20904034290410378,52.77475837128151,0.0816
2026-02-08 00:00:00,C028,Unity Ads,US,playable,662.21,24071,411,56,0.0171,0.1363,11.8252,0.8124201215341931,0.5124814099510533,0.23576536208880652,48.66016389949565,0.0735
2026-02-09 00:00:00,C028,Unity Ads,US,playable,872.82,29259,549,76,0.0188,0.1384,11.4845,0.9,0.5675241038509306,0.23999287641157774,68.9259222181893,0.079
2026-02-10 00:00:00,C028,Unity Ads,US,playable,721.1,24139,451,64,0.0187,0.1419,11.2672,0.7966421209061927,0.4758793460203954,0.2338819627879306,49.52218621465418,0.0687
2026-02-11 00:00:00,C028,Unity Ads,US,playable,838.65,33257,557,95,0.0167,0.1706,8.8279,0.8299016135204212,0.5770031841647619,0.20363288416945396,79.69458610077466,0.095
2026-02-12 00:00:00,C028,Unity Ads,US,playable,737.22,28690,580,86,0.0202,0.1483,8.5723,0.7723969618605732,0.4542985488703531,0.2377444462340924,70.39405607909679,0.0955
2026-02-13 00:00:00,C028,Unity Ads,US,playable,539.29,27598,423,62,0.0153,0.1466,8.6982,0.7861212544980086,0.42572068976835686,0.1828529550183673,49.57917382616162,0.0919
2026-02-14 00:00:00,C028,Unity Ads,US,playable,552.69,19575,397,57,0.0203,0.1436,9.6963,0.7700154763698954,0.5567047729277786,0.18479018595447272,45.75320260202976,0.0828
2026-02-15 00:00:00,C028,Unity Ads,US,playable,830.33,29361,558,85,0.019,0.1523,9.7686,0.9,0.5297527559378387,0.2290344972448629,75.78825319846935,0.0913
2026-02-16 00:00:00,C028,Unity Ads,US,playable,606.71,24833,382,61,0.0154,0.1597,9.9461,0.862902782226146,0.49378167913259624,0.18243337927002518,42.464215790489526,0.07
2026-02-17 00:00:00,C028,Unity Ads,US,playable,661.2,27647,428,74,0.0155,0.1729,8.9351,0.8840056348527124,0.5156243250613901,0.24338112565896083,61.653490983394605,0.0932
2026-02-18 00:00:00,C028,Unity Ads,US,playable,724.68,28626,532,80,0.0186,0.1504,9.0585,0.7886052121202763,0.4936487964801558,0.19999800921459526,66.0594926312491,0.0912
2026-02-19 00:00:00,C028,Unity Ads,US,playable,549.67,18287,340,58,0.0186,0.1706,9.4771,0.7039400128593951,0.4594478443085931,0.18384205252806238,41.02711189891477,0.0746
2026-02-20 00:00:00,C028,Unity Ads,US,playable,675.45,27547,465,80,0.0169,0.172,8.4431,0.8540422998418121,0.5497635759612609,0.21185670523416222,65.02134364203647,0.0963
2026-02-21 00:00:00,C028,Unity Ads,US,playable,689.17,28302,457,78,0.0161,0.1707,8.8355,0.8801104081629723,0.507933851805066,0.2227276666861762,66.59402872262814,0.0966
2026-02-22 00:00:00,C028,Unity Ads,US,playable,484.55,17375,313,42,0.018,0.1342,11.5369,0.7498726860528537,0.47928583764411076,0.18226081704193497,33.70976915160536,0.0696
2026-02-23 00:00:00,C028,Unity Ads,US,playable,774.11,31607,555,88,0.0176,0.1586,8.7967,0.8822177138241718,0.5438597844433559,0.24781110141943316,70.80299871666294,0.0915
2026-02-24 00:00:00,C028,Unity Ads,US,playable,940.88,33118,595,91,0.018,0.1529,10.3393,0.7280512940157947,0.506590846522761,0.19863805140747878,70.59002973610342,0.075
2026-02-25 00:00:00,C028,Unity Ads,US,playable,642.31,19964,391,67,0.0196,0.1714,9.5867,0.9,0.5119948106576239,0.23493968163467652,57.53417795016966,0.0896
2026-02-26 00:00:00,C028,Unity Ads,US,playable,779.87,23512,477,63,0.0203,0.1321,12.3789,0.7359851991252113,0.45970461436236987,0.21943435439048664,48.723613947706106,0.0625
2026-02-27 00:00:00,C028,Unity Ads,US,playable,1057.92,36688,742,113,0.0202,0.1523,9.3621,0.7431936141394324,0.4624205223861539,0.1802892914514098,84.50207398934091,0.0799
2026-02-28 00:00:00,C028,Unity Ads,US,playable,591.21,21766,390,57,0.0179,0.1462,10.3721,0.7335876613932941,0.47948749897089504,0.20682415427440687,46.165101108217726,0.0781
2026-03-01 00:00:00,C028,Unity Ads,US,playable,863.3,32433,651,107,0.0201,0.1644,8.0682,0.8511759657283565,0.575159588545309,0.25613056483946667,89.33796974764793,0.1035
2026-01-01 00:00:00,C029,Unity Ads,BR,video,535.36,72263,926,118,0.0128,0.1274,4.5369,0.5779135043164347,0.3999597710218095,0.16933132661221478,34.146476458592915,0.0638
2026-01-02 00:00:00,C029,Unity Ads,BR,video,672.02,57046,947,127,0.0166,0.1341,5.2915,0.6543501651097603,0.43800032992203014,0.1711803663306885,38.03988555019289,0.0566
2026-01-03 00:00:00,C029,Unity Ads,BR,video,827.47,101356,1388,162,0.0137,0.1167,5.1078,0.5802508768474297,0.3524330004526874,0.1507557617487425,39.25929294717793,0.0474
2026-01-04 00:00:00,C029,Unity Ads,BR,video,726.79,67341,1088,164,0.0162,0.1507,4.4316,0.5653295446469483,0.3190966410639435,0.0994698639709953,24.696417810993196,0.034
2026-01-05 00:00:00,C029,Unity Ads,BR,video,566.76,53170,879,119,0.0165,0.1354,4.7627,0.5904653819051626,0.3835311695329191,0.1390552742483175,24.91799892290505,0.044
2026-01-06 00:00:00,C029,Unity Ads,BR,video,800.93,78254,1183,145,0.0151,0.1226,5.5237,0.5900315815811866,0.3835721877733731,0.14293280635357225,43.362870470303676,0.0541
2026-01-07 00:00:00,C029,Unity Ads,BR,video,717.16,92427,1304,173,0.0141,0.1327,4.1454,0.658415806507588,0.43704873211212375,0.20166973013499628,62.146192237069364,0.0867
2026-01-08 00:00:00,C029,Unity Ads,BR,video,746.87,74024,1109,152,0.015,0.1371,4.9136,0.5953781199003844,0.43463792495467063,0.21148313520773507,49.57725040516565,0.0664
2026-01-09 00:00:00,C029,Unity Ads,BR,video,1033.96,140299,1877,267,0.0134,0.1422,3.8725,0.5711291170277605,0.35728551350536836,0.14250161748870022,76.31383632681336,0.0738
2026-01-10 00:00:00,C029,Unity Ads,BR,video,665.49,94810,1239,166,0.0131,0.134,4.009,0.6358293314168368,0.43745502190184443,0.15416484914267575,49.76228210932894,0.0748
2026-01-11 00:00:00,C029,Unity Ads,BR,video,726.3,82332,1304,191,0.0158,0.1465,3.8026,0.5747317681306481,0.346871611254101,0.09045193718578826,40.585329704453834,0.0559
2026-01-12 00:00:00,C029,Unity Ads,BR,video,982.42,89805,1381,197,0.0154,0.1427,4.9869,0.5597415687882246,0.3954001473617565,0.1449585670736393,37.345920046855014,0.038
2026-01-13 00:00:00,C029,Unity Ads,BR,video,652.23,79543,1043,134,0.0131,0.1285,4.8674,0.6309920303375052,0.41744069104534814,0.16591727725530397,45.18116751871107,0.0693
2026-01-14 00:00:00,C029,Unity Ads,BR,video,690.17,75149,986,149,0.0131,0.1511,4.632,0.6053866436316796,0.37262287010337897,0.15650633081891982,35.08254170537169,0.0508
2026-01-15 00:00:00,C029,Unity Ads,BR,video,735.29,74890,1157,168,0.0154,0.1452,4.3767,0.666761152020861,0.3440142885094042,0.12009206872550893,19.0882728125257,0.026
2026-01-16 00:00:00,C029,Unity Ads,BR,video,635.57,70706,1084,141,0.0153,0.1301,4.5076,0.6007129553412714,0.4258582546719939,0.17148593847932217,39.02308952496067,0.0614
2026-01-17 00:00:00,C029,Unity Ads,BR,video,917.81,108831,1719,251,0.0158,0.146,3.6566,0.5992585976372551,0.34132418028487005,0.16943961011873776,50.71536439933379,0.0553
2026-01-18 00:00:00,C029,Unity Ads,BR,video,666.31,63037,1079,156,0.0171,0.1446,4.2712,0.6131884802062059,0.40458266215827415,0.1376068531164299,55.03164130243311,0.0826
2026-01-19 00:00:00,C029,Unity Ads,BR,video,566.46,74951,1006,150,0.0134,0.1491,3.7764,0.5257120980275805,0.35322949457591635,0.11787259639247406,34.903777610982196,0.0616
2026-01-20 00:00:00,C029,Unity Ads,BR,video,752.75,97442,1393,188,0.0143,0.135,4.004,0.540186904995496,0.3606794768758068,0.098977351022728,38.501331293265345,0.0511
2026-01-21 00:00:00,C029,Unity Ads,BR,video,682.04,70952,1114,155,0.0157,0.1391,4.4003,0.48692545799403697,0.3778084297283632,0.13631314020409094,32.31792830274728,0.0474
2026-01-22 00:00:00,C029,Unity Ads,BR,video,696.59,83032,1313,155,0.0158,0.1181,4.4941,0.679789545416541,0.38027307770180363,0.145027534980347,60.75187965082722,0.0872
2026-01-23 00:00:00,C029,Unity Ads,BR,video,698.86,73986,1229,164,0.0166,0.1334,4.2613,0.6170426273990716,0.3537640659349177,0.1588461685813565,29.100593321421872,0.0416
2026-01-24 00:00:00,C029,Unity Ads,BR,video,929.2,88331,1428,205,0.0162,0.1436,4.5327,0.6001648022972843,0.40536741336531507,0.16637850592459189,47.78553837119462,0.0514
2026-01-25 00:00:00,C029,Unity Ads,BR,video,803.55,93734,1316,195,0.014,0.1482,4.1208,0.6302877162445268,0.3464560963748547,0.13786039376980078,47.89474786176255,0.0596
2026-01-26 00:00:00,C029,Unity Ads,BR,video,854.03,106818,1620,223,0.0152,0.1377,3.8297,0.6224066727504496,0.3424037365035562,0.1307918680296765,72.67116039295321,0.0851
2026-01-27 00:00:00,C029,Unity Ads,BR,video,748.28,74768,1138,165,0.0152,0.145,4.535,0.6524890579294278,0.3792171033307341,0.15413728430267312,28.92899471864353,0.0387
2026-01-28 00:00:00,C029,Unity Ads,BR,video,535.27,54766,879,103,0.0161,0.1172,5.1968,0.5605489244873506,0.32141507296950184,0.17043730960677395,34.8886595197012,0.0652
2026-01-29 00:00:00,C029,Unity Ads,BR,video,777.28,87830,1237,163,0.0141,0.1318,4.7686,0.6757831503185057,0.3820722420718258,0.14595540746757243,36.12117628260504,0.0465
2026-01-30 00:00:00,C029,Unity Ads,BR,video,900.18,120852,1689,197,0.014,0.1166,4.5694,0.5198659900546707,0.35152289429792993,0.1428330675753663,39.49377556306549,0.0439
2026-01-31 00:00:00,C029,Unity Ads,BR,video,947.17,126020,1675,216,0.0133,0.129,4.385,0.5209748141513683,0.3625393126675487,0.14251667072759308,51.13825851814134,0.054
2026-02-01 00:00:00,C029,Unity Ads,BR,video,636.09,79303,1086,167,0.0137,0.1538,3.8089,0.5433632543999162,0.3038531662190097,0.14210503564372312,35.771598729457374,0.0562
2026-02-02 00:00:00,C029,Unity Ads,BR,video,700.71,63611,1025,139,0.0161,0.1356,5.0411,0.5867601073748031,0.41419064775295994,0.17144815582021433,27.20352792034212,0.0388
2026-02-03 00:00:00,C029,Unity Ads,BR,video,783.09,83432,1359,193,0.0163,0.142,4.0575,0.6772566736138976,0.3728753442544946,0.18754753596663892,66.13153004870436,0.0844
2026-02-04 00:00:00,C029,Unity Ads,BR,video,638.06,57461,988,149,0.0172,0.1508,4.2823,0.6095432403772258,0.3307659949017189,0.1365459210879844,45.05986317927486,0.0706
2026-02-05 00:00:00,C029,Unity Ads,BR,video,589.88,59999,898,133,0.015,0.1481,4.4352,0.620842928492968,0.37752831946738,0.14367220683412635,33.98937653139384,0.0576
2026-02-06 00:00:00,C029,Unity Ads,BR,video,856.63,94532,1502,181,0.0159,0.1205,4.7328,0.5828503389595703,0.4444818179957638,0.18443553132851573,23.18451328658134,0.0271
2026-02-07 00:00:00,C029,Unity Ads,BR,video,843.63,72786,1185,166,0.0163,0.1401,5.0821,0.5828097238684986,0.36132800918388747,0.16159540349778884,50.3675655876046,0.0597
2026-02-08 00:00:00,C029,Unity Ads,BR,video,711.68,69074,1111,144,0.0161,0.1296,4.9422,0.6481116712944244,0.4173244923331136,0.16272192489074785,32.76811602660408,0.046
2026-02-09 00:00:00,C029,Unity Ads,BR,video,806.59,80910,1381,200,0.0171,0.1448,4.033,0.6286300346201119,0.3178343003346642,0.13650506844091537,52.74438052671498,0.0654
2026-02-10 00:00:00,C029,Unity Ads,BR,video,529.08,71962,927,119,0.0129,0.1284,4.4461,0.6494827361453264,0.4094207237157993,0.145775818112628,22.92186605438801,0.0433
2026-02-11 00:00:00,C029,Unity Ads,BR,video,719.82,70283,1076,162,0.0153,0.1506,4.4433,0.6750280768842558,0.3784794283006955,0.153270087729042,61.49978558758907,0.0854
2026-02-12 00:00:00,C029,Unity Ads,BR,video,1035.08,96748,1572,218,0.0162,0.1387,4.7481,0.5592018703559586,0.3305792096857137,0.10535020059548986,43.24749381538117,0.0418
2026-02-13 00:00:00,C029,Unity Ads,BR,video,801.45,97828,1336,153,0.0137,0.1145,5.2382,0.5743426640635827,0.3813458798752125,0.17085139315784242,28.610472605035092,0.0357
2026-02-14 00:00:00,C029,Unity Ads,BR,video,732.35,79426,1342,205,0.0169,0.1528,3.5724,0.5805714938335311,0.35571533792443033,0.17891857382147297,76.2582194757706,0.1041
2026-02-15 00:00:00,C029,Unity Ads,BR,video,600.84,88383,1136,149,0.0129,0.1312,4.0325,0.5951359545422777,0.359751647996141,0.1933251874138557,31.779539872642015,0.0529
2026-02-16 00:00:00,C029,Unity Ads,BR,video,676.65,69280,1032,129,0.0149,0.125,5.2453,0.5644412145597306,0.41313164060273233,0.10059442545509589,28.060097770209182,0.0415
2026-02-17 00:00:00,C029,Unity Ads,BR,video,601.3,65647,955,143,0.0145,0.1497,4.2049,0.6420487956186754,0.41170983069979106,0.15175376979517316,49.03607806683197,0.0816
2026-02-18 00:00:00,C029,Unity Ads,BR,video,641.83,62980,996,117,0.0158,0.1175,5.4857,0.6209865695780387,0.39663841056679805,0.1772354230409368,30.79965293715233,0.048
2026-02-19 00:00:00,C029,Unity Ads,BR,video,686.63,84686,1174,155,0.0139,0.132,4.4299,0.6556512826266425,0.41828345906417513,0.15679345446435455,39.550141415332334,0.0576
2026-02-20 00:00:00,C029,Unity Ads,BR,video,823.62,79423,1243,179,0.0157,0.144,4.6012,0.5669909779300075,0.3698952499911202,0.15910170631001452,28.612659955021307,0.0347
2026-02-21 00:00:00,C029,Unity Ads,BR,video,1040.19,114739,1667,249,0.0145,0.1494,4.1775,0.6087212638195478,0.4061347422634358,0.1784751809849603,79.29384729884652,0.0762
2026-02-22 00:00:00,C029,Unity Ads,BR,video,720.14,79930,1091,169,0.0136,0.1549,4.2612,0.5127809631906053,0.34407112360320946,0.12464984834792668,48.313723127826066,0.0671
2026-02-23 00:00:00,C029,Unity Ads,BR,video,845.21,112554,1482,222,0.0132,0.1498,3.8073,0.5794254490519575,0.35572856879817133,0.14668256517844094,42.74758924425944,0.0506
2026-02-24 00:00:00,C029,Unity Ads,BR,video,753.89,82998,1239,161,0.0149,0.1299,4.6825,0.6645221006899733,0.42487688678169855,0.1601181371088505,48.43089976461116,0.0642
2026-02-25 00:00:00,C029,Unity Ads,BR,video,455.75,41795,657,87,0.0157,0.1324,5.2385,0.5966925665798937,0.3693045213031984,0.15135319605348663,25.100584359839164,0.0551
2026-02-26 00:00:00,C029,Unity Ads,BR,video,816.27,102581,1349,201,0.0132,0.149,4.061,0.6045061328893676,0.3966273506875846,0.1472959417471853,42.348947393132725,0.0519
2026-02-27 00:00:00,C029,Unity Ads,BR,video,1013.79,116190,1809,271,0.0156,0.1498,3.7409,0.6419561393944908,0.39831962181078556,0.17388630416719547,82.70163475753589,0.0816
2026-02-28 00:00:00,C029,Unity Ads,BR,video,706.34,62539,1026,155,0.0164,0.1511,4.557,0.7083159379880195,0.39816235558541346,0.182041965986698,41.74562009087395,0.0591
2026-03-01 00:00:00,C029,Unity Ads,BR,video,818.89,76281,1176,136,0.0154,0.1156,6.0213,0.6543271697589015,0.39077204254475595,0.09528554806847875,31.033340449588845,0.0379
2026-01-01 00:00:00,C030,Unity Ads,BR,playable,562.17,52305,953,132,0.0182,0.1385,4.2589,0.6753530752574699,0.4149498090093217,0.19186560884162562,30.593221540928297,0.0544
2026-01-02 00:00:00,C030,Unity Ads,BR,playable,932.7,90563,1664,291,0.0184,0.1749,3.2052,0.6392765951112168,0.37049658095158783,0.18269381829717368,45.29161541177505,0.0486
2026-01-03 00:00:00,C030,Unity Ads,BR,playable,492.61,43904,901,130,0.0205,0.1443,3.7893,0.6941380271073658,0.4969694905104949,0.18376488759227427,33.74641546519876,0.0685
2026-01-04 00:00:00,C030,Unity Ads,BR,playable,745.98,56927,1085,169,0.0191,0.1558,4.4141,0.6760551595088418,0.4064911190727739,0.14267176122251285,29.761847553093084,0.0399
2026-01-05 00:00:00,C030,Unity Ads,BR,playable,736.74,59582,1126,157,0.0189,0.1394,4.6926,0.7442819484186167,0.4182237619236559,0.192238600554296,39.00638831297593,0.0529
2026-01-06 00:00:00,C030,Unity Ads,BR,playable,650.0,57602,952,166,0.0165,0.1744,3.9157,0.6762136241944476,0.4698274361568704,0.2290547958769958,53.322012247883166,0.082
2026-01-07 00:00:00,C030,Unity Ads,BR,playable,667.09,62731,1181,175,0.0188,0.1482,3.8119,0.6671501142418008,0.35700623812960935,0.13916147479729785,48.28838829628398,0.0724
2026-01-08 00:00:00,C030,Unity Ads,BR,playable,907.1,91232,1492,266,0.0164,0.1783,3.4102,0.6208651111730347,0.4077759097359954,0.14602500650549788,39.74300966163698,0.0438
2026-01-09 00:00:00,C030,Unity Ads,BR,playable,634.58,55900,1100,175,0.0197,0.1591,3.6262,0.7229763975925677,0.3918689004850909,0.17020183344709672,44.06144112538609,0.0694
2026-01-10 00:00:00,C030,Unity Ads,BR,playable,533.46,41911,808,128,0.0193,0.1584,4.1677,0.6183049701567007,0.3536677237472666,0.15402300495243584,42.02333018879051,0.0788
2026-01-11 00:00:00,C030,Unity Ads,BR,playable,712.84,69261,1123,160,0.0162,0.1425,4.4553,0.621973867491766,0.38750073650751665,0.14677984458675733,35.22121983376498,0.0494
2026-01-12 00:00:00,C030,Unity Ads,BR,playable,493.19,50505,802,129,0.0159,0.1608,3.8232,0.7391137759664794,0.4299808611691932,0.23111001242822937,35.36036767362749,0.0717
2026-01-13 00:00:00,C030,Unity Ads,BR,playable,938.88,85774,1364,229,0.0159,0.1679,4.0999,0.694652710182909,0.4149277072660332,0.1528698582885088,74.75219911150502,0.0796
2026-01-14 00:00:00,C030,Unity Ads,BR,playable,601.88,58770,942,136,0.016,0.1444,4.4256,0.612577815828117,0.3872972997696487,0.2083498473501047,32.68636578119545,0.0543
2026-01-15 00:00:00,C030,Unity Ads,BR,playable,881.81,86519,1440,229,0.0166,0.159,3.8507,0.651159681160949,0.3716175867004201,0.1932336246294325,68.52544850528635,0.0777
2026-01-16 00:00:00,C030,Unity Ads,BR,playable,807.88,70154,1155,164,0.0165,0.142,4.9261,0.6003125029684077,0.4248161437371002,0.17158845952072466,44.000559633932276,0.0545
2026-01-17 00:00:00,C030,Unity Ads,BR,playable,731.08,66732,1277,208,0.0191,0.1629,3.5148,0.7193986129032253,0.3857571949541086,0.1794160896554336,42.382648808656974,0.058
2026-01-18 00:00:00,C030,Unity Ads,BR,playable,736.49,56919,1095,196,0.0192,0.179,3.7576,0.6360597722024721,0.4159148295205399,0.17995076434421026,68.23296088521792,0.0926
2026-01-19 00:00:00,C030,Unity Ads,BR,playable,511.8,50138,888,128,0.0177,0.1441,3.9984,0.600158563571037,0.3610262524091642,0.15942562411761532,25.338006333651983,0.0495
2026-01-20 00:00:00,C030,Unity Ads,BR,playable,672.83,63095,1161,204,0.0184,0.1757,3.2982,0.6328114359869685,0.37797627548934665,0.1672874352514275,46.47553087305572,0.0691
2026-01-21 00:00:00,C030,Unity Ads,BR,playable,895.3,81741,1452,207,0.0178,0.1426,4.3251,0.6643037896581292,0.3836880958236036,0.14155276349359897,55.931916520030136,0.0625
2026-01-22 00:00:00,C030,Unity Ads,BR,playable,687.54,62940,1210,170,0.0192,0.1405,4.0444,0.7197329055590085,0.4488892373707961,0.18058743876458208,49.141853980194604,0.0715
2026-01-23 00:00:00,C030,Unity Ads,BR,playable,571.73,60399,946,147,0.0157,0.1554,3.8893,0.6542834290612862,0.3928688657308991,0.1656259392196034,52.48316916070582,0.0918
2026-01-24 00:00:00,C030,Unity Ads,BR,playable,871.99,79581,1505,200,0.0189,0.1329,4.36,0.657406477668206,0.34161800880203275,0.1263164993495654,63.95616025772329,0.0733
2026-01-25 00:00:00,C030,Unity Ads,BR,playable,848.61,65256,1286,191,0.0197,0.1485,4.443,0.6302500910214407,0.4346237168341888,0.13958992714628773,74.26816608940592,0.0875
2026-01-26 00:00:00,C030,Unity Ads,BR,playable,828.52,57970,1188,175,0.0205,0.1473,4.7344,0.6396789749770881,0.3814456191152125,0.16840856004600285,71.80362880063532,0.0867
2026-01-27 00:00:00,C030,Unity Ads,BR,playable,647.12,63142,1217,197,0.0193,0.1619,3.2849,0.6374759407772982,0.40138904478588516,0.16318590125953664,49.715301588138594,0.0768
2026-01-28 00:00:00,C030,Unity Ads,BR,playable,570.54,56765,984,168,0.0173,0.1707,3.3961,0.5667040719878853,0.33369517975136564,0.15670720232793575,54.05657586291708,0.0947
2026-01-29 00:00:00,C030,Unity Ads,BR,playable,850.31,82688,1595,228,0.0193,0.1429,3.7294,0.6920293959574764,0.4502863337128689,0.1327644537004379,83.17136968743651,0.0978
2026-01-30 00:00:00,C030,Unity Ads,BR,playable,937.3,80710,1483,257,0.0184,0.1733,3.6471,0.641456725884693,0.33560714268553327,0.18831880287445732,72.44590739333144,0.0773
2026-01-31 00:00:00,C030,Unity Ads,BR,playable,555.17,47722,892,119,0.0187,0.1334,4.6653,0.5774410539613725,0.4002412847625199,0.14531753657438093,37.04088625113317,0.0667
2026-02-01 00:00:00,C030,Unity Ads,BR,playable,608.93,67183,1057,158,0.0157,0.1495,3.854,0.6627878323031883,0.43304077572950045,0.197827542562875,48.71046981463248,0.08
2026-02-02 00:00:00,C030,Unity Ads,BR,playable,576.92,51743,842,139,0.0163,0.1651,4.1505,0.5832503638336114,0.4181319610079735,0.15431323456230084,44.54503558778437,0.0772
2026-02-03 00:00:00,C030,Unity Ads,BR,playable,486.86,45863,740,122,0.0161,0.1649,3.9907,0.6476844903647329,0.3874327729065684,0.21623590161872155,35.500752684045736,0.0729
2026-02-04 00:00:00,C030,Unity Ads,BR,playable,526.33,52295,907,153,0.0173,0.1687,3.4401,0.7444634546103748,0.42281661910808416,0.19872809753346934,42.497989844012146,0.0807
2026-02-05 00:00:00,C030,Unity Ads,BR,playable,767.18,78791,1365,237,0.0173,0.1736,3.237,0.7337665702197478,0.42603884388606383,0.16406526919893966,66.06134444831243,0.0861
2026-02-06 00:00:00,C030,Unity Ads,BR,playable,831.28,78539,1339,195,0.017,0.1456,4.263,0.6825680934087577,0.4368542845315331,0.16297746953508568,64.49771207454444,0.0776
2026-02-07 00:00:00,C030,Unity Ads,BR,playable,843.78,68166,1277,221,0.0187,0.1731,3.818,0.733829455234123,0.42589357669425865,0.19375411463556652,59.89489466351349,0.071
2026-02-08 00:00:00,C030,Unity Ads,BR,playable,643.22,66295,1196,208,0.018,0.1739,3.0924,0.7457330000491333,0.5208588820138161,0.1443009327472085,58.59173877524158,0.0911
2026-02-09 00:00:00,C030,Unity Ads,BR,playable,779.71,62814,1227,177,0.0195,0.1443,4.4051,0.6797073111839755,0.3679162193854289,0.16115659283348713,42.43823540238333,0.0544
2026-02-10 00:00:00,C030,Unity Ads,BR,playable,567.56,59389,1065,157,0.0179,0.1474,3.615,0.643769549439294,0.3923692253947256,0.14504978209144032,45.365097799415956,0.0799
2026-02-11 00:00:00,C030,Unity Ads,BR,playable,820.15,69645,1333,229,0.0191,0.1718,3.5814,0.698243716593838,0.4447133334239853,0.16309302280888222,64.11946149452459,0.0782
2026-02-12 00:00:00,C030,Unity Ads,BR,playable,512.97,39559,817,132,0.0207,0.1616,3.8861,0.6878694686914283,0.43890954999428705,0.15432305625439313,13.215157526257602,0.0258
2026-02-13 00:00:00,C030,Unity Ads,BR,playable,629.9,59824,927,163,0.0155,0.1758,3.8644,0.646852879495551,0.32737949112507836,0.1286927343884356,48.17177208270216,0.0765
2026-02-14 00:00:00,C030,Unity Ads,BR,playable,791.22,67289,1232,200,0.0183,0.1623,3.9561,0.6409730321084324,0.44188305122353866,0.20211266432921457,75.6287291251535,0.0956
2026-02-15 00:00:00,C030,Unity Ads,BR,playable,854.67,91070,1567,236,0.0172,0.1506,3.6215,0.699063099690424,0.4756548214676832,0.17824581670227516,81.84539241737298,0.0958
2026-02-16 00:00:00,C030,Unity Ads,BR,playable,490.44,41238,832,143,0.0202,0.1719,3.4297,0.6581013104974545,0.37521933654651984,0.12373275674900211,32.80658180438215,0.0669
2026-02-17 00:00:00,C030,Unity Ads,BR,playable,455.9,34752,662,93,0.019,0.1405,4.9022,0.7724625940995732,0.48593615537592677,0.19386776682599147,27.882284071725994,0.0612
2026-02-18 00:00:00,C030,Unity Ads,BR,playable,634.33,46046,913,160,0.0198,0.1752,3.9646,0.6737802555105905,0.4570029436936631,0.15926964581988004,54.07949473923699,0.0853
2026-02-19 00:00:00,C030,Unity Ads,BR,playable,652.65,55036,1046,164,0.019,0.1568,3.9796,0.7009094112844458,0.43240051860706874,0.1816606418950863,50.52103341530823,0.0774
2026-02-20 00:00:00,C030,Unity Ads,BR,playable,636.63,59559,977,169,0.0164,0.173,3.767,0.6942415314298728,0.39902167942086775,0.17622492614322335,31.206391056113958,0.049
2026-02-21 00:00:00,C030,Unity Ads,BR,playable,639.98,57119,1002,163,0.0175,0.1627,3.9263,0.6951059823872251,0.4476570484499161,0.14302575598824016,58.09914002566791,0.0908
2026-02-22 00:00:00,C030,Unity Ads,BR,playable,581.14,57347,1021,155,0.0178,0.1518,3.7493,0.7164502291199016,0.42658843986198397,0.21720907560942415,41.09978464373296,0.0707
2026-02-23 00:00:00,C030,Unity Ads,BR,playable,807.83,84492,1365,226,0.0162,0.1656,3.5745,0.6612968412394175,0.3921028888372669,0.16363501297485733,28.472529328124207,0.0352
2026-02-24 00:00:00,C030,Unity Ads,BR,playable,545.16,57005,917,136,0.0161,0.1483,4.0085,0.6664740795075921,0.41860353770282327,0.2185434062301632,45.37742745461156,0.0832
2026-02-25 00:00:00,C030,Unity Ads,BR,playable,467.4,45150,844,123,0.0187,0.1457,3.8,0.6592556829830009,0.3887382186706731,0.2036074389682998,32.9404618589682,0.0705
2026-02-26 00:00:00,C030,Unity Ads,BR,playable,790.67,56386,1113,150,0.0197,0.1348,5.2711,0.5815493909527197,0.411880484509068,0.16737843273849848,41.498202518717456,0.0525
2026-02-27 00:00:00,C030,Unity Ads,BR,playable,731.35,59821,1027,152,0.0172,0.148,4.8115,0.5491380564143064,0.32966763870860094,0.15402892089426468,44.07093174832425,0.0603
2026-02-28 00:00:00,C030,Unity Ads,BR,playable,978.14,90407,1496,268,0.0165,0.1791,3.6498,0.6965791767679909,0.4239458182579565,0.18427865206260338,76.28645972561264,0.078
2026-03-01 00:00:00,C030,Unity Ads,BR,playable,890.31,103347,1679,227,0.0162,0.1352,3.9221,0.6972167832605629,0.3839550276290215,0.1951147393587727,79.62299467785014,0.0894
2026-01-01 00:00:00,C031,Unity Ads,KR,video,934.61,57918,886,118,0.0153,0.1332,7.9204,0.7314437620568229,0.46045590425023186,0.18426448323808325,49.99860304895792,0.0535
2026-01-02 00:00:00,C031,Unity Ads,KR,video,864.55,62152,897,105,0.0144,0.1171,8.2338,0.7154824824401278,0.47316266916158356,0.20232462194085338,56.28533249915648,0.0651
2026-01-03 00:00:00,C031,Unity Ads,KR,video,948.65,67242,1029,119,0.0153,0.1156,7.9718,0.7082045372389203,0.41324261968481646,0.1963569887371171,39.28727203026529,0.0414
2026-01-04 00:00:00,C031,Unity Ads,KR,video,763.34,57263,881,118,0.0154,0.1339,6.469,0.6756213530314958,0.4286485275008273,0.15340856256040797,66.63685858225847,0.0873
2026-01-05 00:00:00,C031,Unity Ads,KR,video,681.78,46610,788,105,0.0169,0.1332,6.4931,0.7836621849141222,0.49385331051099673,0.1918479854881759,57.60408720012886,0.0845
2026-01-06 00:00:00,C031,Unity Ads,KR,video,630.15,39331,567,66,0.0144,0.1164,9.5477,0.7031983384555901,0.4346657738826121,0.18556122224754634,35.55653919372336,0.0564
2026-01-07 00:00:00,C031,Unity Ads,KR,video,697.59,38696,661,93,0.0171,0.1407,7.501,0.7331178764786032,0.44739197183138035,0.20390818073913797,39.249785262640195,0.0563
2026-01-08 00:00:00,C031,Unity Ads,KR,video,652.03,36250,606,91,0.0167,0.1502,7.1652,0.6803463248117624,0.37024159914851557,0.1976572821494361,49.59878249846122,0.0761
2026-01-09 00:00:00,C031,Unity Ads,KR,video,706.23,43778,673,91,0.0154,0.1352,7.7608,0.7308558043536943,0.49309911263409684,0.18105380058018722,49.831676199977494,0.0706
2026-01-10 00:00:00,C031,Unity Ads,KR,video,900.76,52275,812,119,0.0155,0.1466,7.5694,0.7353947169029427,0.5364753023170501,0.19700258676739968,68.68336912010614,0.0763
2026-01-11 00:00:00,C031,Unity Ads,KR,video,913.59,58248,848,131,0.0146,0.1545,6.974,0.7952803010230478,0.43933357904942955,0.19932302395824156,64.40446962736767,0.0705
2026-01-12 00:00:00,C031,Unity Ads,KR,video,975.53,54563,887,130,0.0163,0.1466,7.5041,0.6653335503486688,0.4737120078664186,0.19081965340777524,67.49733689087739,0.0692
2026-01-13 00:00:00,C031,Unity Ads,KR,video,599.27,35231,607,90,0.0172,0.1483,6.6586,0.7606647118207697,0.4253135229314445,0.17712825594622883,50.80154329091389,0.0848
2026-01-14 00:00:00,C031,Unity Ads,KR,video,534.19,40513,528,69,0.013,0.1307,7.7419,0.7571189403925066,0.4762224487897942,0.19048610453110168,40.17544786559445,0.0752
2026-01-15 00:00:00,C031,Unity Ads,KR,video,681.98,44192,749,109,0.0169,0.1455,6.2567,0.6464617788078375,0.42900285484791323,0.1787781678136163,51.11340250107969,0.0749
2026-01-16 00:00:00,C031,Unity Ads,KR,video,583.07,38008,613,87,0.0161,0.1419,6.702,0.6060490492472488,0.3850308021536604,0.16587380930558454,35.04337998401492,0.0601
2026-01-17 00:00:00,C031,Unity Ads,KR,video,819.27,62194,943,134,0.0152,0.1421,6.114,0.6558246689681493,0.4385428363256756,0.205526309298732,62.22339101555854,0.0759
2026-01-18 00:00:00,C031,Unity Ads,KR,video,973.62,64826,937,110,0.0145,0.1174,8.8511,0.6490151013331228,0.4470023814427523,0.18643472316088675,56.43721116876945,0.058
2026-01-19 00:00:00,C031,Unity Ads,KR,video,595.14,36248,559,68,0.0154,0.1216,8.7521,0.6638918794017021,0.35484592232111833,0.1681256903044639,22.600393062673465,0.038
2026-01-20 00:00:00,C031,Unity Ads,KR,video,857.17,52415,878,121,0.0168,0.1378,7.084,0.7302739668880657,0.4375314722610504,0.15250281017030662,63.809976764587496,0.0744
2026-01-21 00:00:00,C031,Unity Ads,KR,video,870.35,63579,984,144,0.0155,0.1463,6.0441,0.7460764631676833,0.4185055500093723,0.2061072010755585,85.38150235150523,0.0981
2026-01-22 00:00:00,C031,Unity Ads,KR,video,705.04,51076,786,92,0.0154,0.117,7.6635,0.662912065811615,0.42458483116771595,0.21856526678718022,44.812581128963096,0.0636
2026-01-23 00:00:00,C031,Unity Ads,KR,video,1133.58,93948,1227,182,0.0131,0.1483,6.2285,0.6491218889385822,0.4850034118520724,0.1780679203400373,92.90064955417233,0.082
2026-01-24 00:00:00,C031,Unity Ads,KR,video,602.89,42843,550,70,0.0128,0.1273,8.6127,0.7570068994813749,0.49392484679589177,0.17090477577271626,34.510005728355374,0.0572
2026-01-25 00:00:00,C031,Unity Ads,KR,video,802.59,57498,766,94,0.0133,0.1227,8.5382,0.6816562819176395,0.45082713231297245,0.18036455852934077,41.32855255422747,0.0515
2026-01-26 00:00:00,C031,Unity Ads,KR,video,835.55,58470,781,116,0.0134,0.1485,7.203,0.6755605720814861,0.4672925334711485,0.19034555064467604,56.831647176334464,0.068
2026-01-27 00:00:00,C031,Unity Ads,KR,video,763.07,54979,855,130,0.0156,0.152,5.8698,0.7899183671541217,0.5029456071779255,0.23915693610101352,67.14983847490848,0.088
2026-01-28 00:00:00,C031,Unity Ads,KR,video,485.98,28095,432,61,0.0154,0.1412,7.9669,0.7248462928085585,0.46093139744220407,0.22244410224419758,31.3663027032562,0.0645
2026-01-29 00:00:00,C031,Unity Ads,KR,video,890.02,56358,793,120,0.0141,0.1513,7.4168,0.7232576073593296,0.4440176936800645,0.2150079849302487,61.1297555229959,0.0687
2026-01-30 00:00:00,C031,Unity Ads,KR,video,828.28,61941,800,101,0.0129,0.1263,8.2008,0.7669455684571984,0.4647352351809619,0.20038980491262307,42.91213174549966,0.0518
2026-01-31 00:00:00,C031,Unity Ads,KR,video,745.65,52059,870,127,0.0167,0.146,5.8713,0.7231984840186028,0.47918135134284834,0.192102900433104,65.01922822631603,0.0872
2026-02-01 00:00:00,C031,Unity Ads,KR,video,546.63,33529,499,58,0.0149,0.1162,9.4247,0.7048678404827246,0.44043280622474196,0.1857468804644648,24.873841981839586,0.0455
2026-02-02 00:00:00,C031,Unity Ads,KR,video,654.8,40152,641,84,0.016,0.131,7.7952,0.7202470097706382,0.43324529138726975,0.1969424818632716,38.69512211470269,0.0591
2026-02-03 00:00:00,C031,Unity Ads,KR,video,1123.76,70716,1192,176,0.0169,0.1477,6.385,0.7732462880157608,0.48075061672930397,0.20933408277236173,104.81870801881934,0.0933
2026-02-04 00:00:00,C031,Unity Ads,KR,video,801.36,41194,706,86,0.0171,0.1218,9.3181,0.7443906054557904,0.4640348801826006,0.21020944963565216,46.45399343079655,0.058
2026-02-05 00:00:00,C031,Unity Ads,KR,video,811.55,45139,725,89,0.0161,0.1228,9.1185,0.6377945295586975,0.3885622563830026,0.19031835081947315,40.02768409585859,0.0493
2026-02-06 00:00:00,C031,Unity Ads,KR,video,844.82,51229,847,108,0.0165,0.1275,7.8224,0.6581571993665599,0.4498538631228357,0.17563150586745932,45.57725174745556,0.0539
2026-02-07 00:00:00,C031,Unity Ads,KR,video,991.51,54949,870,132,0.0158,0.1517,7.5114,0.7151504688979052,0.45246342946658613,0.14534215234194228,74.27193511885795,0.0749
2026-02-08 00:00:00,C031,Unity Ads,KR,video,721.59,40774,628,79,0.0154,0.1258,9.1341,0.741635582382031,0.4655766708740431,0.19638854002143952,42.89356286594442,0.0594
2026-02-09 00:00:00,C031,Unity Ads,KR,video,531.42,42509,613,92,0.0144,0.1501,5.7763,0.802005128414786,0.5116450543573539,0.18591979223422644,53.993657660269484,0.1016
2026-02-10 00:00:00,C031,Unity Ads,KR,video,455.39,30088,453,62,0.0151,0.1369,7.345,0.6736935386922219,0.3979541404410962,0.21248835744282574,31.966232472535953,0.0702
2026-02-11 00:00:00,C031,Unity Ads,KR,video,672.64,38588,664,98,0.0172,0.1476,6.8637,0.6170118147449327,0.38824557373278357,0.17461399792167384,35.942628663234565,0.0534
2026-02-12 00:00:00,C031,Unity Ads,KR,video,582.37,37316,536,62,0.0144,0.1157,9.3931,0.718974944673261,0.4456102459238417,0.17698209059061493,26.164378588385702,0.0449
2026-02-13 00:00:00,C031,Unity Ads,KR,video,633.76,44424,598,72,0.0135,0.1204,8.8022,0.7504989369364955,0.425041132033544,0.20129129718951383,32.72495367406289,0.0516
2026-02-14 00:00:00,C031,Unity Ads,KR,video,1006.11,58211,983,132,0.0169,0.1343,7.622,0.7319796186761225,0.46052754151542613,0.2030452488236429,69.63890386184855,0.0692
2026-02-15 00:00:00,C031,Unity Ads,KR,video,983.73,71674,998,117,0.0139,0.1172,8.4079,0.7239920621846679,0.4101295947443586,0.2049584084155791,51.641666123370804,0.0525
2026-02-16 00:00:00,C031,Unity Ads,KR,video,555.75,29414,491,66,0.0167,0.1344,8.4205,0.7521712375440641,0.39303027561694664,0.15416418713935726,32.35262808321536,0.0582
2026-02-17 00:00:00,C031,Unity Ads,KR,video,995.66,54474,927,119,0.017,0.1284,8.3669,0.7349027624397353,0.42161036192413287,0.17950777614767963,52.0826405673259,0.0523
2026-02-18 00:00:00,C031,Unity Ads,KR,video,689.77,36238,625,87,0.0172,0.1392,7.9284,0.7281084325704028,0.3919919956210341,0.2124701302866736,39.709197625118726,0.0576
2026-02-19 00:00:00,C031,Unity Ads,KR,video,564.66,34558,587,82,0.017,0.1397,6.8861,0.800898654706304,0.43255596304504124,0.2042561094906019,42.72532947606616,0.0757
2026-02-20 00:00:00,C031,Unity Ads,KR,video,646.02,47246,654,99,0.0138,0.1514,6.5255,0.8518871905132833,0.497570979882205,0.17484140574682433,58.939237763476676,0.0912
2026-02-21 00:00:00,C031,Unity Ads,KR,video,931.48,72052,1091,154,0.0151,0.1412,6.0486,0.778167540470149,0.43012904734432167,0.1904953446220548,76.25357414414455,0.0819
2026-02-22 00:00:00,C031,Unity Ads,KR,video,639.19,39491,561,78,0.0142,0.139,8.1947,0.667454967742307,0.4391301837932948,0.19776050058284697,39.78890511382367,0.0622
2026-02-23 00:00:00,C031,Unity Ads,KR,video,763.37,46234,784,111,0.017,0.1416,6.8772,0.7861247656677564,0.4708770456361243,0.15970579015025158,49.211091992722245,0.0645
2026-02-24 00:00:00,C031,Unity Ads,KR,video,587.39,32942,518,77,0.0157,0.1486,7.6284,0.6634380433720365,0.44607230009670934,0.17696967307403189,31.71627746126039,0.054
2026-02-25 00:00:00,C031,Unity Ads,KR,video,894.35,75098,1047,139,0.0139,0.1328,6.4342,0.6884255351150607,0.40741463978645576,0.18616848090431656,52.00893069914526,0.0582
2026-02-26 00:00:00,C031,Unity Ads,KR,video,776.46,50704,712,105,0.014,0.1475,7.3949,0.7630252898656735,0.4750742006831104,0.20914452731303218,51.09879444403836,0.0658
2026-02-27 00:00:00,C031,Unity Ads,KR,video,856.7,55038,746,90,0.0136,0.1206,9.5189,0.6097765869588864,0.40183864252073503,0.17315394159973432,43.32250320212297,0.0506
2026-02-28 00:00:00,C031,Unity Ads,KR,video,489.09,30428,471,60,0.0155,0.1274,8.1515,0.7558483129970727,0.4244638132786251,0.20792837215462603,29.918098068768785,0.0612
2026-03-01 00:00:00,C031,Unity Ads,KR,video,926.29,60834,1045,155,0.0172,0.1483,5.9761,0.7243937021995823,0.4264516598062367,0.15111148415557546,77.58064642347314,0.0838
2026-01-01 00:00:00,C032,Unity Ads,JP,static,736.64,38974,488,62,0.0125,0.127,11.8813,0.6770314140222053,0.3741136683535272,0.17306746204964596,32.26982455858242,0.0438
2026-01-02 00:00:00,C032,Unity Ads,JP,static,664.07,45314,529,71,0.0117,0.1342,9.3531,0.6267551800817718,0.42135134342411656,0.16353310197883514,39.0224729119634,0.0588
2026-01-03 00:00:00,C032,Unity Ads,JP,static,1027.83,68790,847,95,0.0123,0.1122,10.8193,0.5459190109371768,0.35745827715629447,0.13839711387124573,65.59015693449685,0.0638
2026-01-04 00:00:00,C032,Unity Ads,JP,static,943.65,73005,810,101,0.0111,0.1247,9.3431,0.7042617187347131,0.43735940980539234,0.16039705157596254,72.52589280270263,0.0769
2026-01-05 00:00:00,C032,Unity Ads,JP,static,699.64,44671,584,71,0.0131,0.1216,9.8541,0.6708709459469153,0.39618956610794814,0.1385488618303547,46.42200901581148,0.0664
2026-01-06 00:00:00,C032,Unity Ads,JP,static,620.92,41613,511,53,0.0123,0.1037,11.7155,0.6745283758008725,0.41724532889730753,0.18209046682651758,34.646889997039786,0.0558
2026-01-07 00:00:00,C032,Unity Ads,JP,static,583.26,34470,412,51,0.012,0.1238,11.4365,0.7403451218618451,0.44368275691318027,0.16728722403049573,30.94622060285726,0.0531
2026-01-08 00:00:00,C032,Unity Ads,JP,static,794.69,45403,559,57,0.0123,0.102,13.9419,0.638626169249742,0.34214142182783125,0.1844038913263263,38.1252573813076,0.048
2026-01-09 00:00:00,C032,Unity Ads,JP,static,541.55,38388,430,43,0.0112,0.1,12.5942,0.5996130953165263,0.3553732170437113,0.1498701086002836,29.06834970112692,0.0537
2026-01-10 00:00:00,C032,Unity Ads,JP,static,599.86,28604,397,50,0.0139,0.1259,11.9972,0.6738875585180015,0.4191013873059581,0.15387713082729484,27.76319671977998,0.0463
2026-01-11 00:00:00,C032,Unity Ads,JP,static,881.9,58384,689,86,0.0118,0.1248,10.2547,0.7486681829674355,0.44431366178020015,0.20382268219195268,60.7937114110678,0.0689
2026-01-12 00:00:00,C032,Unity Ads,JP,static,820.05,55658,585,70,0.0105,0.1197,11.715,0.7225612452508322,0.39173466102009397,0.18866421872847677,38.935409593685854,0.0475
2026-01-13 00:00:00,C032,Unity Ads,JP,static,530.53,35518,372,47,0.0105,0.1263,11.2879,0.6778758052298722,0.40613840967381465,0.1571220590970798,27.6749048471857,0.0522
2026-01-14 00:00:00,C032,Unity Ads,JP,static,706.99,48501,508,61,0.0105,0.1201,11.59,0.6536022349465128,0.3944276346549937,0.15062243352134913,30.06956195118703,0.0425
2026-01-15 00:00:00,C032,Unity Ads,JP,static,916.35,45206,608,81,0.0134,0.1332,11.313,0.6517749731515742,0.39738976671931864,0.22173515827116558,49.70199987578548,0.0542
2026-01-16 00:00:00,C032,Unity Ads,JP,static,934.97,45877,610,80,0.0133,0.1311,11.6871,0.6658142278898923,0.4151741193595118,0.16499387879256824,42.11862106977031,0.045
2026-01-17 00:00:00,C032,Unity Ads,JP,static,896.95,66732,764,101,0.0114,0.1322,8.8807,0.6519678870784537,0.4208734012860602,0.15705383440568452,53.56959165631764,0.0597
2026-01-18 00:00:00,C032,Unity Ads,JP,static,667.49,36273,462,56,0.0127,0.1212,11.9195,0.6738737168323731,0.3989676455665423,0.1813566487565375,38.71581482845605,0.058
2026-01-19 00:00:00,C032,Unity Ads,JP,static,871.63,54772,592,72,0.0108,0.1216,12.106,0.6786809871644296,0.4323908921397016,0.14829901823005157,43.419194927656406,0.0498
2026-01-20 00:00:00,C032,Unity Ads,JP,static,874.26,53299,602,71,0.0113,0.1179,12.3135,0.6691644631621052,0.3798609285857693,0.15500215033837672,29.520637114314514,0.0338
2026-01-21 00:00:00,C032,Unity Ads,JP,static,872.0,44065,595,65,0.0135,0.1092,13.4154,0.7071532790864256,0.39176942161886363,0.15547971704977787,42.206697908791966,0.0484
2026-01-22 00:00:00,C032,Unity Ads,JP,static,882.72,48568,643,78,0.0132,0.1213,11.3169,0.6891500054203915,0.45179432823038035,0.18930622757415574,44.951142300325,0.0509
2026-01-23 00:00:00,C032,Unity Ads,JP,static,487.41,29793,385,52,0.0129,0.1351,9.3733,0.6539803262693112,0.3942070737280898,0.1660776104668164,22.827266278987672,0.0468
2026-01-24 00:00:00,C032,Unity Ads,JP,static,784.51,50031,667,82,0.0133,0.1229,9.5672,0.560862749714791,0.380012801565076,0.17267998323223818,44.77302093653247,0.0571
2026-01-25 00:00:00,C032,Unity Ads,JP,static,965.98,59690,794,102,0.0133,0.1285,9.4704,0.6691405392635001,0.4129582700903709,0.15095964559622124,69.07214797774712,0.0715
2026-01-26 00:00:00,C032,Unity Ads,JP,static,682.01,49424,582,76,0.0118,0.1306,8.9738,0.6076730188612316,0.36202228208249687,0.15716795629386088,50.666432056328894,0.0743
2026-01-27 00:00:00,C032,Unity Ads,JP,static,554.47,36540,384,40,0.0105,0.1042,13.8618,0.6306739304891614,0.3870783143703759,0.1337549287849374,21.103490566805906,0.0381
2026-01-28 00:00:00,C032,Unity Ads,JP,static,500.29,35667,388,49,0.0109,0.1263,10.21,0.6819338230727484,0.4048059090160458,0.15940104109611394,28.846711087617326,0.0577
2026-01-29 00:00:00,C032,Unity Ads,JP,static,835.54,47339,667,77,0.0141,0.1154,10.8512,0.7056957401369304,0.4500229349106207,0.21692414957284928,55.36005026646159,0.0663
2026-01-30 00:00:00,C032,Unity Ads,JP,static,632.0,32468,418,43,0.0129,0.1029,14.6977,0.7051391697349092,0.4279688504696574,0.19090662964252686,24.343937950984426,0.0385
2026-01-31 00:00:00,C032,Unity Ads,JP,static,853.29,62390,672,81,0.0108,0.1205,10.5344,0.6773318001617421,0.35611246000479563,0.17983205174464278,46.650998548091,0.0547
2026-02-01 00:00:00,C032,Unity Ads,JP,static,669.07,40206,491,66,0.0122,0.1344,10.1374,0.7141768541632837,0.43895956174859824,0.17158111661351938,40.30582614038855,0.0602
2026-02-02 00:00:00,C032,Unity Ads,JP,static,695.87,37695,499,59,0.0132,0.1182,11.7944,0.652555822619776,0.3032262895495537,0.19203816364981333,31.102619643165962,0.0447
2026-02-03 00:00:00,C032,Unity Ads,JP,static,631.1,39680,428,44,0.0108,0.1028,14.3432,0.6816635348351725,0.40703612448930315,0.17115322733499783,27.912761452973925,0.0442
2026-02-04 00:00:00,C032,Unity Ads,JP,static,532.11,38244,437,58,0.0114,0.1327,9.1743,0.6866529979884344,0.43505501672106045,0.19288163911980175,44.41449082766105,0.0835
2026-02-05 00:00:00,C032,Unity Ads,JP,static,650.54,38532,523,66,0.0136,0.1262,9.8567,0.6349885525382724,0.3833279217394018,0.18080651468789902,38.73540420938206,0.0595
2026-02-06 00:00:00,C032,Unity Ads,JP,static,681.28,43814,461,59,0.0105,0.128,11.5471,0.6859737873770023,0.41956770276257627,0.1602965001286079,30.87636401124561,0.0453
2026-02-07 00:00:00,C032,Unity Ads,JP,static,917.91,51842,687,91,0.0133,0.1325,10.0869,0.6565676753362942,0.407510303442695,0.1425570628500984,67.59230896953765,0.0736
2026-02-08 00:00:00,C032,Unity Ads,JP,static,649.18,42534,462,46,0.0109,0.0996,14.1126,0.7202933817997154,0.4093959731290555,0.186446917149749,28.420448653978596,0.0438
2026-02-09 00:00:00,C032,Unity Ads,JP,static,433.74,26959,303,33,0.0112,0.1089,13.1436,0.6040917735442273,0.31156800024538617,0.1164949354538844,18.71774371313648,0.0432
2026-02-10 00:00:00,C032,Unity Ads,JP,static,533.41,38227,423,57,0.0111,0.1348,9.3581,0.6904715841083318,0.4390932953626431,0.18910357863139793,42.47483095467837,0.0796
2026-02-11 00:00:00,C032,Unity Ads,JP,static,600.92,39201,469,55,0.012,0.1173,10.9258,0.6927862587825758,0.3392768110705484,0.17707337916970906,35.34871353901081,0.0588
2026-02-12 00:00:00,C032,Unity Ads,JP,static,507.71,31271,390,49,0.0125,0.1256,10.3614,0.7700202500854366,0.4477257503601058,0.19478476783759183,32.21546609240574,0.0635
2026-02-13 00:00:00,C032,Unity Ads,JP,static,633.98,42308,461,47,0.0109,0.102,13.4889,0.710084333003162,0.4370169030276357,0.19029525019381227,28.277956550081342,0.0446
2026-02-14 00:00:00,C032,Unity Ads,JP,static,947.28,55490,644,86,0.0116,0.1335,11.0149,0.6115042975226748,0.4113309920906525,0.14444140689635365,49.479144973245766,0.0522
2026-02-15 00:00:00,C032,Unity Ads,JP,static,550.56,34953,434,56,0.0124,0.129,9.8314,0.6527378169251729,0.4538789778579777,0.19621197369549298,34.55457075828441,0.0628
2026-02-16 00:00:00,C032,Unity Ads,JP,static,674.43,43098,537,71,0.0125,0.1322,9.499,0.6610591184373816,0.43144865310763203,0.17441121010666116,41.27932160257482,0.0612
2026-02-17 00:00:00,C032,Unity Ads,JP,static,732.84,53690,576,66,0.0107,0.1146,11.1036,0.6374363422585035,0.369551787938585,0.15735367432500472,38.71221901602403,0.0528
2026-02-18 00:00:00,C032,Unity Ads,JP,static,565.4,27156,372,49,0.0137,0.1317,11.5388,0.6831474603517794,0.4126903445446918,0.1860815283927813,26.577252641049036,0.047
2026-02-19 00:00:00,C032,Unity Ads,JP,static,736.28,43391,557,59,0.0128,0.1059,12.4793,0.6789942824113967,0.42956555511840155,0.17280378074963088,35.46983408928326,0.0482
2026-02-20 00:00:00,C032,Unity Ads,JP,static,985.08,46922,643,85,0.0137,0.1322,11.5892,0.6415911378552424,0.39139014818350326,0.18387120577250207,55.89558881824373,0.0567
2026-02-21 00:00:00,C032,Unity Ads,JP,static,780.98,42689,524,64,0.0123,0.1221,12.2028,0.7502226666920642,0.4030856668470407,0.22137781387973707,45.83044095194719,0.0587
2026-02-22 00:00:00,C032,Unity Ads,JP,static,649.04,40700,560,70,0.0138,0.125,9.272,0.5786852901558472,0.3703072580645044,0.17238636921740155,38.28408995682941,0.059
2026-02-23 00:00:00,C032,Unity Ads,JP,static,815.04,54534,635,73,0.0116,0.115,11.1649,0.7500941710275388,0.4731232545578119,0.17698713645280015,50.32670271948449,0.0617
2026-02-24 00:00:00,C032,Unity Ads,JP,static,848.68,57824,701,93,0.0121,0.1327,9.1256,0.7687456358642892,0.43456316065374834,0.1903823351244485,64.02655911874885,0.0754
2026-02-25 00:00:00,C032,Unity Ads,JP,static,928.06,65696,762,97,0.0116,0.1273,9.5676,0.6406769966938493,0.38221930486376693,0.17766131862899948,51.72923832175041,0.0557
2026-02-26 00:00:00,C032,Unity Ads,JP,static,544.67,31518,395,47,0.0125,0.119,11.5887,0.660455363239905,0.40320448746761967,0.17744399831355506,27.916524139394955,0.0513
2026-02-27 00:00:00,C032,Unity Ads,JP,static,851.87,43770,582,69,0.0133,0.1186,12.3459,0.7605787310973803,0.434002844411838,0.19904807175536304,48.61809026653463,0.0571
2026-02-28 00:00:00,C032,Unity Ads,JP,static,903.57,54827,730,82,0.0133,0.1123,11.0191,0.6384472371645493,0.4025560715474187,0.14535815905978872,43.1542090131607,0.0478
2026-03-01 00:00:00,C032,Unity Ads,JP,static,487.31,32770,390,51,0.0119,0.1308,9.5551,0.6650844838021491,0.4142340815466853,0.13498797167247548,30.709123761504777,0.063
2026-01-01 00:00:00,C033,AppLovin,IN,playable,818.7,75099,1700,247,0.0226,0.1453,3.3146,0.5897505308365675,0.37697696231585875,0.15357949961013362,76.41712763865085,0.0933
2026-01-02 00:00:00,C033,AppLovin,IN,playable,796.17,73865,1608,298,0.0218,0.1853,2.6717,0.6520360006314905,0.4352420441032042,0.16409555904968479,41.072830679462655,0.0516
2026-01-03 00:00:00,C033,AppLovin,IN,playable,884.57,80616,1816,327,0.0225,0.1801,2.7051,0.5402218285655485,0.3232356257339422,0.12309991305273114,65.6747127946663,0.0742
2026-01-04 00:00:00,C033,AppLovin,IN,playable,895.51,95482,2240,319,0.0235,0.1424,2.8072,0.6006348818334539,0.38064710111251604,0.15791558656522525,58.30912362974095,0.0651
2026-01-05 00:00:00,C033,AppLovin,IN,playable,848.94,90886,2090,305,0.023,0.1459,2.7834,0.5687445533172195,0.3545022902514178,0.16710705887695115,20.335314462736992,0.024
2026-01-06 00:00:00,C033,AppLovin,IN,playable,1001.23,116509,2210,349,0.019,0.1579,2.8689,0.6021157679216118,0.3333364909449484,0.12249758231201519,64.04710761363364,0.064
2026-01-07 00:00:00,C033,AppLovin,IN,playable,914.18,86687,1784,322,0.0206,0.1805,2.8391,0.531730541327723,0.3607652659466019,0.14809254473314645,66.71191342093974,0.073
2026-01-08 00:00:00,C033,AppLovin,IN,playable,878.46,85398,1720,320,0.0201,0.186,2.7452,0.5973000901231943,0.35208954652217195,0.17787562502558815,34.29291275417401,0.039
2026-01-09 00:00:00,C033,AppLovin,IN,playable,889.22,98159,1895,303,0.0193,0.1599,2.9347,0.5957403060608195,0.351450214460359,0.17366707476745338,21.593573248183212,0.0243
2026-01-10 00:00:00,C033,AppLovin,IN,playable,645.39,88464,1640,230,0.0185,0.1402,2.806,0.6629828301905938,0.3857058792438594,0.1744748671506287,35.573476694451784,0.0551
2026-01-11 00:00:00,C033,AppLovin,IN,playable,705.01,82501,1748,254,0.0212,0.1453,2.7756,0.5722522724732889,0.3460475602503332,0.15042751647263689,53.29375994207824,0.0756
2026-01-12 00:00:00,C033,AppLovin,IN,playable,958.32,95961,2067,350,0.0215,0.1693,2.7381,0.5902476244282362,0.3885434667821348,0.17098268548582984,61.523456018269854,0.0642
2026-01-13 00:00:00,C033,AppLovin,IN,playable,774.6,75821,1606,228,0.0212,0.142,3.3974,0.5419594733296239,0.4135166615478192,0.17679908073769343,48.424444933605564,0.0625
2026-01-14 00:00:00,C033,AppLovin,IN,playable,440.46,42737,882,139,0.0206,0.1576,3.1688,0.5953387605057401,0.35110865197269225,0.12403953813165959,27.862427351742337,0.0633
2026-01-15 00:00:00,C033,AppLovin,IN,playable,753.7,76710,1501,236,0.0196,0.1572,3.1936,0.5632408486920512,0.40407783030750327,0.15466828890436174,60.249250504054565,0.0799
2026-01-16 00:00:00,C033,AppLovin,IN,playable,903.45,125407,2326,382,0.0185,0.1642,2.3651,0.4936022385267293,0.3308017218752402,0.13850344873068082,68.16575964452325,0.0755
2026-01-17 00:00:00,C033,AppLovin,IN,playable,819.63,113807,2037,373,0.0179,0.1831,2.1974,0.6509761202794231,0.4110596212228255,0.14975034065283072,39.236567194508694,0.0479
2026-01-18 00:00:00,C033,AppLovin,IN,playable,593.18,57792,1215,185,0.021,0.1523,3.2064,0.579886469710329,0.3147134571744423,0.14410589722274691,27.090142625772824,0.0457
2026-01-19 00:00:00,C033,AppLovin,IN,playable,807.28,102200,1827,295,0.0179,0.1615,2.7365,0.6650921167041877,0.334133399181034,0.14307221765338982,97.36770608268242,0.1206
2026-01-20 00:00:00,C033,AppLovin,IN,playable,847.61,110433,2102,302,0.019,0.1437,2.8067,0.5803119948363162,0.3247038495719106,0.09627040276307898,40.68110147899467,0.048
2026-01-21 00:00:00,C033,AppLovin,IN,playable,487.48,57214,1194,206,0.0209,0.1725,2.3664,0.5207100548256081,0.3326464696053862,0.15901929020498257,35.14013556829317,0.0721
2026-01-22 00:00:00,C033,AppLovin,IN,playable,987.71,111902,2010,286,0.018,0.1423,3.4535,0.5966773431057176,0.403213229707295,0.12782968194379704,80.0952547484944,0.0811
2026-01-23 00:00:00,C033,AppLovin,IN,playable,831.2,74737,1726,277,0.0231,0.1605,3.0007,0.5078924274317878,0.35934651360613945,0.15534592722425802,68.16397080444703,0.082
2026-01-24 00:00:00,C033,AppLovin,IN,playable,500.8,54414,1084,158,0.0199,0.1458,3.1696,0.6323557383698845,0.3801037371599352,0.17373618187405074,16.06694514739713,0.0321
2026-01-25 00:00:00,C033,AppLovin,IN,playable,427.16,39119,867,154,0.0222,0.1776,2.7738,0.5471720500274867,0.3831554758509678,0.16678273847352337,31.596724319916273,0.074
2026-01-26 00:00:00,C033,AppLovin,IN,playable,837.67,83751,1663,252,0.0199,0.1515,3.3241,0.5801870118940882,0.3918103872354836,0.1442411062748613,58.64673142937234,0.07
2026-01-27 00:00:00,C033,AppLovin,IN,playable,741.17,65778,1497,214,0.0228,0.143,3.4634,0.664088827122785,0.3974332024424828,0.19920044783241947,33.62030376037418,0.0454
2026-01-28 00:00:00,C033,AppLovin,IN,playable,763.52,89843,1994,322,0.0222,0.1615,2.3712,0.6430300673758805,0.413806894074102,0.16385575579143505,36.53726079966363,0.0479
2026-01-29 00:00:00,C033,AppLovin,IN,playable,798.98,96520,2062,376,0.0214,0.1823,2.1249,0.6856437554284731,0.4090563484158322,0.1603862563986783,54.195341768275796,0.0678
2026-01-30 00:00:00,C033,AppLovin,IN,playable,649.95,67366,1335,207,0.0198,0.1551,3.1399,0.6365966353152558,0.3339658575777536,0.12027420827553793,30.16461304562615,0.0464
2026-01-31 00:00:00,C033,AppLovin,IN,playable,886.09,130654,2266,362,0.0173,0.1598,2.4478,0.5887926268341632,0.38431288218970633,0.16864338961431757,72.10342292769352,0.0814
2026-02-01 00:00:00,C033,AppLovin,IN,playable,1032.56,124664,2511,448,0.0201,0.1784,2.3048,0.6200544176353582,0.3356751489085854,0.1601977427945387,97.75082168165191,0.0947
2026-02-02 00:00:00,C033,AppLovin,IN,playable,960.0,110051,2006,308,0.0182,0.1535,3.1169,0.6289024130930859,0.3626972557663873,0.13767082000262498,68.93009036219824,0.0718
2026-02-03 00:00:00,C033,AppLovin,IN,playable,929.37,104908,2037,360,0.0194,0.1767,2.5816,0.5505739494906676,0.34043110644155194,0.13992196734303095,79.79831873457677,0.0859
2026-02-04 00:00:00,C033,AppLovin,IN,playable,593.22,65505,1149,189,0.0175,0.1645,3.1387,0.5352794648226865,0.3327159865518045,0.1577138411070057,29.223007467325235,0.0493
2026-02-05 00:00:00,C033,AppLovin,IN,playable,880.79,98152,2266,386,0.0231,0.1703,2.2818,0.5190742876513508,0.3733816539945394,0.16953642267110308,99.40198970353177,0.1129
2026-02-06 00:00:00,C033,AppLovin,IN,playable,1146.64,107288,2222,380,0.0207,0.171,3.0175,0.6141983943897418,0.3965645768152249,0.15961709771182475,62.37859399282481,0.0544
2026-02-07 00:00:00,C033,AppLovin,IN,playable,987.82,123212,2458,368,0.0199,0.1497,2.6843,0.6113712960447834,0.3931925058761631,0.16583462696050127,79.77495260867126,0.0808
2026-02-08 00:00:00,C033,AppLovin,IN,playable,897.34,101248,2184,316,0.0216,0.1447,2.8397,0.6236367052121763,0.36709311655400984,0.1953965829629366,43.34067712072005,0.0483
2026-02-09 00:00:00,C033,AppLovin,IN,playable,647.22,69218,1583,271,0.0229,0.1712,2.3883,0.5825970056329749,0.3682081477640679,0.10823299369317155,76.68444785340984,0.1185
2026-02-10 00:00:00,C033,AppLovin,IN,playable,770.16,82331,1875,315,0.0228,0.168,2.445,0.5796422862680661,0.3580919187572884,0.17286621164532895,45.0475648407313,0.0585
2026-02-11 00:00:00,C033,AppLovin,IN,playable,738.37,78023,1794,329,0.023,0.1834,2.2443,0.6218946125531191,0.35068318201558385,0.16085891224483018,72.38167934114793,0.098
2026-02-12 00:00:00,C033,AppLovin,IN,playable,752.95,79164,1684,233,0.0213,0.1384,3.2315,0.5971787305119366,0.4187139833857723,0.1585920137814737,30.61641415663702,0.0407
2026-02-13 00:00:00,C033,AppLovin,IN,playable,662.85,68158,1583,238,0.0232,0.1503,2.7851,0.5371474428053641,0.32316927518739663,0.15267188199787776,30.867989883978915,0.0466
2026-02-14 00:00:00,C033,AppLovin,IN,playable,743.77,79324,1566,257,0.0197,0.1641,2.894,0.6641451444610563,0.3973003535056945,0.16461565815241155,44.36617513533453,0.0597
2026-02-15 00:00:00,C033,AppLovin,IN,playable,866.57,90772,1869,295,0.0206,0.1578,2.9375,0.6255947976715651,0.34414979985239447,0.11698810321197436,24.0907153895648,0.0278
2026-02-16 00:00:00,C033,AppLovin,IN,playable,660.66,67164,1551,228,0.0231,0.147,2.8976,0.5591892502409488,0.36486793562090103,0.09952789700814632,6.345146452939674,0.0096
2026-02-17 00:00:00,C033,AppLovin,IN,playable,857.61,118938,2075,343,0.0174,0.1653,2.5003,0.5534290231793804,0.3219651253574012,0.12403367754022365,63.99045062667867,0.0746
2026-02-18 00:00:00,C033,AppLovin,IN,playable,675.23,73831,1649,286,0.0223,0.1734,2.3609,0.5694217449620576,0.33254212043691395,0.1063684896823524,53.36251544663337,0.079
2026-02-19 00:00:00,C033,AppLovin,IN,playable,716.92,99548,1823,254,0.0183,0.1393,2.8225,0.5369219240335296,0.2929679336635539,0.16867957734052466,29.39949452711592,0.041
2026-02-20 00:00:00,C033,AppLovin,IN,playable,1042.18,123763,2401,386,0.0194,0.1608,2.6999,0.5676438441232162,0.33530334079571056,0.10780584851989938,58.8740809332535,0.0565
2026-02-21 00:00:00,C033,AppLovin,IN,playable,965.12,88357,2041,328,0.0231,0.1607,2.9424,0.607567988772587,0.36010014412843727,0.16027727729846267,74.60655926918717,0.0773
2026-02-22 00:00:00,C033,AppLovin,IN,playable,661.16,71860,1595,256,0.0222,0.1605,2.5827,0.5688960442898162,0.31746426888343965,0.1552462049928482,47.20821311066629,0.0714
2026-02-23 00:00:00,C033,AppLovin,IN,playable,871.24,86440,1783,313,0.0206,0.1755,2.7835,0.6006369118964738,0.3793966503888745,0.14371575824763624,81.2732535574428,0.0933
2026-02-24 00:00:00,C033,AppLovin,IN,playable,747.34,74433,1470,226,0.0197,0.1537,3.3068,0.5582674271742236,0.2989675575526653,0.1568606857300544,37.41283949369999,0.0501
2026-02-25 00:00:00,C033,AppLovin,IN,playable,616.96,64875,1252,200,0.0193,0.1597,3.0848,0.527722311922418,0.370173640261942,0.12983087423664977,57.26015376476964,0.0928
2026-02-26 00:00:00,C033,AppLovin,IN,playable,721.07,86712,1706,250,0.0197,0.1465,2.8843,0.5558865138849748,0.38054644181212155,0.1581385094060868,60.12701897933181,0.0834
2026-02-27 00:00:00,C033,AppLovin,IN,playable,688.35,66211,1447,250,0.0219,0.1728,2.7534,0.5571190101250572,0.40121314333713365,0.13128963230637225,26.20049867207648,0.0381
2026-02-28 00:00:00,C033,AppLovin,IN,playable,1280.07,151730,3020,484,0.0199,0.1603,2.6448,0.5040925133767853,0.3220463043572593,0.13179601647442357,57.92960243545852,0.0453
2026-03-01 00:00:00,C033,AppLovin,IN,playable,928.17,91001,1899,288,0.0209,0.1517,3.2228,0.6729674380992338,0.32465836713246343,0.18063096817170307,42.245936490123015,0.0455
2026-01-01 00:00:00,C034,AppLovin,US,static,771.82,34699,486,51,0.014,0.1049,15.1337,0.6860371034801265,0.47823201822617756,0.19877268744631496,30.622502965098793,0.0397
2026-01-02 00:00:00,C034,AppLovin,US,static,663.81,29467,464,62,0.0157,0.1336,10.7066,0.7106457675361088,0.4179780600731041,0.21158412932151793,41.79965576298301,0.063
2026-01-03 00:00:00,C034,AppLovin,US,static,573.12,29230,421,56,0.0144,0.133,10.2343,0.6944397396531935,0.43419432234143546,0.17382703566374058,42.22441374107108,0.0737
2026-01-04 00:00:00,C034,AppLovin,US,static,550.81,26711,352,43,0.0132,0.1222,12.8095,0.7376120953240293,0.478866467390397,0.16831998293351053,26.941769481828935,0.0489
2026-01-05 00:00:00,C034,AppLovin,US,static,785.14,33013,507,68,0.0154,0.1341,11.5462,0.5836244908236068,0.4072250714332005,0.19318728489057452,34.61344815366154,0.0441
2026-01-06 00:00:00,C034,AppLovin,US,static,1019.64,55046,787,86,0.0143,0.1093,11.8563,0.7018776776782581,0.40432390837128607,0.17582557859745793,64.60978705945915,0.0634
2026-01-07 00:00:00,C034,AppLovin,US,static,1015.88,43286,677,71,0.0156,0.1049,14.3082,0.5562847200404122,0.33959945774264083,0.15739578616716593,50.92114686146632,0.0501
2026-01-08 00:00:00,C034,AppLovin,US,static,830.44,42345,535,74,0.0126,0.1383,11.2222,0.608867522457999,0.3123189143648328,0.13452589888817554,44.1611571992622,0.0532
2026-01-09 00:00:00,C034,AppLovin,US,static,543.68,36200,429,59,0.0119,0.1375,9.2149,0.6819868286349077,0.3934652073951346,0.2040131247069374,40.5614907360877,0.0746
2026-01-10 00:00:00,C034,AppLovin,US,static,772.84,39601,601,72,0.0152,0.1198,10.7339,0.663856879007764,0.4347238159109312,0.16017437616582603,48.35110448112693,0.0626
2026-01-11 00:00:00,C034,AppLovin,US,static,665.36,28925,437,52,0.0151,0.119,12.7954,0.6014297594058788,0.4047228956830527,0.1640505440060209,28.432334012469497,0.0427
2026-01-12 00:00:00,C034,AppLovin,US,static,715.77,36775,546,57,0.0148,0.1044,12.5574,0.7180175216202435,0.4506919624328097,0.14066635780829773,35.56453472667578,0.0497
2026-01-13 00:00:00,C034,AppLovin,US,static,780.15,42936,603,65,0.014,0.1078,12.0023,0.7135082680192812,0.39296222251133867,0.15487745712416556,40.56665923745802,0.052
2026-01-14 00:00:00,C034,AppLovin,US,static,643.2,26575,392,49,0.0148,0.125,13.1265,0.7100739003889674,0.4060920902982963,0.17283103349056914,28.256162124984844,0.0439
2026-01-15 00:00:00,C034,AppLovin,US,static,595.62,33233,465,65,0.014,0.1398,9.1634,0.681622901452639,0.41447551595773446,0.1857135189585341,43.30038886335037,0.0727
2026-01-16 00:00:00,C034,AppLovin,US,static,766.03,44850,564,63,0.0126,0.1117,12.1592,0.7593168458123275,0.4008717634116387,0.17611190068865196,41.91343826763745,0.0547
2026-01-17 00:00:00,C034,AppLovin,US,static,807.05,39976,534,64,0.0134,0.1199,12.6102,0.7285962243769951,0.43875472825391654,0.1957244614205935,48.73845648282175,0.0604
2026-01-18 00:00:00,C034,AppLovin,US,static,842.71,34105,529,59,0.0155,0.1115,14.2832,0.6514319459256334,0.3681376031037693,0.1529574001932053,34.691067070730725,0.0412
2026-01-19 00:00:00,C034,AppLovin,US,static,552.15,21108,333,42,0.0158,0.1261,13.1464,0.70267921366769,0.4200880840158059,0.15579419346784726,29.57881184727041,0.0536
2026-01-20 00:00:00,C034,AppLovin,US,static,977.68,49738,719,96,0.0145,0.1335,10.1842,0.6236392336506872,0.376701310953023,0.11229593276717945,51.090055496890415,0.0523
2026-01-21 00:00:00,C034,AppLovin,US,static,745.48,38345,543,67,0.0142,0.1234,11.1266,0.6490501182190468,0.4556235946351398,0.1459295883100187,36.110099776518894,0.0484
2026-01-22 00:00:00,C034,AppLovin,US,static,722.04,37196,571,64,0.0154,0.1121,11.2819,0.7326743422790197,0.4683895496761587,0.19953227169701912,43.94351633921373,0.0609
2026-01-23 00:00:00,C034,AppLovin,US,static,804.18,32071,497,57,0.0155,0.1147,14.1084,0.7327340887540266,0.4565935927215085,0.1890715046887919,36.64060892693055,0.0456
2026-01-24 00:00:00,C034,AppLovin,US,static,783.08,39231,511,61,0.013,0.1194,12.8374,0.642122922219214,0.37503437288930747,0.13570249899125272,32.2326653994257,0.0412
2026-01-25 00:00:00,C034,AppLovin,US,static,790.85,38555,523,71,0.0136,0.1358,11.1387,0.6008819726869041,0.4114331224898486,0.16578060065841613,37.94801686207055,0.048
2026-01-26 00:00:00,C034,AppLovin,US,static,472.08,22193,322,34,0.0145,0.1056,13.8847,0.71114685758548,0.4421212062272395,0.1578164587971395,20.655311071612243,0.0438
2026-01-27 00:00:00,C034,AppLovin,US,static,716.82,38748,530,65,0.0137,0.1226,11.028,0.6830120609752428,0.42467583010025484,0.176974461568625,37.97241925701888,0.053
2026-01-28 00:00:00,C034,AppLovin,US,static,747.97,34458,526,70,0.0153,0.1331,10.6853,0.7641320388909643,0.3887367930154738,0.15846522963342874,49.614933270327796,0.0663
2026-01-29 00:00:00,C034,AppLovin,US,static,762.97,42480,538,66,0.0127,0.1227,11.5602,0.6272391759715235,0.4305992179824657,0.17742453608332892,38.571842804970586,0.0506
2026-01-30 00:00:00,C034,AppLovin,US,static,895.94,37501,552,66,0.0147,0.1196,13.5748,0.6924266454888346,0.39296753429268483,0.14236534886034327,37.258298894745685,0.0416
2026-01-31 00:00:00,C034,AppLovin,US,static,875.16,39905,547,61,0.0137,0.1115,14.3469,0.6638897478203554,0.3613388138466201,0.1430943215478099,30.97435153673676,0.0354
2026-02-01 00:00:00,C034,AppLovin,US,static,813.76,40857,631,68,0.0154,0.1078,11.9671,0.6200013107865247,0.32408703305430575,0.15514549825170446,41.37760033423431,0.0508
2026-02-02 00:00:00,C034,AppLovin,US,static,799.02,33236,506,53,0.0152,0.1047,15.0758,0.6062583606436549,0.3675423835475879,0.16641006142218007,32.720043180085334,0.041
2026-02-03 00:00:00,C034,AppLovin,US,static,705.26,36098,490,60,0.0136,0.1224,11.7543,0.7079452314416901,0.44414042841402646,0.17737231567710363,43.71943228729097,0.062
2026-02-04 00:00:00,C034,AppLovin,US,static,990.39,42419,639,83,0.0151,0.1299,11.9324,0.6014625416050507,0.32055995725286185,0.14254501729377292,51.30406541092356,0.0518
2026-02-05 00:00:00,C034,AppLovin,US,static,882.5,45382,639,71,0.0141,0.1111,12.4296,0.5461476193774646,0.371449878257515,0.1553161705591037,36.37898984096765,0.0412
2026-02-06 00:00:00,C034,AppLovin,US,static,713.53,31634,502,60,0.0159,0.1195,11.8922,0.7129395420382866,0.4716333343489973,0.17887606751976864,39.50837288544071,0.0554
2026-02-07 00:00:00,C034,AppLovin,US,static,691.99,28613,416,46,0.0145,0.1106,15.0433,0.6814823170607028,0.48682063220370725,0.15761276637595323,33.13072810191656,0.0479
2026-02-08 00:00:00,C034,AppLovin,US,static,904.79,48603,579,77,0.0119,0.133,11.7505,0.6369589749055056,0.39337186218081704,0.16173103922178506,48.054157748159916,0.0531
2026-02-09 00:00:00,C034,AppLovin,US,static,739.39,41819,547,72,0.0131,0.1316,10.2693,0.6524138725892552,0.4319237357321333,0.1501216989989689,50.58494959724411,0.0684
2026-02-10 00:00:00,C034,AppLovin,US,static,874.63,53294,701,89,0.0132,0.127,9.8273,0.7033354279694585,0.4087747811161454,0.1873573796282588,63.1988451226695,0.0723
2026-02-11 00:00:00,C034,AppLovin,US,static,797.46,46542,635,72,0.0136,0.1134,11.0758,0.6789768406373275,0.5038043979774715,0.18533582847361643,45.97842285158923,0.0577
2026-02-12 00:00:00,C034,AppLovin,US,static,815.99,37498,573,60,0.0153,0.1047,13.5998,0.6764230762631651,0.40115746834056404,0.18547720400494574,40.58285225714552,0.0497
2026-02-13 00:00:00,C034,AppLovin,US,static,925.15,47101,629,76,0.0134,0.1208,12.173,0.5925445107549844,0.3648961770668891,0.152376930864324,44.329786684202105,0.0479
2026-02-14 00:00:00,C034,AppLovin,US,static,772.59,33756,510,65,0.0151,0.1275,11.886,0.6475901263135335,0.3998602896208198,0.15145360102107344,38.091621408820856,0.0493
2026-02-15 00:00:00,C034,AppLovin,US,static,726.3,39258,480,57,0.0122,0.1187,12.7421,0.7142452832946727,0.47468458885548903,0.19956603979725868,37.603071398539576,0.0518
2026-02-16 00:00:00,C034,AppLovin,US,static,929.02,60537,752,79,0.0124,0.1051,11.7597,0.6234173790348414,0.3993419153416394,0.1964227703634362,52.415505164438244,0.0564
2026-02-17 00:00:00,C034,AppLovin,US,static,829.44,46366,610,76,0.0132,0.1246,10.9137,0.6832536737883866,0.35802810525384965,0.16264045458125492,38.93439635177779,0.0469
2026-02-18 00:00:00,C034,AppLovin,US,static,712.46,30961,432,61,0.014,0.1412,11.6797,0.6874918175973972,0.3550729435415672,0.16848993717925542,36.29024119872395,0.0509
2026-02-19 00:00:00,C034,AppLovin,US,static,812.04,34025,510,54,0.015,0.1059,15.0378,0.6289484476787398,0.42936002559093517,0.1473693803929412,29.206713427446555,0.036
2026-02-20 00:00:00,C034,AppLovin,US,static,629.31,27755,390,52,0.0141,0.1333,12.1021,0.6249229644158005,0.3660939792051785,0.17891573071580727,33.54276338387996,0.0533
2026-02-21 00:00:00,C034,AppLovin,US,static,777.12,41007,560,70,0.0137,0.125,11.1017,0.7181844540481115,0.41753999050029267,0.2271735933462271,46.42296176214029,0.0597
2026-02-22 00:00:00,C034,AppLovin,US,static,806.54,39278,491,64,0.0125,0.1303,12.6022,0.7058576305865698,0.4042528141648511,0.1702667234071731,41.27268713833707,0.0512
2026-02-23 00:00:00,C034,AppLovin,US,static,991.22,53570,723,80,0.0135,0.1107,12.3902,0.739802583307218,0.4017041779014755,0.17885554530596576,61.34843817088129,0.0619
2026-02-24 00:00:00,C034,AppLovin,US,static,811.52,40147,489,58,0.0122,0.1186,13.9917,0.6366933063006966,0.4321385367347358,0.1543201405145429,32.22882486359441,0.0397
2026-02-25 00:00:00,C034,AppLovin,US,static,819.13,44958,626,87,0.0139,0.139,9.4153,0.7169173968745944,0.38171465002033983,0.21304517786621258,44.569943917024446,0.0544
2026-02-26 00:00:00,C034,AppLovin,US,static,512.17,22911,364,45,0.0159,0.1236,11.3816,0.6266022493679284,0.3844882201685602,0.1543389620355091,27.305046553033367,0.0533
2026-02-27 00:00:00,C034,AppLovin,US,static,859.99,42345,602,71,0.0142,0.1179,12.1125,0.5863495960701642,0.373054122166911,0.14794067250458043,35.6524531545156,0.0415
2026-02-28 00:00:00,C034,AppLovin,US,static,714.18,31439,442,53,0.0141,0.1199,13.4751,0.6720449553682006,0.45549466953530193,0.16833663324806433,35.83235003237484,0.0502
2026-03-01 00:00:00,C034,AppLovin,US,static,1116.59,53265,780,90,0.0146,0.1154,12.4066,0.6044408547059212,0.3675777441280164,0.15387499845248004,53.8533694537423,0.0482
2026-01-01 00:00:00,C035,AppLovin,BR,static,786.38,95387,1205,126,0.0126,0.1046,6.2411,0.5587478996675415,0.3435438508802222,0.153599039234092,29.925167261461375,0.0381
2026-01-02 00:00:00,C035,AppLovin,BR,static,667.07,68785,1070,116,0.0156,0.1084,5.7506,0.5552902539504676,0.3179429666364059,0.15717282048142642,31.422514151743158,0.0471
2026-01-03 00:00:00,C035,AppLovin,BR,static,687.86,78936,1051,145,0.0133,0.138,4.7439,0.43719794076751284,0.27143433082215074,0.1251230324672246,23.422019775588456,0.0341
2026-01-04 00:00:00,C035,AppLovin,BR,static,909.75,96431,1409,195,0.0146,0.1384,4.6654,0.5051286934491553,0.2913833213348314,0.15175401592582088,54.34458058516839,0.0597
2026-01-05 00:00:00,C035,AppLovin,BR,static,760.45,80770,1076,141,0.0133,0.131,5.3933,0.5574028670834948,0.2958777463987414,0.14597866479502594,18.21417448210298,0.024
2026-01-06 00:00:00,C035,AppLovin,BR,static,932.71,102873,1608,177,0.0156,0.1101,5.2695,0.4841295059624463,0.2589367440807203,0.12197608796781906,45.10800479720185,0.0484
2026-01-07 00:00:00,C035,AppLovin,BR,static,884.1,90577,1327,179,0.0147,0.1349,4.9391,0.47595135994866905,0.2845177965820029,0.15001593109910522,27.221305026535358,0.0308
2026-01-08 00:00:00,C035,AppLovin,BR,static,596.8,58284,875,102,0.015,0.1166,5.851,0.5982442850047371,0.3131621712740532,0.1531668638937299,19.242613376571626,0.0322
2026-01-09 00:00:00,C035,AppLovin,BR,static,1078.17,109580,1650,230,0.0151,0.1394,4.6877,0.5127542276119685,0.3494936464258817,0.10708617364081424,27.594278454130958,0.0256
2026-01-10 00:00:00,C035,AppLovin,BR,static,997.79,119344,1644,229,0.0138,0.1393,4.3572,0.46066943225101037,0.28587908763834263,0.13905193987011952,36.684475692195484,0.0368
2026-01-11 00:00:00,C035,AppLovin,BR,static,701.89,89935,1105,136,0.0123,0.1231,5.161,0.5784802450146463,0.3064640556325841,0.1629644052560049,39.39493172610803,0.0561
2026-01-12 00:00:00,C035,AppLovin,BR,static,488.06,68430,858,115,0.0125,0.134,4.244,0.4949091951174009,0.3634798158702204,0.1440917653415086,24.880851413076815,0.051
2026-01-13 00:00:00,C035,AppLovin,BR,static,673.4,77791,1219,160,0.0157,0.1313,4.2088,0.4956959430153014,0.279926290178758,0.14779928453805835,33.810210521407136,0.0502
2026-01-14 00:00:00,C035,AppLovin,BR,static,948.59,104664,1467,173,0.014,0.1179,5.4832,0.5092086679858286,0.2973391824287835,0.13403383814091063,30.786533129938068,0.0325
2026-01-15 00:00:00,C035,AppLovin,BR,static,815.95,99332,1317,154,0.0133,0.1169,5.2984,0.5191517928083846,0.2733149343216343,0.12369528300222454,37.06512523711505,0.0454
2026-01-16 00:00:00,C035,AppLovin,BR,static,847.94,103260,1400,176,0.0136,0.1257,4.8178,0.48678530353336097,0.3584351926454488,0.09565859891149589,39.48234963330117,0.0466
2026-01-17 00:00:00,C035,AppLovin,BR,static,716.26,85243,1081,127,0.0127,0.1175,5.6398,0.5586514888950936,0.3391103177083764,0.15742493680170655,38.163104454014125,0.0533
2026-01-18 00:00:00,C035,AppLovin,BR,static,764.21,103641,1236,149,0.0119,0.1206,5.1289,0.4617060288127951,0.30447940900309506,0.12325850796230768,27.936425548753622,0.0366
2026-01-19 00:00:00,C035,AppLovin,BR,static,660.87,101496,1212,167,0.0119,0.1378,3.9573,0.5520434248230249,0.3859141756935984,0.14840992868210234,30.066507913516475,0.0455
2026-01-20 00:00:00,C035,AppLovin,BR,static,779.37,93899,1319,151,0.014,0.1145,5.1614,0.5530675607357094,0.34370619370955807,0.14298629161824658,22.36658644844054,0.0287
2026-01-21 00:00:00,C035,AppLovin,BR,static,1109.6,160675,2080,226,0.0129,0.1087,4.9097,0.4652839136519251,0.3299979479885593,0.09739122455377668,46.7277445899219,0.0421
2026-01-22 00:00:00,C035,AppLovin,BR,static,600.03,59308,882,97,0.0149,0.11,6.1859,0.5127415200253468,0.29141414264282123,0.1271335340412624,19.36591480416087,0.0323
2026-01-23 00:00:00,C035,AppLovin,BR,static,1063.81,119847,1646,190,0.0137,0.1154,5.599,0.4686823821516832,0.3128505328858972,0.1321979644248502,47.44221539641603,0.0446
2026-01-24 00:00:00,C035,AppLovin,BR,static,687.13,89027,1093,153,0.0123,0.14,4.491,0.5933730607715288,0.30862376284330095,0.16853232209767455,57.056304344808254,0.083
2026-01-25 00:00:00,C035,AppLovin,BR,static,811.55,91978,1166,138,0.0127,0.1184,5.8808,0.4601570631772234,0.4216009518615401,0.14578275658553083,33.85359751713876,0.0417
2026-01-26 00:00:00,C035,AppLovin,BR,static,791.99,104659,1296,176,0.0124,0.1358,4.4999,0.5656159450587631,0.35322123273873385,0.12845957849924086,34.45969530370981,0.0435
2026-01-27 00:00:00,C035,AppLovin,BR,static,849.13,80001,1263,148,0.0158,0.1172,5.7374,0.5335114158930577,0.38691552338828444,0.1034736573042532,47.31346707878983,0.0557
2026-01-28 00:00:00,C035,AppLovin,BR,static,667.86,84186,1120,120,0.0133,0.1071,5.5655,0.47890301194277474,0.28881463640793154,0.150655147730577,20.160674457692487,0.0302
2026-01-29 00:00:00,C035,AppLovin,BR,static,676.58,93110,1257,137,0.0135,0.109,4.9385,0.6052607796922924,0.35675176105591805,0.13614493627042318,33.82444594797256,0.05
2026-01-30 00:00:00,C035,AppLovin,BR,static,919.16,109756,1369,169,0.0125,0.1234,5.4388,0.4477899924914407,0.2769644018093498,0.14002684020068812,19.085707080454483,0.0208
2026-01-31 00:00:00,C035,AppLovin,BR,static,859.86,98299,1554,213,0.0158,0.1371,4.0369,0.5257305328230336,0.3136125084540016,0.15232004356742482,15.027510421706737,0.0175
2026-02-01 00:00:00,C035,AppLovin,BR,static,1145.22,151743,2002,240,0.0132,0.1199,4.7717,0.4815528769158723,0.3511904507113586,0.1289071283565606,66.73736071162624,0.0583
2026-02-02 00:00:00,C035,AppLovin,BR,static,712.36,87307,1077,118,0.0123,0.1096,6.0369,0.5117995991994798,0.29291724797393565,0.14189901107166283,22.857975538165253,0.0321
2026-02-03 00:00:00,C035,AppLovin,BR,static,799.19,102759,1314,183,0.0128,0.1393,4.3672,0.5149300935906261,0.3354300564994523,0.16212718692134373,47.693790797210816,0.0597
2026-02-04 00:00:00,C035,AppLovin,BR,static,676.82,86962,1172,140,0.0135,0.1195,4.8344,0.5122156861286447,0.3285228230190062,0.10914070391114589,30.785713486682468,0.0455
2026-02-05 00:00:00,C035,AppLovin,BR,static,839.27,88002,1323,163,0.015,0.1232,5.1489,0.5355599055424807,0.32541916530260717,0.17746986040490492,39.25646229183353,0.0468
2026-02-06 00:00:00,C035,AppLovin,BR,static,496.85,54673,844,110,0.0154,0.1303,4.5168,0.5040512826817223,0.32642773774285805,0.12443711621987184,18.119033921583963,0.0365
2026-02-07 00:00:00,C035,AppLovin,BR,static,994.72,139801,1839,207,0.0132,0.1126,4.8054,0.48490300913933443,0.3048829810658448,0.15174463781267727,40.695244577375036,0.0409
2026-02-08 00:00:00,C035,AppLovin,BR,static,970.99,102492,1574,219,0.0154,0.1391,4.4337,0.5422599269193017,0.29570366238747064,0.13848691508155847,59.62880626158581,0.0614
2026-02-09 00:00:00,C035,AppLovin,BR,static,616.23,55579,889,103,0.016,0.1159,5.9828,0.5175483645798574,0.2880277663314315,0.12026631025226305,11.581851346580068,0.0188
2026-02-10 00:00:00,C035,AppLovin,BR,static,680.0,77411,974,108,0.0126,0.1109,6.2963,0.5241838922033247,0.3348643944534338,0.14713621615179034,31.968270881693652,0.047
2026-02-11 00:00:00,C035,AppLovin,BR,static,930.58,91285,1441,171,0.0158,0.1187,5.442,0.5885073791383684,0.3452020576268499,0.15603530672133784,19.568148670501415,0.021
2026-02-12 00:00:00,C035,AppLovin,BR,static,637.87,68567,1089,115,0.0159,0.1056,5.5467,0.5110083464171509,0.37503550833899096,0.11303938899727553,38.15078058943499,0.0598
2026-02-13 00:00:00,C035,AppLovin,BR,static,1196.96,134307,1831,214,0.0136,0.1169,5.5933,0.4569029830735556,0.2989995512188898,0.11268619696594005,35.2439029273678,0.0294
2026-02-14 00:00:00,C035,AppLovin,BR,static,980.63,96524,1450,179,0.015,0.1234,5.4784,0.5291537205508324,0.3441209139017775,0.09018261214864237,28.422188475038197,0.029
2026-02-15 00:00:00,C035,AppLovin,BR,static,945.59,112679,1417,157,0.0126,0.1108,6.0229,0.4678996927422143,0.2573519031421972,0.10289764489015635,25.6010655355911,0.0271
2026-02-16 00:00:00,C035,AppLovin,BR,static,732.47,89785,1349,160,0.015,0.1186,4.5779,0.548600933673246,0.2690622254180048,0.16237833366849705,32.342116566162574,0.0442
2026-02-17 00:00:00,C035,AppLovin,BR,static,709.66,74978,1057,133,0.0141,0.1258,5.3358,0.573313368199391,0.3773397622966571,0.16969945855763915,37.146137335237654,0.0523
2026-02-18 00:00:00,C035,AppLovin,BR,static,654.04,78353,1117,122,0.0143,0.1092,5.361,0.5076168668085099,0.3145393094578766,0.14321602067202566,24.363398218164356,0.0373
2026-02-19 00:00:00,C035,AppLovin,BR,static,950.27,138789,1734,237,0.0125,0.1367,4.0096,0.4675536894579734,0.2843718916416678,0.11805144416653193,64.68370500242123,0.0681
2026-02-20 00:00:00,C035,AppLovin,BR,static,471.29,45914,703,91,0.0153,0.1294,5.179,0.512108184522852,0.25972476146106116,0.1264461710682197,17.99824514208966,0.0382
2026-02-21 00:00:00,C035,AppLovin,BR,static,571.04,67795,999,109,0.0147,0.1091,5.2389,0.48239410397260474,0.34667525420708317,0.11884934423845213,15.369305914018533,0.0269
2026-02-22 00:00:00,C035,AppLovin,BR,static,785.25,84979,1347,180,0.0159,0.1336,4.3625,0.6192822081520478,0.37289960873892564,0.18446045385138796,47.40081380426961,0.0604
2026-02-23 00:00:00,C035,AppLovin,BR,static,652.1,76668,1054,127,0.0137,0.1205,5.1346,0.5230368725810415,0.2756709448696833,0.10622128993371355,16.230273777346678,0.0249
2026-02-24 00:00:00,C035,AppLovin,BR,static,837.65,120666,1433,200,0.0119,0.1396,4.1883,0.49576105255132374,0.2539869257136448,0.10857683799473565,45.02378300826367,0.0538
2026-02-25 00:00:00,C035,AppLovin,BR,static,862.05,124942,1624,202,0.013,0.1244,4.2676,0.49712405621102934,0.32059769581223496,0.13052511523306412,38.05318899990875,0.0441
2026-02-26 00:00:00,C035,AppLovin,BR,static,946.67,119178,1594,209,0.0134,0.1311,4.5295,0.6017118293272297,0.33001480565309144,0.10839505869477721,60.499883512375725,0.0639
2026-02-27 00:00:00,C035,AppLovin,BR,static,948.05,140948,1697,211,0.012,0.1243,4.4931,0.5564832901763973,0.2711679420076198,0.13165861668903883,42.42647991158011,0.0448
2026-02-28 00:00:00,C035,AppLovin,BR,static,612.38,93172,1113,134,0.0119,0.1204,4.57,0.4974730311437341,0.2741947322989156,0.13777838284540045,24.388042171932028,0.0398
2026-03-01 00:00:00,C035,AppLovin,BR,static,659.78,79355,1113,140,0.014,0.1258,4.7127,0.4972544956021243,0.2718351667279119,0.1202020307481524,25.203821706403485,0.0382
2026-01-01 00:00:00,C036,AppLovin,US,video,755.23,28643,502,74,0.0175,0.1474,10.2058,0.656163731575921,0.4303187201764907,0.15343935879586226,41.3576859349862,0.0548
2026-01-02 00:00:00,C036,AppLovin,US,video,636.63,24301,391,62,0.0161,0.1586,10.2682,0.6331838381568247,0.42526442416236593,0.14556375073320865,46.37057650917551,0.0728
2026-01-03 00:00:00,C036,AppLovin,US,video,854.73,40379,637,102,0.0158,0.1601,8.3797,0.7716140961651274,0.5223677063051138,0.21963437657406623,76.33382152763916,0.0893
2026-01-04 00:00:00,C036,AppLovin,US,video,566.92,18034,350,45,0.0194,0.1286,12.5982,0.7273923800812366,0.4547934512402574,0.14585674993950007,26.111858290891433,0.0461
2026-01-05 00:00:00,C036,AppLovin,US,video,663.43,26211,510,62,0.0195,0.1216,10.7005,0.6695149480769712,0.3712472193757773,0.17637824224353377,40.784854269219686,0.0615
2026-01-06 00:00:00,C036,AppLovin,US,video,504.79,18682,360,54,0.0193,0.15,9.348,0.7615590356276284,0.5291523708595425,0.20850244746028387,35.80231291317856,0.0709
2026-01-07 00:00:00,C036,AppLovin,US,video,546.29,29408,425,56,0.0145,0.1318,9.7552,0.6086762362962443,0.4665776866784466,0.2024332372498633,38.74985928354243,0.0709
2026-01-08 00:00:00,C036,AppLovin,US,video,900.15,33368,631,85,0.0189,0.1347,10.59,0.6829156943651599,0.463361277743653,0.195065256125195,58.78774534274084,0.0653
2026-01-09 00:00:00,C036,AppLovin,US,video,935.46,52038,752,117,0.0145,0.1556,7.9954,0.8178105248254258,0.47993199140832327,0.19745355894660488,76.19541557618228,0.0815
2026-01-10 00:00:00,C036,AppLovin,US,video,745.54,27776,487,64,0.0175,0.1314,11.6491,0.670080177083922,0.43170161372345683,0.18885044184518365,47.44236486336556,0.0636
2026-01-11 00:00:00,C036,AppLovin,US,video,787.69,38891,625,82,0.0161,0.1312,9.606,0.7610935463144353,0.4417413156795246,0.20676553344639828,59.234432294602996,0.0752
2026-01-12 00:00:00,C036,AppLovin,US,video,756.31,29627,577,89,0.0195,0.1542,8.4979,0.7285218951140614,0.4533646422590275,0.1536167571714724,56.97502081405942,0.0753
2026-01-13 00:00:00,C036,AppLovin,US,video,832.06,42637,671,89,0.0157,0.1326,9.349,0.7083741487176566,0.41333802468967806,0.20193951001583954,51.80184246361931,0.0623
2026-01-14 00:00:00,C036,AppLovin,US,video,843.99,37997,555,78,0.0146,0.1405,10.8204,0.7981379332711184,0.46372142620141643,0.17595101294383156,60.752813883096245,0.072
2026-01-15 00:00:00,C036,AppLovin,US,video,697.07,29613,472,67,0.0159,0.1419,10.404,0.6968272093904923,0.3865642690385639,0.1529766356737375,47.35333107135817,0.0679
2026-01-16 00:00:00,C036,AppLovin,US,video,1173.85,38889,733,110,0.0188,0.1501,10.6714,0.6798276311951398,0.46173079823680785,0.2041153553473827,72.45917667336414,0.0617
2026-01-17 00:00:00,C036,AppLovin,US,video,772.88,28771,546,65,0.019,0.119,11.8905,0.7075745362655489,0.41492901699216106,0.17163389674408502,46.687789013746766,0.0604
2026-01-18 00:00:00,C036,AppLovin,US,video,771.8,31065,492,73,0.0158,0.1484,10.5726,0.7828696532213629,0.45820646779421886,0.22296977960982492,50.22488387146541,0.0651
2026-01-19 00:00:00,C036,AppLovin,US,video,526.19,20664,317,41,0.0153,0.1293,12.8339,0.6772535923187232,0.3882630642176515,0.1492362461355402,23.31877216891947,0.0443
2026-01-20 00:00:00,C036,AppLovin,US,video,609.66,20092,367,54,0.0183,0.1471,11.29,0.7177604445569518,0.4318977913107284,0.19252489820376725,32.76942834045054,0.0538
2026-01-21 00:00:00,C036,AppLovin,US,video,619.66,27003,487,77,0.018,0.1581,8.0475,0.7351283370717296,0.47543531567502717,0.19495547998459248,58.5693963084453,0.0945
2026-01-22 00:00:00,C036,AppLovin,US,video,618.96,25712,421,61,0.0164,0.1449,10.1469,0.617522811936283,0.4412312693715307,0.18828425080729036,41.0453155830018,0.0663
2026-01-23 00:00:00,C036,AppLovin,US,video,1025.39,43950,793,113,0.018,0.1425,9.0742,0.6931968910633926,0.45960652850916606,0.2332796813157215,77.803103438028,0.0759
2026-01-24 00:00:00,C036,AppLovin,US,video,788.2,33239,613,78,0.0184,0.1272,10.1051,0.6895226036749954,0.38984802491194587,0.17845784139591434,43.84620605836328,0.0556
2026-01-25 00:00:00,C036,AppLovin,US,video,685.62,35440,543,85,0.0153,0.1565,8.0661,0.7088129259964595,0.43972334048986134,0.16925572849395867,53.19147302174931,0.0776
2026-01-26 00:00:00,C036,AppLovin,US,video,673.02,30458,450,58,0.0148,0.1289,11.6038,0.6168468160232237,0.391613827193097,0.18218019807145375,37.084773418449714,0.0551
2026-01-27 00:00:00,C036,AppLovin,US,video,885.13,43879,649,80,0.0148,0.1233,11.0641,0.8299106155055321,0.4171305188679915,0.20378794003742443,59.31116366499393,0.067
2026-01-28 00:00:00,C036,AppLovin,US,video,551.23,22312,401,64,0.018,0.1596,8.613,0.6854918564724013,0.38714144453119553,0.19443772391073708,39.03902729100299,0.0708
2026-01-29 00:00:00,C036,AppLovin,US,video,613.23,22409,387,51,0.0173,0.1318,12.0241,0.7204614202075426,0.5141703271325379,0.21562063846303314,34.85248625969571,0.0568
2026-01-30 00:00:00,C036,AppLovin,US,video,958.61,47483,731,97,0.0154,0.1327,9.8826,0.6890079990778889,0.39996613137821874,0.1666305786631995,54.351388535009605,0.0567
2026-01-31 00:00:00,C036,AppLovin,US,video,912.56,47176,732,117,0.0155,0.1598,7.7997,0.7034491590229212,0.44179683866539277,0.2270134852151663,82.4043149305558,0.0903
2026-02-01 00:00:00,C036,AppLovin,US,video,556.41,26007,376,50,0.0145,0.133,11.1282,0.7778373732207597,0.4769376577462559,0.2010575684398817,31.49038810778768,0.0566
2026-02-02 00:00:00,C036,AppLovin,US,video,811.41,34312,556,73,0.0162,0.1313,11.1152,0.7590659218193169,0.4966353808439987,0.16655545690136803,55.751154521832824,0.0687
2026-02-03 00:00:00,C036,AppLovin,US,video,724.01,34036,497,74,0.0146,0.1489,9.7839,0.6984348452094999,0.44511287600814303,0.14796738028174197,43.60246131062789,0.0602
2026-02-04 00:00:00,C036,AppLovin,US,video,891.73,33841,598,82,0.0177,0.1371,10.8748,0.7102938761923977,0.4149286699261074,0.18931682183658394,57.59054680827387,0.0646
2026-02-05 00:00:00,C036,AppLovin,US,video,820.13,31382,579,83,0.0185,0.1434,9.8811,0.6471084310234312,0.3805617722576394,0.17014157908642397,54.32963158752157,0.0662
2026-02-06 00:00:00,C036,AppLovin,US,video,651.2,28748,457,54,0.0159,0.1182,12.0593,0.7315322344279108,0.4155364934706176,0.1828144903969645,41.001282639878085,0.063
2026-02-07 00:00:00,C036,AppLovin,US,video,1116.65,45983,671,91,0.0146,0.1356,12.2709,0.7649580967987896,0.49308849159978774,0.17338124190116522,62.8030788890071,0.0562
2026-02-08 00:00:00,C036,AppLovin,US,video,837.68,31244,573,92,0.0183,0.1606,9.1052,0.6498040421447112,0.4378550317081968,0.1937243494391008,68.8996502866103,0.0823
2026-02-09 00:00:00,C036,AppLovin,US,video,629.2,29210,487,74,0.0167,0.152,8.5027,0.6521819859739495,0.4798468155869805,0.20184455274237253,49.516303290612385,0.0787
2026-02-10 00:00:00,C036,AppLovin,US,video,861.55,34562,606,85,0.0175,0.1403,10.1359,0.7861595249647177,0.46219896298910773,0.18620279176857546,60.081770181461344,0.0697
2026-02-11 00:00:00,C036,AppLovin,US,video,731.88,28607,447,67,0.0156,0.1499,10.9236,0.763249951093952,0.44131638049908073,0.20684590715684323,57.53454840772679,0.0786
2026-02-12 00:00:00,C036,AppLovin,US,video,759.68,28754,456,62,0.0159,0.136,12.2529,0.7480042502064181,0.4584728292193013,0.1558130467493198,42.01555267532072,0.0553
2026-02-13 00:00:00,C036,AppLovin,US,video,679.82,22673,432,66,0.0191,0.1528,10.3003,0.7448168720188296,0.43213774969763813,0.1839824022918542,46.14652821629412,0.0679
2026-02-14 00:00:00,C036,AppLovin,US,video,723.34,28971,529,70,0.0183,0.1323,10.3334,0.6879370835465605,0.444673186214094,0.21056753396931038,52.009102972268664,0.0719
2026-02-15 00:00:00,C036,AppLovin,US,video,1081.74,49484,869,104,0.0176,0.1197,10.4013,0.6681006213321911,0.4438547204796996,0.16336436265986554,68.70390733724228,0.0635
2026-02-16 00:00:00,C036,AppLovin,US,video,706.19,33837,523,73,0.0155,0.1396,9.6738,0.7811065236732488,0.4194050034973103,0.215231715473632,47.08324492655166,0.0667
2026-02-17 00:00:00,C036,AppLovin,US,video,639.62,24057,390,56,0.0162,0.1436,11.4218,0.6758551779032745,0.48456581939778254,0.18844868397757358,39.557970503562544,0.0618
2026-02-18 00:00:00,C036,AppLovin,US,video,595.58,23610,397,62,0.0168,0.1562,9.6061,0.718656926324521,0.45254584048338065,0.18774918351602168,44.5018955411456,0.0747
2026-02-19 00:00:00,C036,AppLovin,US,video,729.03,26436,457,72,0.0173,0.1575,10.1254,0.728587087339203,0.4220943919131272,0.1897401881544231,44.621004192070714,0.0612
2026-02-20 00:00:00,C036,AppLovin,US,video,713.18,34091,545,71,0.016,0.1303,10.0448,0.7008183282523869,0.40356305578002666,0.16439507546761317,40.073245324331104,0.0562
2026-02-21 00:00:00,C036,AppLovin,US,video,555.06,18764,366,55,0.0195,0.1503,10.092,0.676882906236068,0.4160774921721627,0.15781097826198734,34.89579380161109,0.0629
2026-02-22 00:00:00,C036,AppLovin,US,video,645.05,28192,457,65,0.0162,0.1422,9.9238,0.7380301238063394,0.438538784362121,0.19672007582882087,43.47906935686926,0.0674
2026-02-23 00:00:00,C036,AppLovin,US,video,650.4,28098,522,80,0.0186,0.1533,8.13,0.7475825690100714,0.45214644803955173,0.17109144379606425,58.385524645387434,0.0898
2026-02-24 00:00:00,C036,AppLovin,US,video,821.91,40511,651,84,0.0161,0.129,9.7846,0.6346069037059618,0.4494236020581521,0.1501489193022751,60.23984487212294,0.0733
2026-02-25 00:00:00,C036,AppLovin,US,video,694.31,25295,484,57,0.0191,0.1178,12.1809,0.7410136378015403,0.47902007449756945,0.1680471232239796,44.519255610908886,0.0641
2026-02-26 00:00:00,C036,AppLovin,US,video,602.23,22104,387,52,0.0175,0.1344,11.5813,0.6697214593146333,0.39313611855197567,0.17600426075452946,29.61502710826951,0.0492
2026-02-27 00:00:00,C036,AppLovin,US,video,607.07,21369,407,57,0.019,0.14,10.6504,0.6147556176653589,0.4031040078651743,0.15223597967712876,31.88717040197191,0.0525
2026-02-28 00:00:00,C036,AppLovin,US,video,705.1,24326,436,61,0.0179,0.1399,11.559,0.6641580442173317,0.43250681114392514,0.17192439726964331,42.21403117194084,0.0599
2026-03-01 00:00:00,C036,AppLovin,US,video,709.06,29154,482,72,0.0165,0.1494,9.8481,0.7722662510193765,0.5271707437252828,0.1748060969585278,53.824753403951235,0.0759
2026-01-01 00:00:00,C037,AppLovin,JP,static,842.57,57920,705,94,0.0122,0.1333,8.9635,0.6084394281305425,0.35948135605362386,0.1308504689901136,55.24213673631116,0.0656
2026-01-02 00:00:00,C037,AppLovin,JP,static,1085.37,56040,731,82,0.013,0.1122,13.2362,0.6576658353106662,0.38880600675031085,0.15351262384862419,42.8066370306205,0.0394
2026-01-03 00:00:00,C037,AppLovin,JP,static,876.27,54469,663,89,0.0122,0.1342,9.8457,0.6044591424408895,0.37426830785602067,0.19061883516469963,58.794120008390685,0.0671
2026-01-04 00:00:00,C037,AppLovin,JP,static,858.38,47543,672,76,0.0141,0.1131,11.2945,0.5760247754779492,0.384776637298617,0.129006492004037,40.14849242841952,0.0468
2026-01-05 00:00:00,C037,AppLovin,JP,static,841.76,47284,680,90,0.0144,0.1324,9.3529,0.6335437448806948,0.3858503217337347,0.1801141348780125,45.72444075830486,0.0543
2026-01-06 00:00:00,C037,AppLovin,JP,static,874.69,50540,711,84,0.0141,0.1181,10.413,0.6329318579360386,0.444996910549034,0.15512723120830316,43.83251415524864,0.0501
2026-01-07 00:00:00,C037,AppLovin,JP,static,979.8,43464,694,87,0.016,0.1254,11.2621,0.6798623001676157,0.3861079983574317,0.11194880178595368,45.42237704947276,0.0464
2026-01-08 00:00:00,C037,AppLovin,JP,static,553.27,29537,379,44,0.0128,0.1161,12.5743,0.6916453700822853,0.4348114062187751,0.1798433438856085,26.896936580855915,0.0486
2026-01-09 00:00:00,C037,AppLovin,JP,static,979.63,51381,712,76,0.0139,0.1067,12.8899,0.6206484048944959,0.3903595706468789,0.1537777598093933,35.75518816585816,0.0365
2026-01-10 00:00:00,C037,AppLovin,JP,static,840.69,50211,664,83,0.0132,0.125,10.1288,0.5731785821903015,0.33373277693370074,0.14960760175967458,45.87729345570883,0.0546
2026-01-11 00:00:00,C037,AppLovin,JP,static,876.35,40163,589,73,0.0147,0.1239,12.0048,0.5860514933305078,0.34047391945481,0.1409826936973617,42.50589778431716,0.0485
2026-01-12 00:00:00,C037,AppLovin,JP,static,804.48,45617,625,79,0.0137,0.1264,10.1833,0.7153178748310439,0.42526573173767596,0.1865286695600347,48.59169709367966,0.0604
2026-01-13 00:00:00,C037,AppLovin,JP,static,852.24,43071,606,81,0.0141,0.1337,10.5215,0.6927196456143774,0.41536114929680423,0.20105085523650637,43.420062052508655,0.0509
2026-01-14 00:00:00,C037,AppLovin,JP,static,828.58,42149,650,73,0.0154,0.1123,11.3504,0.6282073202064175,0.31743733827191095,0.1430787140744929,45.571007122398484,0.055
2026-01-15 00:00:00,C037,AppLovin,JP,static,908.43,47988,655,82,0.0136,0.1252,11.0784,0.6569163752900309,0.42474519520448134,0.2019161034324042,55.76283065057636,0.0614
2026-01-16 00:00:00,C037,AppLovin,JP,static,1043.59,52332,674,75,0.0129,0.1113,13.9145,0.6227058235576167,0.40477793898961056,0.17498255658000708,44.783681070875346,0.0429
2026-01-17 00:00:00,C037,AppLovin,JP,static,944.95,55533,785,84,0.0141,0.107,11.2494,0.5669876951771429,0.3823976241181609,0.16630383607870497,47.922348463836,0.0507
2026-01-18 00:00:00,C037,AppLovin,JP,static,961.93,55654,678,79,0.0122,0.1165,12.1763,0.549145006248437,0.3663275429600309,0.12986076803079577,39.09790417858613,0.0406
2026-01-19 00:00:00,C037,AppLovin,JP,static,754.97,35829,486,60,0.0136,0.1235,12.5828,0.6314681615677797,0.41922207364078107,0.15601636703964458,34.59117008978608,0.0458
2026-01-20 00:00:00,C037,AppLovin,JP,static,764.03,42669,534,62,0.0125,0.1161,12.3231,0.6705495179268922,0.47698326292694015,0.19755047983912777,34.205338875874745,0.0448
2026-01-21 00:00:00,C037,AppLovin,JP,static,1084.26,60524,885,118,0.0146,0.1333,9.1886,0.6025665213029896,0.31042651310982594,0.1489642270828261,63.21064912338297,0.0583
2026-01-22 00:00:00,C037,AppLovin,JP,static,981.29,59335,810,103,0.0137,0.1272,9.5271,0.6595384433766276,0.45157081996542325,0.1836281005425505,75.05584326079398,0.0765
2026-01-23 00:00:00,C037,AppLovin,JP,static,1078.19,56527,894,112,0.0158,0.1253,9.6267,0.59147306249618,0.4331572375816957,0.18338431173696393,67.34941517695555,0.0625
2026-01-24 00:00:00,C037,AppLovin,JP,static,566.29,31615,468,65,0.0148,0.1389,8.7122,0.6379380779990047,0.3898250789732963,0.16811475945314028,39.3069421408466,0.0694
2026-01-25 00:00:00,C037,AppLovin,JP,static,914.3,56174,762,94,0.0136,0.1234,9.7266,0.5647607716716446,0.32600953201863914,0.16821605381059446,42.190790327373236,0.0461
2026-01-26 00:00:00,C037,AppLovin,JP,static,588.24,37745,492,53,0.013,0.1077,11.0989,0.6289523099599648,0.40602676098070767,0.15941688318940694,27.319851683199513,0.0464
2026-01-27 00:00:00,C037,AppLovin,JP,static,834.93,45320,541,59,0.0119,0.1091,14.1514,0.6904297850437644,0.4417710206706775,0.1581003976741342,28.92735118943939,0.0346
2026-01-28 00:00:00,C037,AppLovin,JP,static,803.64,40891,616,78,0.0151,0.1266,10.3031,0.6666787392322118,0.4570587773905667,0.16182651275912374,43.38123418729075,0.054
2026-01-29 00:00:00,C037,AppLovin,JP,static,943.96,48803,721,83,0.0148,0.1151,11.373,0.7004102441826381,0.3744830944558068,0.1574185995556942,51.9873415196687,0.0551
2026-01-30 00:00:00,C037,AppLovin,JP,static,813.48,55621,675,93,0.0121,0.1378,8.7471,0.5998577220696673,0.4379306492421944,0.14917760520371495,59.6671883630615,0.0733
2026-01-31 00:00:00,C037,AppLovin,JP,static,893.41,44647,620,83,0.0139,0.1339,10.764,0.6994096293653268,0.41945764777758915,0.1889861046186973,49.44627979228736,0.0553
2026-02-01 00:00:00,C037,AppLovin,JP,static,993.35,43554,666,85,0.0153,0.1276,11.6865,0.7202330223185669,0.42386377762643374,0.16070606626689604,47.64680805864841,0.048
2026-02-02 00:00:00,C037,AppLovin,JP,static,621.92,34018,533,64,0.0157,0.1201,9.7175,0.6676399572808887,0.4426830740641886,0.19810805991532998,38.5957109629782,0.0621
2026-02-03 00:00:00,C037,AppLovin,JP,static,721.94,32716,498,57,0.0152,0.1145,12.6656,0.7437999674577718,0.4195322328498308,0.16162595682069808,40.079968724194174,0.0555
2026-02-04 00:00:00,C037,AppLovin,JP,static,669.88,35655,435,55,0.0122,0.1264,12.1796,0.523762611119927,0.36434536342002427,0.1651570483530171,22.136718673842168,0.033
2026-02-05 00:00:00,C037,AppLovin,JP,static,605.33,33109,486,60,0.0147,0.1235,10.0888,0.6007177635177845,0.42007964511089907,0.17256017460988815,34.523003557721935,0.057
2026-02-06 00:00:00,C037,AppLovin,JP,static,743.97,35030,518,71,0.0148,0.1371,10.4785,0.6912987731451544,0.3881837554724902,0.19195247114183112,41.25845389780906,0.0555
2026-02-07 00:00:00,C037,AppLovin,JP,static,801.88,40665,624,86,0.0153,0.1378,9.3242,0.7403360815176362,0.4129244976576154,0.1763064914549044,51.541023848351365,0.0643
2026-02-08 00:00:00,C037,AppLovin,JP,static,870.77,40944,645,82,0.0158,0.1271,10.6191,0.5991057907617456,0.4001808184338022,0.13598626853101273,41.87356676059627,0.0481
2026-02-09 00:00:00,C037,AppLovin,JP,static,598.42,31436,447,58,0.0142,0.1298,10.3176,0.60033778498282,0.37465810058269755,0.14412731757376787,32.785722249720415,0.0548
2026-02-10 00:00:00,C037,AppLovin,JP,static,547.92,23118,354,38,0.0153,0.1073,14.4189,0.5532603095155819,0.36035239510196027,0.14289061661446076,15.903451849517673,0.029
2026-02-11 00:00:00,C037,AppLovin,JP,static,617.81,36894,529,68,0.0143,0.1285,9.0854,0.5912051443087424,0.37101262240146654,0.15589374476875845,30.880475258349772,0.05
2026-02-12 00:00:00,C037,AppLovin,JP,static,649.51,37986,499,57,0.0131,0.1142,11.3949,0.664483604437355,0.4146841863597618,0.15348227053633348,34.05254010027522,0.0524
2026-02-13 00:00:00,C037,AppLovin,JP,static,370.51,24185,319,39,0.0132,0.1223,9.5003,0.6175462470818041,0.3496392700618421,0.12731073496929896,20.723948818313737,0.0559
2026-02-14 00:00:00,C037,AppLovin,JP,static,660.14,38305,503,54,0.0131,0.1074,12.2248,0.574667019036105,0.4287247953110487,0.16266636790958883,30.90290781939521,0.0468
2026-02-15 00:00:00,C037,AppLovin,JP,static,723.81,39634,595,63,0.015,0.1059,11.489,0.7046534567633793,0.4267431322633262,0.12121443613301476,32.318723261106946,0.0447
2026-02-16 00:00:00,C037,AppLovin,JP,static,822.26,51607,662,84,0.0128,0.1269,9.7888,0.5856431206316688,0.3324573096579585,0.15586204674196288,42.04373485899188,0.0511
2026-02-17 00:00:00,C037,AppLovin,JP,static,727.6,34818,535,63,0.0154,0.1178,11.5492,0.5792383596829509,0.3847726627666884,0.13256594370296887,33.935578194677724,0.0466
2026-02-18 00:00:00,C037,AppLovin,JP,static,634.62,34052,450,62,0.0132,0.1378,10.2358,0.5325705967135412,0.34744779743491916,0.13572442392761933,36.075681495808645,0.0568
2026-02-19 00:00:00,C037,AppLovin,JP,static,647.02,29822,433,59,0.0145,0.1363,10.9664,0.6888186105937282,0.43504892620460495,0.14280280798466835,38.47051396785856,0.0595
2026-02-20 00:00:00,C037,AppLovin,JP,static,865.24,54716,742,90,0.0136,0.1213,9.6138,0.624170735487057,0.4343343987266219,0.13787966761430695,47.112215748582216,0.0544
2026-02-21 00:00:00,C037,AppLovin,JP,static,698.4,39955,594,65,0.0149,0.1094,10.7446,0.7576752456441754,0.41322535420827644,0.2013703131423043,41.110760660519624,0.0589
2026-02-22 00:00:00,C037,AppLovin,JP,static,922.58,47658,741,97,0.0155,0.1309,9.5111,0.717540645861809,0.33354717064529954,0.1758256146316052,58.08598348850901,0.063
2026-02-23 00:00:00,C037,AppLovin,JP,static,796.64,46165,687,78,0.0149,0.1135,10.2133,0.5608782448535166,0.4112918382618981,0.16314587385936055,43.729761989202856,0.0549
2026-02-24 00:00:00,C037,AppLovin,JP,static,913.43,50391,772,107,0.0153,0.1386,8.5367,0.5676165436649154,0.4010011924070033,0.1390039602352096,53.74066490417895,0.0588
2026-02-25 00:00:00,C037,AppLovin,JP,static,643.02,35719,447,50,0.0125,0.1119,12.8604,0.6325841323457504,0.43668132685826583,0.14918656221698953,25.539257216335283,0.0397
2026-02-26 00:00:00,C037,AppLovin,JP,static,877.72,48080,592,74,0.0123,0.125,11.8611,0.5959913887218982,0.335993559624449,0.15604463818080655,40.720432298498295,0.0464
2026-02-27 00:00:00,C037,AppLovin,JP,static,706.23,33775,477,53,0.0141,0.1111,13.3251,0.6538302094204874,0.3692806091965899,0.17209667459975664,25.0820382238767,0.0355
2026-02-28 00:00:00,C037,AppLovin,JP,static,793.02,54365,669,91,0.0123,0.136,8.7145,0.6021616518392083,0.3564764847230576,0.16096071966310765,47.45099929506297,0.0598
2026-03-01 00:00:00,C037,AppLovin,JP,static,561.38,34555,464,65,0.0134,0.1401,8.6366,0.6065196439235402,0.3589910788544953,0.16205411836242462,34.87501784460977,0.0621
2026-01-01 00:00:00,C038,AppLovin,IN,video,674.9,86114,1659,240,0.0193,0.1447,2.8121,0.5302535155438439,0.2851580810640467,0.1610166530804627,4.8,0.0071
2026-01-02 00:00:00,C038,AppLovin,IN,video,770.32,117804,1916,289,0.0163,0.1508,2.6655,0.5901916677729977,0.3071543759184018,0.13356930850281604,48.664672651149125,0.0632
2026-01-03 00:00:00,C038,AppLovin,IN,video,1029.08,168893,2514,330,0.0149,0.1313,3.1184,0.5614142316931698,0.3897093856325673,0.13324308172945032,36.416044505210536,0.0354
2026-01-04 00:00:00,C038,AppLovin,IN,video,505.37,66322,1265,162,0.0191,0.1281,3.1196,0.588984850323078,0.37093256873004593,0.14895192492866707,42.9971310363691,0.0851
2026-01-05 00:00:00,C038,AppLovin,IN,video,857.81,113428,1787,269,0.0158,0.1505,3.1889,0.47063335282408897,0.28975927876310004,0.15394033026075865,30.253401971324468,0.0353
2026-01-06 00:00:00,C038,AppLovin,IN,video,601.96,80555,1498,191,0.0186,0.1275,3.1516,0.49632853724264697,0.30807253134234647,0.1470939534072464,11.523348669233606,0.0191
2026-01-07 00:00:00,C038,AppLovin,IN,video,574.93,72846,1265,191,0.0174,0.151,3.0101,0.5043255006592969,0.31225417780663306,0.13071199050738422,43.14191122056649,0.075
2026-01-08 00:00:00,C038,AppLovin,IN,video,401.75,48658,931,143,0.0191,0.1536,2.8094,0.55916974096996,0.3803926146155924,0.1922679948678879,23.093171809204485,0.0575
2026-01-09 00:00:00,C038,AppLovin,IN,video,1007.83,130127,2318,307,0.0178,0.1324,3.2828,0.5377677005351009,0.3157401383418781,0.16481185321391706,29.31227927970445,0.0291
2026-01-10 00:00:00,C038,AppLovin,IN,video,1131.44,151067,2250,311,0.0149,0.1382,3.6381,0.618599909683584,0.3568572107046101,0.13047249366610647,37.29599284137749,0.033
2026-01-11 00:00:00,C038,AppLovin,IN,video,695.08,78568,1457,187,0.0185,0.1283,3.717,0.5310524113647596,0.3477935088363826,0.11344584474654,21.97385238715954,0.0316
2026-01-12 00:00:00,C038,AppLovin,IN,video,470.71,53536,925,139,0.0173,0.1503,3.3864,0.45466530709628,0.33654481610926074,0.12393609566075336,30.324634020352217,0.0644
2026-01-13 00:00:00,C038,AppLovin,IN,video,735.94,119751,1761,249,0.0147,0.1414,2.9556,0.5021823527402864,0.3581087727873515,0.11577187429141934,36.23610870560421,0.0492
2026-01-14 00:00:00,C038,AppLovin,IN,video,780.94,136551,1978,239,0.0145,0.1208,3.2675,0.5144025682345441,0.40529196910543586,0.1367678661012118,60.43206364522159,0.0774
2026-01-15 00:00:00,C038,AppLovin,IN,video,616.19,71152,1194,143,0.0168,0.1198,4.309,0.596931926588619,0.3740694407169788,0.16863302246333725,5.693155135182897,0.0092
2026-01-16 00:00:00,C038,AppLovin,IN,video,1128.76,157669,2487,296,0.0158,0.119,3.8134,0.4497526982161951,0.2912019198402962,0.15038863834413152,29.632331023190304,0.0263
2026-01-17 00:00:00,C038,AppLovin,IN,video,1009.37,126146,2311,327,0.0183,0.1415,3.0868,0.5486772621357714,0.3494620798616953,0.11515950505093572,38.472632487259986,0.0381
2026-01-18 00:00:00,C038,AppLovin,IN,video,910.36,111340,2017,301,0.0181,0.1492,3.0245,0.49682204581678374,0.33263809507855346,0.13254152622284296,28.622855339556008,0.0314
2026-01-19 00:00:00,C038,AppLovin,IN,video,688.16,82614,1578,227,0.0191,0.1439,3.0315,0.4938235839824345,0.2865557275859777,0.10771504846307169,33.51243381630341,0.0487
2026-01-20 00:00:00,C038,AppLovin,IN,video,927.4,115953,2056,313,0.0177,0.1522,2.9629,0.5128324750128351,0.2682217936059263,0.10232424947644156,41.32891985300943,0.0446
2026-01-21 00:00:00,C038,AppLovin,IN,video,511.19,67825,1172,147,0.0173,0.1254,3.4775,0.5118338687793584,0.32175105060984677,0.15229205140829716,19.572597063600227,0.0383
2026-01-22 00:00:00,C038,AppLovin,IN,video,727.5,99655,1552,194,0.0156,0.125,3.75,0.597164717773953,0.3325237029516859,0.14794047796312326,56.35379359481477,0.0775
2026-01-23 00:00:00,C038,AppLovin,IN,video,815.63,95082,1605,244,0.0169,0.152,3.3427,0.5385660227311316,0.29787585284852525,0.19110816359847294,28.95129605238307,0.0355
2026-01-24 00:00:00,C038,AppLovin,IN,video,975.39,140679,2520,350,0.0179,0.1389,2.7868,0.4577619505271066,0.36578237464492963,0.16543640281963448,51.215920272580135,0.0525
2026-01-25 00:00:00,C038,AppLovin,IN,video,734.86,95769,1561,193,0.0163,0.1236,3.8076,0.525292102219568,0.3891675863834848,0.15087401989961202,39.006310202153216,0.0531
2026-01-26 00:00:00,C038,AppLovin,IN,video,593.47,106826,1547,245,0.0145,0.1584,2.4223,0.5464537346215327,0.3283745568766835,0.1271473305073034,23.27870161450399,0.0392
2026-01-27 00:00:00,C038,AppLovin,IN,video,683.41,82971,1423,193,0.0172,0.1356,3.541,0.4630809939651887,0.28435431345236223,0.12382861207304403,31.21699158700321,0.0457
2026-01-28 00:00:00,C038,AppLovin,IN,video,673.37,88753,1449,179,0.0163,0.1235,3.7618,0.5689810229541481,0.3842506804040833,0.14584063627406063,28.90841735608782,0.0429
2026-01-29 00:00:00,C038,AppLovin,IN,video,900.09,114966,2231,285,0.0194,0.1277,3.1582,0.5147555570690274,0.3166509580867831,0.12337660711637956,68.92360109187904,0.0766
2026-01-30 00:00:00,C038,AppLovin,IN,video,865.33,122815,1969,302,0.016,0.1534,2.8653,0.5803976888096418,0.29606139457006964,0.10193172372828511,62.738099830811514,0.0725
2026-01-31 00:00:00,C038,AppLovin,IN,video,1063.58,144141,2416,365,0.0168,0.1511,2.9139,0.5196383666156491,0.2795039237220644,0.12615730329256503,94.71307900449231,0.0891
2026-02-01 00:00:00,C038,AppLovin,IN,video,558.85,89465,1361,208,0.0152,0.1528,2.6868,0.5958972139582971,0.3903431595567964,0.14510285258414138,53.052480495519426,0.0949
2026-02-02 00:00:00,C038,AppLovin,IN,video,1002.26,135714,2361,366,0.0174,0.155,2.7384,0.5384772746614914,0.3002187818732062,0.12401520225402268,60.74297570708178,0.0606
2026-02-03 00:00:00,C038,AppLovin,IN,video,748.0,97276,1610,205,0.0166,0.1273,3.6488,0.470952273539255,0.33232339173560527,0.13099874546842058,11.661506146659352,0.0156
2026-02-04 00:00:00,C038,AppLovin,IN,video,884.61,140472,2207,268,0.0157,0.1214,3.3008,0.5319653827932411,0.31612199572934946,0.12772410719299482,20.520421820358035,0.0232
2026-02-05 00:00:00,C038,AppLovin,IN,video,761.74,89026,1566,209,0.0176,0.1335,3.6447,0.44835389072775134,0.3214027486987877,0.16066720721659375,41.90489101041266,0.055
2026-02-06 00:00:00,C038,AppLovin,IN,video,979.76,157454,2540,347,0.0161,0.1366,2.8235,0.46997330492539924,0.3481591849442245,0.14794687528583195,34.46991928794608,0.0352
2026-02-07 00:00:00,C038,AppLovin,IN,video,949.52,122131,1872,232,0.0153,0.1239,4.0928,0.49200801385887327,0.3231139886355182,0.13527118780210012,50.27500493150702,0.0529
2026-02-08 00:00:00,C038,AppLovin,IN,video,754.38,126065,1879,290,0.0149,0.1543,2.6013,0.6129665705266857,0.3514300496995384,0.14534890016514126,56.17384986931889,0.0745
2026-02-09 00:00:00,C038,AppLovin,IN,video,594.03,70089,1154,152,0.0165,0.1317,3.9081,0.48554616205471146,0.28905365141732725,0.08547809880068613,26.9175554888972,0.0453
2026-02-10 00:00:00,C038,AppLovin,IN,video,771.4,117008,1821,282,0.0156,0.1549,2.7355,0.6387911173818431,0.41575978492382293,0.19538185892736903,33.814514842764936,0.0438
2026-02-11 00:00:00,C038,AppLovin,IN,video,940.98,131685,2066,313,0.0157,0.1515,3.0063,0.5072651992904696,0.3273171646012486,0.1202428805636023,51.67281331058156,0.0549
2026-02-12 00:00:00,C038,AppLovin,IN,video,740.67,98595,1838,278,0.0186,0.1513,2.6643,0.5174524309180325,0.373378612772964,0.12384012452319457,48.65737571719239,0.0657
2026-02-13 00:00:00,C038,AppLovin,IN,video,625.92,106152,1551,187,0.0146,0.1206,3.3472,0.5737867639480901,0.3226616363983794,0.12154622764774284,41.06379744791875,0.0656
2026-02-14 00:00:00,C038,AppLovin,IN,video,1007.88,108568,1961,292,0.0181,0.1489,3.4516,0.6188777113575423,0.34277191027340054,0.14677795957326406,50.491205927588204,0.0501
2026-02-15 00:00:00,C038,AppLovin,IN,video,1231.92,128866,2468,370,0.0192,0.1499,3.3295,0.5506747650134594,0.3645805276724273,0.15410061882973886,90.03043920234613,0.0731
2026-02-16 00:00:00,C038,AppLovin,IN,video,900.4,125725,2331,336,0.0185,0.1441,2.6798,0.5978364466543024,0.31554910812780657,0.152895982904889,71.29075275005812,0.0792
2026-02-17 00:00:00,C038,AppLovin,IN,video,655.16,82317,1458,208,0.0177,0.1427,3.1498,0.5659507225822624,0.3494366206977121,0.14878479735566702,52.06508145938628,0.0795
2026-02-18 00:00:00,C038,AppLovin,IN,video,760.54,84062,1491,197,0.0177,0.1321,3.8606,0.48445969551062007,0.3184218994049498,0.11766642855278507,30.954369903674444,0.0407
2026-02-19 00:00:00,C038,AppLovin,IN,video,741.4,81845,1470,178,0.018,0.1211,4.1652,0.5865082340789839,0.3410940187101723,0.14600989309189327,25.594632807595588,0.0345
2026-02-20 00:00:00,C038,AppLovin,IN,video,872.27,102251,1706,264,0.0167,0.1547,3.3041,0.6020510043534025,0.36694068957415127,0.13816008463470955,36.85065345040078,0.0422
2026-02-21 00:00:00,C038,AppLovin,IN,video,479.63,69037,1168,141,0.0169,0.1207,3.4016,0.5167722954854167,0.2733989968988148,0.14556209084232682,31.83688032206382,0.0664
2026-02-22 00:00:00,C038,AppLovin,IN,video,719.14,82881,1617,213,0.0195,0.1317,3.3762,0.5313197177579572,0.36586794205867723,0.1528358831216539,43.69971661749552,0.0608
2026-02-23 00:00:00,C038,AppLovin,IN,video,662.88,73481,1413,213,0.0192,0.1507,3.1121,0.5697086236212534,0.3074047106495522,0.12328891100536687,56.97494391825967,0.086
2026-02-24 00:00:00,C038,AppLovin,IN,video,687.11,82578,1603,222,0.0194,0.1385,3.0951,0.540099849596572,0.3140469990104458,0.11908777211890399,24.442229882112212,0.0356
2026-02-25 00:00:00,C038,AppLovin,IN,video,579.81,65048,1166,180,0.0179,0.1544,3.2212,0.5311372517535184,0.34934250170423253,0.17535669258865533,36.08347172591839,0.0622
2026-02-26 00:00:00,C038,AppLovin,IN,video,771.3,102406,1771,240,0.0173,0.1355,3.2137,0.6087195082374233,0.3224199592871875,0.10879024611053595,52.54959295704341,0.0681
2026-02-27 00:00:00,C038,AppLovin,IN,video,867.46,101888,1699,267,0.0167,0.1572,3.2489,0.5786582310530765,0.3136944108109308,0.1211478288201706,53.411449747484994,0.0616
2026-02-28 00:00:00,C038,AppLovin,IN,video,953.23,122652,2235,313,0.0182,0.14,3.0455,0.5097565680826652,0.317126890992961,0.13710631990167335,65.00153533074874,0.0682
2026-03-01 00:00:00,C038,AppLovin,IN,video,846.11,128408,2043,303,0.0159,0.1483,2.7924,0.47306554727997113,0.4202999687873499,0.1528848723022651,18.401709269525693,0.0217
2026-01-01 00:00:00,C039,AppLovin,KR,static,621.33,45320,605,75,0.0133,0.124,8.2844,0.6894166459886572,0.3918044202901312,0.16351644687446246,36.11459860913997,0.0581
2026-01-02 00:00:00,C039,AppLovin,KR,static,736.81,67681,804,104,0.0119,0.1294,7.0847,0.6719787921973043,0.37775850806888334,0.1335012257652447,51.18373198662793,0.0695
2026-01-03 00:00:00,C039,AppLovin,KR,static,1057.38,95019,1243,175,0.0131,0.1408,6.0422,0.6723760752947922,0.38829363083591906,0.17496998431562336,75.74087634876993,0.0716
2026-01-04 00:00:00,C039,AppLovin,KR,static,991.69,83856,1103,121,0.0132,0.1097,8.1958,0.5646173829278129,0.3612544685089576,0.15107997959691782,41.805007918107144,0.0422
2026-01-05 00:00:00,C039,AppLovin,KR,static,604.97,47268,563,65,0.0119,0.1155,9.3072,0.5532214912677202,0.39951113518872483,0.2052549833034773,26.857617720503185,0.0444
2026-01-06 00:00:00,C039,AppLovin,KR,static,629.72,38713,551,73,0.0142,0.1325,8.6263,0.7109642096398098,0.4114547315843274,0.1763986561260651,38.946500261073275,0.0618
2026-01-07 00:00:00,C039,AppLovin,KR,static,932.97,63489,859,117,0.0135,0.1362,7.9741,0.6549857733813746,0.40006137057326163,0.19038715669847608,47.42594217481434,0.0508
2026-01-08 00:00:00,C039,AppLovin,KR,static,742.43,67922,825,109,0.0121,0.1321,6.8113,0.6024845052751105,0.4014583697944175,0.14407919747379405,38.400968972202485,0.0517
2026-01-09 00:00:00,C039,AppLovin,KR,static,747.29,66855,810,86,0.0121,0.1062,8.6894,0.6576839417636667,0.3979063284098022,0.1752208104879026,40.459154785997775,0.0541
2026-01-10 00:00:00,C039,AppLovin,KR,static,554.73,39373,510,56,0.013,0.1098,9.9059,0.5517851662393453,0.34391826995161423,0.15033530411170765,22.474978039573777,0.0405
2026-01-11 00:00:00,C039,AppLovin,KR,static,705.36,56441,682,80,0.0121,0.1173,8.817,0.6496889076471268,0.3783041295172199,0.16782206364130678,32.956434113353254,0.0467
2026-01-12 00:00:00,C039,AppLovin,KR,static,558.48,43375,586,72,0.0135,0.1229,7.7567,0.5384217252683641,0.34161037864769034,0.16858869426186066,26.59027387792408,0.0476
2026-01-13 00:00:00,C039,AppLovin,KR,static,823.01,67519,852,112,0.0126,0.1315,7.3483,0.6898155948022401,0.3965681326177672,0.13814033798777858,59.14320021115674,0.0719
2026-01-14 00:00:00,C039,AppLovin,KR,static,878.91,65823,781,107,0.0119,0.137,8.2141,0.6143812745180864,0.36134668426005484,0.1810424230541284,38.85740271964476,0.0442
2026-01-15 00:00:00,C039,AppLovin,KR,static,700.69,42566,628,85,0.0148,0.1354,8.2434,0.6488584320523134,0.40690816342779934,0.17600821033482492,39.519348511543974,0.0564
2026-01-16 00:00:00,C039,AppLovin,KR,static,915.64,57698,798,106,0.0138,0.1328,8.6381,0.5886609962987052,0.3697530589515769,0.18407226461763299,49.733616164373885,0.0543
2026-01-17 00:00:00,C039,AppLovin,KR,static,1109.08,101416,1203,156,0.0119,0.1297,7.1095,0.5546010146301211,0.3398997361205744,0.15894859996064067,52.86901548482666,0.0477
2026-01-18 00:00:00,C039,AppLovin,KR,static,895.03,64499,997,118,0.0155,0.1184,7.585,0.6844995383833605,0.4090783681630061,0.16624180341632266,53.87199150358738,0.0602
2026-01-19 00:00:00,C039,AppLovin,KR,static,724.74,56626,702,87,0.0124,0.1239,8.3303,0.5680837292998092,0.3667519766458898,0.13730099415041883,36.12665214871433,0.0498
2026-01-20 00:00:00,C039,AppLovin,KR,static,848.52,69891,904,117,0.0129,0.1294,7.2523,0.6582563228277913,0.37096780113781197,0.16645041699222468,52.333599334520144,0.0617
2026-01-21 00:00:00,C039,AppLovin,KR,static,841.47,47654,762,93,0.016,0.122,9.0481,0.6236403080211598,0.3570181850509513,0.17131330669142972,47.396423350353274,0.0563
2026-01-22 00:00:00,C039,AppLovin,KR,static,802.68,62263,866,121,0.0139,0.1397,6.6337,0.6858761286784424,0.37328360754952145,0.17768305478505075,40.62464338591497,0.0506
2026-01-23 00:00:00,C039,AppLovin,KR,static,664.14,43588,688,93,0.0158,0.1352,7.1413,0.5679666017234057,0.3458576911973289,0.18753844129591402,27.74769828389878,0.0418
2026-01-24 00:00:00,C039,AppLovin,KR,static,1116.55,69333,1043,137,0.015,0.1314,8.15,0.6273903882515325,0.40074365375396465,0.18501677802940283,55.91529709766588,0.0501
2026-01-25 00:00:00,C039,AppLovin,KR,static,727.0,41283,658,71,0.0159,0.1079,10.2394,0.5660690609845898,0.3822414877228973,0.13262202510058135,33.15337385492839,0.0456
2026-01-26 00:00:00,C039,AppLovin,KR,static,830.01,58054,889,115,0.0153,0.1294,7.2175,0.6258910607032936,0.42944668081776954,0.16405455322384066,50.990201824457735,0.0614
2026-01-27 00:00:00,C039,AppLovin,KR,static,860.89,61941,791,85,0.0128,0.1075,10.1281,0.5725116738642589,0.34823422801903203,0.1159123532417685,33.32074731130251,0.0387
2026-01-28 00:00:00,C039,AppLovin,KR,static,470.22,38558,530,60,0.0137,0.1132,7.837,0.604101103439282,0.42259321249466686,0.17996342521406755,24.377780160093074,0.0518
2026-01-29 00:00:00,C039,AppLovin,KR,static,1043.14,72468,1068,144,0.0147,0.1348,7.244,0.606387362553115,0.3699528475656608,0.1562648827991498,47.60552829012908,0.0456
2026-01-30 00:00:00,C039,AppLovin,KR,static,703.27,50422,645,87,0.0128,0.1349,8.0836,0.5394622051440011,0.3616900515682176,0.13186849372343007,44.22653082422226,0.0629
2026-01-31 00:00:00,C039,AppLovin,KR,static,696.81,43296,661,75,0.0153,0.1135,9.2908,0.6907271672019184,0.40044551085367996,0.17003643597673385,35.74159513525002,0.0513
2026-02-01 00:00:00,C039,AppLovin,KR,static,993.03,76716,1152,148,0.015,0.1285,6.7097,0.6750365668384342,0.35021981757137965,0.15542046004155308,62.81464572715386,0.0633
2026-02-02 00:00:00,C039,AppLovin,KR,static,1066.05,84336,1130,159,0.0134,0.1407,6.7047,0.6448702545240258,0.39333790377652506,0.17700570650586986,63.616790059960536,0.0597
2026-02-03 00:00:00,C039,AppLovin,KR,static,776.85,64512,767,81,0.0119,0.1056,9.5907,0.6485876853655096,0.4176354468383799,0.1543279301170688,34.70578485881821,0.0447
2026-02-04 00:00:00,C039,AppLovin,KR,static,595.32,41286,561,71,0.0136,0.1266,8.3848,0.7181138750560605,0.41928410320764553,0.1494451918097383,29.58893025796585,0.0497
2026-02-05 00:00:00,C039,AppLovin,KR,static,770.91,55532,725,82,0.0131,0.1131,9.4013,0.6202185502249938,0.40432864239471866,0.15283445687320427,26.610352128587607,0.0345
2026-02-06 00:00:00,C039,AppLovin,KR,static,934.29,64934,853,116,0.0131,0.136,8.0542,0.5584245244196121,0.3918398279654805,0.18728460749382697,57.03499814163206,0.061
2026-02-07 00:00:00,C039,AppLovin,KR,static,865.23,56742,792,83,0.014,0.1048,10.4245,0.6051720839831658,0.37120283919604047,0.1677052085135139,28.14646041020743,0.0325
2026-02-08 00:00:00,C039,AppLovin,KR,static,614.77,40767,639,79,0.0157,0.1236,7.7819,0.6465701887223381,0.4815238632830543,0.14802286851062785,33.97450665796014,0.0553
2026-02-09 00:00:00,C039,AppLovin,KR,static,663.88,44444,712,77,0.016,0.1081,8.6218,0.6268323239909183,0.4000901604043664,0.19248878890919455,44.41635578018398,0.0669
2026-02-10 00:00:00,C039,AppLovin,KR,static,710.87,53313,746,81,0.014,0.1086,8.7762,0.6455052984333118,0.37463455737524065,0.15175627480927695,25.341400921048482,0.0356
2026-02-11 00:00:00,C039,AppLovin,KR,static,770.07,55788,684,83,0.0123,0.1213,9.278,0.574973548531752,0.44706896588789524,0.1447262170188549,35.64180050603766,0.0463
2026-02-12 00:00:00,C039,AppLovin,KR,static,632.32,44156,699,93,0.0158,0.133,6.7991,0.6332180017477479,0.3961930370198924,0.1649733642753522,42.81858742673096,0.0677
2026-02-13 00:00:00,C039,AppLovin,KR,static,936.77,71394,1017,122,0.0142,0.12,7.6784,0.6267904607936063,0.3833616106592579,0.17935117330438105,52.728964169676466,0.0563
2026-02-14 00:00:00,C039,AppLovin,KR,static,979.19,89686,1111,134,0.0124,0.1206,7.3074,0.6321074104227169,0.39668196532791467,0.163339276775127,63.07371800663198,0.0644
2026-02-15 00:00:00,C039,AppLovin,KR,static,1083.4,79591,1044,113,0.0131,0.1082,9.5876,0.6490066220282019,0.4251361493607932,0.15793834683463295,56.81757056637873,0.0524
2026-02-16 00:00:00,C039,AppLovin,KR,static,979.64,68679,905,104,0.0132,0.1149,9.4196,0.6939982199064353,0.3986471763996732,0.16310674088338242,51.76425690087302,0.0528
2026-02-17 00:00:00,C039,AppLovin,KR,static,980.15,72797,1080,147,0.0148,0.1361,6.6677,0.7161729602766996,0.4180104915803912,0.21108619672716003,64.8076147775081,0.0661
2026-02-18 00:00:00,C039,AppLovin,KR,static,671.56,53457,761,106,0.0142,0.1393,6.3355,0.5963702709260577,0.3711689821418073,0.16909956417060637,43.813944109513855,0.0652
2026-02-19 00:00:00,C039,AppLovin,KR,static,705.35,44805,625,86,0.0139,0.1376,8.2017,0.6661257274530394,0.3857292709234084,0.1551695646130984,34.600724440763294,0.0491
2026-02-20 00:00:00,C039,AppLovin,KR,static,640.93,49945,605,74,0.0121,0.1223,8.6612,0.5665741149344861,0.3048673657511658,0.13135103641182166,28.788177124179384,0.0449
2026-02-21 00:00:00,C039,AppLovin,KR,static,1093.78,85754,1201,160,0.014,0.1332,6.8361,0.6718865912946665,0.34814232434455844,0.14941151210282988,66.0480066868005,0.0604
2026-02-22 00:00:00,C039,AppLovin,KR,static,968.84,77090,977,127,0.0127,0.13,7.6287,0.5840144997668326,0.37784504965781174,0.13772408078589604,46.332787430676696,0.0478
2026-02-23 00:00:00,C039,AppLovin,KR,static,668.74,54420,780,90,0.0143,0.1154,7.4304,0.6498789836095624,0.45250311673912624,0.17335830835320626,42.908617458889026,0.0642
2026-02-24 00:00:00,C039,AppLovin,KR,static,1021.9,87530,1136,153,0.013,0.1347,6.6791,0.6226658414453025,0.3997224522166568,0.16090526135762478,48.362265348916154,0.0473
2026-02-25 00:00:00,C039,AppLovin,KR,static,829.32,56485,843,90,0.0149,0.1068,9.2147,0.610102359062852,0.3773674778518788,0.17271755385587884,26.036410015593212,0.0314
2026-02-26 00:00:00,C039,AppLovin,KR,static,589.51,44184,586,69,0.0133,0.1177,8.5436,0.6054091266410302,0.34384421324832987,0.20942597364567023,33.4886498663057,0.0568
2026-02-27 00:00:00,C039,AppLovin,KR,static,692.21,44282,679,80,0.0153,0.1178,8.6526,0.6491545697029478,0.3583208851637161,0.139313490627594,32.40224575112516,0.0468
2026-02-28 00:00:00,C039,AppLovin,KR,static,827.1,55942,732,80,0.0131,0.1093,10.3388,0.5453118960858424,0.3493592289177774,0.18529386857144478,30.517313587599467,0.0369
2026-03-01 00:00:00,C039,AppLovin,KR,static,1009.67,63699,980,112,0.0154,0.1143,9.0149,0.6027367632149687,0.3895609705612365,0.21239013509971355,38.13060493292854,0.0378
2026-01-01 00:00:00,C040,AppLovin,BR,video,705.62,71734,1259,160,0.0176,0.1271,4.4101,0.583557273300419,0.3572796710287162,0.1403414629962458,45.22677170263472,0.0641
2026-01-02 00:00:00,C040,AppLovin,BR,video,785.43,70063,1181,184,0.0169,0.1558,4.2686,0.5099633591427924,0.36514494111209067,0.15782031525237794,46.71734842382102,0.0595
2026-01-03 00:00:00,C040,AppLovin,BR,video,673.99,72212,1107,176,0.0153,0.159,3.8295,0.5777482147535662,0.3367834716753647,0.15849483090832114,54.468493779350766,0.0808
2026-01-04 00:00:00,C040,AppLovin,BR,video,1020.26,125404,1815,225,0.0145,0.124,4.5345,0.5503913843880037,0.3401441420001108,0.1877846637966389,40.030020655581716,0.0392
2026-01-05 00:00:00,C040,AppLovin,BR,video,762.91,70987,1310,183,0.0185,0.1397,4.1689,0.5834550407408365,0.3782732876251792,0.14189296066280255,44.052397319081344,0.0577
2026-01-06 00:00:00,C040,AppLovin,BR,video,504.4,40598,727,114,0.0179,0.1568,4.4246,0.6134724828388219,0.43886541017021863,0.20267869984267137,32.20514109320235,0.0638
2026-01-07 00:00:00,C040,AppLovin,BR,video,946.29,92160,1436,221,0.0156,0.1539,4.2819,0.6275195665391519,0.3098532987674155,0.14227296059313674,64.23914473935828,0.0679
2026-01-08 00:00:00,C040,AppLovin,BR,video,756.65,78016,1374,170,0.0176,0.1237,4.4509,0.5489703244472072,0.3729800846605603,0.14721536458546802,44.48854675870082,0.0588
2026-01-09 00:00:00,C040,AppLovin,BR,video,783.24,70184,1108,170,0.0158,0.1534,4.6073,0.5459113935825644,0.3279915822084891,0.15072607478389655,45.0908140458973,0.0576
2026-01-10 00:00:00,C040,AppLovin,BR,video,587.41,53585,905,137,0.0169,0.1514,4.2877,0.5906599533897912,0.3549250784974048,0.15955812459304589,23.83352551183696,0.0406
2026-01-11 00:00:00,C040,AppLovin,BR,video,1039.8,77245,1486,220,0.0192,0.148,4.7264,0.554668815278137,0.30018266767864066,0.15307003245212447,63.219781756840355,0.0608
2026-01-12 00:00:00,C040,AppLovin,BR,video,656.55,62009,960,115,0.0155,0.1198,5.7091,0.6248225343441541,0.35368766584995076,0.13867257830068958,24.22223706899206,0.0369
2026-01-13 00:00:00,C040,AppLovin,BR,video,729.72,61706,1184,174,0.0192,0.147,4.1938,0.5274995448430678,0.376870352602823,0.14055991523420508,55.35617998485177,0.0759
2026-01-14 00:00:00,C040,AppLovin,BR,video,708.17,82166,1284,181,0.0156,0.141,3.9125,0.5721605432441071,0.35097608264607255,0.1519241946840562,46.292308194175305,0.0654
2026-01-15 00:00:00,C040,AppLovin,BR,video,777.16,76341,1262,169,0.0165,0.1339,4.5986,0.6929151855087854,0.3899974893392581,0.15492200939233633,40.668332091862695,0.0523
2026-01-16 00:00:00,C040,AppLovin,BR,video,595.55,45625,853,134,0.0187,0.1571,4.4444,0.5875214357677759,0.3651267760331709,0.17921848911640928,30.801301761109258,0.0517
2026-01-17 00:00:00,C040,AppLovin,BR,video,813.23,98423,1496,206,0.0152,0.1377,3.9477,0.6003096004604321,0.2913210891793203,0.15158098290754102,45.383649427972344,0.0558
2026-01-18 00:00:00,C040,AppLovin,BR,video,981.27,77749,1486,202,0.0191,0.1359,4.8578,0.5279476868431611,0.2879160111091406,0.1348596420432919,60.35886579385408,0.0615
2026-01-19 00:00:00,C040,AppLovin,BR,video,725.05,63059,1144,154,0.0181,0.1346,4.7081,0.6697111817885005,0.401471703595763,0.13310920043225113,62.589168496645264,0.0863
2026-01-20 00:00:00,C040,AppLovin,BR,video,1060.23,124026,1859,235,0.015,0.1264,4.5116,0.6016573145547816,0.40380670734846574,0.149336772872303,68.74681820803836,0.0648
2026-01-21 00:00:00,C040,AppLovin,BR,video,622.76,55982,944,150,0.0169,0.1589,4.1517,0.6028105713251216,0.3490463726773327,0.1403817756595635,40.27259179441941,0.0647
2026-01-22 00:00:00,C040,AppLovin,BR,video,758.24,65503,1215,191,0.0185,0.1572,3.9698,0.5564838216583404,0.3403586971931266,0.14756253923515908,50.20048122202733,0.0662
2026-01-23 00:00:00,C040,AppLovin,BR,video,549.42,62929,1006,124,0.016,0.1233,4.4308,0.558591828941908,0.3363339674324179,0.16114855469207764,40.61275009377638,0.0739
2026-01-24 00:00:00,C040,AppLovin,BR,video,879.0,88670,1427,195,0.0161,0.1367,4.5077,0.5447898584498642,0.3993660562658478,0.11182078233595424,44.894010089072204,0.0511
2026-01-25 00:00:00,C040,AppLovin,BR,video,604.66,48143,918,138,0.0191,0.1503,4.3816,0.6060636453312033,0.34543508207312396,0.12597045546751412,44.980004872904075,0.0744
2026-01-26 00:00:00,C040,AppLovin,BR,video,1079.6,88770,1674,250,0.0189,0.1493,4.3184,0.6259033008453818,0.35465736060959857,0.15902061195300332,79.76746527793063,0.0739
2026-01-27 00:00:00,C040,AppLovin,BR,video,854.69,73659,1356,204,0.0184,0.1504,4.1897,0.609681895148585,0.35714276558208574,0.15532987615164087,41.31611860405433,0.0483
2026-01-28 00:00:00,C040,AppLovin,BR,video,1043.72,97545,1698,250,0.0174,0.1472,4.1749,0.5693477062175367,0.3852582462122737,0.15244534536029952,57.15957682592006,0.0548
2026-01-29 00:00:00,C040,AppLovin,BR,video,680.9,67078,1220,147,0.0182,0.1205,4.632,0.46375916181220767,0.33464976486029097,0.1315663586720281,21.765684166737064,0.032
2026-01-30 00:00:00,C040,AppLovin,BR,video,771.66,74650,1288,187,0.0173,0.1452,4.1265,0.6088909278151479,0.4126381730192939,0.16835765942490025,50.887113086340555,0.0659
2026-01-31 00:00:00,C040,AppLovin,BR,video,780.71,64372,1196,146,0.0186,0.1221,5.3473,0.6199933802626244,0.3351456493220176,0.14886045785301966,21.91081245087477,0.0281
2026-02-01 00:00:00,C040,AppLovin,BR,video,909.58,109051,1591,217,0.0146,0.1364,4.1916,0.5682366858266442,0.31930611943461185,0.15277839483591993,43.11367923849779,0.0474
2026-02-02 00:00:00,C040,AppLovin,BR,video,626.54,49351,879,136,0.0178,0.1547,4.6069,0.6025932278942916,0.3707224079571177,0.16508399909793398,47.17146708041973,0.0753
2026-02-03 00:00:00,C040,AppLovin,BR,video,859.92,77847,1385,210,0.0178,0.1516,4.0949,0.6091065058054195,0.34224959363010915,0.1458271466072883,44.65845116081182,0.0519
2026-02-04 00:00:00,C040,AppLovin,BR,video,386.4,32355,581,75,0.018,0.1291,5.152,0.5531314618380739,0.2758660642485497,0.11977616076215947,23.335646852471896,0.0604
2026-02-05 00:00:00,C040,AppLovin,BR,video,835.36,64405,1174,167,0.0182,0.1422,5.0022,0.6328579098027316,0.3977285350540753,0.16084141312684316,39.05839471282143,0.0468
2026-02-06 00:00:00,C040,AppLovin,BR,video,742.07,62163,1156,174,0.0186,0.1505,4.2648,0.5003650414531897,0.3441615290947553,0.14501254596498606,15.571473892737053,0.021
2026-02-07 00:00:00,C040,AppLovin,BR,video,1214.01,109287,1988,297,0.0182,0.1494,4.0876,0.586242857042383,0.35784599874562917,0.1594900628580854,79.66251931968456,0.0656
2026-02-08 00:00:00,C040,AppLovin,BR,video,692.47,63968,1026,136,0.016,0.1326,5.0917,0.509352102526127,0.34999717390733404,0.13971778488345563,20.4346903767249,0.0295
2026-02-09 00:00:00,C040,AppLovin,BR,video,979.13,83490,1420,186,0.017,0.131,5.2641,0.5699467246603819,0.37912030461533625,0.1663927285413638,51.79488163980389,0.0529
2026-02-10 00:00:00,C040,AppLovin,BR,video,845.99,71869,1202,151,0.0167,0.1256,5.6026,0.5356186892812961,0.38099065153629574,0.1765067743257202,45.329784512438735,0.0536
2026-02-11 00:00:00,C040,AppLovin,BR,video,632.25,60822,1087,139,0.0179,0.1279,4.5486,0.5845151111737277,0.3055496737617453,0.15885977274468496,33.15174724370055,0.0524
2026-02-12 00:00:00,C040,AppLovin,BR,video,708.5,64617,1201,164,0.0186,0.1366,4.3201,0.5504887697712816,0.3542666616801009,0.16302683675500929,58.261200871519975,0.0822
2026-02-13 00:00:00,C040,AppLovin,BR,video,666.22,56216,977,122,0.0174,0.1249,5.4608,0.5257911157703675,0.32249547349523533,0.13014957974702399,23.33256601698019,0.035
2026-02-14 00:00:00,C040,AppLovin,BR,video,700.15,66335,1073,172,0.0162,0.1603,4.0706,0.6171141414174043,0.3625000987368776,0.14372500206531572,48.00720931277252,0.0686
2026-02-15 00:00:00,C040,AppLovin,BR,video,684.42,61409,1045,138,0.017,0.1321,4.9596,0.5502101321574617,0.34238461366437417,0.1308647316593884,24.289871370263015,0.0355
2026-02-16 00:00:00,C040,AppLovin,BR,video,950.28,81362,1426,193,0.0175,0.1353,4.9237,0.631261113318378,0.4073747453207433,0.1936881019264169,36.693795321649375,0.0386
2026-02-17 00:00:00,C040,AppLovin,BR,video,603.4,56578,871,111,0.0154,0.1274,5.436,0.5735986068236744,0.4236237350986878,0.1634499881119283,19.58842874371159,0.0325
2026-02-18 00:00:00,C040,AppLovin,BR,video,762.49,63376,1168,144,0.0184,0.1233,5.2951,0.49744827039993467,0.38879236091326197,0.1383829399932471,30.131564112951676,0.0395
2026-02-19 00:00:00,C040,AppLovin,BR,video,711.38,62257,1215,153,0.0195,0.1259,4.6495,0.5968326344628209,0.37974136857348556,0.18808316956020332,46.45384820240735,0.0653
2026-02-20 00:00:00,C040,AppLovin,BR,video,770.73,73899,1314,175,0.0178,0.1332,4.4042,0.5276200112236751,0.341896926667421,0.1728154933430651,25.149361945880003,0.0326
2026-02-21 00:00:00,C040,AppLovin,BR,video,954.78,79516,1469,193,0.0185,0.1314,4.947,0.5495201668981838,0.3357651984409794,0.11927303532332842,40.46299423114482,0.0424
2026-02-22 00:00:00,C040,AppLovin,BR,video,817.73,84270,1403,205,0.0166,0.1461,3.9889,0.6657397083810366,0.4121579756751413,0.18256987065321428,51.43836957798182,0.0629
2026-02-23 00:00:00,C040,AppLovin,BR,video,813.35,77212,1158,164,0.015,0.1416,4.9595,0.5918298938334602,0.2992938343182169,0.1304298523213076,49.045810027914634,0.0603
2026-02-24 00:00:00,C040,AppLovin,BR,video,1017.12,96690,1660,265,0.0172,0.1596,3.8382,0.539972093175213,0.40158877826598255,0.15933669919803714,51.15052204319424,0.0503
2026-02-25 00:00:00,C040,AppLovin,BR,video,1001.72,100058,1899,291,0.019,0.1532,3.4423,0.6119234079048846,0.3981123086875056,0.15323842095508455,79.23042538403625,0.0791
2026-02-26 00:00:00,C040,AppLovin,BR,video,1017.35,105995,1758,260,0.0166,0.1479,3.9129,0.4719382068107968,0.3737522376196801,0.12336646796290848,40.583989418167754,0.0399
2026-02-27 00:00:00,C040,AppLovin,BR,video,832.86,72270,1344,159,0.0186,0.1183,5.2381,0.5865855842105419,0.33016202548959556,0.15551802200707815,47.32039015284649,0.0568
2026-02-28 00:00:00,C040,AppLovin,BR,video,962.66,81323,1420,193,0.0175,0.1359,4.9879,0.5485814206149819,0.3628864518685567,0.15038268144157,21.79196921074727,0.0226
2026-03-01 00:00:00,C040,AppLovin,BR,video,1020.87,84081,1478,186,0.0176,0.1258,5.4885,0.6162552739677082,0.4186270783115305,0.14811343861283582,45.20752373675238,0.0443
