date,campaign_id,channel,country,creative_type,spend,impressions,clicks,installs,tutorial_completion_rate,d1_retention,d7_retention,arpu_d1,arpu_d7,d1_revenue,d7_revenue,d7_roas,ctr,cvr,cpi,model,actual_d7_roas,predicted_d7_roas,prediction_error,absolute_error
2026-02-27,C034,AppLovin,US,static,859.99,42345,602,71,0.5863495960701642,0.373054122166911,0.14794067250458043,0.12923686100906673,0.5021472275283887,9.175817131643738,35.6524531545156,0.04145680194802776,0.0142165544928563,0.11794019933554817,12.112535211267605,Linear Regression,0.04145680194802776,0.04939841918603619,-0.00794161723800843,0.00794161723800843
2026-02-28,C033,AppLovin,IN,playable,1280.07,151730,3020,484,0.5040925133767853,0.3220463043572593,0.13179601647442357,0.04264170838951064,0.1196892612302862,20.638586860523148,57.92960243545852,0.045254948196247605,0.01990377644500099,0.16026490066225166,2.644772727272727,Linear Regression,0.045254948196247605,0.06723476614678965,-0.021979817950542047,0.021979817950542047
2026-01-16,C015,Google Ads,IN,video,1114.44,175844,2860,383,0.6211637185112361,0.30138774760157616,0.09248737846678197,0.009733971656831101,0.18892320005188404,3.7281111445663115,72.35758561987159,0.0649270685893374,0.016264416187074908,0.13391608391608392,2.9097650130548303,Linear Regression,0.0649270685893374,0.046449794098175845,0.018477274491161558,0.018477274491161558
2026-02-09,C029,Unity Ads,BR,video,806.59,80910,1381,200,0.6286300346201119,0.3178343003346642,0.13650506844091537,0.06023882893150622,0.26372190263357487,12.047765786301245,52.74438052671498,0.06539178142640471,0.01706834754665678,0.14482259232440262,4.0329500000000005,Linear Regression,0.06539178142640471,0.06243423803062978,0.0029575433957749336,0.0029575433957749336
2026-02-09,C034,AppLovin,US,static,739.39,41819,547,72,0.6524138725892552,0.4319237357321333,0.1501216989989689,0.1401927743018586,0.7025687444061682,10.09387974973382,50.58494959724411,0.06841413862288954,0.013080178866065663,0.1316270566727605,10.269305555555555,Linear Regression,0.06841413862288954,0.06439731114753293,0.004016827475356616,0.004016827475356616
2026-01-15,C003,Meta,JP,static,874.32,45791,654,76,0.6640112357496224,0.37272102662229406,0.1550043598126425,0.11884711512369711,0.5238933696723834,9.03238074940098,39.81589609510114,0.04553945233905398,0.014282282544604835,0.1162079510703364,11.50421052631579,Linear Regression,0.04553945233905398,0.04129576676047089,0.004243685578583088,0.004243685578583088
2026-02-25,C023,TikTok,JP,video,991.46,29138,668,116,0.5149967866016776,0.3452244101422729,0.07978629452290839,0.09441655686641842,0.30671671758735164,10.952320596504537,35.57913924013279,0.03588563627829551,0.022925389525705265,0.17365269461077845,8.547068965517242,Linear Regression,0.03588563627829551,0.04121779011234233,-0.005332153834046817,0.005332153834046817
2026-02-01,C029,Unity Ads,BR,video,636.09,79303,1086,167,0.5433632543999162,0.3038531662190097,0.14210503564372312,0.056947128568679097,0.21420118999675075,9.51017047096941,35.771598729457374,0.05623628227880964,0.01369431169060439,0.15377532228360957,3.808922155688623,Linear Regression,0.05623628227880964,0.05975417641502997,-0.0035178941362203273,0.0035178941362203273
2026-01-30,C022,TikTok,BR,video,947.34,53382,1572,244,0.35777866077484455,0.28741587605782615,0.08725287875067535,0.03632594003199705,0.17768471639926672,8.863529367807281,43.35507080142108,0.04576488152834323,0.029448128582668317,0.15521628498727735,3.8825409836065576,Linear Regression,0.04576488152834323,0.029572153108067857,0.016192728420275374,0.016192728420275374
2026-02-18,C018,TikTok,US,static,664.57,21752,467,68,0.5788481342676418,0.3621738501556559,0.130578963541653,0.08173300299449372,0.3533249484115913,5.5578442036255735,24.02609649198821,0.03615303552827902,0.021469290180213315,0.145610278372591,9.773088235294118,Linear Regression,0.03615303552827902,0.04310600157957556,-0.006952966051296541,0.006952966051296541
2026-01-30,C029,Unity Ads,BR,video,900.18,120852,1689,197,0.5198659900546707,0.35152289429792993,0.1428330675753663,0.07489895726706434,0.20047601808662685,14.755094581611676,39.49377556306549,0.04387323708607236,0.01397577201866746,0.11663706335109532,4.569441624365482,Linear Regression,0.04387323708607236,0.05483517711132728,-0.01096194002525492,0.01096194002525492
2026-02-21,C002,Meta,BR,playable,1142.45,82373,1864,318,0.5684158219424725,0.334828442887088,0.17478654031461624,0.03905772309951886,0.2566978236387357,12.420355945646998,81.62990791711796,0.07145187865516563,0.02262877399147779,0.17060085836909872,3.592610062893082,Linear Regression,0.07145187865516563,0.0569546932555076,0.014497185399658025,0.014497185399658025
2026-02-28,C020,TikTok,JP,static,621.21,22711,464,73,0.36804396135789974,0.28132518031552667,0.12028984581422207,0.09343514356650923,0.3314110783217818,6.820765480355173,24.19300871749007,0.038944693692670534,0.020430628329884196,0.15732758620689655,8.50972602739726,Linear Regression,0.038944693692670534,0.03497730285256615,0.003967390840104383,0.003967390840104383
2026-01-11,C026,Unity Ads,JP,video,668.17,34054,478,65,0.6587810968018543,0.430806357659795,0.14412018282726735,0.1399853981614154,0.6217747478432776,9.099050880492001,40.41535860981304,0.06048633008966942,0.014036530216714629,0.13598326359832635,10.279538461538461,Linear Regression,0.06048633008966942,0.06315077287662905,-0.0026644427869596324,0.0026644427869596324
2026-02-17,C032,Unity Ads,JP,static,732.84,53690,576,66,0.6374363422585035,0.369551787938585,0.15735367432500472,0.15542806247856875,0.586548772970061,10.258252123585537,38.71221901602403,0.05282479332788208,0.010728254796051407,0.11458333333333333,11.103636363636364,Linear Regression,0.05282479332788208,0.055077370251375164,-0.0022525769234930867,0.0022525769234930867
2026-02-19,C030,Unity Ads,BR,playable,652.65,55036,1046,164,0.7009094112844458,0.43240051860706874,0.1816606418950863,0.05082452104744435,0.30805508180065994,8.335221451780873,50.52103341530823,0.0774086043783084,0.01900574169634421,0.15678776290630975,3.9795731707317072,Linear Regression,0.0774086043783084,0.07054789121489068,0.006860713163417728,0.006860713163417728
2026-03-01,C003,Meta,JP,static,1185.61,50659,844,123,0.49053900803388306,0.33195840169025387,0.13792796621704623,0.0746095588818703,0.4740067816819315,9.176975742470047,58.30283414687757,0.04917552377217463,0.01666041572079986,0.1457345971563981,9.63910569105691,Linear Regression,0.04917552377217463,0.041641839452376775,0.007533684319797854,0.007533684319797854
2026-01-26,C031,Unity Ads,KR,video,835.55,58470,781,116,0.6755605720814861,0.4672925334711485,0.19034555064467604,0.11172504813564721,0.48992799289943506,12.960105583735077,56.831647176334464,0.06801704807535118,0.0133572772361895,0.14852752880921896,7.20301724137931,Linear Regression,0.06801704807535118,0.06594887249756254,0.002068175577788642,0.002068175577788642
2026-01-22,C026,Unity Ads,JP,video,850.57,42474,694,92,0.7245819451029452,0.44169846503427285,0.18781202309983436,0.17314817560374718,0.7448518015692289,15.929632155544741,68.52636574436906,0.0805650629893419,0.016339407637613598,0.13256484149855907,9.245326086956522,Linear Regression,0.0805650629893419,0.07183063474865596,0.008734428240685946,0.008734428240685946
2026-01-06,C027,Unity Ads,IN,playable,809.97,104466,1659,239,0.5842738050753542,0.33660727445321775,0.18015403124943258,0.05724137346060497,0.19383186295484034,13.680688257084588,46.325815246206844,0.0571944515055253,0.015880765033599448,0.14406268836648584,3.3889958158995817,Linear Regression,0.0571944515055253,0.05970110276269211,-0.0025066512571668073,0.0025066512571668073
2026-02-20,C017,TikTok,KR,playable,802.15,22425,802,179,0.590384655462781,0.3450156216727758,0.14756011877943237,0.06415779531106217,0.28599956671645965,11.484245360680127,51.193922442246276,0.06382086810209578,0.03576365663322185,0.2231920199501247,4.481284916201117,Linear Regression,0.06382086810209578,0.05387763049452606,0.009943237607569717,0.009943237607569717
2026-02-28,C036,AppLovin,US,video,705.1,24326,436,61,0.6641580442173317,0.43250681114392514,0.17192439726964331,0.15411462029268108,0.6920332979006695,9.400991837853546,42.21403117194084,0.05986979573446678,0.017923209734440518,0.13990825688073394,11.559016393442624,Linear Regression,0.05986979573446678,0.05768468414023399,0.0021851115942327914,0.0021851115942327914
2026-01-06,C018,TikTok,US,static,704.93,19334,444,64,0.4926353766086627,0.3121860391004664,0.1400207035596241,0.07906432460236225,0.3551303764251662,5.060116774551184,22.728344091210637,0.032241958474225514,0.022964725354298127,0.14414414414414414,11.01453125,Linear Regression,0.032241958474225514,0.031120082667460906,0.0011218758067646079,0.0011218758067646079
2026-02-22,C036,AppLovin,US,video,645.05,28192,457,65,0.7380301238063394,0.438538784362121,0.19672007582882087,0.1571632479550421,0.6689087593364501,10.215611117077737,43.47906935686926,0.06740378825954389,0.01621027241770715,0.1422319474835886,9.923846153846153,Linear Regression,0.06740378825954389,0.07040614918882199,-0.0030023609292780945,0.0030023609292780945
2026-02-02,C023,TikTok,JP,video,907.98,22995,659,101,0.5040780299982867,0.27664598171055116,0.10636280259259458,0.07752441892804227,0.2988060226325623,7.829966311732269,30.17940828588879,0.03323797213446856,0.028658404000869754,0.15326251896813353,8.98990099009901,Linear Regression,0.03323797213446856,0.03485840421876984,-0.0016204320843012793,0.0016204320843012793
2026-02-17,C009,Google Ads,US,static,874.04,48027,648,93,0.5966630833215236,0.36822619024967007,0.15786992749973613,0.13576039826269445,0.6866926755340105,12.625717038430585,63.862418824662974,0.07306577736154189,0.013492410519083016,0.14351851851851852,9.398279569892473,Linear Regression,0.07306577736154189,0.060223643728292295,0.012842133633249597,0.012842133633249597
2026-02-26,C022,TikTok,BR,video,684.72,38510,1035,158,0.45492269357195825,0.3380095445646114,0.12588173145559656,0.005,0.28671083291960414,0.79,45.30031160129745,0.06615851757865787,0.026876136068553623,0.15265700483091788,4.333670886075949,Linear Regression,0.06615851757865787,0.02806225363421814,0.03809626394443973,0.03809626394443973
2026-03-01,C029,Unity Ads,BR,video,818.89,76281,1176,136,0.6543271697589015,0.39077204254475595,0.09528554806847875,0.08652102977381404,0.2281863268352121,11.766860049238709,31.033340449588845,0.0378969252454331,0.015416683053447124,0.11564625850340136,6.02125,Linear Regression,0.0378969252454331,0.051331642553430853,-0.013434717307997751,0.013434717307997751
2026-02-11,C022,TikTok,BR,video,662.29,41694,969,154,0.38206645734906797,0.22002870309021072,0.11899804415819615,0.005719830030268741,0.10813954632748707,0.8808538246613862,16.65349013443301,0.0251451823539243,0.02324075406533314,0.15892672858617132,4.3005844155844155,Linear Regression,0.0251451823539243,0.023344779870271514,0.0018004024836527875,0.0018004024836527875
2026-01-15,C035,AppLovin,BR,static,815.95,99332,1317,154,0.5191517928083846,0.2733149343216343,0.12369528300222454,0.03958609238016145,0.24068263140983795,6.096258226544863,37.06512523711505,0.045425929186331884,0.013258567229090324,0.11693242217160213,5.298376623376623,Linear Regression,0.045425929186331884,0.04091632024115807,0.0045096089451738125,0.0045096089451738125
2026-02-20,C030,Unity Ads,BR,playable,636.63,59559,977,169,0.6942415314298728,0.39902167942086775,0.17622492614322335,0.07254563310939964,0.1846532015154672,12.26021199548854,31.206391056113958,0.04901838649737048,0.01640390201312984,0.172978505629478,3.767041420118343,Linear Regression,0.04901838649737048,0.07260275537502851,-0.02358436887765803,0.02358436887765803
2026-02-06,C019,TikTok,BR,playable,732.34,33760,1080,222,0.41582334400970633,0.2700389342382071,0.08130462867839469,0.029474117382743078,0.1279133951524937,6.543254058968963,28.396773723853602,0.03877536936205655,0.031990521327014215,0.20555555555555555,3.298828828828829,Linear Regression,0.03877536936205655,0.03671876820158803,0.0020566011604685186,0.0020566011604685186
2026-02-14,C034,AppLovin,US,static,772.59,33756,510,65,0.6475901263135335,0.3998602896208198,0.15145360102107344,0.16130308887628164,0.5860249447510901,10.484700776958306,38.091621408820856,0.049303480369703265,0.01510842516885887,0.12745098039215685,11.886000000000001,Linear Regression,0.049303480369703265,0.05383732089835566,-0.004533840528652397,0.004533840528652397
2026-02-26,C020,TikTok,JP,static,665.4,19789,459,76,0.40145112276747486,0.3016023112306174,0.10474382262877575,0.07002544247978292,0.2431788609860127,5.321933628463501,18.481593434936965,0.027775059913982006,0.02319470412855627,0.1655773420479303,8.755263157894737,Linear Regression,0.027775059913982006,0.033927510076394066,-0.00615245016241206,0.00615245016241206
2026-02-20,C020,TikTok,JP,static,673.46,24184,527,83,0.44934238057043807,0.2429565283292171,0.12598108132409014,0.07760269506606601,0.30570338284691134,6.441023690483479,25.37338077629364,0.03767596676179575,0.02179126695335759,0.15749525616698293,8.113975903614458,Linear Regression,0.03767596676179575,0.038578168934397666,-0.0009022021726019167,0.0009022021726019167
2026-02-25,C035,AppLovin,BR,static,862.05,124942,1624,202,0.49712405621102934,0.32059769581223496,0.13052511523306412,0.08065512845907845,0.1883821237619245,16.292335948733847,38.05318899990875,0.04414259083736304,0.0129980310864241,0.12438423645320197,4.267574257425743,Linear Regression,0.04414259083736304,0.051690887617225775,-0.007548296779862733,0.007548296779862733
2026-02-08,C004,Meta,KR,video,776.48,51887,808,104,0.6399075245307648,0.3341082719982587,0.14608565143895985,0.10542276747407778,0.24055878489273866,10.96396781730409,25.01811362884482,0.03221972523843589,0.015572301347158249,0.12871287128712872,7.466153846153846,Linear Regression,0.03221972523843589,0.04784520911669346,-0.015625483878257573,0.015625483878257573
2026-02-13,C008,Meta,JP,playable,890.01,39539,731,106,0.7800900733706556,0.42657451711688926,0.17525838551519612,0.11521130889548904,0.7030307051688192,12.212398742921838,74.52125474789483,0.08373044747045798,0.01848807506512557,0.14500683994528044,8.396320754716982,Linear Regression,0.08373044747045798,0.0690463505614356,0.014684096909022379,0.014684096909022379
2026-02-08,C009,Google Ads,US,static,848.52,43538,537,64,0.5846184698914623,0.34486278332697257,0.13475799851681897,0.09955210184545694,0.6255916595926706,6.3713345181092444,40.03786621393092,0.04718533013010944,0.012334053011162662,0.1191806331471136,13.258125,Linear Regression,0.04718533013010944,0.03746757590648631,0.009717754223623129,0.009717754223623129
2026-01-15,C017,TikTok,KR,playable,775.02,27102,821,160,0.5454709977550875,0.3092657143219598,0.12831666690004054,0.06944340568581481,0.3259822464577672,11.11094490973037,52.157159433242754,0.06729754856596241,0.030292967308685706,0.19488428745432398,4.843875,Linear Regression,0.06729754856596241,0.05081768846528121,0.016479860100681205,0.016479860100681205
2026-01-26,C008,Meta,JP,playable,774.47,31308,664,120,0.7524193734011012,0.42726250478651057,0.20376103484276767,0.1381160316364465,0.4632987730548476,16.57392379637358,55.595852766581714,0.07178605493564244,0.021208636770154592,0.18072289156626506,6.453916666666667,Linear Regression,0.07178605493564244,0.08052877476466722,-0.008742719829024775,0.008742719829024775
2026-02-12,C022,TikTok,BR,video,632.03,36769,1095,212,0.31578427136408926,0.2923898298237049,0.06355031958891744,0.06416523817011208,0.0939960342796291,13.60303049206376,19.927159267281368,0.031528737451633176,0.029780521635073023,0.19360730593607306,2.98127358490566,Linear Regression,0.031528737451633176,0.03658742105055735,-0.0050586835989241755,0.0050586835989241755
2026-02-14,C013,Google Ads,JP,video,1129.12,50021,847,138,0.6421449320502065,0.39514389896699964,0.1770871179948584,0.11478952757841646,0.5772358716403804,15.840954805821472,79.65855028637249,0.07054937922112871,0.016932888186961478,0.16292798110979928,8.182028985507246,Linear Regression,0.07054937922112871,0.06426627954836993,0.0062830996727587796,0.0062830996727587796
2026-02-05,C010,Google Ads,BR,playable,819.05,64427,1316,210,0.5925596535608281,0.37624237348942047,0.1381512677498453,0.07032412692728601,0.3615671157049388,14.768066654730063,75.92909429803716,0.09270335959712904,0.020426218821301627,0.1595744680851064,3.900238095238095,Linear Regression,0.09270335959712904,0.06018245290528595,0.03252090669184309,0.03252090669184309
2026-02-26,C001,Meta,US,static,821.88,48436,651,71,0.5876842999700803,0.397291352940816,0.143905744179213,0.09091564745401104,0.49320035097547255,6.455010969234784,35.01722491925855,0.04260646726897438,0.013440416219340987,0.10906298003072197,11.575774647887323,Linear Regression,0.04260646726897438,0.04499477833877748,-0.002388311069803098,0.002388311069803098
2026-02-07,C019,TikTok,BR,playable,1241.85,54665,1920,373,0.42116341912855165,0.25153544997107247,0.07994692942456827,0.021370382672884748,0.07157529509034763,7.971152736986011,26.697585068699667,0.021498171322218686,0.03512302204335498,0.19427083333333334,3.329356568364611,Linear Regression,0.021498171322218686,0.03914887250445379,-0.017650701182235107,0.017650701182235107
2026-02-04,C034,AppLovin,US,static,990.39,42419,639,83,0.6014625416050507,0.32055995725286185,0.14254501729377292,0.13814290097238627,0.6181212700111273,11.465860780708061,51.30406541092356,0.05180187391287644,0.01506400433767887,0.1298904538341158,11.932409638554217,Linear Regression,0.05180187391287644,0.048695895716116724,0.003105978196759715,0.003105978196759715
2026-02-02,C036,AppLovin,US,video,811.41,34312,556,73,0.7590659218193169,0.4966353808439987,0.16655545690136803,0.17012861023552017,0.7637144455045592,12.419388547192973,55.751154521832824,0.06870894572141238,0.016204243413383074,0.13129496402877697,11.115205479452055,Linear Regression,0.06870894572141238,0.06574586994904735,0.0029630757723650286,0.0029630757723650286
2026-02-02,C038,AppLovin,IN,video,1002.26,135714,2361,366,0.5384772746614914,0.3002187818732062,0.12401520225402268,0.02108500337047442,0.16596441450022345,7.717111233593638,60.74297570708178,0.06060604704519613,0.01739687873027101,0.15501905972045743,2.738415300546448,Linear Regression,0.06060604704519613,0.05436633742654,0.006239709618656129,0.006239709618656129
2026-01-26,C019,TikTok,BR,playable,460.24,26130,735,150,0.5120332975305061,0.2869888505031899,0.16320192968129438,0.029051709413349842,0.10747625716715778,4.357756412002477,16.121438575073668,0.035028620192975826,0.02812858783008037,0.20408163265306123,3.0682666666666667,Linear Regression,0.035028620192975826,0.04095388960544718,-0.005925269412471353,0.005925269412471353
2026-01-12,C019,TikTok,BR,playable,852.39,39031,1225,251,0.5369798059216838,0.27648157921773325,0.11137475293348235,0.024603773318741393,0.07323724393205991,6.17554710300409,18.382548226947037,0.02156588261355451,0.03138530911326894,0.20489795918367346,3.39597609561753,Linear Regression,0.02156588261355451,0.04098366186011207,-0.01941777924655756,0.01941777924655756
2026-02-23,C028,Unity Ads,US,playable,774.11,31607,555,88,0.8822177138241718,0.5438597844433559,0.24781110141943316,0.18939671795490795,0.8045795308711697,16.6669111800319,70.80299871666294,0.09146391048263579,0.0175594013984244,0.15855855855855855,8.796704545454546,Linear Regression,0.09146391048263579,0.09182168534900552,-0.0003577748663697311,0.0003577748663697311
2026-01-03,C008,Meta,JP,playable,918.03,32078,612,93,0.6383316475250598,0.3279518318261617,0.15506418987775406,0.11960065155024996,0.5020568523584849,11.122860594173247,46.69128726933909,0.050860374724950086,0.01907849616559636,0.15196078431372548,9.871290322580645,Linear Regression,0.050860374724950086,0.05189325610450729,-0.0010328813795572045,0.0010328813795572045
2026-01-23,C031,Unity Ads,KR,video,1133.58,93948,1227,182,0.6491218889385822,0.4850034118520724,0.1780679203400373,0.10417808307167131,0.5104431294185293,18.960411119044178,92.90064955417233,0.0819533539355708,0.013060416400562012,0.14832925835370822,6.228461538461538,Linear Regression,0.0819533539355708,0.07200705280405285,0.00994630113151794,0.00994630113151794
2026-01-23,C033,AppLovin,IN,playable,831.2,74737,1726,277,0.5078924274317878,0.35934651360613945,0.15534592722425802,0.010647000510880165,0.2460793169835633,2.949219141513806,68.16397080444703,0.0820063451388686,0.023094317406371676,0.160486674391657,3.00072202166065,Linear Regression,0.0820063451388686,0.053376913014186254,0.02862943212468235,0.02862943212468235
2026-02-26,C038,AppLovin,IN,video,771.3,102406,1771,240,0.6087195082374233,0.3224199592871875,0.10879024611053595,0.037752448651268346,0.2189566373210142,9.060587676304403,52.54959295704341,0.06813115083324602,0.01729390856004531,0.13551665725578768,3.2137499999999997,Linear Regression,0.06813115083324602,0.052790803340742376,0.01534034749250364,0.01534034749250364
2026-01-11,C040,AppLovin,BR,video,1039.8,77245,1486,220,0.554668815278137,0.30018266767864066,0.15307003245212447,0.059694494528273606,0.28736264434927433,13.132788796220193,63.219781756840355,0.06080003956625221,0.019237491099747556,0.1480484522207268,4.7263636363636365,Linear Regression,0.06080003956625221,0.05086860161669336,0.00993143794955885,0.00993143794955885
2026-02-25,C024,TikTok,IN,static,941.93,93636,1964,336,0.38340643228699856,0.255614107545372,0.10812753990818308,0.04703580138481207,0.10119244904908903,15.804029265296856,34.00066288049391,0.036096848412893824,0.020974838737237815,0.1710794297352342,2.8033630952380952,Linear Regression,0.036096848412893824,0.0330482473552685,0.003048601057625326,0.003048601057625326
2026-02-05,C023,TikTok,JP,video,783.64,24002,558,83,0.456952756998892,0.22645305827749015,0.12526535476201167,0.06069297140917007,0.23867838069711905,5.037516626961116,19.810305597860882,0.02527992868815794,0.023248062661444878,0.14874551971326164,9.44144578313253,Linear Regression,0.02527992868815794,0.03104644195362826,-0.00576651326547032,0.00576651326547032
2026-02-09,C027,Unity Ads,IN,playable,871.36,120695,2161,331,0.572449355930142,0.370972341704108,0.1520326740004129,0.025731432211281068,0.15524878211948456,8.517104061934033,51.38734688154939,0.058973450499043185,0.017904635651849705,0.15316982878297083,2.6325075528700905,Linear Regression,0.058973450499043185,0.06548454168497289,-0.006511091185929706,0.006511091185929706
2026-01-14,C030,Unity Ads,BR,playable,601.88,58770,942,136,0.612577815828117,0.3872972997696487,0.2083498473501047,0.05817207226648313,0.24034092486173125,7.911401828241706,32.68636578119545,0.05430721722497133,0.01602858601327208,0.14437367303609341,4.425588235294118,Linear Regression,0.05430721722497133,0.06331264364225832,-0.009005426417286987,0.009005426417286987
2026-02-11,C016,Google Ads,IN,static,937.13,138688,1970,261,0.4879695983338507,0.27717078989452165,0.11354915821120948,0.029062462407183715,0.1786139030461829,7.5853026882749495,46.61822869505374,0.049745746155138534,0.014204545454545454,0.13248730964467004,3.590536398467433,Linear Regression,0.049745746155138534,0.03578686264975137,0.013958883505387161,0.013958883505387161
2026-01-31,C028,Unity Ads,US,playable,815.17,36051,647,88,0.7750246521454864,0.5041627718599699,0.21793195510681793,0.19020063183306385,0.6953139627387763,16.73765560130962,61.18762872101232,0.07506159729050908,0.017946797592299796,0.13601236476043277,9.263295454545455,Linear Regression,0.07506159729050908,0.08444888253661827,-0.009387285246109184,0.009387285246109184
2026-01-03,C017,TikTok,KR,playable,797.14,23930,814,174,0.45598799506578425,0.3199406454148418,0.14098230098749925,0.04621981670345266,0.14481964475137793,8.042248106400763,25.19861818673976,0.03161130388486389,0.03401587964897618,0.21375921375921375,4.581264367816092,Linear Regression,0.03161130388486389,0.04707699935117575,-0.015465695466311859,0.015465695466311859
2026-02-07,C030,Unity Ads,BR,playable,843.78,68166,1277,221,0.733829455234123,0.42589357669425865,0.19375411463556652,0.08376965183345682,0.27101762291182574,18.513093055193956,59.89489466351349,0.07098428944718947,0.018733679546988236,0.173061863743148,3.8180090497737553,Linear Regression,0.07098428944718947,0.07726168051663557,-0.006277391069446095,0.006277391069446095
2026-03-01,C012,Google Ads,JP,playable,967.24,30601,665,103,0.6374941996987021,0.40770062135380153,0.1842079667767518,0.12232227205045337,0.5771969312737383,12.599194021196697,59.45128392119504,0.06146469534321915,0.021731315970066337,0.1548872180451128,9.390679611650485,Linear Regression,0.06146469534321915,0.05953157669127224,0.0019331186519469107,0.0019331186519469107
2026-03-01,C021,TikTok,BR,static,1010.96,91001,1847,266,0.4111356605449467,0.24599190361306378,0.1312908140889874,0.0461715617703949,0.18870646811545277,12.281635430925043,50.19592051871044,0.049651928287254565,0.020296480258458698,0.14401732539252843,3.8006015037593985,Linear Regression,0.049651928287254565,0.03245794490900904,0.017193983378245528,0.017193983378245528
2026-02-24,C007,Meta,IN,playable,721.75,75462,1438,247,0.4630367831094473,0.31310874953251444,0.16160334001905147,0.05458962466980263,0.1500849121851361,13.48363729344125,37.070973309728615,0.051362580992203574,0.01905594868940659,0.1717663421418637,2.922064777327935,Linear Regression,0.051362580992203574,0.04787343206773398,0.0034891489244695956,0.0034891489244695956
2026-02-01,C032,Unity Ads,JP,static,669.07,40206,491,66,0.7141768541632837,0.43895956174859824,0.17158111661351938,0.14662545632118434,0.6106943354604325,9.677280117198167,40.30582614038855,0.0602417157958267,0.01221210764562503,0.13441955193482688,10.137424242424244,Linear Regression,0.0602417157958267,0.06520343836469553,-0.004961722568868829,0.004961722568868829
2026-02-05,C018,TikTok,US,static,748.34,23046,478,75,0.5247216825407613,0.2863208030701855,0.16811059508341786,0.08216783699569064,0.27735855836858725,6.162587774676798,20.801891877644042,0.027797271377870535,0.02074112644276664,0.15690376569037656,9.977866666666667,Linear Regression,0.027797271377870535,0.03745661089761653,-0.009659339519745996,0.009659339519745996
2026-01-25,C024,TikTok,IN,static,846.69,77325,1713,225,0.4029621721197849,0.19117080177021117,0.09504120952463953,0.03652369437594841,0.09361457475626551,8.217831234588392,21.06327932015974,0.024877166359393573,0.022153249272550923,0.13134851138353765,3.763066666666667,Linear Regression,0.024877166359393573,0.01825480529027341,0.006622361069120165,0.006622361069120165
2026-01-29,C033,AppLovin,IN,playable,798.98,96520,2062,376,0.6856437554284731,0.4090563484158322,0.1603862563986783,0.028598051935254068,0.14413654725605266,10.75286752765553,54.195341768275796,0.06783023872070945,0.021363447990053876,0.18234723569350145,2.1249468085106384,Linear Regression,0.06783023872070945,0.07552728373672678,-0.007697045016017326,0.007697045016017326
2026-02-11,C039,AppLovin,KR,static,770.07,55788,684,83,0.574973548531752,0.44706896588789524,0.1447262170188549,0.0749333211735944,0.429419283205273,6.219465657408335,35.64180050603766,0.046283811915622544,0.012260701226070123,0.12134502923976608,9.277951807228916,Linear Regression,0.046283811915622544,0.0445104616189397,0.0017733502966828449,0.0017733502966828449
2026-02-15,C028,Unity Ads,US,playable,830.33,29361,558,85,0.9,0.5297527559378387,0.2290344972448629,0.182559058397598,0.8916265082172865,15.51751996379583,75.78825319846935,0.0912745873011119,0.019004802288750382,0.15232974910394265,9.768588235294118,Linear Regression,0.0912745873011119,0.08566896287534895,0.005605624425762956,0.005605624425762956
2026-03-01,C004,Meta,KR,video,995.31,52358,871,116,0.6047397956132118,0.32260140057361664,0.14433823677429566,0.06841248767331708,0.3441951253852051,7.935848570104781,39.926634544683786,0.0401147352018478,0.016635471179189426,0.13318025258323765,8.580258620689655,Linear Regression,0.0401147352018478,0.037397176963512135,0.0027175582383356656,0.0027175582383356656
2026-01-13,C005,Meta,BR,static,969.68,103882,1652,238,0.523188685229206,0.321101399177226,0.13655375030726666,0.03758531181924665,0.21055629987267416,8.945304212980703,50.11239936969645,0.05167954559213928,0.01590265878593019,0.1440677966101695,4.074285714285714,Linear Regression,0.05167954559213928,0.043715430060496004,0.007964115531643279,0.007964115531643279
2026-02-27,C037,AppLovin,JP,static,706.23,33775,477,53,0.6538302094204874,0.3692806091965899,0.17209667459975664,0.1444203739904448,0.4732460042240887,7.654279821493574,25.0820382238767,0.035515213298219994,0.014122871946706144,0.1111111111111111,13.325094339622641,Linear Regression,0.035515213298219994,0.04021542286777171,-0.004700209569551715,0.004700209569551715
2026-02-23,C003,Meta,JP,static,841.82,37680,630,86,0.5895514802379951,0.33007916844664204,0.11471048296912746,0.08916429042950588,0.37402733310988445,7.668128976937506,32.16635064745006,0.03821039060839414,0.016719745222929936,0.1365079365079365,9.78860465116279,Linear Regression,0.03821039060839414,0.046568895068847004,-0.008358504460452866,0.008358504460452866
2026-02-17,C013,Google Ads,JP,video,781.26,41320,572,80,0.735498618445244,0.42542776583785374,0.2064227153371314,0.1326389708867238,0.6266672268741865,10.611117670937904,50.13337814993492,0.06416976215480409,0.013843175217812198,0.13986013986013987,9.76575,Linear Regression,0.06416976215480409,0.0600708087443534,0.00409895341045069,0.00409895341045069
2026-01-16,C025,Unity Ads,KR,static,971.13,60138,849,88,0.6602527436982885,0.41918400443609033,0.17855420115170348,0.09141531053918099,0.40705405300755354,8.044547327447928,35.820756664664714,0.03688581642286504,0.014117529681732017,0.10365135453474676,11.035568181818181,Linear Regression,0.03688581642286504,0.03880366962086369,-0.0019178531979986493,0.0019178531979986493
2026-02-27,C004,Meta,KR,video,1087.76,62349,1180,158,0.5700259797521076,0.3735638934261344,0.15645414262804827,0.10048857440752532,0.42683358864843773,15.877194756389,67.43970700645316,0.06199889864681319,0.018925724550514042,0.13389830508474576,6.884556962025316,Linear Regression,0.06199889864681319,0.049680073753078445,0.012318824893734745,0.012318824893734745
2026-01-02,C014,Google Ads,US,playable,1079.42,45146,807,126,0.7540414541993863,0.48828285880006855,0.1657789271850779,0.14613416680846442,0.6984436431024799,18.412905017866517,88.00389903091246,0.08152869355400758,0.017875337792938466,0.15613382899628253,8.566825396825397,Linear Regression,0.08152869355400758,0.07872979983774436,0.002798893716263212,0.002798893716263212
2026-01-13,C031,Unity Ads,KR,video,599.27,35231,607,90,0.7606647118207697,0.4253135229314445,0.17712825594622883,0.11252543366843182,0.5644615921212655,10.127289030158863,50.80154329091389,0.08477240703525087,0.01722914478726122,0.14827018121911037,6.658555555555555,Linear Regression,0.08477240703525087,0.0708760221610406,0.013896384874210271,0.013896384874210271
2026-01-06,C014,Google Ads,US,playable,700.12,28598,496,80,0.7009426345186703,0.4278138932710847,0.17070211470458102,0.14925421483884957,0.6582863728467216,11.940337187107966,52.662909827737735,0.07521957219565512,0.017343870200713336,0.16129032258064516,8.7515,Linear Regression,0.07521957219565512,0.0735706687910101,0.001648903404645019,0.001648903404645019
2026-01-16,C010,Google Ads,BR,playable,938.38,78377,1381,229,0.566621445386992,0.3561526104932679,0.175744303215843,0.038150059420795,0.21898071189458884,8.736363607362057,50.14658302386084,0.05343958920888869,0.01761996504076451,0.165821868211441,4.097729257641921,Linear Regression,0.05343958920888869,0.05453709278502075,-0.0010975035761320653,0.0010975035761320653
2026-02-04,C015,Google Ads,IN,video,1030.78,162633,2505,343,0.4664364260129288,0.29861170147534843,0.15226813458445068,0.03145851323648551,0.20481712867199342,10.79027004011453,70.25227513449374,0.06815431801658972,0.015402778033978343,0.13692614770459083,3.0051895043731776,Linear Regression,0.06815431801658972,0.04362276061962602,0.0245315573969637,0.0245315573969637
2026-02-17,C019,TikTok,BR,playable,759.9,40046,1345,275,0.4641294129631487,0.34486532081656385,0.12145399478774992,0.05543945260386125,0.1454697951875953,15.245849466061845,40.00419367658871,0.05264371264951502,0.033586375667981824,0.20446096654275092,2.763272727272727,Linear Regression,0.05264371264951502,0.050095506340160655,0.002548206309354366,0.002548206309354366
2026-01-06,C009,Google Ads,US,static,1138.76,61881,821,106,0.6123731720590775,0.4054076509946413,0.12735173596132363,0.12453199821990851,0.5292208388441848,13.200391811310302,56.09740891748359,0.04926168404771433,0.013267400332897012,0.12911084043848964,10.743018867924528,Linear Regression,0.04926168404771433,0.05245399926011234,-0.00319231521239801,0.00319231521239801
2026-02-10,C002,Meta,BR,playable,1010.69,88782,1857,334,0.5355077398833245,0.32891147832566797,0.13823232993119708,0.07146564293227381,0.0549791574126621,23.869524739379454,18.36303857582914,0.01816875151204261,0.02091640197337298,0.17985998922994076,3.0260179640718565,Linear Regression,0.01816875151204261,0.06717779836975694,-0.04900904685771433,0.04900904685771433
2026-02-14,C001,Meta,US,static,942.24,52013,671,92,0.6339513183339006,0.3486417607235084,0.1309670893510148,0.10910877439466549,0.5194482964777243,10.038007244309224,47.78924327595063,0.050718858653064684,0.012900620998596504,0.13710879284649777,10.241739130434782,Linear Regression,0.050718858653064684,0.05207396235198018,-0.0013551036989154983,0.0013551036989154983
2026-01-08,C021,TikTok,BR,static,772.38,71499,1354,212,0.38024715296915446,0.21116611685651343,0.11033325425278531,0.005347539537311052,0.17404086782578743,1.133678381909943,36.896663979066936,0.0477699431442316,0.01893732779479433,0.15657311669128507,3.643301886792453,Linear Regression,0.0477699431442316,0.027097392748433872,0.02067255039579773,0.02067255039579773
2026-02-19,C011,Google Ads,JP,static,804.8,56876,664,99,0.6633994723619225,0.4159524971669785,0.14665808779391282,0.1405749330986809,0.6043209661721181,13.91691837676941,59.82777565103969,0.07433912093756583,0.011674520008439411,0.14909638554216867,8.129292929292928,Linear Regression,0.07433912093756583,0.06607871360523186,0.008260407332333963,0.008260407332333963
2026-01-08,C005,Meta,BR,static,831.41,79712,1272,186,0.43900734177928236,0.31044387747930624,0.10462648387477899,0.013450113355133908,0.23157707379564346,2.501721084054907,43.073335725989686,0.051807300534368016,0.015957446808510637,0.14622641509433962,4.46994623655914,Linear Regression,0.051807300534368016,0.0355570462587467,0.016250254275621316,0.016250254275621316
2026-01-09,C038,AppLovin,IN,video,1007.83,130127,2318,307,0.5377677005351009,0.3157401383418781,0.16481185321391706,0.021743972616497284,0.0954797370674412,6.675399593264666,29.31227927970445,0.029084404839535394,0.017813366941526354,0.13244176013805004,3.2828338762214986,Linear Regression,0.029084404839535394,0.04781987047775576,-0.018735465638220365,0.018735465638220365
2026-02-09,C026,Unity Ads,JP,video,739.22,37265,489,73,0.773199684976691,0.4444404710495116,0.19893249377732933,0.17575552152179774,0.6200467155625642,12.830153071091235,45.26341023606719,0.06123134012805135,0.013122232657990071,0.1492842535787321,10.126301369863015,Linear Regression,0.06123134012805135,0.06833229749562125,-0.007100957367569903,0.007100957367569903
2026-02-10,C036,AppLovin,US,video,861.55,34562,606,85,0.7861595249647177,0.46219896298910773,0.18620279176857546,0.18596994103617018,0.7068443550760158,15.807444988074465,60.081770181461344,0.0697368069635212,0.017533707540072913,0.14026402640264027,10.135882352941175,Linear Regression,0.0697368069635212,0.07144964550377798,-0.001712838540256778,0.001712838540256778
2026-02-17,C012,Google Ads,JP,playable,677.32,26296,474,83,0.6644161802468893,0.3287880821160505,0.16331472623819734,0.13970950032353527,0.5766451044244736,11.595888526853427,47.86154366723131,0.07066318726422642,0.018025555217523578,0.1751054852320675,8.160481927710844,Linear Regression,0.07066318726422642,0.06675748564837461,0.0039057016158518115,0.0039057016158518115
2026-02-20,C022,TikTok,BR,video,558.25,31751,784,127,0.39039747198977454,0.20944136274342878,0.10985478155052236,0.02426766795698308,0.10156297802922644,3.081993830536851,12.898498209711757,0.02310523716429527,0.02469213568076596,0.16198979591836735,4.395669291338582,Linear Regression,0.02310523716429527,0.02321209247959524,-0.00010685531529996961,0.00010685531529996961
2026-01-12,C024,TikTok,IN,static,1097.09,117502,2808,434,0.4352037823435305,0.2900411101245725,0.12781523942850567,0.015764171665578287,0.02,6.841650502860976,8.68,0.007911852766437173,0.023897465575054042,0.15455840455840456,2.5278571428571426,Linear Regression,0.007911852766437173,0.035212405396133184,-0.02730055262969601,0.02730055262969601
2026-01-21,C037,AppLovin,JP,static,1084.26,60524,885,118,0.6025665213029896,0.31042651310982594,0.1489642270828261,0.13521269111765774,0.5356834671473133,15.955097551883613,63.21064912338297,0.05829850117169142,0.014622298592293966,0.13333333333333333,9.18864406779661,Linear Regression,0.05829850117169142,0.058881476013584386,-0.0005829748418929651,0.0005829748418929651
2026-01-11,C022,TikTok,BR,video,1093.38,85529,2039,377,0.40452165868730144,0.26597721693521353,0.09448821719923486,0.03643098065657615,0.12558633234711944,13.734479707529209,47.34604729486403,0.0433026241197284,0.023839867179553133,0.18489455615497793,2.900212201591512,Linear Regression,0.0433026241197284,0.04480092603262506,-0.0014983019128966615,0.0014983019128966615
2026-02-23,C024,TikTok,IN,static,944.31,94924,2022,340,0.33624626263910146,0.26367685993377293,0.09709178304035215,0.050492608969905386,0.11842202066032985,17.167487049767832,40.26348702451215,0.04263808610654023,0.02130125152753782,0.1681503461918892,2.7773823529411765,Linear Regression,0.04263808610654023,0.03254716756376627,0.010090918542773955,0.010090918542773955
2026-02-16,C015,Google Ads,IN,video,1064.18,195029,2742,469,0.500476617992317,0.34886248708798673,0.13216785622504865,0.059399310335667435,0.11102175053791016,27.858276547428027,52.06920100227987,0.04892901583553735,0.014059447569335842,0.17104303428154632,2.269040511727079,Linear Regression,0.04892901583553735,0.06514326405938647,-0.016214248223849127,0.016214248223849127
2026-01-17,C023,TikTok,JP,video,771.33,20513,524,76,0.5712230347017238,0.3371817560786741,0.13241015929720426,0.05447530952310047,0.3315258928103872,4.140123523755636,25.195967853589426,0.032665680548302545,0.025544776483205772,0.1450381679389313,10.149078947368421,Linear Regression,0.032665680548302545,0.03350450561086417,-0.0008388250625616239,0.0008388250625616239
2026-01-08,C033,AppLovin,IN,playable,878.46,85398,1720,320,0.5973000901231943,0.35208954652217195,0.17787562502558815,0.040882402670601885,0.1071653523567938,13.082368854592604,34.29291275417401,0.039037598473631134,0.02014098690835851,0.18604651162790697,2.7451875,Linear Regression,0.039037598473631134,0.06463333991370347,-0.025595741440072338,0.025595741440072338
2026-02-18,C033,AppLovin,IN,playable,675.23,73831,1649,286,0.5694217449620576,0.33254212043691395,0.1063684896823524,0.05339282640462663,0.1865822218413754,15.270348351723216,53.36251544663337,0.07902885045025292,0.022334791618696753,0.17343844754396603,2.360944055944056,Linear Regression,0.07902885045025292,0.06688974222374154,0.012139108226511375,0.012139108226511375
2026-01-11,C021,TikTok,BR,static,1024.62,64366,1538,213,0.36325683269568154,0.30233704452768356,0.12248439903637157,0.02328220370855427,0.19922039536911382,4.959109389922059,42.433944213621245,0.041414332279867266,0.023894602740577323,0.13849154746423928,4.810422535211267,Linear Regression,0.041414332279867266,0.02062902577213052,0.020785306507736745,0.020785306507736745
2026-01-30,C015,Google Ads,IN,video,907.54,114002,2094,283,0.5139172676176765,0.2749509457243325,0.10911268531160113,0.005,0.16468090249184286,1.415,46.60469540519153,0.05135253634298126,0.018368098805284117,0.13514804202483285,3.2068551236749117,Linear Regression,0.05135253634298126,0.03947302600780577,0.011879510335175487,0.011879510335175487
2026-01-02,C029,Unity Ads,BR,video,672.02,57046,947,127,0.6543501651097603,0.43800032992203014,0.1711803663306885,0.03800740082802853,0.29952665787553456,4.826939905159623,38.03988555019289,0.05660547827470266,0.016600638081548224,0.1341077085533263,5.291496062992126,Linear Regression,0.05660547827470266,0.05587458456078182,0.0007308937139208355,0.0007308937139208355
2026-01-08,C025,Unity Ads,KR,static,833.71,79124,841,85,0.6435745181273489,0.34937657671994016,0.13758748988750094,0.10421147510979364,0.36157936696240983,8.857975384332459,30.734246191804836,0.0368644178878544,0.01062888630504019,0.10107015457788347,9.808352941176471,Linear Regression,0.0368644178878544,0.04397253179187604,-0.0071081139040216415,0.0071081139040216415
2026-01-10,C013,Google Ads,JP,video,1012.98,53070,741,124,0.6318820011821242,0.421477558968329,0.17406641006488086,0.12829350386228092,0.5457601611620078,15.908394478922833,67.67425998408896,0.06680691878614489,0.013962690785754664,0.16734143049932523,8.169193548387097,Linear Regression,0.06680691878614489,0.06544219805412432,0.001364720732020569,0.001364720732020569
2026-01-28,C030,Unity Ads,BR,playable,570.54,56765,984,168,0.5667040719878853,0.33369517975136564,0.15670720232793575,0.05634349839134243,0.32176533251736356,9.465707729745528,54.05657586291708,0.09474694094179441,0.017334625209195806,0.17073170731707318,3.396071428571428,Linear Regression,0.09474694094179441,0.06791947688651659,0.02682746405527782,0.02682746405527782
2026-02-14,C037,AppLovin,JP,static,660.14,38305,503,54,0.574667019036105,0.4287247953110487,0.16266636790958883,0.14232751542854033,0.5722760707295409,7.685685833141178,30.90290781939521,0.046812547161461465,0.013131444981072967,0.1073558648111332,12.224814814814815,Linear Regression,0.046812547161461465,0.04544876139659921,0.0013637857648622562,0.0013637857648622562
2026-02-28,C030,Unity Ads,BR,playable,978.14,90407,1496,268,0.6965791767679909,0.4239458182579565,0.18427865206260338,0.08505979068923011,0.2846509691254203,22.79602390471367,76.28645972561264,0.07799173487400365,0.016547391241828618,0.17914438502673796,3.649776119402985,Linear Regression,0.07799173487400365,0.07959503387073617,-0.001603298996732519,0.001603298996732519
2026-01-30,C014,Google Ads,US,playable,1353.89,49357,975,178,0.7678302772230242,0.4572221327036278,0.17710999894548712,0.13282714751472818,0.7604029165577852,23.643232257621616,135.35171914728576,0.09997243252694495,0.01975403691472334,0.18256410256410258,7.606123595505618,Linear Regression,0.09997243252694495,0.08481611650156212,0.015156316025382824,0.015156316025382824
2026-01-21,C008,Meta,JP,playable,917.33,32365,642,115,0.60276816543902,0.3734090092694807,0.13344246275371052,0.10831488704235315,0.3862573199206812,12.456212009870612,44.419591790878336,0.04842261302178422,0.019836242854935886,0.1791277258566978,7.976782608695652,Linear Regression,0.04842261302178422,0.06278492818387893,-0.014362315162094713,0.014362315162094713
2026-02-17,C028,Unity Ads,US,playable,661.2,27647,428,74,0.8840056348527124,0.5156243250613901,0.24338112565896083,0.19101602419807379,0.8331552835593865,14.13518579065746,61.653490983394605,0.09324503075149898,0.015480884001880855,0.17289719626168223,8.935135135135136,Linear Regression,0.09324503075149898,0.08984534922968662,0.003399681521812359,0.003399681521812359
2026-02-18,C030,Unity Ads,BR,playable,634.33,46046,913,160,0.6737802555105905,0.4570029436936631,0.15926964581988004,0.05816195019745454,0.3379968421202312,9.305912031592726,54.07949473923699,0.08525410228183643,0.019827998088867656,0.17524644030668127,3.9645625000000004,Linear Regression,0.08525410228183643,0.07033987391762161,0.014914228364214813,0.014914228364214813
2026-01-22,C020,TikTok,JP,static,1120.93,43592,965,132,0.48716482425952606,0.2804230327396573,0.13782685080836116,0.05644436856015973,0.2935813848363443,7.4506566499410845,38.75274279839744,0.03457192635389986,0.0221370893741971,0.13678756476683937,8.49189393939394,Linear Regression,0.03457192635389986,0.03672540182901197,-0.0021534754751121113,0.0021534754751121113
2026-01-30,C011,Google Ads,JP,static,833.23,59045,722,82,0.614051998839011,0.32800506234055565,0.1423188375263538,0.09253073747992291,0.5378175482199542,7.5875204733536785,44.10103895403624,0.05292798066389661,0.01222796172410873,0.11357340720221606,10.161341463414635,Linear Regression,0.05292798066389661,0.049147406859904035,0.0037805738039925763,0.0037805738039925763
2026-02-21,C011,Google Ads,JP,static,1026.04,58146,752,86,0.6286536843318872,0.39422863351887855,0.15859805225889412,0.1164340188252347,0.5007470051754468,10.013325618970184,43.064242445088425,0.04197115429196337,0.012932961854641763,0.11436170212765957,11.930697674418605,Linear Regression,0.04197115429196337,0.040458300357988794,0.0015128539339745728,0.0015128539339745728
2026-01-24,C027,Unity Ads,IN,playable,884.74,88519,1816,258,0.5211386949078337,0.3400755288603439,0.1305503207870085,0.0656799145703937,0.21480497852670527,16.945417959161574,55.41968445988996,0.062639727591015,0.02051536958167173,0.1420704845814978,3.4292248062015505,Linear Regression,0.062639727591015,0.059109395382704155,0.003530332208310838,0.003530332208310838
2026-03-01,C020,TikTok,JP,static,796.83,27732,551,75,0.4437719263854149,0.28156576650194165,0.0724274273472038,0.06302224641808894,0.2835564248012494,4.726668481356671,21.266731860093703,0.026689284556933476,0.01986874368960046,0.13611615245009073,10.624400000000001,Linear Regression,0.026689284556933476,0.025309277974897258,0.0013800065820362174,0.0013800065820362174
2026-01-08,C028,Unity Ads,US,playable,774.01,23851,485,66,0.7864399653097889,0.4770838709811697,0.19587698721633484,0.17315633297726812,0.7185706833085455,11.428317976499697,47.425665098364,0.06127289655756129,0.020334577166575826,0.1360824742268041,11.727424242424242,Linear Regression,0.06127289655756129,0.06832216887091849,-0.0070492723133572036,0.0070492723133572036
2026-02-15,C032,Unity Ads,JP,static,550.56,34953,434,56,0.6527378169251729,0.4538789778579777,0.19621197369549298,0.1380793181834154,0.617045906397936,7.732441818271262,34.55457075828441,0.06276262420281267,0.012416673819128544,0.12903225806451613,9.831428571428571,Linear Regression,0.06276262420281267,0.0656563866237973,-0.00289376242098463,0.00289376242098463
2026-02-12,C009,Google Ads,US,static,993.7,54733,740,83,0.5744392569803395,0.3774034383490792,0.18699211537273863,0.11317233137483679,0.4366643520953809,9.393303504111453,36.243141223916616,0.0364729711858897,0.013520179781850073,0.11216216216216217,11.972289156626507,Linear Regression,0.0364729711858897,0.04389548281556489,-0.007422511629675194,0.007422511629675194
2026-02-28,C014,Google Ads,US,playable,1148.17,36775,788,150,0.7067089845371302,0.43171644680128746,0.20447152610531968,0.14121325521618566,0.6838843541518043,21.18198828242785,102.58265312277064,0.08934430204258674,0.02142760027192386,0.19035532994923857,7.654466666666667,Linear Regression,0.08934430204258674,0.08082808344849067,0.00851621859409607,0.00851621859409607
2026-01-19,C038,AppLovin,IN,video,688.16,82614,1578,227,0.4938235839824345,0.2865557275859777,0.10771504846307169,0.0324534109310686,0.1476318670321736,7.366924281352572,33.51243381630341,0.04869875091322027,0.019100878785677972,0.1438529784537389,3.0315418502202642,Linear Regression,0.04869875091322027,0.04884632505639731,-0.00014757414317704415,0.00014757414317704415
2026-01-20,C017,TikTok,KR,playable,1077.13,29922,949,186,0.6366779805914409,0.3545337902094672,0.11171510326516526,0.05577107524950666,0.3129140626489198,10.37341999640824,58.20201565269908,0.054034426508759933,0.031715794398770134,0.19599578503688092,5.791021505376345,Linear Regression,0.054034426508759933,0.04745554165761181,0.006578884851148124,0.006578884851148124
2026-01-20,C004,Meta,KR,video,984.86,61140,1121,144,0.6301107448534682,0.3737558970854169,0.13413617021609567,0.08877547717348418,0.325286123730084,12.783668712981722,46.841201817132095,0.047561146631001375,0.018334968923781485,0.12845673505798394,6.839305555555556,Linear Regression,0.047561146631001375,0.05156640991970169,-0.004005263288700316,0.004005263288700316
2026-02-08,C036,AppLovin,US,video,837.68,31244,573,92,0.6498040421447112,0.4378550317081968,0.1937243494391008,0.15689758677994733,0.7489092422457642,14.434577983755155,68.8996502866103,0.08225084011271012,0.01833952118806811,0.16055846422338568,9.105217391304347,Linear Regression,0.08225084011271012,0.07136347458611034,0.010887365526599788,0.010887365526599788
2026-02-27,C019,TikTok,BR,playable,932.39,57984,1678,333,0.49345912169822387,0.3349897986308728,0.12005606047180391,0.019950879193156464,0.1294455627881769,6.643642771321103,43.105372408462905,0.0462310557031697,0.02893901766004415,0.19845053635280097,2.79996996996997,Linear Regression,0.0462310557031697,0.04906875441117432,-0.00283769870800462,0.00283769870800462
2026-01-06,C039,AppLovin,KR,static,629.72,38713,551,73,0.7109642096398098,0.4114547315843274,0.1763986561260651,0.09744782188308285,0.5335137022064832,7.1136909974650475,38.946500261073275,0.061847439503494646,0.01423294500555369,0.132486388384755,8.626301369863015,Linear Regression,0.061847439503494646,0.05294416489897715,0.008903274604517494,0.008903274604517494
2026-02-20,C006,Meta,JP,video,950.68,38831,779,103,0.5648872672410105,0.338149956635273,0.1538942053874808,0.08689852066485404,0.48960064360474853,8.950547628479967,50.4288662912891,0.05304481040916938,0.0200612912363833,0.13222079589216945,9.229902912621359,Linear Regression,0.05304481040916938,0.04932481885010099,0.0037199915590683877,0.0037199915590683877
2026-02-18,C019,TikTok,BR,playable,715.0,33370,1059,207,0.47125706148073493,0.29372307812158055,0.11985971099388931,0.03287957225493169,0.16068909737578513,6.80607145677086,33.26264315678752,0.046520949074559816,0.0317350913994606,0.1954674220963173,3.4541062801932365,Linear Regression,0.046520949074559816,0.03822351933771759,0.008297429736842228,0.008297429736842228
2026-01-23,C024,TikTok,IN,static,1078.91,134621,2464,401,0.34552189865001726,0.1771894303207669,0.06242141333337419,0.014965648013351197,0.029262924493956642,6.00122485335383,11.734432722076614,0.010876174825008125,0.018303236493563413,0.1627435064935065,2.6905486284289277,Linear Regression,0.010876174825008125,0.025864585074814463,-0.014988410249806338,0.014988410249806338
2026-02-24,C034,AppLovin,US,static,811.52,40147,489,58,0.6366933063006966,0.4321385367347358,0.1543201405145429,0.15603828068873846,0.5556693941999037,9.05022027994683,32.22882486359441,0.03971427633196457,0.012180237626721798,0.11860940695296524,13.991724137931033,Linear Regression,0.03971427633196457,0.04291681323589382,-0.0032025369039292567,0.0032025369039292567
2026-02-01,C004,Meta,KR,video,1013.65,52902,883,116,0.5840614152410137,0.365785789468702,0.1566985141163291,0.0763833880671366,0.33885741608717884,8.860473015787845,39.30746026611275,0.038778200493902806,0.016691240406789914,0.13137032842582105,8.738362068965516,Linear Regression,0.038778200493902806,0.037023566962302024,0.0017546335316007827,0.0017546335316007827
2026-01-11,C032,Unity Ads,JP,static,881.9,58384,689,86,0.7486681829674355,0.44431366178020015,0.20382268219195268,0.17055195917222132,0.7069036210589279,14.667468488811034,60.7937114110678,0.06893515696862262,0.011801178405042478,0.12481857764876633,10.254651162790697,Linear Regression,0.06893515696862262,0.06551966985997917,0.00341548710864345,0.00341548710864345
2026-02-11,C014,Google Ads,US,playable,865.48,33134,636,99,0.8308194332127938,0.41817456458362,0.1992314800633307,0.19044420282666275,0.7189261483427848,18.85397607983961,71.17368868593569,0.08223651927696254,0.019194784813182833,0.15566037735849056,8.742222222222223,Linear Regression,0.08223651927696254,0.07889372591113719,0.003342793365825353,0.003342793365825353
2026-02-23,C018,TikTok,US,static,947.96,36649,724,99,0.5174160781059423,0.28233798258635223,0.1648961573367096,0.0743753207369509,0.33974277997748,7.3631567529581385,33.63453521777052,0.0354808088768408,0.019754972850555268,0.13674033149171272,9.575353535353536,Linear Regression,0.0354808088768408,0.03910096270806854,-0.0036201538312277404,0.0036201538312277404
2026-02-13,C033,AppLovin,IN,playable,662.85,68158,1583,238,0.5371474428053641,0.32316927518739663,0.15267188199787776,0.0354733072939146,0.12969743648730636,8.442647135951674,30.867989883978915,0.04656886084588788,0.023225446756066786,0.15034744156664562,2.7850840336134453,Linear Regression,0.04656886084588788,0.05735311566534934,-0.010784254819461464,0.010784254819461464
2026-01-25,C023,TikTok,JP,video,918.63,27632,798,117,0.4775008853528274,0.27551952423069404,0.10627698821844181,0.08977112169120108,0.3271051327999315,10.503221237870527,38.27130053759198,0.04166105422665717,0.028879559930515344,0.14661654135338345,7.851538461538461,Linear Regression,0.04166105422665717,0.041582600970858835,7.845325579833307e-05,7.845325579833307e-05
2026-02-17,C025,Unity Ads,KR,static,500.74,41322,472,56,0.5887698854918885,0.3691342107364329,0.14903222077097467,0.09164447435163003,0.4117983379711241,5.132090563691282,23.06070692638295,0.04605327675260426,0.011422486810899763,0.11864406779661017,8.941785714285714,Linear Regression,0.04605327675260426,0.05010874479646025,-0.004055468043855988,0.004055468043855988
2026-01-20,C020,TikTok,JP,static,584.72,18027,418,67,0.45272757116081785,0.3542788072935092,0.10945634176713898,0.05376090350321353,0.2829998278873155,3.6019805347153064,18.960988468450136,0.03242733001641069,0.023187441060631274,0.16028708133971292,8.727164179104477,Linear Regression,0.03242733001641069,0.0377509186248682,-0.005323588608457511,0.005323588608457511
2026-02-04,C039,AppLovin,KR,static,595.32,41286,561,71,0.7181138750560605,0.41928410320764553,0.1494451918097383,0.0879172804034602,0.4167454965910683,6.242126908645674,29.58893025796585,0.04970258669233527,0.013588141258538003,0.1265597147950089,8.384788732394368,Linear Regression,0.04970258669233527,0.055061231870265966,-0.005358645177930693,0.005358645177930693
2026-02-06,C027,Unity Ads,IN,playable,887.68,101438,2056,281,0.5821620944195345,0.2883434982072577,0.1430535426920983,0.06227016402164287,0.08690473304242186,17.497916090081645,24.420229984920542,0.027510188742423183,0.020268538417555552,0.13667315175097275,3.159003558718861,Linear Regression,0.027510188742423183,0.062485626731425783,-0.0349754379890026,0.0349754379890026
2026-02-27,C040,AppLovin,BR,video,832.86,72270,1344,159,0.5865855842105419,0.33016202548959556,0.15551802200707815,0.046078680606628314,0.2976125166845691,7.326510216453902,47.32039015284649,0.05681661442160768,0.01859692818596928,0.11830357142857142,5.23811320754717,Linear Regression,0.05681661442160768,0.047341453966804115,0.009475160454803566,0.009475160454803566
2026-02-27,C035,AppLovin,BR,static,948.05,140948,1697,211,0.5564832901763973,0.2711679420076198,0.13165861668903883,0.05470236979886806,0.20107336450985833,11.542200027561162,42.42647991158011,0.0447510753031045,0.012039901240173682,0.12433706540954625,4.493127962085308,Linear Regression,0.0447510753031045,0.04778848119875423,-0.003037405895649728,0.003037405895649728
2026-02-11,C008,Meta,JP,playable,808.53,30932,703,102,0.7181685772315338,0.4416423258264098,0.19487071392318905,0.10336366289914344,0.627843032405982,10.54309361571263,64.03998930541017,0.07920505275425205,0.022727272727272728,0.14509246088193456,7.926764705882353,Linear Regression,0.07920505275425205,0.06907277275960498,0.010132279994647067,0.010132279994647067
2026-01-02,C027,Unity Ads,IN,playable,804.34,102346,2090,284,0.5548153589842384,0.41828920821477666,0.1262903132155709,0.039089418267081344,0.06251906923093126,11.101394787851103,17.755415661584475,0.0220746172805832,0.020420925097219236,0.13588516746411483,2.8321830985915493,Linear Regression,0.0220746172805832,0.06484368265812909,-0.04276906537754589,0.04276906537754589
2026-01-13,C036,AppLovin,US,video,832.06,42637,671,89,0.7083741487176566,0.41333802468967806,0.20193951001583954,0.14428369336185842,0.5820431737485315,12.8412487092054,51.80184246361931,0.062257023338168314,0.015737504983934142,0.13263785394932937,9.348988764044943,Linear Regression,0.062257023338168314,0.07208606955078711,-0.009829046212618799,0.009829046212618799
2026-02-24,C017,TikTok,KR,playable,739.08,22229,697,147,0.4704265102812498,0.3444351399423966,0.11910699678509422,0.048562412337994826,0.21017479056664665,7.1386746136852395,30.895694213297055,0.0418030377899998,0.03135543659183949,0.2109038737446198,5.027755102040817,Linear Regression,0.0418030377899998,0.0453676082968823,-0.0035645705068824973,0.0035645705068824973
2026-02-26,C005,Meta,BR,static,755.79,78409,1217,169,0.46656646372897476,0.2913560156128668,0.11607295093158292,0.012123719910172328,0.10580363503863838,2.0489086648191233,17.880814321529886,0.02365829041022332,0.015521177415857873,0.1388660640920296,4.472130177514793,Linear Regression,0.02365829041022332,0.036161853949134876,-0.012503563538911557,0.012503563538911557
2026-01-22,C028,Unity Ads,US,playable,818.16,32164,606,101,0.7828302607557893,0.4876895549445621,0.1854117378241516,0.18604182170103598,0.6976463828901102,18.790223991804634,70.46228467190113,0.08612329863723167,0.018840940181569458,0.16666666666666666,8.10059405940594,Linear Regression,0.08612329863723167,0.09117929236345876,-0.005055993726227087,0.005055993726227087
2026-01-11,C014,Google Ads,US,playable,1078.69,42172,733,142,0.8052570971900169,0.46209130632826667,0.18406639444080916,0.17097142764456275,0.6499869799421334,24.27794272552791,92.29815115178295,0.08556500134483447,0.017381200796737172,0.1937244201909959,7.596408450704225,Linear Regression,0.08556500134483447,0.08747231387308352,-0.00190731252824905,0.00190731252824905
2026-01-08,C014,Google Ads,US,playable,855.17,30389,608,113,0.7934781264675067,0.5232738951250798,0.23122989863338306,0.16368390696937257,0.756596738433998,18.4962814875391,85.49543144304177,0.09997451283381248,0.020007239461647307,0.18585526315789475,7.5678761061946895,Linear Regression,0.09997451283381248,0.08691492232315487,0.01305959051065761,0.01305959051065761
2026-01-30,C016,Google Ads,IN,static,1404.48,264998,3483,471,0.39907385255586986,0.25447475539319303,0.10765919393567364,0.02879434835757406,0.09925224905918469,13.562138076417384,46.747809306875986,0.03328473285430662,0.013143495422606963,0.13522825150732126,2.9819108280254776,Linear Regression,0.03328473285430662,0.03664108859170601,-0.00335635573739939,0.00335635573739939
2026-01-17,C004,Meta,KR,video,1143.24,63749,1201,152,0.5965524658570764,0.40860491020263917,0.1675992585723083,0.08365914149330812,0.5060690563316809,12.716189506982834,76.92249656241549,0.0672846318058616,0.01883951120801895,0.12656119900083265,7.521315789473684,Linear Regression,0.0672846318058616,0.046003689813170254,0.021280941992691343,0.021280941992691343
2026-02-17,C021,TikTok,BR,static,795.45,64263,1174,199,0.3595911953312263,0.2499803610533172,0.10241745484706999,0.03960674211857392,0.16175691618366392,7.8817416815962105,32.18962632054912,0.04046712533074255,0.018268677154816924,0.1695059625212947,3.997236180904523,Linear Regression,0.04046712533074255,0.02758217672635822,0.012884948604384331,0.012884948604384331
2026-02-12,C031,Unity Ads,KR,video,582.37,37316,536,62,0.718974944673261,0.4456102459238417,0.17698209059061493,0.10610710635850977,0.42200610626428553,6.578640594227606,26.164378588385702,0.04492713460353055,0.014363811769750242,0.11567164179104478,9.393064516129032,Linear Regression,0.04492713460353055,0.05473840361311353,-0.009811269009582978,0.009811269009582978
2026-02-07,C016,Google Ads,IN,static,919.42,139273,2074,268,0.5609321810033964,0.33830081831982983,0.13982374246359325,0.03805182294720018,0.12756491659529942,10.197888549849647,34.187397647540244,0.03718382626832552,0.014891615747488745,0.12921890067502412,3.4306716417910446,Linear Regression,0.03718382626832552,0.04263886447896732,-0.005455038210641805,0.005455038210641805
2026-01-18,C011,Google Ads,JP,static,788.53,42666,629,78,0.7110159984805738,0.4500256311596774,0.18585373624056015,0.12132543570296855,0.522336954540562,9.463383984831546,40.742282454163835,0.0516688560924041,0.01474241785027891,0.12400635930047695,10.109358974358974,Linear Regression,0.0516688560924041,0.056610431575468786,-0.004941575483064689,0.004941575483064689
2026-01-30,C001,Meta,US,static,1261.36,62204,886,120,0.5644022113110073,0.3742504724615232,0.17029657327078446,0.11880758321664361,0.5839414530549627,14.256909985997234,70.07297436659553,0.05555340015638549,0.014243457012410778,0.13544018058690746,10.511333333333333,Linear Regression,0.05555340015638549,0.04732210610297464,0.008231294053410852,0.008231294053410852
2026-02-12,C011,Google Ads,JP,static,1179.68,67708,900,102,0.6139440180421748,0.3469195798623033,0.135456096315157,0.10164389912674392,0.38850489791395204,10.367677710927879,39.627499587223106,0.0335916252349094,0.01329237313168311,0.11333333333333333,11.565490196078432,Linear Regression,0.0335916252349094,0.0392993866324393,-0.0057077613975299035,0.0057077613975299035
2026-02-06,C034,AppLovin,US,static,713.53,31634,502,60,0.7129395420382866,0.4716333343489973,0.17887606751976864,0.12994150147953976,0.6584728814240117,7.796490088772385,39.50837288544071,0.05537030695210387,0.01586900170702409,0.11952191235059761,11.892166666666666,Linear Regression,0.05537030695210387,0.058345015984053755,-0.002974709031949886,0.002974709031949886
2026-01-31,C026,Unity Ads,JP,video,766.29,33989,567,65,0.7561587010578775,0.4318741715653832,0.20803728603740126,0.13803745779320295,0.6350291856222057,8.972434756558192,41.27689706544337,0.05386584490008795,0.01668186766306746,0.1146384479717813,11.789076923076923,Linear Regression,0.05386584490008795,0.0576216696737942,-0.0037558247737062497,0.0037558247737062497
2026-02-19,C004,Meta,KR,video,691.08,29852,610,86,0.6509566552337323,0.38556793517820176,0.15148051169237894,0.081307114534133,0.4866766898528969,6.992411849935438,41.85419532734913,0.06056388431573128,0.020434141766045827,0.14098360655737704,8.035813953488372,Linear Regression,0.06056388431573128,0.04478168259459582,0.01578220172113546,0.01578220172113546
2026-01-11,C008,Meta,JP,playable,745.51,33773,647,97,0.7150510236008014,0.45898492711893973,0.2107445838314697,0.13064851828239926,0.5122948212045129,12.672906273392728,49.69259765683775,0.06665552038640617,0.019157315014952773,0.14992272024729522,7.685670103092783,Linear Regression,0.06665552038640617,0.072289111848847,-0.005633591462440829,0.005633591462440829
2026-01-09,C004,Meta,KR,video,972.66,45790,900,123,0.5916987426764259,0.45284644491161713,0.1745255326272371,0.06462530250782052,0.3411268416629923,7.948912208461923,41.95860152454805,0.04313820608360622,0.019654946494867875,0.13666666666666666,7.90780487804878,Linear Regression,0.04313820608360622,0.0440969242124931,-0.0009587181288868846,0.0009587181288868846
2026-02-17,C007,Meta,IN,playable,646.61,76453,1441,255,0.5354843483337498,0.3663377496220721,0.15094978411593274,0.03759476301881198,0.14351176714518174,9.586664569797057,36.59550062202134,0.05659592682116092,0.018848181235530326,0.17696044413601666,2.5357254901960786,Linear Regression,0.05659592682116092,0.053538555037892545,0.003057371783268377,0.003057371783268377
2026-01-26,C038,AppLovin,IN,video,593.47,106826,1547,245,0.5464537346215327,0.3283745568766835,0.1271473305073034,0.07574492569464783,0.09501510863062854,18.55750679518872,23.27870161450399,0.03922440428161913,0.014481493269428792,0.1583710407239819,2.422326530612245,Linear Regression,0.03922440428161913,0.06195631266025669,-0.02273190837863756,0.02273190837863756
2026-01-27,C030,Unity Ads,BR,playable,647.12,63142,1217,197,0.6374759407772982,0.40138904478588516,0.16318590125953664,0.04972297086131436,0.25236193699562737,9.795425259678929,49.715301588138594,0.0768255339935684,0.01927401729435241,0.161873459326212,3.2848730964467006,Linear Regression,0.0768255339935684,0.0734217840782748,0.0034037499152936024,0.0034037499152936024
2026-01-31,C004,Meta,KR,video,770.13,45889,891,148,0.5850268133087542,0.3656387452936243,0.1713895089383037,0.07277573347249407,0.19812825794500472,10.770808553929122,29.322982175860698,0.03807525652454329,0.019416417877922813,0.16610549943883277,5.203581081081081,Linear Regression,0.03807525652454329,0.06016712949816148,-0.022091872973618185,0.022091872973618185
2026-02-22,C008,Meta,JP,playable,871.68,36823,679,118,0.757217183067431,0.4293096477538285,0.19692376704165082,0.14773556133343843,0.5884794468166391,17.432796237345734,69.44057472436342,0.07966299488053465,0.01843956223012791,0.17378497790868924,7.3871186440677965,Linear Regression,0.07966299488053465,0.07553332723855782,0.0041296676419768225,0.0041296676419768225
2026-01-26,C012,Google Ads,JP,playable,890.25,33884,626,104,0.6222428984247366,0.40638374363631447,0.15191604721501376,0.0982633298692023,0.4867235989487382,10.21938630639704,50.61925429066877,0.05685948464832013,0.018474796364065637,0.16613418530351437,8.560096153846153,Linear Regression,0.05685948464832013,0.06418766581374248,-0.0073281811654223525,0.0073281811654223525
2026-01-20,C005,Meta,BR,static,652.49,62731,1032,138,0.443205934809571,0.25760322124166923,0.08285395513262414,0.04168431456186801,0.03513118967229023,5.752435409537785,4.848104174776052,0.0074301533173869805,0.016451196378186223,0.13372093023255813,4.728188405797101,Linear Regression,0.0074301533173869805,0.0347238060548405,-0.027293652737453523,0.027293652737453523
2026-01-03,C011,Google Ads,JP,static,1004.41,71169,806,109,0.6242344340536148,0.39178187759166955,0.16331324597392807,0.11051525800641535,0.6099074551806086,12.046163122699273,66.47991261468634,0.06618777765194206,0.011325155615506751,0.13523573200992556,9.214770642201835,Linear Regression,0.06618777765194206,0.055933107788011804,0.010254669863930255,0.010254669863930255
2026-02-19,C036,AppLovin,US,video,729.03,26436,457,72,0.728587087339203,0.4220943919131272,0.1897401881544231,0.1350418335179394,0.6197361693343155,9.723012013291637,44.621004192070714,0.06120635133778049,0.017287032834014223,0.1575492341356674,10.125416666666666,Linear Regression,0.06120635133778049,0.06757654410203437,-0.006370192764253879,0.006370192764253879
2026-02-09,C014,Google Ads,US,playable,1174.54,42402,813,153,0.6811166063855265,0.38106383593020987,0.17935039448174764,0.12043126843690724,0.5924350306960197,18.42598407084681,90.642559696491,0.07717292721884335,0.01917362388566577,0.1881918819188192,7.676732026143791,Linear Regression,0.07717292721884335,0.07783066962489643,-0.0006577424060530829,0.0006577424060530829
2026-02-20,C029,Unity Ads,BR,video,823.62,79423,1243,179,0.5669909779300075,0.3698952499911202,0.15910170631001452,0.05302712406177984,0.15984726231855478,9.491855207058592,28.612659955021307,0.03474000329008981,0.01565037835387734,0.14400643604183427,4.60122905027933,Linear Regression,0.03474000329008981,0.05636573529440206,-0.021625732004312247,0.021625732004312247
2026-02-09,C005,Meta,BR,static,778.15,112517,1440,206,0.4112612251990011,0.25334228740267123,0.11995795141927995,0.053188260449120464,0.23853985083795487,10.956781652518815,49.1392092726187,0.06314861182755177,0.012798066070016087,0.14305555555555555,3.777427184466019,Linear Regression,0.06314861182755177,0.04085021236248674,0.02229839946506503,0.02229839946506503
2026-02-18,C007,Meta,IN,playable,1014.59,101630,2021,339,0.562173681009539,0.33003813774052476,0.17670984539297258,0.02041229794259916,0.10023348229844638,6.919769002541115,33.97915049917332,0.03349047712256544,0.01988586047426941,0.16773874319643742,2.9928908554572273,Linear Regression,0.03349047712256544,0.049015554117413526,-0.015525076994848085,0.015525076994848085
2026-01-08,C036,AppLovin,US,video,900.15,33368,631,85,0.6829156943651599,0.463361277743653,0.195065256125195,0.17174045774296529,0.6916205334440099,14.597938908152049,58.78774534274084,0.06530915781656972,0.018910333253416445,0.1347068145800317,10.59,Linear Regression,0.06530915781656972,0.06460241136621901,0.0007067464503507093,0.0007067464503507093
2026-01-15,C029,Unity Ads,BR,video,735.29,74890,1157,168,0.666761152020861,0.3440142885094042,0.12009206872550893,0.06304415256747233,0.11362067150312918,10.59141763133535,19.0882728125257,0.025960203221671897,0.015449325677660568,0.14520311149524634,4.37672619047619,Linear Regression,0.025960203221671897,0.061535205732882674,-0.035575002511210777,0.035575002511210777
2026-02-10,C016,Google Ads,IN,static,1280.81,194390,2904,400,0.42914110224094004,0.3013974678538263,0.11942169778164587,0.022964937580553877,0.09389301117664194,9.18597503222155,37.55720447065677,0.029323118859888395,0.014939040074077885,0.13774104683195593,3.202025,Linear Regression,0.029323118859888395,0.03745173012753693,-0.008128611267648533,0.008128611267648533
2026-01-14,C024,TikTok,IN,static,550.62,61440,1156,188,0.32169014470455615,0.2410619132807444,0.09645219877641151,0.015020801165927494,0.04017614589639347,2.823910619194369,7.553115428521973,0.013717494864470334,0.018815104166666666,0.16262975778546712,2.9288297872340427,Linear Regression,0.013717494864470334,0.021425110426104475,-0.007707615561634141,0.007707615561634141
2026-02-27,C029,Unity Ads,BR,video,1013.79,116190,1809,271,0.6419561393944908,0.39831962181078556,0.17388630416719547,0.04710990690288876,0.3051720839761472,12.766784770682854,82.70163475753589,0.08157662810506308,0.015569326103795507,0.1498065229408513,3.740922509225092,Linear Regression,0.08157662810506308,0.06705819245041869,0.01451843565464439,0.01451843565464439
2026-01-10,C002,Meta,BR,playable,755.11,48782,1160,166,0.6092603391932823,0.38592597252705363,0.14875779215490273,0.03625621734470892,0.14293863373156268,6.018532079221681,23.727813199439407,0.0314230052628105,0.02377926284285187,0.14310344827586208,4.548855421686747,Linear Regression,0.0314230052628105,0.04881357447883612,-0.017390569216025623,0.017390569216025623
2026-01-06,C038,AppLovin,IN,video,601.96,80555,1498,191,0.49632853724264697,0.30807253134234647,0.1470939534072464,0.04667455535253221,0.060331668425306836,8.914840072333652,11.523348669233606,0.019143084144728394,0.018595990317174602,0.12750333778371162,3.151623036649215,Linear Regression,0.019143084144728394,0.04881022275419265,-0.02966713860946426,0.02966713860946426
2026-02-27,C022,TikTok,BR,video,560.51,30816,843,133,0.43598470724776867,0.30699197783114696,0.0967067373202932,0.009189183157280432,0.11932639486040972,1.2221613599182974,15.870410516434493,0.02831445017588421,0.027355919003115264,0.15776986951364175,4.214360902255639,Linear Regression,0.02831445017588421,0.027475505613848893,0.0008389445620353188,0.0008389445620353188
2026-01-19,C008,Meta,JP,playable,729.44,23561,542,85,0.7134890445769257,0.4297953080806155,0.18356624595904647,0.1318223117351566,0.5732688267492101,11.204896497488312,48.72785027368286,0.06680146240560157,0.023004116972963794,0.15682656826568267,8.58164705882353,Linear Regression,0.06680146240560157,0.06452232282089267,0.0022791395847089058,0.0022791395847089058
2026-01-12,C026,Unity Ads,JP,video,724.16,44924,588,85,0.7114479698556779,0.4581296697772552,0.21963455601433995,0.16701900700159214,0.705476286333979,14.196615595135333,59.965484338388215,0.08280715162705596,0.013088772148517495,0.1445578231292517,8.519529411764706,Linear Regression,0.08280715162705596,0.07638193011925176,0.006425221507804196,0.006425221507804196
2026-02-08,C017,TikTok,KR,playable,751.21,20190,673,144,0.5585806590550539,0.3258257953525007,0.15118645827271376,0.036759275080853554,0.22569798592284895,5.293335611642911,32.50050997289025,0.043264411880296554,0.03333333333333333,0.2139673105497771,5.2167361111111115,Linear Regression,0.043264411880296554,0.045294066616080826,-0.0020296547357842726,0.0020296547357842726
2026-02-28,C040,AppLovin,BR,video,962.66,81323,1420,193,0.5485814206149819,0.3628864518685567,0.15038268144157,0.04722457282513516,0.1129117575686387,9.114342555251087,21.79196921074727,0.022637164437817,0.01746123482901516,0.1359154929577465,4.987875647668393,Linear Regression,0.022637164437817,0.04883200166688562,-0.026194837229068624,0.026194837229068624
2026-02-06,C002,Meta,BR,playable,676.09,50870,1116,187,0.588656599474518,0.34177316246748457,0.175132030182443,0.0734882231116939,0.24132527172899126,13.742297721886759,45.127825813321365,0.06674834593824311,0.02193827403184588,0.16756272401433692,3.6154545454545457,Linear Regression,0.06674834593824311,0.057187328176036854,0.009561017762206254,0.009561017762206254
2026-02-12,C005,Meta,BR,static,808.66,103806,1392,152,0.4308799409242483,0.30457704901744226,0.1264480072435099,0.05090006699527537,0.20525414869601757,7.7368101832818565,31.198630601794672,0.03858072585179888,0.013409629501184902,0.10919540229885058,5.320131578947368,Linear Regression,0.03858072585179888,0.030565368764207245,0.008015357087591633,0.008015357087591633
2026-02-17,C038,AppLovin,IN,video,655.16,82317,1458,208,0.5659507225822624,0.3494366206977121,0.14878479735566702,0.030580085582115894,0.2503128916316648,6.360657801080106,52.06508145938628,0.07946908130766368,0.017712015744013994,0.14266117969821673,3.149807692307692,Linear Regression,0.07946908130766368,0.05161230642737692,0.02785677488028676,0.02785677488028676
2026-02-17,C037,AppLovin,JP,static,727.6,34818,535,63,0.5792383596829509,0.3847726627666884,0.13256594370296887,0.10999870660331683,0.5386599713440908,6.92991851600896,33.935578194677724,0.04664033679367796,0.015365615486242748,0.11775700934579439,11.549206349206349,Linear Regression,0.04664033679367796,0.04733463151507965,-0.0006942947214016865,0.0006942947214016865
2026-02-24,C027,Unity Ads,IN,playable,688.56,85626,1366,188,0.6572077314703146,0.39194543368124374,0.12787854771254714,0.03870122257377763,0.08032125623394835,7.275829843870194,15.100396171982291,0.02193045400875108,0.01595309835797538,0.1376281112737921,3.662553191489361,Linear Regression,0.02193045400875108,0.058988555620819144,-0.03705810161206806,0.03705810161206806
2026-01-12,C021,TikTok,BR,static,918.53,78051,1577,220,0.371955651769179,0.24794715460541739,0.1043233297417267,0.03277229478020252,0.05678149732414203,7.209904851644555,12.491929411311247,0.013599976509922382,0.020204737927765178,0.13950538998097653,4.175136363636364,Linear Regression,0.013599976509922382,0.025859594173023442,-0.01225961766310106,0.01225961766310106
2026-01-26,C020,TikTok,JP,static,746.25,32940,624,79,0.4720604673399193,0.25459606049269234,0.09485302654577545,0.04596471131041852,0.37022974637719663,3.6312121935230635,29.248149963798532,0.039193407493157445,0.01894353369763206,0.1266025641025641,9.44620253164557,Linear Regression,0.039193407493157445,0.032786651474933384,0.006406756018224061,0.006406756018224061
2026-01-28,C016,Google Ads,IN,static,952.8,179031,2477,338,0.4000189002574602,0.261122856844083,0.09552995590974882,0.024132015559205747,0.2721738153193426,8.156621259011542,91.9947495779378,0.09655185231613395,0.013835592718579464,0.1364553895841744,2.818934911242603,Linear Regression,0.09655185231613395,0.03851765400679824,0.058034198309335705,0.058034198309335705
2026-01-08,C024,TikTok,IN,static,839.27,83911,1826,251,0.40645765812078105,0.27306196621531315,0.08773269641679164,0.018128893032651094,0.07326291921104881,4.550352151195424,18.388992721973253,0.021910688468553596,0.021761151696440276,0.13745892661555312,3.3437051792828685,Linear Regression,0.021910688468553596,0.022497240147493755,-0.0005865516789401587,0.0005865516789401587
2026-01-22,C037,AppLovin,JP,static,981.29,59335,810,103,0.6595384433766276,0.45157081996542325,0.1836281005425505,0.14617419959746775,0.7286975073863493,15.055942558539178,75.05584326079398,0.07648683887961912,0.013651301929721076,0.1271604938271605,9.527087378640775,Linear Regression,0.07648683887961912,0.06309470983552558,0.013392129044093537,0.013392129044093537
2026-02-11,C017,TikTok,KR,playable,676.9,22861,632,130,0.4595705827580406,0.3458928625877438,0.1324905821774321,0.05525340491767867,0.12250241146921043,7.1829426392982265,15.925313490997356,0.023526885384616895,0.027645334849744106,0.20569620253164558,5.2069230769230765,Linear Regression,0.023526885384616895,0.04501626844579791,-0.021489383061181016,0.021489383061181016
2026-01-24,C021,TikTok,BR,static,741.59,71408,1375,184,0.4264606665749978,0.16529556361731354,0.09340827906836989,0.026465344419194427,0.03955145149482639,4.869623373131775,7.2774670750480555,0.009813268233646403,0.019255545597131975,0.1338181818181818,4.030380434782609,Linear Regression,0.009813268233646403,0.026136020416250235,-0.01632275218260383,0.01632275218260383
2026-02-21,C008,Meta,JP,playable,837.19,24636,559,101,0.6540956503223965,0.48856242761316615,0.17404563039311832,0.15976528264082976,0.6277422201336456,16.136293546723806,63.4019642334982,0.07573153789430882,0.022690371813606103,0.1806797853309481,8.2890099009901,Linear Regression,0.07573153789430882,0.0660467747959979,0.009684763098310928,0.009684763098310928
2026-02-26,C007,Meta,IN,playable,463.69,49068,1179,224,0.4721252783103861,0.3445367181957865,0.12925740734821417,0.03609228624668403,0.1881600573041307,8.084672119257222,42.14785283612528,0.0908967292791342,0.024027879677182687,0.18999151823579305,2.070044642857143,Linear Regression,0.0908967292791342,0.05241102161896598,0.03848570766016822,0.03848570766016822
2026-01-15,C005,Meta,BR,static,737.77,82344,1226,133,0.3866269259164479,0.2951420476499653,0.12828492637392847,0.05008816903924112,0.0666782863769847,6.661726482219069,8.868212088138964,0.012020282226163779,0.014888759351015253,0.10848287112561175,5.547142857142857,Linear Regression,0.012020282226163779,0.027996914204048873,-0.015976631977885094,0.015976631977885094
2026-02-22,C027,Unity Ads,IN,playable,877.12,112982,2142,370,0.714802128869091,0.4350671421312954,0.19969333238991235,0.05641133406514171,0.21749918880450314,20.872193604102435,80.47469985766617,0.09174849096170873,0.018958772193800783,0.17273576097105509,2.3705945945945945,Linear Regression,0.09174849096170873,0.08263564377580979,0.009112847185898942,0.009112847185898942
2026-01-24,C008,Meta,JP,playable,830.48,33606,652,103,0.6566938010893697,0.3787404694133639,0.16239959870141832,0.15401912188769415,0.523039410321332,15.863969554432497,53.873059263097204,0.06486960747073489,0.019401297387371303,0.1579754601226994,8.062912621359223,Linear Regression,0.06486960747073489,0.06605197616227877,-0.0011823686915438808,0.0011823686915438808
2026-02-06,C018,TikTok,US,static,976.25,28226,680,116,0.49947046401436757,0.30778888039354346,0.13492960837253867,0.08783677543396946,0.28188943070240136,10.189065950340458,32.69917396147856,0.03349469788637339,0.024091263374194004,0.17058823529411765,8.41594827586207,Linear Regression,0.03349469788637339,0.04475412794813677,-0.01125943006176338,0.01125943006176338
2026-02-02,C025,Unity Ads,KR,static,861.04,79426,905,120,0.624032620307093,0.35379082881442736,0.15931330762195295,0.11365381641268214,0.4841156364319226,13.638457969521857,58.09387637183072,0.06746950190095802,0.01139425377080553,0.13259668508287292,7.175333333333333,Linear Regression,0.06746950190095802,0.059793245303885,0.007676256597073015,0.007676256597073015
2026-01-12,C005,Meta,BR,static,821.44,98955,1349,157,0.5151248906057837,0.308118301987044,0.12546241886176535,0.04102350956389677,0.17027481692376387,6.440691001531793,26.733146257030928,0.03254437283618548,0.013632459198625638,0.11638250555967383,5.232101910828026,Linear Regression,0.03254437283618548,0.03398351005457935,-0.0014391372183938725,0.0014391372183938725
2026-01-28,C039,AppLovin,KR,static,470.22,38558,530,60,0.604101103439282,0.42259321249466686,0.17996342521406755,0.1007838601240826,0.40629633600155124,6.047031607444955,24.377780160093074,0.05184342853072917,0.013745526220239638,0.11320754716981132,7.837000000000001,Linear Regression,0.05184342853072917,0.05494237813739238,-0.0030989496066632094,0.0030989496066632094
2026-02-13,C030,Unity Ads,BR,playable,629.9,59824,927,163,0.646852879495551,0.32737949112507836,0.1286927343884356,0.08148714331818563,0.2955323440656574,13.282404360864257,48.17177208270216,0.0764749248370008,0.015495453329767317,0.17583603020496225,3.86441717791411,Linear Regression,0.0764749248370008,0.06863446161591191,0.00784046322108889,0.00784046322108889
2026-01-03,C035,AppLovin,BR,static,687.86,78936,1051,145,0.43719794076751284,0.27143433082215074,0.1251230324672246,0.041864229718068295,0.16153117086612728,6.070313309119903,23.422019775588456,0.034050778228062344,0.01331458396675788,0.1379638439581351,4.743862068965518,Linear Regression,0.034050778228062344,0.04283315443329267,-0.008782376205230327,0.008782376205230327
2026-02-16,C025,Unity Ads,KR,static,899.06,69523,938,115,0.6597329111111965,0.4236029111653159,0.19079542139187147,0.09227482311075813,0.44264546117253994,10.611604657737185,50.90422803484209,0.05661920745105476,0.013491937919825094,0.12260127931769722,7.81791304347826,Linear Regression,0.05661920745105476,0.05823554204927265,-0.001616334598217889,0.001616334598217889
2026-02-09,C013,Google Ads,JP,video,1190.92,58370,942,141,0.7092160641135867,0.4653529363382058,0.16617086802250056,0.12871898720455233,0.6130398587750775,18.14937719584188,86.43862008728593,0.07258110629874694,0.016138427274284734,0.14968152866242038,8.446241134751773,Linear Regression,0.07258110629874694,0.06753631667303454,0.0050447896257123925,0.0050447896257123925
2026-01-01,C016,Google Ads,IN,static,847.16,126492,1766,234,0.4336194898570034,0.2799669545498843,0.10598372272895104,0.01983754279328928,0.15407893811125617,4.641985013629692,36.05447151803394,0.04255898513659654,0.013961357239983556,0.13250283125707815,3.62034188034188,Linear Regression,0.04255898513659654,0.03278770877457866,0.009771276362017883,0.009771276362017883
2026-01-14,C008,Meta,JP,playable,1060.8,40161,801,142,0.6935924256351912,0.4524830571635702,0.1581152037770865,0.11986058982527574,0.5549859910886569,17.020203755189154,78.80801073458927,0.07429090084020104,0.01994472249196982,0.1772784019975031,7.470422535211267,Linear Regression,0.07429090084020104,0.07240700434334238,0.0018838964968586613,0.0018838964968586613
2026-01-28,C040,AppLovin,BR,video,1043.72,97545,1698,250,0.5693477062175367,0.3852582462122737,0.15244534536029952,0.07181921234840138,0.22863830730368026,17.954803087100345,57.15957682592006,0.05476501181798614,0.017407350453636783,0.14723203769140164,4.17488,Linear Regression,0.05476501181798614,0.06003703640091948,-0.005272024582933341,0.005272024582933341
2026-02-14,C023,TikTok,JP,video,840.65,28221,691,133,0.5072378958893873,0.2982793209671404,0.1253879221800438,0.05286249124059718,0.40525404471632925,7.030711334999425,53.89878794727179,0.06411529285874058,0.024485312356046916,0.19247467438494936,6.320676691729323,Linear Regression,0.06411529285874058,0.05216606003769237,0.011949232821048213,0.011949232821048213
2026-02-14,C018,TikTok,US,static,971.32,36024,717,114,0.46918027517178523,0.29509132026821966,0.09858507936428436,0.08147882933947691,0.404774070431308,9.288586544700367,46.14424402916911,0.04750676148862467,0.01990339773484344,0.1589958158995816,8.520350877192984,Linear Regression,0.04750676148862467,0.04377536841482151,0.0037313930738031575,0.0037313930738031575
2026-01-21,C029,Unity Ads,BR,video,682.04,70952,1114,155,0.48692545799403697,0.3778084297283632,0.13631314020409094,0.0455296487017957,0.20850276324353084,7.057095548778333,32.31792830274728,0.04738440233379941,0.015700755440297667,0.13913824057450627,4.400258064516128,Linear Regression,0.04738440233379941,0.05467086479498999,-0.007286462461190579,0.007286462461190579
2026-02-07,C011,Google Ads,JP,static,1193.51,64268,858,121,0.6728145937217952,0.4213988809597776,0.2083151814049528,0.10396725149595971,0.6393520902870194,12.580037431011126,77.36160292472935,0.06481830513160985,0.01335034542851808,0.14102564102564102,9.863719008264463,Linear Regression,0.06481830513160985,0.053594101414235706,0.011224203717374148,0.011224203717374148
2026-01-31,C018,TikTok,US,static,814.83,25087,501,67,0.4673081020987977,0.370384156375701,0.1379684226488588,0.057856970597850915,0.3370652327372703,3.8764170300560115,22.58337059339711,0.027715490606966778,0.019970502650775303,0.13373253493013973,12.161641791044778,Linear Regression,0.027715490606966778,0.02582406123282283,0.0018914293741439485,0.0018914293741439485
2026-01-31,C016,Google Ads,IN,static,1046.01,164851,2465,322,0.4139649788205412,0.24734578028987753,0.11729781492053139,0.005633948319087291,0.08666832565959157,1.8141313587461076,27.907200862388486,0.026679652653463067,0.014952896858375139,0.1306288032454361,3.248478260869565,Linear Regression,0.026679652653463067,0.03172521458932222,-0.005045561935859151,0.005045561935859151
2026-01-14,C026,Unity Ads,JP,video,761.69,41277,576,69,0.6125248652596581,0.41332523472023414,0.15831916776329552,0.12506732132157972,0.6703967154651413,8.629645171189,46.25737336709475,0.06073001599944246,0.01395450250744967,0.11979166666666667,11.038985507246377,Linear Regression,0.06073001599944246,0.05655754316965332,0.004172472829789137,0.004172472829789137
2026-01-15,C024,TikTok,IN,static,813.77,81717,1817,233,0.3876487581816865,0.1528348425004535,0.0913581687868719,0.012571198328839574,0.02,2.9290892106196207,4.66,0.0057264477187727045,0.022235275401691203,0.1282333516785911,3.4925751072961373,Linear Regression,0.0057264477187727045,0.016407955447877903,-0.0106815077291052,0.0106815077291052
2026-02-08,C030,Unity Ads,BR,playable,643.22,66295,1196,208,0.7457330000491333,0.5208588820138161,0.1443009327472085,0.053041231902837466,0.2816910518040461,11.032576235790193,58.59173877524158,0.09109068366193401,0.01804057621238404,0.17391304347826086,3.092403846153846,Linear Regression,0.09109068366193401,0.08268885025544492,0.00840183340648909,0.00840183340648909
2026-02-19,C016,Google Ads,IN,static,1019.62,163877,2268,275,0.4877502158311171,0.3172187100898609,0.09942604606752355,0.017216612454428917,0.02,4.734568424967952,5.5,0.005394165919733887,0.013839648028704455,0.12125220458553791,3.707709090909091,Linear Regression,0.005394165919733887,0.032972808966681325,-0.02757864304694744,0.02757864304694744
2026-02-15,C029,Unity Ads,BR,video,600.84,88383,1136,149,0.5951359545422777,0.359751647996141,0.1933251874138557,0.060164796022764325,0.21328550250095313,8.964554607391884,31.779539872642015,0.05289220353723893,0.012853150492741817,0.1311619718309859,4.03248322147651,Linear Regression,0.05289220353723893,0.06104595949821865,-0.008153755960979718,0.008153755960979718
2026-01-30,C003,Meta,JP,static,883.32,42272,602,87,0.6247528459614906,0.37117873496727233,0.12519953108271628,0.12822837314674862,0.503823181896469,11.15586846376713,43.832616824992805,0.049622732426579316,0.01424110522331567,0.14451827242524917,10.153103448275862,Linear Regression,0.049622732426579316,0.04739153992257482,0.0022311925040044978,0.0022311925040044978
2026-01-29,C004,Meta,KR,video,767.54,38434,772,117,0.615454300645874,0.40041834026587636,0.206466421048177,0.08222601713482083,0.39186627145276787,9.620444004774038,45.84835375997384,0.059734485427097764,0.020086381849404172,0.15155440414507773,6.56017094017094,Linear Regression,0.059734485427097764,0.05302871363871837,0.006705771788379396,0.006705771788379396
2026-02-06,C037,AppLovin,JP,static,743.97,35030,518,71,0.6912987731451544,0.3881837554724902,0.19195247114183112,0.13032119625471703,0.581104984476184,9.252804934084908,41.25845389780906,0.05545716576835971,0.01478732514987154,0.13706563706563707,10.478450704225352,Linear Regression,0.05545716576835971,0.05715507792112783,-0.0016979121527681204,0.0016979121527681204
2026-02-12,C007,Meta,IN,playable,1061.25,92289,2133,365,0.5222688569543359,0.309163261798058,0.15591730132184872,0.03648776971409063,0.06076321398048373,13.31803594564308,22.178573102876562,0.020898536411499618,0.02311218021649384,0.17112048757618378,2.9075342465753424,Linear Regression,0.020898536411499618,0.051621235174802826,-0.03072269876330321,0.03072269876330321
2026-01-02,C040,AppLovin,BR,video,785.43,70063,1181,184,0.5099633591427924,0.36514494111209067,0.15782031525237794,0.04626452366402733,0.2538986327381577,8.512672354181028,46.71734842382102,0.05948022692042539,0.016856257939283217,0.15580016934801016,4.268641304347826,Linear Regression,0.05948022692042539,0.05316286364678866,0.006317363273636731,0.006317363273636731
2026-01-01,C015,Google Ads,IN,video,722.3,106486,1807,282,0.5410222690328256,0.3651349422659196,0.10391133479605423,0.03537034996497847,0.07633139757893008,9.974438690123927,21.52545411725828,0.029801071579590745,0.01696936686512781,0.15605976757055895,2.5613475177304963,Linear Regression,0.029801071579590745,0.053380883169580874,-0.02357981158999013,0.02357981158999013
2026-01-03,C009,Google Ads,US,static,782.31,38857,505,57,0.684864086802434,0.4905490679953941,0.176100500658239,0.16325787297931896,0.5562338434254409,9.30569875982118,31.70532907525013,0.04052759939209939,0.01299637131018864,0.11287128712871287,13.724736842105262,Linear Regression,0.04052759939209939,0.042810525725882495,-0.002282926333783103,0.002282926333783103
2026-02-18,C023,TikTok,JP,video,657.26,19419,531,87,0.531131928192339,0.32714412011479116,0.15821311270943414,0.06681073178674274,0.18358025610934278,5.812533665446618,15.971482281512822,0.024299931468568632,0.02734435346825274,0.1638418079096045,7.554712643678161,Linear Regression,0.024299931468568632,0.04641766636287851,-0.022117734894309876,0.022117734894309876
2026-01-29,C038,AppLovin,IN,video,900.09,114966,2231,285,0.5147555570690274,0.3166509580867831,0.12337660711637956,0.0272819186724247,0.24183719681361063,7.7753468216410395,68.92360109187904,0.07657377738282246,0.01940573734843345,0.12774540564769163,3.1582105263157896,Linear Regression,0.07657377738282246,0.04890915417149347,0.027664623211328995,0.027664623211328995
2026-01-18,C015,Google Ads,IN,video,1283.57,206613,3153,505,0.5072737465769803,0.33941989570375464,0.14458041843288252,0.036770710749293785,0.09782655992838907,18.569208928393362,49.40241276383648,0.03848815496155659,0.015260414397932366,0.1601649222962258,2.5417227722772275,Linear Regression,0.03848815496155659,0.05720419229631292,-0.01871603733475633,0.01871603733475633
2026-02-27,C017,TikTok,KR,playable,968.93,32079,1030,190,0.5287850849595902,0.3607733270964128,0.13874985189192895,0.050972020814672205,0.26594145672820585,9.684683954787719,50.52887677835911,0.05214908922213884,0.03210823280027432,0.18446601941747573,5.099631578947368,Linear Regression,0.05214908922213884,0.04898406699719067,0.0031650222249481677,0.0031650222249481677
2026-02-23,C035,AppLovin,BR,static,652.1,76668,1054,127,0.5230368725810415,0.2756709448696833,0.10622128993371355,0.04527956153919176,0.1277974313176904,5.750504315477353,16.230273777346678,0.024889172825975227,0.013747586998486983,0.1204933586337761,5.134645669291339,Linear Regression,0.024889172825975227,0.04360602041391509,-0.018716847587939865,0.018716847587939865
2026-02-03,C017,TikTok,KR,playable,800.82,29739,907,187,0.5524531007995246,0.30341298179261383,0.1476932122679364,0.06309340909060084,0.263407615384111,11.798467499942356,49.257224076828756,0.0615083848047573,0.030498671777800194,0.2061742006615215,4.282459893048129,Linear Regression,0.0615083848047573,0.055311107001597415,0.006197277803159887,0.006197277803159887
2026-01-12,C038,AppLovin,IN,video,470.71,53536,925,139,0.45466530709628,0.33654481610926074,0.12393609566075336,0.028081937176194796,0.21816283467879294,3.9033892674910766,30.324634020352217,0.0644225731412775,0.017278093245666468,0.15027027027027026,3.3864028776978414,Linear Regression,0.0644225731412775,0.04463954723906802,0.019783025902209483,0.019783025902209483
2026-01-16,C037,AppLovin,JP,static,1043.59,52332,674,75,0.6227058235576167,0.40477793898961056,0.17498255658000708,0.12244070696495413,0.5971157476116713,9.18305302237156,44.783681070875346,0.042913195627666545,0.012879309026981579,0.11127596439169139,13.914533333333333,Linear Regression,0.042913195627666545,0.034462014549210204,0.00845118107845634,0.00845118107845634
2026-01-30,C009,Google Ads,US,static,1077.17,70563,842,122,0.6406195406412935,0.403980674098803,0.17838427620318792,0.13381849612549454,0.6516917695569779,16.325856527310332,79.5063958859513,0.0738101975148363,0.011932599237560761,0.14489311163895488,8.829262295081968,Linear Regression,0.0738101975148363,0.06574906855989383,0.008061128954942473,0.008061128954942473
2026-01-28,C007,Meta,IN,playable,860.3,94094,2024,365,0.48331551398290545,0.3167694214545569,0.15072134104359036,0.023799666022523962,0.18297292256507208,8.686878098221246,66.78511673625131,0.07762987186338839,0.021510404489127895,0.18033596837944665,2.356986301369863,Linear Regression,0.07762987186338839,0.053832320919480876,0.023797550943907515,0.023797550943907515
2026-01-05,C010,Google Ads,BR,playable,979.63,96376,1777,318,0.5375887383276092,0.33915323696532507,0.1703269384894862,0.05510162932335051,0.21686772766287365,17.522318124825464,68.96393739679382,0.07039820826692983,0.018438200381837803,0.17895329206527855,3.0805974842767294,Linear Regression,0.07039820826692983,0.06671347044786728,0.0036847378190625474,0.0036847378190625474
2026-02-23,C006,Meta,JP,video,803.4,37128,667,101,0.5386542659371766,0.3136406889209077,0.11760705964622965,0.06993551067027261,0.38300407491479777,7.0634865776975335,38.683411566394575,0.04814951085854073,0.017964878258995905,0.15142428785607195,7.954455445544554,Linear Regression,0.04814951085854073,0.055710309171049376,-0.0075607983125086445,0.0075607983125086445
2026-02-24,C023,TikTok,JP,video,670.72,19804,446,85,0.5191971186640278,0.3309297321089467,0.14086866971624357,0.07910301748647554,0.33290034541372426,6.723756486350421,28.296529360166563,0.04218803863809823,0.02252070288830539,0.1905829596412556,7.890823529411765,Linear Regression,0.04218803863809823,0.04470631171286787,-0.0025182730747696364,0.0025182730747696364
2026-02-17,C036,AppLovin,US,video,639.62,24057,390,56,0.6758551779032745,0.48456581939778254,0.18844868397757358,0.16152865528623284,0.7063923304207598,9.045604696029038,39.557970503562544,0.06184594782378813,0.016211497692979176,0.14358974358974358,11.421785714285715,Linear Regression,0.06184594782378813,0.060732480421704885,0.0011134674020832486,0.0011134674020832486
2026-01-10,C026,Unity Ads,JP,video,919.02,43529,646,99,0.7045256255731966,0.459973205142174,0.20404231126238032,0.17427440456159612,0.7903289781685713,17.253166051598015,78.24256883868856,0.08513695477372266,0.014840680925360105,0.15325077399380804,9.283030303030303,Linear Regression,0.08513695477372266,0.07132769501673808,0.013809259756984577,0.013809259756984577
2026-01-21,C021,TikTok,BR,static,1130.42,76471,1758,231,0.3587828708142605,0.22692335176577097,0.07768697321161072,0.027213231827718735,0.17492798564016504,6.286256552203028,40.40836468287812,0.035746230352299097,0.022989106981731636,0.13139931740614336,4.893593073593074,Linear Regression,0.035746230352299097,0.017992846351042716,0.01775338400125638,0.01775338400125638
2026-01-02,C007,Meta,IN,playable,920.5,95735,2189,413,0.5007283629699395,0.29638837690815767,0.1415547983341284,0.04202878817695308,0.14884615480216995,17.357889517081624,61.47346193329619,0.06678265291317889,0.022865200814749048,0.1886706258565555,2.2288135593220337,Linear Regression,0.06678265291317889,0.0611047061711036,0.005677946742075293,0.005677946742075293
2026-02-13,C011,Google Ads,JP,static,874.14,43812,612,75,0.4824176113443781,0.40673529924175517,0.1357390181093668,0.11116544060474882,0.49774524548832677,8.337408045356161,37.33089341162451,0.0427056572245625,0.013968775677896467,0.12254901960784313,11.6552,Linear Regression,0.0427056572245625,0.03805155911281806,0.0046540981117444424,0.0046540981117444424
2026-02-19,C001,Meta,US,static,1032.56,39888,660,89,0.6310550297495844,0.36590743194989633,0.18015102239957237,0.15822690635220168,0.4745398149959145,14.08219466534595,42.23404353463639,0.040902158822742216,0.01654632972322503,0.13484848484848486,11.601797752808988,Linear Regression,0.040902158822742216,0.04450581725988742,-0.0036036584371452046,0.0036036584371452046
2026-01-08,C002,Meta,BR,playable,1210.66,85629,2066,357,0.5265451505534675,0.2896113908005134,0.14227963105429886,0.04532748443456875,0.11063307889979272,16.181911943141042,39.496009167226,0.03262340627876964,0.02412734003666982,0.1727976766698935,3.3912044817927174,Linear Regression,0.03262340627876964,0.05840380311061287,-0.02578039683184323,0.02578039683184323
2026-01-13,C012,Google Ads,JP,playable,783.65,25293,555,98,0.6682261927785287,0.4097119578675209,0.20120512331850524,0.1328168944085312,0.5718261957820606,13.016055652036057,56.03896718664194,0.07151053056873811,0.02194283003202467,0.17657657657657658,7.996428571428571,Linear Regression,0.07151053056873811,0.06921777466383351,0.002292755904904603,0.002292755904904603
2026-02-18,C001,Meta,US,static,747.05,31381,456,54,0.5961411255118917,0.37935651644789437,0.13679587180593783,0.12255173778683083,0.4214530201851767,6.617793840488865,22.758463089999545,0.03046428193144641,0.014531085688792581,0.11842105263157894,13.834259259259259,Linear Regression,0.03046428193144641,0.03293638341496953,-0.0024721014835231217,0.0024721014835231217
2026-02-24,C020,TikTok,JP,static,1120.48,41879,816,106,0.5085401790162899,0.27590489387430933,0.11577749819719808,0.07958809962213578,0.1890705872856699,8.436338559946392,20.041482252281007,0.017886448465581753,0.019484705938537215,0.12990196078431374,10.57056603773585,Linear Regression,0.017886448465581753,0.026174298366595974,-0.008287849901014221,0.008287849901014221
2026-01-31,C037,AppLovin,JP,static,893.41,44647,620,83,0.6994096293653268,0.41945764777758915,0.1889861046186973,0.12112748253859303,0.5957383107504501,10.05358105070322,49.44627979228736,0.05534569101110702,0.013886711313190137,0.1338709677419355,10.763975903614458,Linear Regression,0.05534569101110702,0.05607058997712932,-0.0007248989660222985,0.0007248989660222985
2026-01-27,C040,AppLovin,BR,video,854.69,73659,1356,204,0.609681895148585,0.35714276558208574,0.15532987615164087,0.055340032302191935,0.20252999315712908,11.289366589647155,41.31611860405433,0.04834065407753694,0.018409155703987292,0.1504424778761062,4.189656862745099,Linear Regression,0.04834065407753694,0.05807315787196422,-0.009732503794427284,0.009732503794427284
2026-01-19,C014,Google Ads,US,playable,1066.75,41739,694,128,0.7486929342074551,0.4656462776226487,0.18877894326149444,0.13025805747155728,0.5728213811894836,16.67303135635933,73.3211367922539,0.06873345016732234,0.016627135293131125,0.1844380403458213,8.333984375,Linear Regression,0.06873345016732234,0.07853990770536,-0.00980645753803766,0.00980645753803766
2026-01-05,C003,Meta,JP,static,697.32,33557,566,66,0.5875424603698648,0.3098836924887255,0.1703915629005364,0.10079371097470148,0.43678313017747267,6.652384924330298,28.827686591713196,0.04134049653575248,0.01686682361355306,0.1166077738515901,10.565454545454546,Linear Regression,0.04134049653575248,0.04273952515162747,-0.0013990286158749865,0.0013990286158749865
2026-01-01,C009,Google Ads,US,static,790.7,36679,476,61,0.6359545847054948,0.4090265814173937,0.14418705104128293,0.13599226521573196,0.500665391172142,8.29552817815965,30.540588861500666,0.03862471526411475,0.012977453038523407,0.12815126050420167,12.962295081967214,Linear Regression,0.03862471526411475,0.04285831462728211,-0.004233599363167362,0.004233599363167362
2026-01-20,C015,Google Ads,IN,video,993.19,143480,2067,331,0.4810577140815796,0.3309698540736704,0.10939626134019055,0.05824717105291926,0.05897262435640954,19.279813618516275,19.51993866197156,0.019653810991798238,0.014406189015890716,0.16013546202225448,3.0005740181268883,Linear Regression,0.019653810991798238,0.05037543350948831,-0.030721622517690072,0.030721622517690072
2026-02-24,C006,Meta,JP,video,951.68,29690,614,101,0.6278238021870057,0.39560573689587947,0.12610786247218922,0.10925309070223996,0.3819620539070089,11.034562160926235,38.5781674446079,0.04053684319943968,0.02068036375884136,0.16449511400651465,9.422574257425742,Linear Regression,0.04053684319943968,0.05162812206182012,-0.011091278862380434,0.011091278862380434
2026-02-13,C037,AppLovin,JP,static,370.51,24185,319,39,0.6175462470818041,0.3496392700618421,0.12731073496929896,0.10875209455118931,0.5313833030336855,4.241331687496383,20.723948818313737,0.05593287358283844,0.01318999379780856,0.12225705329153605,9.50025641025641,Linear Regression,0.05593287358283844,0.061339865403724374,-0.0054069918208859355,0.0054069918208859355
2026-01-27,C016,Google Ads,IN,static,853.91,126210,1898,230,0.44309516581062863,0.22342700640234178,0.0705076992785476,0.03361457628245312,0.05468559859398107,7.731352544964217,12.577687676615646,0.014729500104863843,0.015038428016797402,0.12118018967334036,3.7126521739130434,Linear Regression,0.014729500104863843,0.03208104763282567,-0.017351547527961825,0.017351547527961825
2026-02-25,C029,Unity Ads,BR,video,455.75,41795,657,87,0.5966925665798937,0.3693045213031984,0.15135319605348663,0.02463516697829348,0.2885124639061973,2.1432595271115327,25.100584359839164,0.055074888832379744,0.015719583682258644,0.1324200913242009,5.238505747126437,Linear Regression,0.055074888832379744,0.053018053362446894,0.0020568354699328495,0.0020568354699328495
2026-02-02,C011,Google Ads,JP,static,968.83,55869,681,89,0.5245586775032781,0.35048670578371394,0.16945539936537599,0.11184255051561474,0.4184914743202446,9.953986995889712,37.24574121450177,0.03844408626851386,0.012189228373516619,0.13069016152716592,10.885730337078652,Linear Regression,0.03844408626851386,0.041806954150318515,-0.0033628678818046556,0.0033628678818046556
2026-02-21,C036,AppLovin,US,video,555.06,18764,366,55,0.676882906236068,0.4160774921721627,0.15781097826198734,0.18067887126888743,0.6344689782111107,9.937337919788808,34.89579380161109,0.06286882006951933,0.01950543594116393,0.15027322404371585,10.091999999999999,Linear Regression,0.06286882006951933,0.0654859184879592,-0.0026170984184398782,0.0026170984184398782
2026-02-28,C008,Meta,JP,playable,987.45,32956,818,118,0.700815983875474,0.40165381262521105,0.17636362791904348,0.14977436816779943,0.6481847968733466,17.67337544380033,76.4858060310549,0.07745795210489068,0.02482097341910426,0.14425427872860636,8.36822033898305,Linear Regression,0.07745795210489068,0.06548894173663161,0.011969010368259064,0.011969010368259064
2026-02-11,C015,Google Ads,IN,video,694.31,116079,1579,257,0.44645603381595594,0.27226470962258204,0.13062830289386784,0.04207957105355963,0.061253765673425525,10.814449760764825,15.74221777807036,0.02267331852638203,0.013602804986259358,0.16276124129195693,2.7015953307392992,Linear Regression,0.02267331852638203,0.04580209391502409,-0.023128775388642064,0.023128775388642064
2026-02-21,C032,Unity Ads,JP,static,780.98,42689,524,64,0.7502226666920642,0.4030856668470407,0.22137781387973707,0.18911008209272429,0.7161006398741748,12.103045253934354,45.83044095194719,0.05868352430030724,0.012274824896343321,0.12213740458015267,12.2028125,Linear Regression,0.05868352430030724,0.05356579244056842,0.005117731859738815,0.005117731859738815
2026-01-07,C022,TikTok,BR,video,1204.94,72081,1944,364,0.40538896498280075,0.29953707409714064,0.09338068596335689,0.028760781923806145,0.07799246771612395,10.468924620265437,28.389258248669115,0.023560708859677187,0.026969659133474842,0.18724279835390947,3.3102747252747253,Linear Regression,0.023560708859677187,0.03930443317674077,-0.01574372431706358,0.01574372431706358
2026-01-16,C008,Meta,JP,playable,922.06,32087,733,122,0.6360265985797434,0.3972741899619861,0.15816865462179053,0.1373075331826195,0.45430476291934974,16.75151904827958,55.42518107616067,0.060110072785462924,0.022844142487611806,0.1664392905866303,7.557868852459016,Linear Regression,0.060110072785462924,0.06815908771042137,-0.008049014924958443,0.008049014924958443
2026-01-21,C034,AppLovin,US,static,745.48,38345,543,67,0.6490501182190468,0.4556235946351398,0.1459295883100187,0.12673360669192962,0.5389567130823716,8.491151648359285,36.110099776518894,0.04843842100572531,0.014160907549876124,0.12338858195211787,11.126567164179106,Linear Regression,0.04843842100572531,0.059952901886796764,-0.011514480881071452,0.011514480881071452
2026-01-01,C036,AppLovin,US,video,755.23,28643,502,74,0.656163731575921,0.4303187201764907,0.15343935879586226,0.1411023611428233,0.5588876477700838,10.441574724568923,41.3576859349862,0.054761998748316956,0.017526097126697622,0.14741035856573706,10.205810810810812,Linear Regression,0.054761998748316956,0.06495525152822276,-0.010193252779905806,0.010193252779905806
2026-01-01,C005,Meta,BR,static,802.24,83857,1184,147,0.38837432013684975,0.25942287693072213,0.11575080847084324,0.03149605875997455,0.14304690518025068,4.629920637716259,21.02789506149685,0.026211431763141575,0.014119274479172878,0.1241554054054054,5.457414965986395,Linear Regression,0.026211431763141575,0.026722939156535033,-0.000511507393393458,0.000511507393393458
2026-01-11,C002,Meta,BR,playable,1122.5,76927,1695,307,0.6045532057337136,0.38868917237271955,0.15519676697904683,0.043986429856081914,0.23895616517649265,13.503833965817147,73.35954270918324,0.06535387855382287,0.022033876272310113,0.18112094395280237,3.6563517915309447,Linear Regression,0.06535387855382287,0.05964802307743608,0.005705855476386787,0.005705855476386787
2026-01-08,C007,Meta,IN,playable,1209.6,126783,2747,463,0.47187777961486627,0.25026740624685306,0.10306856139618023,0.027117052459423363,0.11485151611451107,12.555195288713017,53.17625196101862,0.043961821134765836,0.02166694272891476,0.1685475063705861,2.6125269978401726,Linear Regression,0.043961821134765836,0.05243496265846193,-0.008473141523696097,0.008473141523696097
2026-01-13,C008,Meta,JP,playable,681.54,24959,540,101,0.6542015358728211,0.4231682439282005,0.1422997478744304,0.10441160610651215,0.40581806775977847,10.545572216757726,40.98762484373763,0.060139800311244156,0.0216354821907929,0.18703703703703703,6.747920792079207,Linear Regression,0.060139800311244156,0.07302258136885689,-0.012882781057612737,0.012882781057612737
2026-01-14,C002,Meta,BR,playable,642.67,49054,1137,163,0.616496352364185,0.434490770871895,0.15725071036978958,0.054580450689344355,0.2455404473778419,8.89661346236313,40.023092922588226,0.062275958158590036,0.02317853793778285,0.14335971855760773,3.942760736196319,Linear Regression,0.062275958158590036,0.0560570514684532,0.006218906690136833,0.006218906690136833
2026-02-21,C018,TikTok,US,static,739.92,26683,517,69,0.4068526393454038,0.26190851719283087,0.10625949173626877,0.08240765846140685,0.2922182048812133,5.686128433837073,20.163056136803718,0.027250184256518376,0.0193756324251396,0.13346228239845262,10.723478260869564,Linear Regression,0.027250184256518376,0.0294416943964722,-0.0021915101399538235,0.0021915101399538235
2026-02-07,C037,AppLovin,JP,static,801.88,40665,624,86,0.7403360815176362,0.4129244976576154,0.1763064914549044,0.13383429118054296,0.5993142307947833,11.509749041526694,51.541023848351365,0.06427536482008075,0.01534489118406492,0.13782051282051283,9.324186046511628,Linear Regression,0.06427536482008075,0.06615043917526167,-0.0018750743551809168,0.0018750743551809168
2026-02-22,C009,Google Ads,US,static,1041.41,65542,743,99,0.7097960997546373,0.3973179823632325,0.17448952303565604,0.1208479105324328,0.5696141094028785,11.963943142710846,56.39179683088497,0.0541497033976746,0.011336242409447377,0.13324360699865412,10.51929292929293,Linear Regression,0.0541497033976746,0.057326186323685795,-0.0031764829260111926,0.0031764829260111926
2026-01-15,C010,Google Ads,BR,playable,816.93,73564,1440,223,0.49991637289319724,0.42828175806135094,0.13487183170975908,0.083814516105555,0.13845414141842127,18.690637091538765,30.875273536307944,0.03779425926557594,0.01957479201783481,0.15486111111111112,3.663363228699551,Linear Regression,0.03779425926557594,0.06204454222343152,-0.024250282957855578,0.024250282957855578
2026-02-06,C030,Unity Ads,BR,playable,831.28,78539,1339,195,0.6825680934087577,0.4368542845315331,0.16297746953508568,0.10176613617129203,0.3307574978181766,19.844396553401946,64.49771207454444,0.0775882915320291,0.017048854709125403,0.14563106796116504,4.2629743589743585,Linear Regression,0.0775882915320291,0.07257063704822306,0.005017654483806047,0.005017654483806047
2026-02-20,C009,Google Ads,US,static,1056.06,55254,758,95,0.6378387992501082,0.3667565486555217,0.16343015547585563,0.12424357438542825,0.5714937019962868,11.803139566615684,54.29190168964725,0.05141000996271863,0.013718463821623774,0.12532981530343007,11.116421052631578,Linear Regression,0.05141000996271863,0.050554119416679866,0.0008558905460387609,0.0008558905460387609
2026-02-02,C016,Google Ads,IN,static,1127.0,184740,2724,404,0.43159193102936166,0.27901660422201474,0.09903509571825367,0.012302996980501558,0.18745120613532462,4.97041078012263,75.73028727867114,0.06719649447091106,0.014745047093212081,0.14831130690161526,2.7896039603960396,Linear Regression,0.06719649447091106,0.04001241036600115,0.027184084104909904,0.027184084104909904
2026-02-07,C003,Meta,JP,static,825.83,39282,601,79,0.5820566301388254,0.32446072471734067,0.13434235403530284,0.09847278261115806,0.3952477936779243,7.779349826281487,31.22457570055602,0.037809869453740534,0.015299628328496512,0.1314475873544093,10.453544303797468,Linear Regression,0.037809869453740534,0.04284006330734102,-0.005030193853600484,0.005030193853600484
2026-01-11,C011,Google Ads,JP,static,846.75,36627,552,70,0.6047851179232566,0.3760040361200219,0.12558223798657628,0.1332661889160129,0.4489690857590456,9.328633224120903,31.42783600313319,0.03711567190023363,0.015070849373413056,0.12681159420289856,12.096428571428572,Linear Regression,0.03711567190023363,0.03921483846028926,-0.0020991665600556333,0.0020991665600556333
2026-01-10,C032,Unity Ads,JP,static,599.86,28604,397,50,0.6738875585180015,0.4191013873059581,0.15387713082729484,0.13610799502030457,0.5552639343955996,6.805399751015228,27.76319671977998,0.04628303529621379,0.013879177737379388,0.12594458438287154,11.9972,Linear Regression,0.04628303529621379,0.05314591303143501,-0.006862877735221221,0.006862877735221221
2026-02-19,C031,Unity Ads,KR,video,564.66,34558,587,82,0.800898654706304,0.43255596304504124,0.2042561094906019,0.14030515384965214,0.5210406033666605,11.505022615671475,42.72532947606616,0.07566562311241513,0.01698593668615082,0.13969335604770017,6.886097560975609,Linear Regression,0.07566562311241513,0.07155395589081989,0.0041116672215952416,0.0041116672215952416
2026-02-12,C006,Meta,JP,video,911.21,39666,654,103,0.6333842948327493,0.3636488693483945,0.13013567791150715,0.11935526431227973,0.5132271416546074,12.293592224164813,52.86239559042456,0.05801334123221616,0.016487672061715322,0.15749235474006115,8.846699029126214,Linear Regression,0.05801334123221616,0.05594769850858935,0.0020656427236268107,0.0020656427236268107
2026-02-28,C019,TikTok,BR,playable,774.46,40580,1407,291,0.4629668120068405,0.265170160881526,0.10620136887040749,0.05394012355906236,0.04760302878402123,15.696575955687146,13.852481376150177,0.017886722598675908,0.034672252341054706,0.2068230277185501,2.6613745704467355,Linear Regression,0.017886722598675908,0.049251906308675125,-0.03136518370999922,0.03136518370999922
2026-02-18,C016,Google Ads,IN,static,1358.59,251428,3382,430,0.4149592597514183,0.2327563031414554,0.10190583615870161,0.061561130918946494,0.16019635357000742,26.471286295146992,68.88443203510319,0.05070305666617796,0.013451166934470305,0.12714370195150798,3.1595116279069764,Linear Regression,0.05070305666617796,0.041325110291881365,0.009377946374296599,0.009377946374296599
2026-01-24,C029,Unity Ads,BR,video,929.2,88331,1428,205,0.6001648022972843,0.40536741336531507,0.16637850592459189,0.07995830959095564,0.23310018717655911,16.391453466145904,47.78553837119462,0.05142665787900025,0.016166464774541214,0.14355742296918766,4.532682926829269,Linear Regression,0.05142665787900025,0.06152401750654454,-0.010097359627544295,0.010097359627544295
2026-01-09,C012,Google Ads,JP,playable,1250.72,53649,883,153,0.7371549242930259,0.4331233116253812,0.1866325801728992,0.10688982431768754,0.5497962419453447,16.354143120606192,84.11882501763775,0.06725608751655837,0.016458834274636992,0.17327293318233294,8.174640522875817,Linear Regression,0.06725608751655837,0.07164897852657637,-0.004392891010017996,0.004392891010017996
2026-02-21,C001,Meta,US,static,1262.14,55664,894,99,0.5711892261679142,0.38459511037161404,0.16874234716652128,0.12541564267434155,0.4033143078719302,12.416148624759813,39.92811647932109,0.031635292215135793,0.01606064961195746,0.11073825503355705,12.74888888888889,Linear Regression,0.031635292215135793,0.03454575734342713,-0.002910465128291337,0.002910465128291337
2026-02-11,C034,AppLovin,US,static,797.46,46542,635,72,0.6789768406373275,0.5038043979774715,0.18533582847361643,0.1620667798129288,0.6385892062720726,11.668808146530873,45.97842285158923,0.05765619130174303,0.013643590735249882,0.11338582677165354,11.075833333333334,Linear Regression,0.05765619130174303,0.06265210938621894,-0.004995918084475914,0.004995918084475914
2026-01-05,C032,Unity Ads,JP,static,699.64,44671,584,71,0.6708709459469153,0.39618956610794814,0.1385488618303547,0.17512534265928237,0.6538311128987533,12.433899328809048,46.42200901581148,0.06635155910454463,0.013073358554767074,0.12157534246575342,9.854084507042254,Linear Regression,0.06635155910454463,0.06428914795956478,0.0020624111449798477,0.0020624111449798477
2026-01-06,C017,TikTok,KR,playable,619.88,22218,602,120,0.5418652705946273,0.31567347315345123,0.16146672155097933,0.05274991679218001,0.27066237245051544,6.329990015061601,32.47948469406185,0.05239668447231734,0.027095148078134845,0.19933554817275748,5.165666666666667,Linear Regression,0.05239668447231734,0.04751154167182741,0.004885142800489926,0.004885142800489926
2026-02-15,C033,AppLovin,IN,playable,866.57,90772,1869,295,0.6255947976715651,0.34414979985239447,0.11698810321197436,0.030512627053735322,0.08166344199852474,9.00122498085192,24.0907153895648,0.027799965476329864,0.020590049795090996,0.15783841626538256,2.9375254237288138,Linear Regression,0.027799965476329864,0.060916765313704345,-0.03311679983737448,0.03311679983737448
2026-01-22,C006,Meta,JP,video,842.63,29984,567,83,0.6763187090689126,0.40300371848891947,0.15826698441613055,0.1473809399653179,0.5869566011811724,12.232618017121386,48.71739789803731,0.057816091184297765,0.01891008537886873,0.14638447971781304,10.152168674698794,Linear Regression,0.057816091184297765,0.05078301265213343,0.007033078532164332,0.007033078532164332
2026-01-29,C040,AppLovin,BR,video,680.9,67078,1220,147,0.46375916181220767,0.33464976486029097,0.1315663586720281,0.07807057549567727,0.14806587868528615,11.476374597864558,21.765684166737064,0.031966282375071764,0.018187781388830912,0.12049180327868853,4.631972789115646,Linear Regression,0.031966282375071764,0.04929517336269946,-0.017328890987627694,0.017328890987627694
2026-01-17,C030,Unity Ads,BR,playable,731.08,66732,1277,208,0.7193986129032253,0.3857571949541086,0.1794160896554336,0.066223235104957,0.20376273465700467,13.774432901831057,42.382648808656974,0.05797291940282785,0.019136246478451118,0.16288175411119812,3.5148076923076923,Linear Regression,0.05797291940282785,0.07592503661548475,-0.017952117212656896,0.017952117212656896
2026-02-21,C005,Meta,BR,static,853.65,99518,1404,190,0.5551829310996831,0.3261175749103348,0.15189909360446796,0.04207141174865851,0.07367077917032308,7.993568232245117,13.997448042361386,0.01639724566616307,0.014108000562712273,0.13532763532763534,4.492894736842105,Linear Regression,0.01639724566616307,0.04160219493803176,-0.025204949271868688,0.025204949271868688
2026-02-27,C026,Unity Ads,JP,video,833.29,46995,668,101,0.8050192597026842,0.49958613139624014,0.19866633957036278,0.1777584639282958,0.6835921022506732,17.953604856757877,69.042802327318,0.08285579478097328,0.014214278114693052,0.15119760479041916,8.25039603960396,Linear Regression,0.08285579478097328,0.08283617005937965,1.9624721593627936e-05,1.9624721593627936e-05
2026-02-03,C036,AppLovin,US,video,724.01,34036,497,74,0.6984348452094999,0.44511287600814303,0.14796738028174197,0.17002698263875898,0.5892224501436201,12.581996715268165,43.60246131062789,0.06022370160401191,0.014602185920789752,0.1488933601609658,9.78391891891892,Linear Regression,0.06022370160401191,0.07016014610954634,-0.00993644450553443,0.00993644450553443
2026-01-16,C009,Google Ads,US,static,1039.91,58094,682,101,0.5467636943917937,0.38157955897887025,0.13331900716084452,0.1411825312887518,0.4787638683842114,14.259435660163932,48.355150706805354,0.046499269529148644,0.011739594450373533,0.14809384164222875,10.296138613861388,Linear Regression,0.046499269529148644,0.05289493373050323,-0.006395664201354588,0.006395664201354588
2026-01-05,C029,Unity Ads,BR,video,566.76,53170,879,119,0.5904653819051626,0.3835311695329191,0.1390552742483175,0.03949001778065543,0.2093949489319752,4.699312115897996,24.91799892290505,0.04396596027589418,0.016531878879067142,0.1353811149032992,4.762689075630252,Linear Regression,0.04396596027589418,0.055889538314032206,-0.011923578038138025,0.011923578038138025
2026-03-01,C008,Meta,JP,playable,1001.92,29867,700,106,0.6492116543314387,0.4134594250278248,0.18380230930700456,0.12678607608871112,0.5390435471969736,13.439324065403378,57.138616002879196,0.05702894284852173,0.023437238423678307,0.15142857142857144,9.452075471698112,Linear Regression,0.05702894284852173,0.05619487329896967,0.0008340695495520634,0.0008340695495520634
2026-02-10,C024,TikTok,IN,static,791.14,80235,1877,295,0.3819691943297767,0.25596164209773814,0.11233573828063953,0.05837120770714442,0.15053427790717194,17.219506273607603,44.40761198261572,0.05613085732828941,0.02339378076899109,0.15716568993074054,2.6818305084745764,Linear Regression,0.05613085732828941,0.03385618621269599,0.02227467111559342,0.02227467111559342
2026-02-17,C026,Unity Ads,JP,video,847.33,44073,641,80,0.6461025023383761,0.4150320365368149,0.16636012747876905,0.1572888111154099,0.6032293406730138,12.583104889232793,48.25834725384111,0.05695336366221621,0.01454405191387017,0.12480499219968799,10.591625,Linear Regression,0.05695336366221621,0.06013154394712804,-0.003178180284911826,0.003178180284911826
2026-02-11,C037,AppLovin,JP,static,617.81,36894,529,68,0.5912051443087424,0.37101262240146654,0.15589374476875845,0.1175266167475209,0.45412463615220255,7.991809938831421,30.880475258349772,0.04998379129490734,0.014338374803491082,0.1285444234404537,9.085441176470587,Linear Regression,0.04998379129490734,0.061773203376346925,-0.011789412081439583,0.011789412081439583
2026-02-14,C016,Google Ads,IN,static,1086.38,159431,2135,283,0.44645602673916795,0.3057229885839848,0.12780475681661244,0.025652063052470885,0.1755621037413893,7.25953384384926,49.684075358813175,0.04573378568715888,0.013391373070481901,0.1325526932084309,3.8387985865724383,Linear Regression,0.04573378568715888,0.03169756934977139,0.01403621633738749,0.01403621633738749
2026-02-23,C022,TikTok,BR,video,839.35,41608,1217,181,0.42035888857216797,0.26732002998221355,0.12130216262511584,0.023198109125592323,0.21906989095335616,4.19885775173221,39.65165026255747,0.04724106216889192,0.029249182849452028,0.14872637633525063,4.637292817679558,Linear Regression,0.04724106216889192,0.02331193939909596,0.02392912276979596,0.02392912276979596
2026-03-01,C005,Meta,BR,static,707.92,69709,1015,147,0.5576382788391118,0.2945038003837951,0.12595330609321728,0.049003676908173935,0.10284670721643863,7.203540505501568,15.118465960816478,0.0213561398172446,0.01456053020413433,0.14482758620689656,4.81578231292517,Linear Regression,0.0213561398172446,0.039506947388064415,-0.018150807570819813,0.018150807570819813
2026-01-15,C036,AppLovin,US,video,697.07,29613,472,67,0.6968272093904923,0.3865642690385639,0.1529766356737375,0.14474092595688115,0.7067661353934055,9.697642039111036,47.35333107135817,0.06793160386024816,0.01593894573329281,0.1419491525423729,10.40402985074627,Linear Regression,0.06793160386024816,0.06469589387376587,0.003235709986482288,0.003235709986482288
2026-02-02,C006,Meta,JP,video,942.62,41519,796,106,0.6751669249193513,0.397442268000472,0.1772642791856697,0.12056529543514764,0.4282490693597927,12.77992131612565,45.394401352138026,0.04815771816913554,0.019171945374406897,0.13316582914572864,8.892641509433963,Linear Regression,0.04815771816913554,0.057987441563704854,-0.009829723394569313,0.009829723394569313
2026-01-20,C012,Google Ads,JP,playable,1306.7,49676,1023,156,0.6326100495929238,0.444050156495087,0.15312019162511836,0.12242330627399786,0.5788323712357331,19.098035778743668,90.29784991277435,0.0691035585242589,0.02059344552701506,0.15249266862170088,8.376282051282052,Linear Regression,0.0691035585242589,0.06736977327026522,0.0017337852539936749,0.0017337852539936749
2026-02-14,C008,Meta,JP,playable,977.32,35352,735,106,0.6859109889591589,0.4717240116183963,0.14871252589525072,0.105379414665083,0.46035521032590254,11.170217954498797,48.79765229454567,0.04993013015493513,0.02079090291921249,0.14421768707482993,9.22,Linear Regression,0.04993013015493513,0.0608009459818213,-0.01087081582688617,0.01087081582688617
2026-01-15,C033,AppLovin,IN,playable,753.7,76710,1501,236,0.5632408486920512,0.40407783030750327,0.15466828890436174,0.03082797625129608,0.25529343433921425,7.275402395305875,60.249250504054565,0.07993821048838182,0.019567201147177683,0.15722851432378415,3.1936440677966105,Linear Regression,0.07993821048838182,0.05677936230160498,0.02315884818677684,0.02315884818677684
2026-01-03,C030,Unity Ads,BR,playable,492.61,43904,901,130,0.6941380271073658,0.4969694905104949,0.18376488759227427,0.07595292345120502,0.2595878112707597,9.873880048656654,33.74641546519876,0.0685054571532501,0.020522048104956267,0.14428412874583796,3.7893076923076925,Linear Regression,0.0685054571532501,0.07363599048150617,-0.005130533328256068,0.005130533328256068
2026-02-10,C004,Meta,KR,video,917.62,54915,903,143,0.5898674619620409,0.3605527168247587,0.17133563862930928,0.09546326717252708,0.32139576551248855,13.651247205671373,45.959594468285864,0.05008566658971557,0.01644359464627151,0.1583610188261351,6.416923076923077,Linear Regression,0.05008566658971557,0.05316477191675915,-0.0030791053270435784,0.0030791053270435784
2026-02-26,C031,Unity Ads,KR,video,776.46,50704,712,105,0.7630252898656735,0.4750742006831104,0.20914452731303218,0.1379721526031708,0.48665518518131773,14.487076023332934,51.09879444403836,0.06580974212658143,0.014042284632376143,0.14747191011235955,7.394857142857143,Linear Regression,0.06580974212658143,0.0687435126188103,-0.002933770492228871,0.002933770492228871
2026-02-28,C023,TikTok,JP,video,847.8,22438,641,103,0.468637974410037,0.31505140040318647,0.1062161204535192,0.07063355751559491,0.297410350706402,7.275256424106276,30.633266122759405,0.0361324821422401,0.02856760852125858,0.1606864274570983,8.231067961165047,Linear Regression,0.0361324821422401,0.039123321569206504,-0.002990839426966402,0.002990839426966402
2026-01-15,C039,AppLovin,KR,static,700.69,42566,628,85,0.6488584320523134,0.40690816342779934,0.17600821033482492,0.07740169258385987,0.46493351190051735,6.579143869628089,39.519348511543974,0.0564006311364155,0.014753559178687215,0.13535031847133758,8.243411764705883,Linear Regression,0.0564006311364155,0.0521836772511194,0.004216953885296096,0.004216953885296096
2026-02-25,C040,AppLovin,BR,video,1001.72,100058,1899,291,0.6119234079048846,0.3981123086875056,0.15323842095508455,0.03785899386231428,0.27226950303792524,11.016967213933457,79.23042538403625,0.07909400450332069,0.018978992184532972,0.15323854660347552,3.4423367697594505,Linear Regression,0.07909400450332069,0.06523043078871749,0.0138635737146032,0.0138635737146032
2026-01-25,C002,Meta,BR,playable,1322.55,88566,2057,376,0.5336819084357817,0.2983340691531455,0.13464061287189316,0.04471266582732621,0.11041451506616079,16.811962351074655,41.51585766487646,0.03139080674957686,0.023225617053948468,0.18279047156052503,3.5174202127659573,Linear Regression,0.03139080674957686,0.058272568288745656,-0.026881761539168797,0.026881761539168797
2026-02-06,C032,Unity Ads,JP,static,681.28,43814,461,59,0.6859737873770023,0.41956770276257627,0.1602965001286079,0.14092423110197314,0.5233282035804341,8.314529635016415,30.87636401124561,0.04532133738870982,0.010521751038480852,0.1279826464208243,11.547118644067796,Linear Regression,0.04532133738870982,0.055897284129760895,-0.010575946741051077,0.010575946741051077
2026-01-20,C032,Unity Ads,JP,static,874.26,53299,602,71,0.6691644631621052,0.3798609285857693,0.15500215033837672,0.13398866107279683,0.41578362132837343,9.513194936168576,29.520637114314514,0.033766362559514006,0.011294771008836938,0.11794019933554817,12.313521126760563,Linear Regression,0.033766362559514006,0.04882061223792943,-0.015054249678415427,0.015054249678415427
2026-02-26,C033,AppLovin,IN,playable,721.07,86712,1706,250,0.5558865138849748,0.38054644181212155,0.1581385094060868,0.03630070927006238,0.24050807591732723,9.075177317515596,60.12701897933181,0.0833853183974205,0.019674324199649415,0.14654161781946073,2.8842800000000004,Linear Regression,0.0833853183974205,0.05928132191780179,0.02410399647961871,0.02410399647961871
2026-02-19,C002,Meta,BR,playable,1041.83,77972,1681,322,0.5594930207839769,0.31639174773365275,0.1422681745962679,0.0554255808846066,0.23627842558566767,17.847037044843326,76.08165303858499,0.07302694956501077,0.021559021187092804,0.19155264723378942,3.2354968944099376,Linear Regression,0.07302694956501077,0.0624815006830093,0.01054544888200147,0.01054544888200147
2026-01-17,C015,Google Ads,IN,video,1400.35,185489,2813,425,0.53301129811344,0.3532290237473698,0.14415645342971734,0.024172937126709426,0.1354290892066033,10.273498278851505,57.5573629128064,0.04110201440059652,0.01516531977637488,0.1510842516885887,3.294941176470588,Linear Regression,0.04110201440059652,0.04449886695673742,-0.003396852556140903,0.003396852556140903
2026-01-03,C014,Google Ads,US,playable,988.36,28420,625,110,0.6325571437393156,0.3920103212624441,0.17701444988300305,0.14219039174885006,0.5442944167205597,15.640943092373508,59.87238583926156,0.06057770306146771,0.02199155524278677,0.176,8.985090909090909,Linear Regression,0.06057770306146771,0.06736332520340113,-0.0067856221419334214,0.0067856221419334214
2026-02-20,C005,Meta,BR,static,1147.04,150091,1953,261,0.4369833661867812,0.2948960500659038,0.09914540817429529,0.037028564461771926,0.1510535714289242,9.664455324522473,39.42498214294922,0.03437102321636536,0.01301210598903332,0.1336405529953917,4.394789272030652,Linear Regression,0.03437102321636536,0.03526780477636457,-0.0008967815599992129,0.0008967815599992129
2026-01-25,C034,AppLovin,US,static,790.85,38555,523,71,0.6008819726869041,0.4114331224898486,0.16578060065841613,0.1575728442275896,0.534479110733388,11.187671940158863,37.94801686207055,0.04798400532136091,0.013565036960186747,0.13575525812619502,11.138732394366198,Linear Regression,0.04798400532136091,0.056774468411170106,-0.008790463089809193,0.008790463089809193
2026-02-12,C021,TikTok,BR,static,991.42,60100,1430,212,0.361137038411339,0.22769021895316202,0.12974032212117015,0.027197672810281924,0.07371523311301911,5.765906635779768,15.627629419960051,0.015762811896357386,0.0237936772046589,0.14825174825174825,4.676509433962264,Linear Regression,0.015762811896357386,0.020067037859837412,-0.004304225963480027,0.004304225963480027
2026-01-19,C033,AppLovin,IN,playable,807.28,102200,1827,295,0.6650921167041877,0.334133399181034,0.14307221765338982,0.038891477639397744,0.33006002061926243,11.472985903622334,97.36770608268242,0.1206122258969602,0.017876712328767124,0.16146688560481665,2.736542372881356,Linear Regression,0.1206122258969602,0.06501305625102291,0.055599169645937294,0.055599169645937294
2026-02-21,C014,Google Ads,US,playable,996.66,36013,721,115,0.7441009879485954,0.5065449027731668,0.20202803981074044,0.14520907937762076,0.675129360313353,16.699044128426387,77.63987643603559,0.07790008644324119,0.02002054813539555,0.15950069348127602,8.666608695652174,Linear Regression,0.07790008644324119,0.07756660955924857,0.00033347688399261444,0.00033347688399261444
2026-02-20,C007,Meta,IN,playable,1071.8,111281,2530,421,0.4954703158905571,0.30815296300927053,0.15595862649373843,0.0200929907214418,0.13860175257398966,8.459149093726998,58.351337833649644,0.05444229421372603,0.022735237821371122,0.16640316205533598,2.5458432304038006,Linear Regression,0.05444229421372603,0.052724838513842666,0.0017174556998833662,0.0017174556998833662
2026-02-25,C020,TikTok,JP,static,700.76,26634,534,84,0.48402086354281765,0.28902645474585753,0.1305891337026886,0.05791983926868728,0.3424286460137004,4.865266498569731,28.764006265150833,0.04104709041944052,0.020049560711872045,0.15730337078651685,8.342380952380953,Linear Regression,0.04104709041944052,0.0398163200176748,0.001230770401765717,0.001230770401765717
2026-01-15,C031,Unity Ads,KR,video,681.98,44192,749,109,0.6464617788078375,0.42900285484791323,0.1787781678136163,0.13730080060768654,0.468930298175043,14.965787266237832,51.11340250107969,0.07494843031041513,0.016948769007965242,0.14552736982643524,6.256697247706422,Linear Regression,0.07494843031041513,0.07060002386364544,0.00434840644676969,0.00434840644676969
2026-02-12,C040,AppLovin,BR,video,708.5,64617,1201,164,0.5504887697712816,0.3542666616801009,0.16302683675500929,0.08249760305189521,0.3552512248263413,13.529606900510815,58.261200871519975,0.08223166615705162,0.01858644010090224,0.13655287260616153,4.320121951219512,Linear Regression,0.08223166615705162,0.05592945347201928,0.026302212685032335,0.026302212685032335
2026-01-12,C011,Google Ads,JP,static,903.1,49602,730,84,0.5556447714807919,0.3230887028840014,0.14242403462312864,0.10506109507138996,0.4566915254090239,8.825131985996757,38.36208813435801,0.04247804841108566,0.014717148502076529,0.11506849315068493,10.751190476190477,Linear Regression,0.04247804841108566,0.04324496766386862,-0.0007669192527829591,0.0007669192527829591
2026-02-02,C004,Meta,KR,video,674.45,39216,663,91,0.71025971567887,0.3768032865691258,0.1624313636209805,0.09759256874220786,0.536061386456476,8.880923755540914,48.781586167539324,0.07232847042727562,0.01690636474908201,0.13725490196078433,7.411538461538462,Linear Regression,0.07232847042727562,0.05157076696868082,0.020757703458594803,0.020757703458594803
2026-01-25,C013,Google Ads,JP,video,1153.5,53061,812,133,0.6455516600670477,0.39422160590884503,0.1761836094050443,0.1359989376772609,0.5610892067785237,18.0878587110757,74.62486450154366,0.06469416663142213,0.015303141667137822,0.16379310344827586,8.672932330827068,Linear Regression,0.06469416663142213,0.06204820730460353,0.0026459593268186032,0.0026459593268186032
2026-02-15,C040,AppLovin,BR,video,684.42,61409,1045,138,0.5502101321574617,0.34238461366437417,0.1308647316593884,0.04300628086105855,0.1760135606540798,5.93486675882608,24.289871370263015,0.035489818601027213,0.01701704961813415,0.1320574162679426,4.959565217391304,Linear Regression,0.035489818601027213,0.048697270874173484,-0.013207452273146271,0.013207452273146271
2026-02-20,C011,Google Ads,JP,static,1244.04,75280,1031,155,0.5667870951193845,0.40063498834651756,0.1626591986300928,0.0957743623308175,0.5330476083578013,14.845026161276712,82.6223792954592,0.0664146214200096,0.013695536663124336,0.15033947623666344,8.026064516129033,Linear Regression,0.0664146214200096,0.06051542788531705,0.005899193534692551,0.005899193534692551
2026-02-06,C013,Google Ads,JP,video,1594.38,80224,1199,196,0.6083856491997143,0.374356793494824,0.1589616765161229,0.11086270092077696,0.46240277644284045,21.729089380472285,90.63094418279672,0.056843936571754045,0.014945652173913044,0.1634695579649708,8.134591836734694,Linear Regression,0.056843936571754045,0.062304589674640865,-0.00546065310288682,0.00546065310288682
2026-02-21,C040,AppLovin,BR,video,954.78,79516,1469,193,0.5495201668981838,0.3357651984409794,0.11927303532332842,0.07704440022728765,0.2096528198504913,14.869569243866515,40.46299423114482,0.04237924684855942,0.01847426932944313,0.13138189244383935,4.947046632124352,Linear Regression,0.04237924684855942,0.050801476512427717,-0.008422229663868297,0.008422229663868297
2026-01-22,C018,TikTok,US,static,622.27,20531,418,59,0.54974154576107,0.3322046300454438,0.10530129170555472,0.06801644259423809,0.4193565122274565,4.012970113060047,24.742034221419935,0.039760741648369825,0.020359456431737373,0.14114832535885166,10.546949152542373,Linear Regression,0.039760741648369825,0.037624418723306664,0.002136322925063161,0.002136322925063161
2026-02-08,C032,Unity Ads,JP,static,649.18,42534,462,46,0.7202933817997154,0.4093959731290555,0.186446917149749,0.13444569224830955,0.6178358403038825,6.184501843422239,28.420448653978596,0.04377904285954203,0.010861898716321062,0.09956709956709957,14.112608695652172,Linear Regression,0.04377904285954203,0.04366605867770866,0.00011298418183337128,0.00011298418183337128
2026-01-09,C029,Unity Ads,BR,video,1033.96,140299,1877,267,0.5711291170277605,0.35728551350536836,0.14250161748870022,0.030683712332264974,0.28581961171091147,8.192551192714749,76.31383632681336,0.07380735278789168,0.013378570053956193,0.14224826851358552,3.8725093632958805,Linear Regression,0.07380735278789168,0.05890868978443607,0.014898663003455603,0.014898663003455603
2026-01-19,C001,Meta,US,static,648.06,30600,485,67,0.4996179723413485,0.3245115133068501,0.14664735352318145,0.134055025536131,0.40031795899200595,8.981686710920776,26.8213032524644,0.041386864962588636,0.01584967320261438,0.13814432989690723,9.672537313432835,Linear Regression,0.041386864962588636,0.050975471137462,-0.009588606174873365,0.009588606174873365
2026-01-09,C014,Google Ads,US,playable,932.08,37362,732,123,0.6815636285815386,0.4640019487864639,0.15965338920539746,0.15751573787537124,0.5635117758211767,19.37443575867066,69.31194842600473,0.07436234154131782,0.019592098924040468,0.1680327868852459,7.577886178861789,Linear Regression,0.07436234154131782,0.0820368692739724,-0.007674527732654576,0.007674527732654576
2026-02-12,C023,TikTok,JP,video,611.43,14725,403,71,0.55092275598604,0.2702001291633435,0.15302846490536443,0.05674508795132999,0.2749638674105234,4.028901244544429,19.522434586147163,0.031929019394331126,0.02736842105263158,0.1761786600496278,8.61169014084507,Linear Regression,0.031929019394331126,0.038898561363080605,-0.006969541968749479,0.006969541968749479
2026-02-01,C035,AppLovin,BR,static,1145.22,151743,2002,240,0.4815528769158723,0.3511904507113586,0.1289071283565606,0.024544354102628136,0.27807233629844264,5.890644984630753,66.73736071162624,0.05827449292077352,0.013193359825494421,0.11988011988011989,4.77175,Linear Regression,0.05827449292077352,0.04151909907308436,0.016755393847689155,0.016755393847689155
2026-02-09,C017,TikTok,KR,playable,1009.5,27883,896,162,0.4570697790614645,0.3583862743571337,0.13977262349366157,0.05935366774284895,0.20576782506691313,9.61529417434153,33.33438766083993,0.03302064695571906,0.03213427536491769,0.18080357142857142,6.231481481481482,Linear Regression,0.03302064695571906,0.03812476162548948,-0.0051041146697704196,0.0051041146697704196
2026-01-23,C013,Google Ads,JP,video,844.16,44781,726,94,0.7497927259734385,0.3901393808171011,0.20662427407400213,0.15709343588937036,0.6350702982837866,14.766782973600813,59.69660803867594,0.0707168406424885,0.016212232866617538,0.12947658402203857,8.980425531914893,Linear Regression,0.0707168406424885,0.06456904966084649,0.006147790981642004,0.006147790981642004
2026-01-15,C032,Unity Ads,JP,static,916.35,45206,608,81,0.6517749731515742,0.39738976671931864,0.22173515827116558,0.15731055995091628,0.6136049367380924,12.742155356024218,49.70199987578548,0.05423884692040768,0.013449542096181922,0.13322368421052633,11.312962962962963,Linear Regression,0.05423884692040768,0.05417089524085095,6.795167955673392e-05,6.795167955673392e-05
2026-01-17,C002,Meta,BR,playable,809.8,70390,1512,289,0.5123479571481981,0.3003522350037467,0.14938277173127112,0.04616286500958419,0.20407363598513487,13.341067987769831,58.977280799703976,0.07282970116956444,0.021480323909646257,0.19113756613756613,2.8020761245674737,Linear Regression,0.07282970116956444,0.06161747835385108,0.011212222815713366,0.011212222815713366
2026-01-31,C008,Meta,JP,playable,1072.88,47140,917,138,0.6402515901981859,0.3804345111475277,0.1647511644307505,0.14928323538940422,0.59710938196928,20.60108648373778,82.40109471176063,0.07680374459636992,0.01945269410267289,0.1504907306434024,7.774492753623189,Linear Regression,0.07680374459636992,0.06832000985062295,0.00848373474574697,0.00848373474574697
2026-02-21,C022,TikTok,BR,video,817.15,52204,1200,186,0.4399283074418777,0.28368417354084924,0.09742619296851375,0.04068927560566294,0.17297644367767714,7.568205262653307,32.173618524047946,0.03937311675372652,0.022986744310780783,0.155,4.393279569892473,Linear Regression,0.03937311675372652,0.028924946535423535,0.010448170218302983,0.010448170218302983
2026-02-03,C035,AppLovin,BR,static,799.19,102759,1314,183,0.5149300935906261,0.3354300564994523,0.16212718692134373,0.05237078984046927,0.2606218076350318,9.583854540805877,47.693790797210816,0.05967774353807009,0.012787201121069687,0.13926940639269406,4.367158469945355,Linear Regression,0.05967774353807009,0.0502258938034353,0.009451849734634789,0.009451849734634789
2026-02-03,C024,TikTok,IN,static,1020.83,88756,2077,266,0.30026433556880455,0.210198740452438,0.11551532501703338,0.005,0.15887401803563683,1.33,42.2604887974794,0.0413982324641615,0.023401234846094913,0.1280693307655272,3.8377067669172935,Linear Regression,0.0413982324641615,0.01076925575138206,0.030628976712779442,0.030628976712779442
2026-01-22,C015,Google Ads,IN,video,1093.04,155482,2759,413,0.4919473192338669,0.27073700184941857,0.10134377186727758,0.018964925793058307,0.07811435263934102,7.832514352533081,32.26122764004784,0.029515103927751397,0.01774481933600031,0.1496919173613628,2.6465859564164647,Linear Regression,0.029515103927751397,0.047975855281927327,-0.01846075135417593,0.01846075135417593
2026-02-18,C003,Meta,JP,static,782.71,42021,616,75,0.5598109574146841,0.3743852177523242,0.12908131174131734,0.101038319636136,0.3024720017013572,7.577873972710201,22.68540012760179,0.02898326701616095,0.014659336998167584,0.12175324675324675,10.436133333333334,Linear Regression,0.02898326701616095,0.04396960592710826,-0.014986338910947309,0.014986338910947309
2026-01-13,C034,AppLovin,US,static,780.15,42936,603,65,0.7135082680192812,0.39296222251133867,0.15487745712416556,0.13536105328021147,0.6241024498070464,8.798468463213746,40.56665923745802,0.051998771432101,0.014044158747903856,0.1077943615257048,12.002307692307692,Linear Regression,0.051998771432101,0.05569094837157189,-0.0036921769394708884,0.0036921769394708884
2026-01-06,C011,Google Ads,JP,static,1230.9,65181,889,119,0.6075806310126781,0.3691017152793371,0.1687500404260169,0.11707911245738285,0.49318672415779363,13.93241438242856,58.68922017477744,0.04767979865253716,0.013638943864009451,0.13385826771653545,10.343697478991597,Linear Regression,0.04767979865253716,0.047202786870382984,0.00047701178215417417,0.00047701178215417417
2026-01-26,C021,TikTok,BR,static,1038.76,94974,1779,267,0.3693790470596233,0.19939114697531649,0.11537780042650637,0.03257683297775819,0.0676447836902056,8.698014405061436,18.061157245284896,0.017387305951193473,0.018731442289468696,0.15008431703204048,3.890486891385768,Linear Regression,0.017387305951193473,0.027296832420351424,-0.00990952646915795,0.00990952646915795
2026-01-21,C035,AppLovin,BR,static,1109.6,160675,2080,226,0.4652839136519251,0.3299979479885593,0.09739122455377668,0.0334860283348822,0.20675993181381372,7.567842403683377,46.7277445899219,0.04211237407448903,0.012945386650070017,0.10865384615384616,4.909734513274336,Linear Regression,0.04211237407448903,0.03944630357551812,0.002666070498970906,0.002666070498970906
2026-02-09,C004,Meta,KR,video,1170.58,62296,1213,191,0.4975901615381775,0.3157652014052907,0.14938589529967466,0.09165714753022668,0.31829307264178225,17.506515178273297,60.79397687458041,0.05193504101547144,0.01947155515602928,0.1574608408903545,6.128691099476439,Linear Regression,0.05193504101547144,0.05088700430080922,0.0010480367146622205,0.0010480367146622205
2026-01-14,C011,Google Ads,JP,static,1168.33,62342,892,133,0.6328687068440207,0.40980913122673707,0.12939743109509025,0.12603579758461952,0.6295686957471284,16.762761078754398,83.73263653436807,0.07166856150278018,0.014308171056430657,0.1491031390134529,8.784436090225563,Linear Regression,0.07166856150278018,0.059740334865617827,0.011928226637162358,0.011928226637162358
2026-01-06,C024,TikTok,IN,static,1041.38,118575,2375,373,0.3694282082876466,0.18387803450002055,0.10981764995515589,0.03956214479380438,0.02,14.756680008089033,7.46,0.007163568817279928,0.020029517183217372,0.15705263157894736,2.791903485254692,Linear Regression,0.007163568817279928,0.03024070643100435,-0.023077137613724423,0.023077137613724423
2026-02-05,C026,Unity Ads,JP,video,813.63,35434,553,73,0.622938643412925,0.4302199291869078,0.19554204099911054,0.17678387855547295,0.6441772994904282,12.905223134549525,47.02494286280126,0.05779659571459092,0.01560647965231134,0.13200723327305605,11.145616438356164,Linear Regression,0.05779659571459092,0.056411281310935577,0.0013853144036553439,0.0013853144036553439
2026-01-04,C006,Meta,JP,video,1405.22,57904,1092,153,0.5911549702270378,0.32769637973488985,0.14930213180464513,0.11286719688525576,0.5024302635623283,17.268681123444132,76.87183032503624,0.05470428997192145,0.018858800773694392,0.1401098901098901,9.184444444444445,Linear Regression,0.05470428997192145,0.04997860687085791,0.004725683101063541,0.004725683101063541
2026-01-13,C027,Unity Ads,IN,playable,892.85,106386,1932,334,0.6338080882547857,0.3303063608025556,0.16733380379393228,0.049153007977857315,0.19320816659943163,16.41710466460434,64.53152764421016,0.07227554630506115,0.018160284247927358,0.17287784679089027,2.6732035928143714,Linear Regression,0.07227554630506115,0.07087293580550036,0.001402610499560794,0.001402610499560794
2026-02-19,C021,TikTok,BR,static,948.69,71674,1666,273,0.36318774121121394,0.2145220812962809,0.08822148883076071,0.013353167569309465,0.0965803481060163,3.645414746421484,26.36643503294245,0.02779241257874098,0.023244133158467507,0.1638655462184874,3.475054945054945,Linear Regression,0.02779241257874098,0.02883587703608557,-0.0010434644573445902,0.0010434644573445902
2026-01-29,C017,TikTok,KR,playable,795.87,30084,870,193,0.47884318073355275,0.295234536114995,0.10364802287972545,0.051132146894806586,0.21225323114233086,9.868504350697672,40.96487361046986,0.051471507975887516,0.028919026725169526,0.2218390804597701,4.123678756476684,Linear Regression,0.051471507975887516,0.05294829225079264,-0.0014767842749051213,0.0014767842749051213
2026-02-28,C026,Unity Ads,JP,video,652.41,34331,445,60,0.7383927955637168,0.4860148271955044,0.1859387288521312,0.15920330892934395,0.6909574977925808,9.552198535760636,41.45744986755484,0.0635455009715611,0.012962045964288835,0.1348314606741573,10.8735,Linear Regression,0.0635455009715611,0.06430558459936953,-0.000760083627808425,0.000760083627808425
2026-01-05,C036,AppLovin,US,video,663.43,26211,510,62,0.6695149480769712,0.3712472193757773,0.17637824224353377,0.12323722126587777,0.6578202301487046,7.640707718484422,40.784854269219686,0.06147532905057613,0.019457479684102094,0.12156862745098039,10.70048387096774,Linear Regression,0.06147532905057613,0.06138593363587257,8.939541470356221e-05,8.939541470356221e-05
2026-02-21,C031,Unity Ads,KR,video,931.48,72052,1091,154,0.778167540470149,0.43012904734432167,0.1904953446220548,0.10375590112105322,0.49515307885808146,15.978408772642196,76.25357414414455,0.08186251590150001,0.015141842002997835,0.14115490375802017,6.048571428571429,Linear Regression,0.08186251590150001,0.07645333797021296,0.005409177931287049,0.005409177931287049
2026-01-14,C016,Google Ads,IN,static,1153.88,175369,2444,345,0.4615480706495493,0.31885114324016084,0.1116080984460195,0.05558739640617197,0.12917387864575644,19.17765176012933,44.56498813278597,0.03862171607459047,0.013936328541532426,0.1411620294599018,3.3445797101449277,Linear Regression,0.03862171607459047,0.04306585092245635,-0.004444134847865877,0.004444134847865877
2026-01-21,C014,Google Ads,US,playable,897.75,30307,654,114,0.7924195652718232,0.5235930750483178,0.19081873977011163,0.18717337185631255,0.7222289860401429,21.337764391619633,82.33410440857628,0.09171210739498904,0.02157917312832019,0.1743119266055046,7.875,Linear Regression,0.09171210739498904,0.08558831328033509,0.006123794114653955,0.006123794114653955
2026-01-31,C019,TikTok,BR,playable,1095.81,59259,1573,323,0.41553803920475874,0.2736382510009548,0.10129315232331357,0.027288261847600866,0.07782080721489895,8.81410857677508,25.13612073041236,0.022938326029056145,0.0265444911321487,0.2053401144310235,3.392600619195046,Linear Regression,0.022938326029056145,0.04015827292090633,-0.017219946891850187,0.017219946891850187
2026-01-21,C032,Unity Ads,JP,static,872.0,44065,595,65,0.7071532790864256,0.39176942161886363,0.15547971704977787,0.15933722070589315,0.6493338139814149,10.356919345883055,42.206697908791966,0.04840198826584221,0.013502779984114376,0.1092436974789916,13.415384615384616,Linear Regression,0.04840198826584221,0.044461764181479,0.00394022408436321,0.00394022408436321
2026-01-09,C007,Meta,IN,playable,707.5,75999,1629,253,0.45515679556356237,0.3114397858475232,0.1301299868437341,0.04241494646165417,0.167875316255986,10.730981454798505,42.472455012764456,0.06003167109252915,0.02143449255911262,0.1553100061387354,2.7964426877470356,Linear Regression,0.06003167109252915,0.047235979923767664,0.012795691168761489,0.012795691168761489
2026-02-21,C004,Meta,KR,video,1401.69,61469,1259,167,0.622341466363504,0.412775348491201,0.17826324075864244,0.06324130166507565,0.41230025342229126,10.561297378067634,68.85414232152264,0.04912235580724519,0.020481868909531634,0.13264495631453535,8.393353293413174,Linear Regression,0.04912235580724519,0.03889606276807804,0.010226293039167146,0.010226293039167146
2026-02-15,C031,Unity Ads,KR,video,983.73,71674,998,117,0.7239920621846679,0.4101295947443586,0.2049584084155791,0.12088085608237936,0.44138176173821203,14.143060161638385,51.641666123370804,0.052495543444129815,0.013924156597929515,0.11723446893787576,8.407948717948718,Linear Regression,0.052495543444129815,0.05828508452869745,-0.005789541084567633,0.005789541084567633
2026-01-16,C003,Meta,JP,static,653.34,26884,448,57,0.5140838634933106,0.3230721309905027,0.09547004148064789,0.10482188148950311,0.44911545169631095,5.974847244901677,25.599580746689725,0.039182428004188745,0.016664186876952834,0.12723214285714285,11.462105263157895,Linear Regression,0.039182428004188745,0.03559179637790367,0.0035906316262850763,0.0035906316262850763
2026-01-26,C001,Meta,US,static,857.05,34113,558,63,0.6266676811072912,0.42727355014425056,0.1698880627456256,0.09649684946554082,0.5063119861525506,6.079301516329072,31.897655127610687,0.03721777326213299,0.01635740040453786,0.11290322580645161,13.603968253968253,Linear Regression,0.03721777326213299,0.03553045346196727,0.001687319800165725,0.001687319800165725
2026-01-31,C020,TikTok,JP,static,925.97,32616,771,126,0.40046926944872163,0.3235204872850105,0.11484204801195565,0.06941792376233302,0.2523348276935068,8.746658394053961,31.794188289381857,0.03433624927283708,0.02363870493009566,0.16342412451361868,7.348968253968255,Linear Regression,0.03433624927283708,0.04249376994000404,-0.008157520667166962,0.008157520667166962
2026-01-20,C022,TikTok,BR,video,725.64,41407,1071,206,0.2940651728626985,0.2078977502064166,0.13127615509550355,0.031779164311515194,0.08897175342709798,6.54650784817213,18.328181205982183,0.025257903737578975,0.025865191875769796,0.19234360410831,3.5225242718446603,Linear Regression,0.025257903737578975,0.027013670945738692,-0.001755767208159717,0.001755767208159717
2026-02-19,C015,Google Ads,IN,video,1030.18,149668,2132,314,0.5647139694854834,0.27462817284500085,0.12664214236630697,0.013188298903801451,0.13626658290070207,4.141125855793656,42.78770703082045,0.0415342712862107,0.014244861961140658,0.1472795497185741,3.280828025477707,Linear Regression,0.0415342712862107,0.040882263199147534,0.0006520080870631648,0.0006520080870631648
2026-02-22,C035,AppLovin,BR,static,785.25,84979,1347,180,0.6192822081520478,0.37289960873892564,0.18446045385138796,0.06296026691936515,0.2633378544681645,11.332848045485727,47.40081380426961,0.06036376921344326,0.01585097494675155,0.133630289532294,4.3625,Linear Regression,0.06036376921344326,0.056247387060636214,0.0041163821528070466,0.0041163821528070466
2026-01-14,C017,TikTok,KR,playable,625.4,23172,667,146,0.5488387430238587,0.37288749586865244,0.1227281417126538,0.06204187250193368,0.27053599399824735,9.058113385282317,39.498255123744116,0.06315688832021077,0.028784740203694113,0.21889055472263869,4.2835616438356166,Linear Regression,0.06315688832021077,0.055387784028956194,0.007769104291254575,0.007769104291254575
2026-01-13,C004,Meta,KR,video,773.94,38256,706,95,0.7496662987377236,0.4183955005071579,0.15501385700705278,0.0799345704604783,0.3274204444284668,7.593784193745439,31.104942220704345,0.040190436203138453,0.018454621497281474,0.13456090651558072,8.146736842105264,Linear Regression,0.040190436203138453,0.048788812273412197,-0.008598376070273743,0.008598376070273743
2026-02-19,C005,Meta,BR,static,630.27,56207,942,107,0.4671760273355584,0.3120579971308067,0.15309987212631665,0.03757394066177313,0.1519336762467235,4.0204116508097245,16.256903358399413,0.02579364296184728,0.0167594783567883,0.11358811040339703,5.890373831775701,Linear Regression,0.02579364296184728,0.029586393979199765,-0.0037927510173524845,0.0037927510173524845
2026-01-07,C014,Google Ads,US,playable,1055.26,30088,663,118,0.7929774781231042,0.47118996599974927,0.2519650673982332,0.16151344986549945,0.6884702568756667,19.058587084128934,81.23949031132867,0.07698529606020174,0.022035362935389526,0.1779788838612368,8.942881355932203,Linear Regression,0.07698529606020174,0.0761858603738507,0.0007994356863510466,0.0007994356863510466
2026-01-10,C025,Unity Ads,KR,static,901.34,71100,883,119,0.6349161370110297,0.39205675917127814,0.1270624361565396,0.10045319421940943,0.35344521970129833,11.953930112109722,42.059981144454504,0.04666361911297892,0.012419127988748242,0.1347678369195923,7.574285714285715,Linear Regression,0.04666361911297892,0.058292932098359146,-0.011629312985380225,0.011629312985380225
2026-02-16,C023,TikTok,JP,video,769.59,21771,642,119,0.5105609044989698,0.3048503396791588,0.11063065975816987,0.06390349941215256,0.31788735593399264,7.604516430046155,37.82859535614512,0.04915413521626851,0.029488769463965826,0.1853582554517134,6.467142857142857,Linear Regression,0.04915413521626851,0.05062933046373374,-0.0014751952474652275,0.0014751952474652275
2026-02-19,C029,Unity Ads,BR,video,686.63,84686,1174,155,0.6556512826266425,0.41828345906417513,0.15679345446435455,0.06763118118911604,0.25516220267956347,10.482833084312986,39.550141415332334,0.057600240204209285,0.013862976170795646,0.13202725724020442,4.429870967741936,Linear Regression,0.057600240204209285,0.06255964553322332,-0.004959405329014038,0.004959405329014038
2026-01-06,C019,TikTok,BR,playable,814.33,35646,1221,259,0.4569195134736475,0.2283556101505193,0.12414866327322693,0.03316735045313383,0.18433944102854816,8.590343767361661,47.74391522639397,0.05862954991657766,0.03425349267800034,0.21212121212121213,3.1441312741312744,Linear Regression,0.05862954991657766,0.0393754479007733,0.01925410201580436,0.01925410201580436
2026-01-17,C013,Google Ads,JP,video,832.01,44586,636,101,0.7418343642631022,0.4687917332881347,0.16991880362778547,0.12032260942869882,0.6487926047265041,12.152583552298582,65.52805307737691,0.07875836515755183,0.014264567352980756,0.15880503144654087,8.237722772277227,Linear Regression,0.07875836515755183,0.07012888003009295,0.008629485127458883,0.008629485127458883
2026-02-03,C015,Google Ads,IN,video,1021.66,181613,2573,404,0.5392893639372139,0.30147865156990905,0.13132457657792085,0.027578669447795075,0.02,11.14178245690921,8.08,0.007908736250709779,0.014167488010219532,0.15701515740380878,2.528861386138614,Linear Regression,0.007908736250709779,0.052023748837622424,-0.044115012586912646,0.044115012586912646
2026-01-09,C003,Meta,JP,static,1169.73,59335,870,108,0.4679399531651106,0.36381809474168736,0.13072650107845246,0.10054768502852618,0.5483843736083119,10.859149983080828,59.22551234969769,0.050631749463370325,0.014662509480070784,0.12413793103448276,10.830833333333333,Linear Regression,0.050631749463370325,0.03570560794966242,0.014926141513707906,0.014926141513707906
2026-01-30,C034,AppLovin,US,static,895.94,37501,552,66,0.6924266454888346,0.39296753429268483,0.14236534886034327,0.15040849892331154,0.5645196802234195,9.926960928938561,37.258298894745685,0.04158571120851654,0.014719607477133943,0.11956521739130435,13.574848484848486,Linear Regression,0.04158571120851654,0.04532940386371704,-0.003743692655200498,0.003743692655200498
2026-01-14,C034,AppLovin,US,static,643.2,26575,392,49,0.7100739003889674,0.4060920902982963,0.17283103349056914,0.1349115123624007,0.5766563698976499,6.6106641057576345,28.256162124984844,0.04393088201821958,0.014750705550329257,0.125,13.126530612244899,Linear Regression,0.04393088201821958,0.050212462525152296,-0.006281580506932713,0.006281580506932713
2026-01-18,C012,Google Ads,JP,playable,1263.33,48695,963,192,0.7709215965617247,0.4608886204826126,0.19556377271995207,0.1333332248749866,0.6600890977361493,25.59997917599743,126.73710676534067,0.10032016499639926,0.01977615771639799,0.19937694704049844,6.579843749999999,Linear Regression,0.10032016499639926,0.08721414031336841,0.013106024683030848,0.013106024683030848
2026-02-24,C025,Unity Ads,KR,static,550.12,48484,624,71,0.6085615888330644,0.4388814745143237,0.17504586074665024,0.117558103086827,0.4091656882585844,8.346625319164717,29.050763866359492,0.05280836861871413,0.012870225228941507,0.11378205128205128,7.748169014084507,Linear Regression,0.05280836861871413,0.059040660577655016,-0.006232291958940886,0.006232291958940886
2026-02-23,C004,Meta,KR,video,1135.13,55611,1110,150,0.6985939714063067,0.41225788271946334,0.180390142752168,0.07705117168842256,0.5101075105285854,11.557675753263384,76.51612657928781,0.06740754425877077,0.01996007984031936,0.13513513513513514,7.567533333333334,Linear Regression,0.06740754425877077,0.049017372531149773,0.018390171727620995,0.018390171727620995
2026-01-31,C014,Google Ads,US,playable,1207.87,47769,788,130,0.7831720781146844,0.3980273995616791,0.2003018047385193,0.1518984119384726,0.591296304763329,19.746793552001435,76.86851961923276,0.06363968960609277,0.01649605392618644,0.1649746192893401,9.291307692307692,Linear Regression,0.06363968960609277,0.07270671738552689,-0.00906702777943412,0.00906702777943412
2026-01-08,C006,Meta,JP,video,1064.9,38881,725,98,0.5310509503854234,0.34325650771697214,0.13202769598762495,0.11889486006952114,0.5041522732778971,11.651696286813072,49.40692278123392,0.046395823636688,0.018646639746920088,0.13517241379310344,10.866326530612247,Linear Regression,0.046395823636688,0.03888290916727447,0.007512914469413524,0.007512914469413524
2026-01-29,C009,Google Ads,US,static,862.06,41544,551,70,0.6113551862592508,0.43207029258356383,0.1947602383867484,0.1386397551694814,0.6187985706349359,9.704782861863698,43.31589994444551,0.05024680686890616,0.013263046408626997,0.12704174228675136,12.315142857142856,Linear Regression,0.05024680686890616,0.04575470338536773,0.004492103483538429,0.004492103483538429
2026-01-10,C028,Unity Ads,US,playable,657.19,25538,419,60,0.9,0.5560201956148875,0.2662129549618596,0.19021635583398253,0.8327941260137138,11.412981350038951,49.96764756082283,0.0760328290975953,0.016406923016681025,0.1431980906921241,10.953166666666668,Linear Regression,0.0760328290975953,0.07990998531654361,-0.0038771562189483105,0.0038771562189483105
2026-01-24,C007,Meta,IN,playable,1004.18,102217,2048,377,0.5194584210655433,0.32873242146758025,0.1314010449663441,0.0550313160897733,0.1011031444339898,20.746806165844532,38.115885451614155,0.037957320495445195,0.020035806177054697,0.18408203125,2.6636074270557026,Linear Regression,0.037957320495445195,0.05875282650174,-0.020795506006294803,0.020795506006294803
2026-01-18,C035,AppLovin,BR,static,764.21,103641,1236,149,0.4617060288127951,0.30447940900309506,0.12325850796230768,0.053221014403369536,0.18749278891780954,7.929931146102061,27.936425548753622,0.03655578310202545,0.011925782267635396,0.12055016181229773,5.128926174496645,Linear Regression,0.03655578310202545,0.04153595658522074,-0.004980173483195287,0.004980173483195287
2026-02-12,C016,Google Ads,IN,static,1141.17,196298,2619,349,0.48341593657657067,0.2670270581818788,0.13857932777629245,0.030064631608172163,0.09882117324148626,10.492556431252085,34.48858946127871,0.030222114671123616,0.01334195967355755,0.1332569683085147,3.2698280802292268,Linear Regression,0.030222114671123616,0.03745404065136694,-0.007231925980243324,0.007231925980243324
2026-01-03,C038,AppLovin,IN,video,1029.08,168893,2514,330,0.5614142316931698,0.3897093856325673,0.13324308172945032,0.043334454574007863,0.1103516500157895,14.300370009422595,36.416044505210536,0.035387118261058316,0.014885163979561024,0.13126491646778043,3.118424242424242,Linear Regression,0.035387118261058316,0.05444052180478743,-0.019053403543729114,0.019053403543729114
2026-01-28,C009,Google Ads,US,static,785.18,36846,535,75,0.677682321330218,0.37997612676569925,0.12625078536774276,0.11241934258438097,0.5576204488254106,8.431450693828573,41.8215336619058,0.05326347082225788,0.01451989361124681,0.14018691588785046,10.469066666666667,Linear Regression,0.05326347082225788,0.057064697032731725,-0.0038012262104738445,0.0038012262104738445
2026-02-27,C003,Meta,JP,static,1116.32,60642,790,86,0.5542456382187334,0.33851738399491094,0.12770710714007064,0.10048529749894347,0.4099594864151631,8.641735584909139,35.25651583170403,0.03158284488551024,0.013027274826028166,0.10886075949367088,12.980465116279069,Linear Regression,0.03158284488551024,0.026236717602140434,0.005346127283369806,0.005346127283369806
2026-01-07,C008,Meta,JP,playable,812.92,25923,529,80,0.5956779742150092,0.4419510576933647,0.1659878807040372,0.10870985424909699,0.4644640713905263,8.696788339927759,37.1571257112421,0.04570821825502567,0.020406588743586775,0.15122873345935728,10.1615,Linear Regression,0.04570821825502567,0.05150413568161933,-0.005795917426593661,0.005795917426593661
2026-01-21,C027,Unity Ads,IN,playable,500.44,70717,1212,187,0.5995175483019225,0.3667034591442072,0.18159108257320486,0.047460950046425525,0.17403705180052365,8.875197658681573,32.54492868669792,0.06503309332140911,0.0171387360889178,0.1542904290429043,2.676149732620321,Linear Regression,0.06503309332140911,0.06474485579429555,0.0002882375271135579,0.0002882375271135579
2026-02-04,C012,Google Ads,JP,playable,1169.01,38591,818,144,0.7028348217746306,0.41753146479747105,0.16321648532129046,0.14278964871987876,0.5492229824666703,20.56170941566254,79.08810947520053,0.06765414177129443,0.02119665206913529,0.17603911980440098,8.118125,Linear Regression,0.06765414177129443,0.07144607053743822,-0.0037919287661437873,0.0037919287661437873
2026-01-27,C036,AppLovin,US,video,885.13,43879,649,80,0.8299106155055321,0.4171305188679915,0.20378794003742443,0.17558708955081478,0.7413895458124241,14.046967164065183,59.31116366499393,0.06700850118270385,0.014790674354474806,0.12326656394453005,11.064125,Linear Regression,0.06700850118270385,0.06667205751022298,0.00033644367248086837,0.00033644367248086837
2026-01-05,C004,Meta,KR,video,980.17,66555,1104,171,0.5790626835137401,0.33196490271875195,0.10827519015560483,0.06801491972912861,0.26191305377604834,11.630551273680993,44.78713219570427,0.04569331473735951,0.016587784539102996,0.15489130434782608,5.731988304093567,Linear Regression,0.04569331473735951,0.05551379075742636,-0.009820476020066846,0.009820476020066846
2026-02-14,C030,Unity Ads,BR,playable,791.22,67289,1232,200,0.6409730321084324,0.44188305122353866,0.20211266432921457,0.07030317125530496,0.37814364562576747,14.060634251060991,75.6287291251535,0.09558477313266882,0.018309084694377982,0.16233766233766234,3.9561,Linear Regression,0.09558477313266882,0.07125185298918751,0.024332920143481304,0.024332920143481304
2026-01-08,C037,AppLovin,JP,static,553.27,29537,379,44,0.6916453700822853,0.4348114062187751,0.1798433438856085,0.10648889594863686,0.6112940132012707,4.685511421740022,26.896936580855915,0.048614714034290483,0.012831364051867149,0.11609498680738786,12.574318181818182,Linear Regression,0.048614714034290483,0.04890657456404753,-0.0002918605297570487,0.0002918605297570487
2026-01-09,C031,Unity Ads,KR,video,706.23,43778,673,91,0.7308558043536943,0.49309911263409684,0.18105380058018722,0.1039920934046012,0.5476008373623901,9.463280499818708,49.831676199977494,0.07056051918898655,0.015373018411074055,0.1352154531946508,7.760769230769231,Linear Regression,0.07056051918898655,0.06505123671933366,0.00550928246965289,0.00550928246965289
2026-02-07,C038,AppLovin,IN,video,949.52,122131,1872,232,0.49200801385887327,0.3231139886355182,0.13527118780210012,0.02714578404938904,0.21670260746339232,6.297821899458257,50.27500493150702,0.05294786102444549,0.01532780375170923,0.12393162393162394,4.092758620689655,Linear Regression,0.05294786102444549,0.039123095027106175,0.013824765997339318,0.013824765997339318
2026-02-28,C005,Meta,BR,static,1022.69,101085,1558,177,0.4834194033809193,0.2705294439066122,0.1324154730521831,0.04631598458793816,0.16499589476142787,8.197929272065055,29.204273372772732,0.02855624948751793,0.015412771429984666,0.11360718870346598,5.777909604519774,Linear Regression,0.02855624948751793,0.02777243094157541,0.0007838185459425225,0.0007838185459425225
2026-01-17,C018,TikTok,US,static,719.76,22524,538,84,0.4554196815800473,0.29623262950936574,0.10923717008220002,0.08659067003163426,0.2254618633544543,7.273616282657278,18.93879652177416,0.026312491885709475,0.023885633102468478,0.15613382899628253,8.568571428571428,Linear Regression,0.026312491885709475,0.042820737182165745,-0.01650824529645627,0.01650824529645627
2026-02-10,C017,TikTok,KR,playable,691.39,23829,723,126,0.5102524808286356,0.3510974166820758,0.11029273289678429,0.05711290572289471,0.23281184794644114,7.196226121084734,29.33429284125158,0.04242792518214607,0.030341180914012337,0.17427385892116182,5.487222222222222,Linear Regression,0.04242792518214607,0.045266165133039785,-0.0028382399508937173,0.0028382399508937173
2026-01-22,C011,Google Ads,JP,static,1034.8,65863,799,119,0.5968568678253634,0.3914862501638881,0.16889477738307995,0.11075213870948739,0.5650540473049682,13.179504506429,67.24143162929121,0.064979895880819,0.01213124212380244,0.14893617021276595,8.69579831932773,Linear Regression,0.064979895880819,0.05815823264531218,0.006821663235506814,0.006821663235506814
2026-01-31,C036,AppLovin,US,video,912.56,47176,732,117,0.7034491590229212,0.44179683866539277,0.2270134852151663,0.16787793679063348,0.7043103840218444,19.641718604504117,82.4043149305558,0.0902997047641463,0.015516364253010005,0.1598360655737705,7.799658119658119,Linear Regression,0.0902997047641463,0.08320509626566326,0.007094608498483035,0.007094608498483035
2026-02-09,C039,AppLovin,KR,static,663.88,44444,712,77,0.6268323239909183,0.4000901604043664,0.19248878890919455,0.09218233057771505,0.5768357893530387,7.098039454484058,44.41635578018398,0.066903984947685,0.016020160201602015,0.10814606741573034,8.621818181818181,Linear Regression,0.066903984947685,0.04948413096313998,0.01741985398454502,0.01741985398454502
2026-02-11,C010,Google Ads,BR,playable,885.69,84694,1423,230,0.6124169497665412,0.3736734300775723,0.199691766533744,0.06751511162637991,0.37434647720428305,15.52847567406738,86.0996897569851,0.09721235251159009,0.016801662455427774,0.16163035839775122,3.850826086956522,Linear Regression,0.09721235251159009,0.06168177694375895,0.035530575567831145,0.035530575567831145
2026-02-16,C033,AppLovin,IN,playable,660.66,67164,1551,228,0.5591892502409488,0.36486793562090103,0.09952789700814632,0.04179801017431905,0.027829589705875762,9.529946319744743,6.345146452939674,0.009604306806717908,0.023092728247275325,0.1470019342359768,2.8976315789473683,Linear Regression,0.009604306806717908,0.0586587909479141,-0.04905448414119619,0.04905448414119619
2026-02-28,C003,Meta,JP,static,682.26,35742,503,62,0.5340746073505693,0.3393661173719167,0.1392192170151074,0.11137948324480147,0.4171052431037975,6.905527961177691,25.860525072435443,0.03790438703504641,0.014073079290470594,0.12326043737574553,11.004193548387097,Linear Regression,0.03790438703504641,0.039654609782828906,-0.0017502227477824983,0.0017502227477824983
2026-01-15,C037,AppLovin,JP,static,908.43,47988,655,82,0.6569163752900309,0.42474519520448134,0.2019161034324042,0.14565746663189286,0.68003452012898,11.943912263815214,55.76283065057636,0.06138376351982266,0.013649245644744519,0.1251908396946565,11.078414634146341,Linear Regression,0.06138376351982266,0.05320005493920678,0.00818370858061588,0.00818370858061588
2026-01-25,C006,Meta,JP,video,851.79,39995,702,113,0.4939367270694198,0.3580016827912454,0.14864290261881247,0.11270736657932572,0.36320822638447864,12.735932423463806,41.04252958144609,0.048183907582275864,0.01755219402425303,0.16096866096866097,7.537964601769911,Linear Regression,0.048183907582275864,0.058936927935541915,-0.01075302035326605,0.01075302035326605
2026-01-26,C010,Google Ads,BR,playable,934.44,80572,1611,318,0.6085509041113542,0.36884799774828175,0.15660499210985512,0.0680639536224085,0.26843558087878555,21.6443372519259,85.3625147194538,0.091351805834332,0.01999453904582237,0.1973929236499069,2.938490566037736,Linear Regression,0.091351805834332,0.0736188440603851,0.017732961773946898,0.017732961773946898
2026-02-07,C021,TikTok,BR,static,775.42,49644,1134,184,0.39061016232364865,0.25555934713996475,0.08068384566435588,0.005,0.14629614664340193,0.92,26.918490982385954,0.034714864665104636,0.02284263959390863,0.16225749559082892,4.214239130434782,Linear Regression,0.034714864665104636,0.02380673612067509,0.010908128544429546,0.010908128544429546
2026-01-21,C023,TikTok,JP,video,609.18,13972,408,62,0.49201805599881215,0.30197456360556457,0.10275754849772542,0.08258843125430293,0.33848185532469094,5.120482737766782,20.98587503013084,0.034449316155907204,0.029201259662181504,0.15196078431372548,9.82548387096774,Linear Regression,0.034449316155907204,0.031068453158525335,0.00338086299738187,0.00338086299738187
2026-01-25,C010,Google Ads,BR,playable,953.09,75223,1551,260,0.5130091152875184,0.34915816736036354,0.1704407258501416,0.030393962381295395,0.23545545963635192,7.902430219136803,61.2184195054515,0.06423172577800701,0.020618693750581604,0.16763378465506126,3.6657307692307692,Linear Regression,0.06423172577800701,0.05560127123113479,0.008630454546872217,0.008630454546872217
2026-02-28,C002,Meta,BR,playable,656.87,56726,1168,172,0.6211219854197908,0.39201554794697313,0.19538006302045396,0.059336506855274314,0.26178319513113624,10.205879179107182,45.02670956255543,0.06854787055112382,0.020590205549483483,0.14726027397260275,3.819011627906977,Linear Regression,0.06854787055112382,0.05693493238366302,0.011612938167460805,0.011612938167460805
2026-01-07,C009,Google Ads,US,static,1066.74,71039,810,112,0.5961718662588679,0.37952255681137376,0.15327907723304837,0.13631890752743117,0.5185114954299757,15.267717643072292,58.07328748815728,0.054440010335611834,0.011402187530792945,0.1382716049382716,9.524464285714286,Linear Regression,0.054440010335611834,0.05910392438199717,-0.004663914046385338,0.004663914046385338
2026-02-02,C022,TikTok,BR,video,826.03,53907,1432,233,0.4725695159859741,0.2508947051172897,0.11284894973774393,0.035617232801995746,0.0927289119548726,8.29881524286501,21.605836485485316,0.026156310765976628,0.026564268091342498,0.1627094972067039,3.5451931330472104,Linear Regression,0.026156310765976628,0.03573857799107467,-0.00958226722509804,0.00958226722509804
2026-02-11,C005,Meta,BR,static,917.76,117495,1738,250,0.4015053811481116,0.2529212938142148,0.12024844659362505,0.05643946269704775,0.2593396578604478,14.109865674261938,64.83491446511195,0.0706443975475504,0.014792118813566535,0.14384349827387802,3.67104,Linear Regression,0.0706443975475504,0.042894258105406834,0.027750139442143572,0.027750139442143572
2026-01-15,C025,Unity Ads,KR,static,653.71,55625,598,79,0.6975905433263472,0.4744255708224526,0.18070155013504988,0.10408655287291615,0.44429722143047157,8.222837676960376,35.099480493007256,0.053692955877306534,0.010750561797752809,0.13210702341137123,8.27481012658228,Linear Regression,0.053692955877306534,0.05947572207937056,-0.005782766202064027,0.005782766202064027
2026-02-18,C009,Google Ads,US,static,1042.19,55435,797,115,0.6473450239032539,0.4451618507107267,0.15155590148200102,0.14507548051225658,0.7279383937545234,16.683680258909508,83.7129152817702,0.08032394111244577,0.014377198520790115,0.14429109159347553,9.062521739130435,Linear Regression,0.08032394111244577,0.06613452228322853,0.014189418829217246,0.014189418829217246
2026-01-27,C028,Unity Ads,US,playable,666.57,24329,428,59,0.8235284646863555,0.530640244729305,0.25492986970142534,0.2020266406720012,0.8786259548085166,11.919571799648072,51.838931333702476,0.07776992305317597,0.0175921739487854,0.1378504672897196,11.297796610169492,Linear Regression,0.07776992305317597,0.07432367736885087,0.003446245684325097,0.003446245684325097
2026-02-24,C011,Google Ads,JP,static,1048.34,66740,779,115,0.6112763733051896,0.37271640394201383,0.17050599583504225,0.12715099717386455,0.5081475209510744,14.622364674994424,58.43696490937356,0.05574230860232661,0.011672160623314354,0.14762516046213095,9.116,Linear Regression,0.05574230860232661,0.055978043097460885,-0.0002357344951342752,0.0002357344951342752
2026-02-24,C014,Google Ads,US,playable,774.31,29664,627,99,0.7275963115736893,0.45555400978723176,0.2082787637861647,0.14345939734559443,0.6641233588673802,14.20248033721385,65.74821252787063,0.08491154861380915,0.02113673139158576,0.15789473684210525,7.821313131313131,Linear Regression,0.08491154861380915,0.08056588149333964,0.004345667120469507,0.004345667120469507
2026-02-11,C023,TikTok,JP,video,868.1,25857,635,101,0.5306795492941682,0.32350976825099215,0.13301346976163156,0.07714189321402605,0.3366436895847287,7.791331214616631,34.001012648057596,0.03916716772151972,0.02455814673009243,0.15905511811023623,8.595049504950495,Linear Regression,0.03916716772151972,0.040618754076425366,-0.0014515863549056443,0.0014515863549056443
2026-02-26,C034,AppLovin,US,static,512.17,22911,364,45,0.6266022493679284,0.3844882201685602,0.1543389620355091,0.13486540650405404,0.6067788122896304,6.068943292682432,27.305046553033367,0.05331220152795085,0.015887564925145127,0.12362637362637363,11.381555555555554,Linear Regression,0.05331220152795085,0.056610231336886294,-0.0032980298089354404,0.0032980298089354404
2026-01-08,C032,Unity Ads,JP,static,794.69,45403,559,57,0.638626169249742,0.34214142182783125,0.1844038913263263,0.14228587273735277,0.6688641645843438,8.110294746029108,38.1252573813076,0.047975179662357904,0.012311961764641104,0.10196779964221825,13.941929824561404,Linear Regression,0.047975179662357904,0.03848863371708344,0.009486545945274462,0.009486545945274462
2026-01-22,C025,Unity Ads,KR,static,645.0,46898,577,60,0.6976075583515603,0.43619633295540744,0.16880827364635295,0.1300837414981028,0.42149544481946377,7.8050244898861685,25.289726689167825,0.03920890982862968,0.012303296515842893,0.10398613518197573,10.75,Linear Regression,0.03920890982862968,0.04489719770286113,-0.005688287874231451,0.005688287874231451
2026-01-17,C017,TikTok,KR,playable,922.68,32778,960,171,0.5750525132998344,0.3341214904260703,0.1030097388897693,0.06224308968841926,0.2844469102140002,10.643568336719694,48.640421646594035,0.05271622776148026,0.029287937030935383,0.178125,5.39578947368421,Linear Regression,0.05271622776148026,0.04905635607783883,0.0036598716836414302,0.0036598716836414302
2026-01-19,C011,Google Ads,JP,static,1332.17,84770,968,118,0.5696852003586554,0.3995221158004489,0.2014118891997131,0.12139888050471082,0.4982083626369508,14.325067899555876,58.78858679116019,0.044129800717045344,0.011419134127639495,0.12190082644628099,11.28957627118644,Linear Regression,0.044129800717045344,0.04003420023310362,0.004095600483941725,0.004095600483941725
2026-02-16,C029,Unity Ads,BR,video,676.65,69280,1032,129,0.5644412145597306,0.41313164060273233,0.10059442545509589,0.05814038260563917,0.21752013775355955,7.500109356127453,28.060097770209182,0.041469053058067126,0.01489607390300231,0.125,5.245348837209302,Linear Regression,0.041469053058067126,0.05308050384033659,-0.011611450782269467,0.011611450782269467
2026-01-07,C007,Meta,IN,playable,975.28,82503,1989,323,0.5589528612238501,0.374582767434052,0.1606344814892472,0.024827896335352064,0.16140988415499863,8.019410516318716,52.135392582064554,0.05345679890403082,0.024108214246754665,0.1623931623931624,3.0194427244582043,Linear Regression,0.05345679890403082,0.05011292617395659,0.003343872730074235,0.003343872730074235
2026-01-22,C021,TikTok,BR,static,1091.44,80367,1769,234,0.4156370331908886,0.22346100989604453,0.0919886697839627,0.023673198043614722,0.13737341925618293,5.539528342205845,32.145380105946806,0.02945214109081367,0.022011522142172783,0.13227812323346524,4.664273504273504,Linear Regression,0.02945214109081367,0.021523119637152827,0.007929021453660843,0.007929021453660843
2026-02-22,C038,AppLovin,IN,video,719.14,82881,1617,213,0.5313197177579572,0.36586794205867723,0.1528358831216539,0.054275575376666906,0.20516298881453296,11.560697555230051,43.69971661749552,0.0607665785488141,0.019509899735765737,0.13172541743970315,3.376244131455399,Linear Regression,0.0607665785488141,0.051071504132316016,0.009695074416498084,0.009695074416498084
2026-02-13,C001,Meta,US,static,756.74,38396,571,65,0.5791636783281313,0.38884474644967554,0.12225394211570334,0.09623259297103404,0.5457261783579118,6.255118543117212,35.472201593264266,0.04687520344143862,0.014871340764662986,0.1138353765323993,11.642153846153846,Linear Regression,0.04687520344143862,0.04446668712140005,0.0024085163200385715,0.0024085163200385715
2026-01-14,C013,Google Ads,JP,video,1013.56,47083,734,120,0.6425908573894481,0.4138492152932925,0.1789306467071876,0.12465560923795999,0.5240064594240412,14.958673108555198,62.88077513088495,0.062039394325086886,0.015589490899050613,0.16348773841961853,8.446333333333333,Linear Regression,0.062039394325086886,0.06356133575773779,-0.0015219414326509,0.0015219414326509
2026-02-28,C037,AppLovin,JP,static,793.02,54365,669,91,0.6021616518392083,0.3564764847230576,0.16096071966310765,0.1397654817018791,0.5214395526929997,12.718658834870999,47.45099929506297,0.059835474999165104,0.012305711395199117,0.13602391629297458,8.714505494505495,Linear Regression,0.059835474999165104,0.06377161473430482,-0.003936139735139711,0.003936139735139711
2026-02-02,C031,Unity Ads,KR,video,654.8,40152,641,84,0.7202470097706382,0.43324529138726975,0.1969424818632716,0.11301551178716926,0.4606562156512225,9.493302990122217,38.69512211470269,0.05909429277791669,0.01596433552500498,0.1310452418096724,7.795238095238095,Linear Regression,0.05909429277791669,0.06306320004902449,-0.0039689072711078036,0.0039689072711078036
2026-01-24,C004,Meta,KR,video,858.75,47274,876,142,0.6354506624554848,0.4156124590498053,0.16754469609810715,0.09860111765061977,0.43596905933332225,14.001358706388007,61.90760642533176,0.07209051791181416,0.01853027033887549,0.16210045662100456,6.047535211267606,Linear Regression,0.07209051791181416,0.0587247906614677,0.01336572725034646,0.01336572725034646
2026-02-24,C003,Meta,JP,static,670.06,27722,469,53,0.4927291196290273,0.2948988271420728,0.11681397597622264,0.12666602066390434,0.41415388412539544,6.71329909518693,21.95015585864596,0.03275861404593269,0.016917971286342978,0.11300639658848614,12.642641509433961,Linear Regression,0.03275861404593269,0.027684208644727218,0.005074405401205469,0.005074405401205469
2026-01-01,C008,Meta,JP,playable,955.11,32335,648,112,0.6408004254689882,0.39568230700539436,0.204930782737813,0.08147683945503215,0.4653994077909803,9.1254060189636,52.1247336725898,0.054574522819259015,0.020040204113190043,0.1728395061728395,8.527767857142857,Linear Regression,0.054574522819259015,0.06038998709034607,-0.005815464271087055,0.005815464271087055
2026-02-22,C015,Google Ads,IN,video,868.52,135330,2030,290,0.47952197250741324,0.33493555633180605,0.1442696166722066,0.013400561577594922,0.11708642711657322,3.8861628575025273,33.95506386380623,0.039095449908297754,0.015000369467228257,0.14285714285714285,2.9948965517241377,Linear Regression,0.039095449908297754,0.04236350849398362,-0.003268058585685865,0.003268058585685865
2026-01-01,C003,Meta,JP,static,686.19,27623,449,50,0.5827753387458237,0.33415065981605113,0.1258779787368856,0.08844301977861592,0.38359039728571154,4.422150988930796,19.179519864285577,0.02795053948713014,0.01625457046664012,0.111358574610245,13.7238,Linear Regression,0.02795053948713014,0.026488564371743302,0.0014619751153868397,0.0014619751153868397
2026-02-13,C005,Meta,BR,static,1238.79,111352,1852,265,0.5069926174710199,0.2800738320801846,0.1261050898641697,0.03200192912263904,0.1441724569691207,8.480511217499346,38.20570109681699,0.030841194996011827,0.016631941949852718,0.14308855291576675,4.674679245283019,Linear Regression,0.030841194996011827,0.03619925209917963,-0.0053580571031678036,0.0053580571031678036
2026-02-17,C029,Unity Ads,BR,video,601.3,65647,955,143,0.6420487956186754,0.41170983069979106,0.15175376979517316,0.08984793107716038,0.3429096368309928,12.848254144033934,49.03607806683197,0.0815506877683217,0.01454750407482444,0.14973821989528796,4.204895104895105,Linear Regression,0.0815506877683217,0.06472203379136485,0.016828653976956848,0.016828653976956848
2026-01-05,C034,AppLovin,US,static,785.14,33013,507,68,0.5836244908236068,0.4072250714332005,0.19318728489057452,0.14096104186876618,0.5090212963773756,9.5853508470761,34.61344815366154,0.044085696138789786,0.015357586405355466,0.1341222879684418,11.546176470588236,Linear Regression,0.044085696138789786,0.0534163070347314,-0.009330610895941616,0.009330610895941616
2026-02-17,C011,Google Ads,JP,static,845.22,38942,561,75,0.5129106074952665,0.3143578646755497,0.15567993598120422,0.10439348676121384,0.3835882449255076,7.829511507091038,28.769118369413068,0.034037625150961086,0.014406039751425197,0.13368983957219252,11.2696,Linear Regression,0.034037625150961086,0.038764607810164775,-0.004726982659203689,0.004726982659203689
2026-02-06,C020,TikTok,JP,static,817.12,24105,577,94,0.49211597366195153,0.2866669458649814,0.12806067154461792,0.07396944735135141,0.3630826109959487,6.953128051027033,34.12976543361918,0.04176848434312047,0.02393694254304086,0.16291161178509533,8.692765957446808,Linear Regression,0.04176848434312047,0.03657783320241835,0.005190651140702121,0.005190651140702121
2026-01-27,C024,TikTok,IN,static,981.7,117468,2371,371,0.48031290316672015,0.2567723159381613,0.09778305252424309,0.014938714587518073,0.048949626479734394,5.542263111969205,18.16031142398146,0.018498842609546456,0.02018422038342357,0.1564740615773935,2.646091644204852,Linear Regression,0.018498842609546456,0.03286766635980401,-0.014368823750257553,0.014368823750257553
2026-02-26,C024,TikTok,IN,static,870.38,97172,2131,306,0.37395029630613347,0.22838431610623144,0.10831563072904739,0.009551625036829213,0.025963502977211707,2.9227972612697393,7.944831911026783,0.009127970055810543,0.021930185650187298,0.14359455654622244,2.8443790849673203,Linear Regression,0.009127970055810543,0.024156349144832362,-0.015028379089021819,0.015028379089021819
2026-02-01,C033,AppLovin,IN,playable,1032.56,124664,2511,448,0.6200544176353582,0.3356751489085854,0.1601977427945387,0.028366587066558653,0.21819379839654446,12.708231005818277,97.75082168165191,0.09466872038909925,0.02014214207790541,0.17841497411389884,2.3048214285714286,Linear Regression,0.09466872038909925,0.07175173326498267,0.022916987124116578,0.022916987124116578
2026-03-01,C010,Google Ads,BR,playable,1061.65,111143,1990,372,0.614856357067211,0.3580780823888097,0.18006741785964334,0.06262511005601734,0.2986810429190453,23.29654094083845,111.10934796588485,0.10465716315438252,0.017904861304805522,0.18693467336683417,2.8538978494623657,Linear Regression,0.10465716315438252,0.07596758957621716,0.02868957357816536,0.02868957357816536
2026-02-05,C005,Meta,BR,static,803.02,78820,1218,153,0.4508633630790622,0.28440903729264594,0.12867386009368842,0.03561715648061545,0.20430262934668308,5.449424941534163,31.25830229004251,0.038925983307726154,0.015452930728241563,0.12561576354679804,5.248496732026144,Linear Regression,0.038925983307726154,0.031335278179604145,0.007590705128122009,0.007590705128122009
2026-01-04,C034,AppLovin,US,static,550.81,26711,352,43,0.7376120953240293,0.478866467390397,0.16831998293351053,0.158780943509889,0.6265527786471845,6.827580570925227,26.941769481828935,0.04891287733515486,0.013178091423009247,0.12215909090909091,12.809534883720929,Linear Regression,0.04891287733515486,0.05551352565698089,-0.006600648321826025,0.006600648321826025
2026-01-10,C019,TikTok,BR,playable,800.45,33524,1181,242,0.4829232686996653,0.28991159392630567,0.1335022741319797,0.02721798396580987,0.029453117118892064,6.586752119725989,7.127654342771879,0.00890455121497093,0.035228493019926026,0.20491109229466553,3.307644628099174,Linear Regression,0.00890455121497093,0.0391248098865524,-0.030220258671581467,0.030220258671581467
2026-01-01,C007,Meta,IN,playable,943.48,93637,1897,362,0.48404046202788664,0.2880651785772159,0.11157349196219607,0.02252002111302942,0.07302779872184734,8.15224764291665,26.436063137308736,0.028019761001913522,0.020259085617864735,0.1908276225619399,2.6062983425414363,Linear Regression,0.028019761001913522,0.05029961100898517,-0.022279850007071646,0.022279850007071646
2026-02-17,C027,Unity Ads,IN,playable,834.74,107639,1827,247,0.6235207889595502,0.40559075510421017,0.1691576916374533,0.03895513897898477,0.21331743864894215,9.621919327809238,52.68940734628871,0.06312086711557398,0.016973401833907786,0.13519430760810072,3.379514170040486,Linear Regression,0.06312086711557398,0.06099824947627726,0.00212261763929672,0.00212261763929672
2026-01-09,C035,AppLovin,BR,static,1078.17,109580,1650,230,0.5127542276119685,0.3494936464258817,0.10708617364081424,0.06575237944964558,0.11997512371361285,15.123047273418484,27.594278454130958,0.025593679296508662,0.015057492243110057,0.1393939393939394,4.687695652173914,Linear Regression,0.025593679296508662,0.049845412196978245,-0.024251732900469582,0.024251732900469582
2026-02-17,C020,TikTok,JP,static,1079.71,32498,792,111,0.4285647577061629,0.29047489573041085,0.0751864118037559,0.04686691105110456,0.36875444560652737,5.202227126672606,40.93174346232454,0.03790997693143889,0.024370730506492706,0.14015151515151514,9.727117117117118,Linear Regression,0.03790997693143889,0.026761387255772148,0.011148589675666742,0.011148589675666742
2026-02-18,C036,AppLovin,US,video,595.58,23610,397,62,0.718656926324521,0.45254584048338065,0.18774918351602168,0.2138118135802362,0.7177725087281548,13.256332441974646,44.5018955411456,0.07471966604519487,0.016814908936891148,0.1561712846347607,9.606129032258066,Linear Regression,0.07471966604519487,0.07139445973878492,0.00332520630640995,0.00332520630640995
2026-02-07,C008,Meta,JP,playable,924.62,40033,794,147,0.7236304003831442,0.4066560011580008,0.20102008166690472,0.12297812693330698,0.48559612208485414,18.077784659196126,71.38262994647356,0.07720210144757401,0.019833637249269353,0.18513853904282115,6.289931972789116,Linear Regression,0.07720210144757401,0.08075263235375962,-0.003550530906185609,0.003550530906185609
2026-02-14,C032,Unity Ads,JP,static,947.28,55490,644,86,0.6115042975226748,0.4113309920906525,0.14444140689635365,0.12475451318947262,0.5753388950377415,10.728888134294644,49.479144973245766,0.052232941323330534,0.011605694719769327,0.13354037267080746,11.014883720930232,Linear Regression,0.052232941323330534,0.05431168477942872,-0.002078743456098188,0.002078743456098188
2026-01-22,C013,Google Ads,JP,video,997.97,36156,647,91,0.5558751423168046,0.3849185933506175,0.14192668414213724,0.12250842725419633,0.41941389255937955,11.148266880131866,38.16666422290354,0.03824423975573722,0.017894678614891028,0.14064914992272023,10.966703296703297,Linear Regression,0.03824423975573722,0.04391697175538869,-0.005672731999651466,0.005672731999651466
2026-02-17,C024,TikTok,IN,static,674.67,73633,1689,257,0.4125585726033067,0.2778023115950683,0.11038576261926894,0.013296270196690115,0.1631907650627203,3.4171414405493596,41.94002662111912,0.062163812595629524,0.022938084826096994,0.1521610420367081,2.6251750972762644,Linear Regression,0.062163812595629524,0.028741536318992754,0.03342227627663677,0.03342227627663677
2026-01-14,C031,Unity Ads,KR,video,534.19,40513,528,69,0.7571189403925066,0.4762224487897942,0.19048610453110168,0.11113878658512794,0.5822528676173109,7.6685762743738275,40.17544786559445,0.07520776334085638,0.0130328536519142,0.13068181818181818,7.741884057971015,Linear Regression,0.07520776334085638,0.06644012749171573,0.008767635849140656,0.008767635849140656
2026-01-03,C027,Unity Ads,IN,playable,697.77,82359,1363,221,0.618134446725063,0.44536589355244105,0.16454479160739358,0.05245695237152414,0.16110387652980332,11.592986474106835,35.60395671308653,0.05102541866789038,0.016549496715598782,0.16214233308877476,3.1573303167420814,Linear Regression,0.05102541866789038,0.06521598448033378,-0.0141905658124434,0.0141905658124434
2026-02-25,C033,AppLovin,IN,playable,616.96,64875,1252,200,0.527722311922418,0.370173640261942,0.12983087423664977,0.026995641155926196,0.2863007688238482,5.399128231185239,57.26015376476964,0.09280974202929711,0.01929865125240848,0.1597444089456869,3.0848,Linear Regression,0.09280974202929711,0.05445606250650911,0.038353679522787995,0.038353679522787995
2026-02-16,C005,Meta,BR,static,697.21,95180,1250,181,0.4730453779046497,0.259569695444483,0.1230236024715321,0.025287466455904385,0.12614194429380232,4.577031428518694,22.83169191717822,0.032747418746982504,0.013133011136793445,0.1448,3.8519889502762434,Linear Regression,0.032747418746982504,0.04062785602554277,-0.00788043727856027,0.00788043727856027
2026-01-29,C037,AppLovin,JP,static,943.96,48803,721,83,0.7004102441826381,0.3744830944558068,0.1574185995556942,0.14450103336369097,0.6263535122851651,11.99358576918635,51.9873415196687,0.055073552702046086,0.014773681945782022,0.11511789181692095,11.373012048192772,Linear Regression,0.055073552702046086,0.051489461683794494,0.0035840910182515923,0.0035840910182515923
2026-02-16,C007,Meta,IN,playable,1061.24,124747,2738,471,0.5021727900434351,0.3025066963054983,0.17851451997804935,0.018940349791690077,0.1504567787175953,8.920904751886026,70.8651427759874,0.06677573846213905,0.021948423609385394,0.17202337472607743,2.253163481953291,Linear Regression,0.06677573846213905,0.057485516967667544,0.009290221494471507,0.009290221494471507
2026-02-21,C027,Unity Ads,IN,playable,1008.06,113631,2019,274,0.6073487845736883,0.3261759585645356,0.1376238116443508,0.0366523489446289,0.1923843946914884,10.042743610828317,52.71332414546782,0.05229199897937274,0.01776803865142435,0.1357107478949975,3.679051094890511,Linear Regression,0.05229199897937274,0.05580218927066759,-0.0035101902912948457,0.0035101902912948457
2026-02-13,C003,Meta,JP,static,1131.62,55098,741,95,0.6268503964802568,0.4002578453296687,0.18719380582715894,0.09919093736382825,0.46382621639315413,9.423139049563684,44.063490557349645,0.03893835087540795,0.013448764020472612,0.1282051282051282,11.911789473684209,Linear Regression,0.03893835087540795,0.03636750596758014,0.0025708449078278087,0.0025708449078278087
2026-02-05,C012,Google Ads,JP,playable,712.21,25613,474,76,0.6484245683465002,0.3675235590758756,0.15887351127884033,0.15027159978149238,0.6040003479797766,11.42064158339342,45.90402644646302,0.06445333653705805,0.018506227306445945,0.16033755274261605,9.371184210526316,Linear Regression,0.06445333653705805,0.060148655003987146,0.0043046815330709046,0.0043046815330709046
2026-01-05,C021,TikTok,BR,static,646.84,43803,998,129,0.3844559539227004,0.24100766212160396,0.1141591316817949,0.01706304997092803,0.10868281206603253,2.201133446249716,14.020082756518196,0.021674686116906476,0.022783827591717463,0.12925851703406813,5.014263565891473,Linear Regression,0.021674686116906476,0.019083855018101864,0.002590831098804612,0.002590831098804612
2026-01-04,C008,Meta,JP,playable,916.06,27763,600,101,0.7312958151816625,0.43223186597810537,0.19306079869551968,0.13301168044615305,0.5236828799844147,13.434179725061458,52.89197087842588,0.057738685684088256,0.021611497316572418,0.16833333333333333,9.06990099009901,Linear Regression,0.057738685684088256,0.06228885417717767,-0.004550168493089417,0.004550168493089417
2026-01-21,C028,Unity Ads,US,playable,1026.86,42708,763,112,0.8842332269969929,0.5027131451302771,0.2499401411877217,0.1798549301608398,0.7724626061156361,20.143752178014058,86.51581188495125,0.08425294521265649,0.01786550529174862,0.14678899082568808,9.168392857142857,Linear Regression,0.08425294521265649,0.08904282260237531,-0.004789877389718825,0.004789877389718825
2026-01-07,C025,Unity Ads,KR,static,741.13,70915,848,87,0.6735504367344676,0.45337310093480815,0.2033196721315686,0.10595606153535184,0.4306681429990184,9.21817735357561,37.4681284409146,0.05055520525864285,0.01195797786081929,0.10259433962264151,8.518735632183908,Linear Regression,0.05055520525864285,0.05607490678656511,-0.005519701527922263,0.005519701527922263
2026-02-27,C024,TikTok,IN,static,887.38,99105,1999,314,0.3492661074737915,0.2596318077120221,0.04918448690306295,0.03531193826961451,0.020807247129298614,11.087948616658958,6.533475598599765,0.007362664230405715,0.0201705262095757,0.1570785392696348,2.8260509554140127,Linear Regression,0.007362664230405715,0.028727451616331008,-0.021364787385925295,0.021364787385925295
2026-01-19,C022,TikTok,BR,video,1036.75,59147,1596,253,0.43836634852183326,0.27684050752740114,0.13365452695398228,0.03876725525752811,0.24171752266920277,9.808115580154611,61.1545332353083,0.058986716468091026,0.026983617089624157,0.15852130325814537,4.0978260869565215,Linear Regression,0.058986716468091026,0.031264434778257744,0.027722281689833282,0.027722281689833282
2026-01-06,C002,Meta,BR,playable,1086.19,79119,1583,299,0.6280325637135908,0.39886091712425925,0.16659841744698162,0.03376271877475178,0.2534969271108637,10.095052913650783,75.79558120614824,0.06978104957231514,0.02000783629722317,0.18888186986734049,3.6327424749163884,Linear Regression,0.06978104957231514,0.059350732498447356,0.010430317073867781,0.010430317073867781
2026-01-20,C039,AppLovin,KR,static,848.52,69891,904,117,0.6582563228277913,0.37096780113781197,0.16645041699222468,0.10071149698679625,0.4472957208078645,11.783245147455162,52.333599334520144,0.06167634738001199,0.012934426464065474,0.12942477876106195,7.252307692307692,Linear Regression,0.06167634738001199,0.057569516798864906,0.004106830581147081,0.004106830581147081
2026-02-03,C029,Unity Ads,BR,video,783.09,83432,1359,193,0.6772566736138976,0.3728753442544946,0.18754753596663892,0.07123169469136498,0.34265041476012625,13.74771707543344,66.13153004870436,0.08444955143043148,0.016288714162431682,0.14201618837380428,4.057461139896374,Linear Regression,0.08444955143043148,0.06613157013901515,0.018317981291416333,0.018317981291416333
2026-01-07,C040,AppLovin,BR,video,946.29,92160,1436,221,0.6275195665391519,0.3098532987674155,0.14227296059313674,0.04681787583958603,0.29067486307401935,10.346750560548513,64.23914473935828,0.06788495922893667,0.015581597222222222,0.15389972144846797,4.28185520361991,Linear Regression,0.06788495922893667,0.05598272224816755,0.011902236980769122,0.011902236980769122
2026-01-19,C026,Unity Ads,JP,video,693.74,27820,476,71,0.7363231296755748,0.4055329966096893,0.1835144818644151,0.13248168457582216,0.6616867926363181,9.406199604883373,46.97976227717859,0.06771924618737213,0.01710999281092739,0.14915966386554622,9.770985915492957,Linear Regression,0.06771924618737213,0.06718555481956494,0.0005336913678071903,0.0005336913678071903
2026-02-20,C004,Meta,KR,video,848.97,44205,888,141,0.6159522678654796,0.36246255260338456,0.11379241251092112,0.09567434235475832,0.43919385990020043,13.490082272020922,61.92633424592826,0.07294309111416339,0.02008822531387852,0.15878378378378377,6.021063829787234,Linear Regression,0.07294309111416339,0.056429669068024185,0.016513422046139203,0.016513422046139203
2026-01-09,C030,Unity Ads,BR,playable,634.58,55900,1100,175,0.7229763975925677,0.3918689004850909,0.17020183344709672,0.07417632861843834,0.2517796635736348,12.980857508226709,44.06144112538609,0.06943444208332868,0.01967799642218247,0.1590909090909091,3.626171428571429,Linear Regression,0.06943444208332868,0.07466276719165597,-0.0052283251083272975,0.0052283251083272975
2026-02-12,C010,Google Ads,BR,playable,901.19,63095,1354,217,0.6507053633296712,0.3951322521030538,0.15755058516510312,0.04399094322882238,0.28766485013917714,9.546034680654458,62.42327248020144,0.06926750241433811,0.0214597036215231,0.1602658788774003,4.152949308755761,Linear Regression,0.06926750241433811,0.058335226049289896,0.010932276365048219,0.010932276365048219
2026-02-02,C024,TikTok,IN,static,618.86,63113,1421,183,0.3751822154584041,0.2485391349333094,0.1260724194728654,0.005,0.059924903482469934,0.915,10.966257337291998,0.01772023146757581,0.022515171200861946,0.12878254750175933,3.3817486338797815,Linear Regression,0.01772023146757581,0.01880923363549908,-0.0010890021679232677,0.0010890021679232677
2026-01-24,C025,Unity Ads,KR,static,675.58,53512,599,67,0.6671569568264986,0.4210572203008003,0.18795030558338977,0.10871009672957437,0.475132850395401,7.283576480881482,31.833900976491865,0.04712058989215698,0.011193750934369862,0.11185308848080133,10.083283582089553,Linear Regression,0.04712058989215698,0.046823625694947975,0.00029696419720900286,0.00029696419720900286
2026-02-26,C010,Google Ads,BR,playable,1219.34,94732,1795,291,0.4888893740195246,0.3456949090905652,0.14155452581812317,0.06856138351976154,0.31218604633658265,19.95136260425061,90.84613948394555,0.0745041483471704,0.018948190685301694,0.16211699164345403,4.190171821305841,Linear Regression,0.0745041483471704,0.05562536080295818,0.018878787544212218,0.018878787544212218
2026-02-01,C016,Google Ads,IN,static,1092.33,210255,2437,349,0.4105899523206919,0.27857540668344916,0.11687373042223294,0.023711401248323667,0.2871122323432592,8.27527903566496,100.20216908779747,0.09173272281527604,0.01159068749851371,0.14320886335658597,3.1298853868194842,Linear Regression,0.09173272281527604,0.0346470018185467,0.057085720996729344,0.057085720996729344
2026-01-15,C007,Meta,IN,playable,1054.65,115081,2448,364,0.504552749559574,0.3097390877358556,0.1517807020833039,0.017910926868802628,0.16127322731123114,6.519577380244156,58.703454741288134,0.05566163277016693,0.021271973653339823,0.14869281045751634,2.89739010989011,Linear Regression,0.05566163277016693,0.046861319858707076,0.008800312911459857,0.008800312911459857
2026-01-21,C011,Google Ads,JP,static,768.28,40298,506,60,0.5898312474406697,0.3849281999888063,0.14147388952826992,0.11886861653096292,0.6162911416010339,7.132116991857775,36.97746849606204,0.04813005746361144,0.012556454414611147,0.11857707509881422,12.804666666666666,Linear Regression,0.04813005746361144,0.035931666197368484,0.012198391266242954,0.012198391266242954
2026-01-03,C024,TikTok,IN,static,638.33,62090,1348,218,0.31086132341520273,0.17991412445297464,0.08631253782628029,0.030014848251424628,0.06594321305363438,6.543236918810569,14.375620445692293,0.022520830258992285,0.021710420357545498,0.16172106824925817,2.928119266055046,Linear Regression,0.022520830258992285,0.02102583570707454,0.0014949945519177436,0.0014949945519177436
2026-01-01,C038,AppLovin,IN,video,674.9,86114,1659,240,0.5302535155438439,0.2851580810640467,0.1610166530804627,0.04421228698163285,0.02,10.610948875591884,4.8,0.007112165290467097,0.01926516013656316,0.14466546112115733,2.8120833333333333,Linear Regression,0.007112165290467097,0.05351945460062905,-0.04640728931016195,0.04640728931016195
2026-02-27,C005,Meta,BR,static,1101.69,123500,1856,235,0.4667782806702709,0.3409639103654779,0.110951558361649,0.05672175698050942,0.09520471992374126,13.329612890419714,22.373109182079194,0.020308013202628566,0.01502834008097166,0.12661637931034483,4.688042553191489,Linear Regression,0.020308013202628566,0.03814182700769189,-0.017833813805063325,0.017833813805063325
2026-01-14,C023,TikTok,JP,video,732.44,20753,558,92,0.5223156231928885,0.27432149070373607,0.08604316775036264,0.05693986128362444,0.21442794709767177,5.238467238093448,19.7273711329858,0.02693375770631403,0.026887678889799066,0.16487455197132617,7.961304347826087,Linear Regression,0.02693375770631403,0.041988603213100106,-0.015054845506786076,0.015054845506786076
2026-02-09,C002,Meta,BR,playable,711.72,50043,1170,169,0.6405336455942069,0.35613836607100785,0.1447436386882217,0.018013098437392648,0.15661572578779667,3.0442136359193577,26.46805765813764,0.037188771741191846,0.02337989329176908,0.14444444444444443,4.211360946745562,Linear Regression,0.037188771741191846,0.05051817249423596,-0.013329400753044111,0.013329400753044111
2026-01-11,C012,Google Ads,JP,playable,982.03,45676,838,144,0.6266291632477947,0.37448448778847326,0.184750846358924,0.12663616351367402,0.5538807329278979,18.23560754596906,79.75882554161728,0.08121853726279808,0.01834661529030563,0.1718377088305489,6.819652777777778,Linear Regression,0.08121853726279808,0.07654854700815121,0.004669990254646872,0.004669990254646872
2026-02-03,C012,Google Ads,JP,playable,980.42,42461,742,143,0.7078230633475818,0.4179928840449533,0.16428104650023728,0.1298762531716321,0.4767662475636084,18.57230420354339,68.177573401596,0.06953915559448505,0.01747485928263583,0.192722371967655,6.856083916083916,Linear Regression,0.06953915559448505,0.08017995718929133,-0.010640801594806279,0.010640801594806279
2026-02-19,C009,Google Ads,US,static,846.77,43910,603,87,0.6791898297285365,0.3879549123470411,0.15798950006358214,0.11999030053212474,0.5622624349174928,10.439156146294852,48.916831837821874,0.057768396228629136,0.013732634935094511,0.14427860696517414,9.732988505747127,Linear Regression,0.057768396228629136,0.061467706067903624,-0.003699309839274488,0.003699309839274488
2026-01-11,C035,AppLovin,BR,static,701.89,89935,1105,136,0.5784802450146463,0.3064640556325841,0.1629644052560049,0.032519283422494355,0.2896686156331473,4.422622545459232,39.39493172610803,0.056126543976575835,0.012286651470506477,0.12307692307692308,5.160955882352941,Linear Regression,0.056126543976575835,0.04516875376141321,0.010957790215162626,0.010957790215162626
2026-02-10,C037,AppLovin,JP,static,547.92,23118,354,38,0.5532603095155819,0.36035239510196027,0.14289061661446076,0.10678378456051799,0.41851189077678086,4.057783813299683,15.903451849517673,0.029024992863330934,0.015312743316895925,0.10734463276836158,14.418947368421051,Linear Regression,0.029024992863330934,0.032015986281243226,-0.0029909934179122924,0.0029909934179122924
2026-01-10,C036,AppLovin,US,video,745.54,27776,487,64,0.670080177083922,0.43170161372345683,0.18885044184518365,0.13067878292185628,0.7412869509900869,8.363442106998802,47.44236486336556,0.06363458459664359,0.01753312211981567,0.13141683778234087,11.6490625,Linear Regression,0.06363458459664359,0.05754968011432809,0.006084904482315502,0.006084904482315502
2026-01-06,C004,Meta,KR,video,684.8,42036,761,111,0.5981026364664235,0.34931197356275884,0.15656474839533438,0.07490039933757262,0.31029279772838053,8.31394432647056,34.44250054785024,0.05029588045560711,0.0181035303073556,0.14586070959264127,6.1693693693693685,Linear Regression,0.05029588045560711,0.053866517556044775,-0.0035706371004376666,0.0035706371004376666
2026-01-13,C040,AppLovin,BR,video,729.72,61706,1184,174,0.5274995448430678,0.376870352602823,0.14055991523420508,0.056507527263435074,0.3181389654301826,9.832309743837703,55.35617998485177,0.07585902008469576,0.019187761319806824,0.14695945945945946,4.193793103448276,Linear Regression,0.07585902008469576,0.055151433652727906,0.020707586431967857,0.020707586431967857
2026-02-13,C015,Google Ads,IN,video,1390.39,188659,3022,386,0.5208090273710345,0.3181985768548015,0.14484494083224847,0.02351577246632626,0.20651284256257163,9.077088172001936,79.71395722915265,0.05733201625046059,0.01601831876560355,0.12772998014559894,3.6020466321243525,Linear Regression,0.05733201625046059,0.03796486807113232,0.019367148179328268,0.019367148179328268
2026-02-11,C021,TikTok,BR,static,689.18,54206,1050,156,0.37468752297386854,0.2588472928143925,0.05723555285806975,0.022007876601521165,0.07424384224092168,3.4332287498373018,11.582039389583782,0.0168055058895084,0.019370549385676863,0.14857142857142858,4.417820512820512,Linear Regression,0.0168055058895084,0.02376403608353988,-0.006958530194031479,0.006958530194031479
2026-02-23,C025,Unity Ads,KR,static,508.05,36966,466,49,0.6794400977017249,0.4219010874245375,0.16368368247630172,0.10532218800752335,0.5229522628988436,5.1607872123686445,25.624660882043333,0.050436912279234275,0.01260617865065195,0.10515021459227468,10.368367346938776,Linear Regression,0.050436912279234275,0.047009870544892945,0.0034270417343413295,0.0034270417343413295
2026-02-01,C009,Google Ads,US,static,1230.1,59500,820,121,0.5574700902684697,0.3669275772858979,0.15761664399542052,0.12977982549845002,0.565108590143515,15.703358885312452,68.37813940736531,0.05558727673826905,0.013781512605042017,0.1475609756097561,10.166115702479338,Linear Regression,0.05558727673826905,0.05278034875784017,0.0028069279804288777,0.0028069279804288777
2026-02-21,C030,Unity Ads,BR,playable,639.98,57119,1002,163,0.6951059823872251,0.4476570484499161,0.14302575598824016,0.08593194025180795,0.35643644187526324,14.006906261044696,58.09914002566791,0.09078330093157774,0.017542323920236698,0.1626746506986028,3.9262576687116564,Linear Regression,0.09078330093157774,0.07340406567851071,0.017379235253067032,0.017379235253067032
2026-01-10,C018,TikTok,US,static,679.75,26639,528,75,0.5684262773457449,0.34373229507310005,0.15917736102953892,0.08945114884084329,0.38287392235190554,6.708836163063247,28.715544176392914,0.042244037297088616,0.01982056383497879,0.14204545454545456,9.063333333333333,Linear Regression,0.042244037297088616,0.04684296673600211,-0.004598929438913497,0.004598929438913497
2026-01-04,C022,TikTok,BR,video,844.02,45549,1327,211,0.4683758310558915,0.3259237480514802,0.13608395973002968,0.07092101259302648,0.31661408780884626,14.964333657128588,66.80557252766656,0.07915206799504801,0.029133460668730377,0.15900527505651846,4.000094786729858,Linear Regression,0.07915206799504801,0.03609744938252073,0.04305461861252728,0.04305461861252728
2026-02-14,C017,TikTok,KR,playable,490.61,13333,446,90,0.5392856956114622,0.2712902366177532,0.13954891471437658,0.06862654364362515,0.24392134284969408,6.176388927926264,21.952920856472467,0.04474588796232609,0.033450836270906774,0.20179372197309417,5.451222222222222,Linear Regression,0.04474588796232609,0.041960409184391534,0.002785478777934558,0.002785478777934558
2026-01-31,C024,TikTok,IN,static,1150.86,133915,3005,398,0.38783624458557486,0.2397623289074571,0.1311536677648478,0.009570695467818163,0.06576781479528962,3.809136796191629,26.175590288525267,0.02274443127111338,0.02243960721353097,0.1324459234608985,2.891608040201005,Linear Regression,0.02274443127111338,0.024796796311147347,-0.002052365040033966,0.002052365040033966
2026-02-22,C016,Google Ads,IN,static,1189.96,189467,2453,321,0.3679556384845583,0.21264293911697757,0.10354550064751002,0.005,0.22559525724639679,1.605,72.41607757609337,0.060855953950592394,0.012946845624831765,0.1308601712189156,3.7070404984423675,Linear Regression,0.060855953950592394,0.023199925892149396,0.037656028058442995,0.037656028058442995
2026-02-05,C035,AppLovin,BR,static,839.27,88002,1323,163,0.5355599055424807,0.32541916530260717,0.17746986040490492,0.04561158051813383,0.24083719197443884,7.434687624455814,39.25646229183353,0.04677459596321943,0.015033749232971978,0.12320483749055178,5.148895705521472,Linear Regression,0.04677459596321943,0.044684355295568634,0.002090240667650796,0.002090240667650796
2026-01-07,C016,Google Ads,IN,static,930.65,164142,1836,210,0.417618855585388,0.23105254267393827,0.12209445769059321,0.021856579995674842,0.2354415466573443,4.5898817990917165,49.4427247980423,0.05312698253495718,0.011185436999671016,0.11437908496732026,4.431666666666667,Linear Regression,0.05312698253495718,0.022027529651565618,0.03109945288339156,0.03109945288339156
2026-01-25,C037,AppLovin,JP,static,914.3,56174,762,94,0.5647607716716446,0.32600953201863914,0.16821605381059446,0.143597703590168,0.4488381949720557,13.498184137475791,42.190790327373236,0.04614524800302795,0.013564994481432691,0.12335958005249344,9.72659574468085,Linear Regression,0.04614524800302795,0.055255942146004856,-0.009110694142976904,0.009110694142976904
2026-01-24,C001,Meta,US,static,840.52,40508,583,68,0.6016409268924718,0.34481062383854194,0.14655117163851838,0.09848791162204781,0.4656285341097274,6.697177990299251,31.662740319461463,0.03767060504161744,0.014392218820973635,0.11663807890222985,12.360588235294117,Linear Regression,0.03767060504161744,0.039569691994215075,-0.001899086952597634,0.001899086952597634
2026-02-15,C017,TikTok,KR,playable,999.38,35146,1010,198,0.5267580521899594,0.29141167443408694,0.14653375372595467,0.08343250044447033,0.1506566454019121,16.519635088005124,29.830015789578596,0.02984866312742155,0.02873726739885051,0.19603960396039605,5.0473737373737375,Linear Regression,0.02984866312742155,0.05097949831222233,-0.02113083518480078,0.02113083518480078
2026-01-11,C030,Unity Ads,BR,playable,712.84,69261,1123,160,0.621973867491766,0.38750073650751665,0.14677984458675733,0.06746721813273952,0.22013262396103112,10.794754901238324,35.22121983376498,0.049409436257902964,0.01621403098424799,0.14247551202137132,4.45525,Linear Regression,0.049409436257902964,0.06419398988787095,-0.014784553629967986,0.014784553629967986
2026-01-28,C014,Google Ads,US,playable,861.24,37730,630,101,0.6707705013430454,0.4648010186723384,0.14726441987504513,0.1363770391239726,0.6111496820538106,13.774080951521231,61.72611788743487,0.07167130180740668,0.016697588126159554,0.16031746031746033,8.527128712871287,Linear Regression,0.07167130180740668,0.07499478049233499,-0.0033234786849283132,0.0033234786849283132
2026-01-14,C039,AppLovin,KR,static,878.91,65823,781,107,0.6143812745180864,0.36134668426005484,0.1810424230541284,0.07991834145012125,0.36315329644527816,8.551262535162973,38.85740271964476,0.04421096003722775,0.011865153517767346,0.13700384122919335,8.21411214953271,Linear Regression,0.04421096003722775,0.04902522031655135,-0.0048142602793236,0.0048142602793236
2026-02-23,C026,Unity Ads,JP,video,601.43,36772,488,71,0.6753487156804338,0.402318594620206,0.1547826428408885,0.13715617184862425,0.6927225462797607,9.73808820125232,49.18330078586301,0.08177782754160058,0.013270967040139236,0.14549180327868852,8.470845070422534,Linear Regression,0.08177782754160058,0.07357492710798322,0.008202900433617363,0.008202900433617363
2026-02-12,C037,AppLovin,JP,static,649.51,37986,499,57,0.664483604437355,0.4146841863597618,0.15348227053633348,0.11766665543709207,0.5974129842153548,6.7069993599142474,34.05254010027522,0.05242806260177555,0.013136418680566524,0.11422845691382766,11.394912280701755,Linear Regression,0.05242806260177555,0.05289709229251549,-0.0004690296907399402,0.0004690296907399402
2026-01-27,C033,AppLovin,IN,playable,741.17,65778,1497,214,0.664088827122785,0.3974332024424828,0.19920044783241947,0.047341594147933465,0.1571042231793186,10.13110114765776,33.62030376037418,0.04536108916571038,0.02275836905956399,0.14295257181028725,3.463411214953271,Linear Regression,0.04536108916571038,0.0587924470918469,-0.01343135792613652,0.01343135792613652
2026-02-09,C035,AppLovin,BR,static,616.23,55579,889,103,0.5175483645798574,0.2880277663314315,0.12026631025226305,0.051610059963406354,0.11244515870466085,5.315836176230855,11.581851346580068,0.018794726896454783,0.015995250004498102,0.11586051743532058,5.982815533980583,Linear Regression,0.018794726896454783,0.038962609875108474,-0.02016788297865369,0.02016788297865369
2026-01-12,C006,Meta,JP,video,1176.31,39738,820,135,0.6700595670661049,0.3751935708796081,0.1828453695478388,0.11430074266244657,0.5333134455868127,15.430600259430287,71.99731515421972,0.06120604776081843,0.020635160299964768,0.16463414634146342,8.713407407407407,Linear Regression,0.06120604776081843,0.05713981935193055,0.00406622840888788,0.00406622840888788
2026-02-21,C006,Meta,JP,video,666.3,23254,480,78,0.5773805727443182,0.3684158478345938,0.14682161729559534,0.09006305625700872,0.4187925896477679,7.024918388046681,32.66582199252589,0.049025374616398776,0.020641610045583555,0.1625,8.542307692307691,Linear Regression,0.049025374616398776,0.054798235026882976,-0.0057728604104842,0.0057728604104842
2026-01-09,C010,Google Ads,BR,playable,1236.38,115987,2082,353,0.5666610869767627,0.3593145248340676,0.14111217367937315,0.03565358954096892,0.14807608172473474,12.58571710796203,52.270856848831365,0.04227733707111434,0.017950287532223438,0.16954851104707014,3.5024929178470257,Linear Regression,0.04227733707111434,0.06159014265067701,-0.01931280557956267,0.01931280557956267
2026-01-07,C006,Meta,JP,video,690.1,22792,445,72,0.6721722963478,0.42205032216408134,0.20936082455625585,0.11365749407975187,0.5212786005687394,8.183339573742135,37.53205924094924,0.05438605324807268,0.019524394524394525,0.16179775280898875,9.584722222222222,Linear Regression,0.05438605324807268,0.05388514794975214,0.0005009052983205378,0.0005009052983205378
2026-02-17,C005,Meta,BR,static,646.65,72818,1025,142,0.532389287715446,0.26073436367427494,0.14791718611655347,0.04586019487327585,0.22124101505755162,6.51214767200517,31.41622413817233,0.048583012236766726,0.01407618995303359,0.13853658536585367,4.553873239436619,Linear Regression,0.048583012236766726,0.039362981313263316,0.00922003092350341,0.00922003092350341
2026-02-21,C029,Unity Ads,BR,video,1040.19,114739,1667,249,0.6087212638195478,0.4061347422634358,0.1784751809849603,0.0724525823801379,0.3184491859391426,18.040693012654337,79.29384729884652,0.07622991166343865,0.014528625837770941,0.14937012597480503,4.177469879518073,Linear Regression,0.07622991166343865,0.06470496546561103,0.011524946197827624,0.011524946197827624
2026-01-14,C018,TikTok,US,static,1153.3,34040,746,123,0.5313003933654987,0.3081307581802352,0.12069156218264272,0.06579541554377114,0.24760440598001437,8.09283611188385,30.455341935541767,0.02640704161125671,0.02191539365452409,0.1648793565683646,9.376422764227643,Linear Regression,0.02640704161125671,0.03917516201406253,-0.012768120402805817,0.012768120402805817
2026-02-28,C021,TikTok,BR,static,1011.74,67933,1531,228,0.4136955120479627,0.24788987712508967,0.09850155834204612,0.05447400931506194,0.0862600532912803,12.420074123834121,19.667292150411907,0.019439027931778492,0.022536911368554312,0.14892227302416722,4.437456140350878,Linear Regression,0.019439027931778492,0.027399120183318176,-0.007960092251539683,0.007960092251539683
2026-01-16,C040,AppLovin,BR,video,595.55,45625,853,134,0.5875214357677759,0.3651267760331709,0.17921848911640928,0.036904624728380325,0.22986046090380044,4.945219713602963,30.801301761109258,0.05171932129306299,0.018695890410958906,0.1570926143024619,4.4444029850746265,Linear Regression,0.05171932129306299,0.053609594620897996,-0.001890273327835007,0.001890273327835007
2026-01-20,C025,Unity Ads,KR,static,462.25,30806,402,49,0.6118433320276241,0.4094295905753247,0.1579023641311997,0.08056997314723846,0.5864679439246228,3.9479286842146846,28.736929252306517,0.06216707582683801,0.013049405959877946,0.12189054726368159,9.433673469387756,Linear Regression,0.06216707582683801,0.049474093711602544,0.012692982115235465,0.012692982115235465
2026-01-04,C035,AppLovin,BR,static,909.75,96431,1409,195,0.5051286934491553,0.2913833213348314,0.15175401592582088,0.0761618194697084,0.27869015684701737,14.851554796593138,54.34458058516839,0.059735733695497374,0.014611483858925035,0.1383960255500355,4.665384615384616,Linear Regression,0.059735733695497374,0.04875474679722505,0.010980986898272323,0.010980986898272323
2026-02-06,C011,Google Ads,JP,static,884.59,52350,616,79,0.6296929062369405,0.427650567844768,0.13529868408279144,0.15702152973028455,0.5797353556761817,12.40470084869248,45.79909309841835,0.051774374334967614,0.011766953199617956,0.12824675324675325,11.1973417721519,Linear Regression,0.051774374334967614,0.046861879242030044,0.00491249509293757,0.00491249509293757
2026-02-14,C022,TikTok,BR,video,869.42,41767,1243,228,0.4471753116612295,0.2949951823061936,0.09655669828453171,0.03742052438354377,0.14715145825439335,8.53187955944798,33.550532482001685,0.038589563061528984,0.02976033710824335,0.1834271922767498,3.8132456140350874,Linear Regression,0.038589563061528984,0.03286001155889009,0.005729551502638895,0.005729551502638895
2026-02-14,C026,Unity Ads,JP,video,903.17,53223,707,97,0.7836352026087485,0.46955988066170656,0.20544406213516858,0.1697667378270633,0.6797017153149142,16.467373569225142,65.93106638554667,0.07299984904454572,0.013283730717922703,0.1371994342291372,9.31103092783505,Linear Regression,0.07299984904454572,0.07443102365388607,-0.0014311746093403493,0.0014311746093403493
2026-02-17,C022,TikTok,BR,video,960.09,48368,1441,221,0.4501773588195959,0.23042705257906218,0.09800556894158709,0.05628109450407163,0.16755819313399586,12.43812188539983,37.030360682613086,0.03856971412155093,0.029792424743632154,0.15336571825121442,4.3442986425339365,Linear Regression,0.03856971412155093,0.028962592401868957,0.00960712171968197,0.00960712171968197
2026-01-24,C018,TikTok,US,static,933.82,29101,652,95,0.4831859910213784,0.32085881894109025,0.12638668928577562,0.054265339425240346,0.27264269554214926,5.155207245397833,25.90105607650418,0.027736632923494944,0.022404728359850176,0.14570552147239263,9.829684210526317,Linear Regression,0.027736632923494944,0.036270127275015475,-0.00853349435152053,0.00853349435152053
2026-01-14,C001,Meta,US,static,739.39,30148,495,57,0.5872099544232047,0.3386612704164049,0.14593898937484548,0.11048705984394992,0.5002439620456609,6.297762411105146,28.51390583660267,0.038563998084527894,0.016418999601963646,0.11515151515151516,12.971754385964912,Linear Regression,0.038563998084527894,0.03599693252502961,0.0025670655594982814,0.0025670655594982814
2026-01-13,C022,TikTok,BR,video,775.67,46630,1110,205,0.4155375975624728,0.2237126770955627,0.12720847268436353,0.007912697021976226,0.11099593592907761,1.6221028895051264,22.75416686546091,0.029334674321244862,0.023804417756808922,0.18468468468468469,3.783756097560975,Linear Regression,0.029334674321244862,0.028153191946093645,0.0011814823751512167,0.0011814823751512167
2026-02-04,C009,Google Ads,US,static,729.51,37331,452,60,0.5949553861032618,0.3789223510928616,0.14234044524533263,0.09434521527528111,0.5611426031555088,5.660712916516867,33.66855618933053,0.04615202260974363,0.012107899600867911,0.13274336283185842,12.1585,Linear Regression,0.04615202260974363,0.04547953979911873,0.0006724828106249026,0.0006724828106249026
2026-02-19,C007,Meta,IN,playable,754.45,66389,1616,311,0.5215250244859184,0.2899302218807677,0.1611171564756159,0.013842188944098246,0.19000968918615035,4.304920761614555,59.09301333689276,0.07832560320417668,0.024341381855427856,0.19245049504950495,2.4258842443729907,Linear Regression,0.07832560320417668,0.05018311610733084,0.028142487096845845,0.028142487096845845
2026-02-05,C025,Unity Ads,KR,static,408.78,31130,402,42,0.6600187398492463,0.3923262620367659,0.14243928316163887,0.09963974198500937,0.5159431868179924,4.184869163370394,21.669613846355684,0.05301037915337783,0.012913588178605847,0.1044776119402985,9.732857142857142,Linear Regression,0.05301037915337783,0.04968507712187521,0.0033253020315026152,0.0033253020315026152
2026-01-14,C006,Meta,JP,video,884.04,38099,728,114,0.5517777885056792,0.3679533332502924,0.13149663684154816,0.10484259825311376,0.5064337847476944,11.952056200854969,57.73345146123716,0.06530634485779757,0.01910811307383396,0.1565934065934066,7.754736842105263,Linear Regression,0.06530634485779757,0.05939027370766052,0.0059160711501370505,0.0059160711501370505
2026-01-18,C029,Unity Ads,BR,video,666.31,63037,1079,156,0.6131884802062059,0.40458266215827415,0.1376068531164299,0.05413891931540553,0.35276693142585325,8.445671413203263,55.03164130243311,0.08259156257049556,0.01711693132604661,0.14457831325301204,4.271217948717949,Linear Regression,0.08259156257049556,0.061334117021567255,0.021257445548928305,0.021257445548928305
2026-01-19,C012,Google Ads,JP,playable,850.25,27089,562,104,0.7223619316200536,0.45055241636698606,0.21077793985968063,0.1327068318151361,0.6909391116498206,13.801510508774154,71.85766761158133,0.08451357761554473,0.020746428439588023,0.18505338078291814,8.17548076923077,Linear Regression,0.08451357761554473,0.07125012189353488,0.013263455722009848,0.013263455722009848
2026-01-01,C023,TikTok,JP,video,693.54,21784,514,82,0.4614803043769302,0.2916803366507595,0.10524907794956632,0.08761382770680162,0.3459362662508653,7.184333871957733,28.366773832570956,0.04090126570405356,0.023595299302240177,0.15953307392996108,8.45780487804878,Linear Regression,0.04090126570405356,0.038971076115965564,0.0019301895880879938,0.0019301895880879938
2026-03-01,C025,Unity Ads,KR,static,668.49,49719,676,89,0.7189897291777784,0.44840939977661004,0.16658133922170912,0.14378676181366407,0.46287440688926773,12.797021801416102,41.19582221314483,0.061625097512190266,0.013596411834509946,0.13165680473372782,7.511123595505618,Linear Regression,0.061625097512190266,0.06465683843523802,-0.0030317409230477543,0.0030317409230477543
2026-01-22,C022,TikTok,BR,video,521.3,41931,967,160,0.49125756030026735,0.2652977574223525,0.0951649633260208,0.037698227545748204,0.16018202536811832,6.0317164073197125,25.62912405889893,0.049164266782325224,0.023061696596789964,0.1654601861427094,3.2581249999999997,Linear Regression,0.049164266782325224,0.037878879983928936,0.011285386798396288,0.011285386798396288
2026-01-23,C007,Meta,IN,playable,1124.46,109632,2520,487,0.49849023784587426,0.3152631022679122,0.14900318474692983,0.04833169460422399,0.11326189767393473,23.537535272257085,55.15854416720621,0.04905340010558274,0.02298598949211909,0.19325396825396826,2.3089527720739222,Linear Regression,0.04905340010558274,0.06603839761709301,-0.016984997511510273,0.016984997511510273
2026-02-26,C014,Google Ads,US,playable,897.46,29736,616,99,0.7814775838465519,0.48999814813286635,0.20229665638442537,0.1626684383427247,0.7850199873480537,16.104175395929747,77.71697874745732,0.086596239766726,0.02071563088512241,0.16071428571428573,9.065252525252525,Linear Regression,0.086596239766726,0.0758745620666296,0.010721677700096396,0.010721677700096396
2026-01-27,C025,Unity Ads,KR,static,913.77,65210,918,95,0.6230279434920022,0.3967733692792343,0.13572127012914695,0.1053332223773535,0.3965245172988006,10.006656125848583,37.66982914338606,0.04122458328070773,0.014077595460818893,0.10348583877995643,9.618631578947369,Linear Regression,0.04122458328070773,0.04553162860072233,-0.0043070453200146006,0.0043070453200146006
2026-02-28,C010,Google Ads,BR,playable,1105.96,78661,1619,310,0.5662801659932661,0.36731770776033396,0.15375653863862995,0.044394447107997934,0.23447202521067145,13.76227860347936,72.68632781530815,0.06572234659340637,0.02058199107562833,0.19147621988882027,3.5676129032258066,Linear Regression,0.06572234659340637,0.06203778215143061,0.003684564441975756,0.003684564441975756
2026-02-19,C034,AppLovin,US,static,812.04,34025,510,54,0.6289484476787398,0.42936002559093517,0.1473693803929412,0.14938538133850682,0.5408650634712325,8.066810592279369,29.206713427446555,0.035967232617576415,0.014988978692138133,0.10588235294117647,15.037777777777777,Linear Regression,0.035967232617576415,0.03671905970391415,-0.0007518270863377322,0.0007518270863377322
2026-01-11,C029,Unity Ads,BR,video,726.3,82332,1304,191,0.5747317681306481,0.346871611254101,0.09045193718578826,0.059817839146313945,0.21248863719609337,11.425207276945963,40.585329704453834,0.0558795947655859,0.0158383131710635,0.1464723926380368,3.8026178010471203,Linear Regression,0.0558795947655859,0.0628285358774459,-0.006948941111860001,0.006948941111860001
2026-01-24,C005,Meta,BR,static,1165.35,107484,1765,232,0.5168004970290099,0.3258056202907835,0.15267242395614042,0.02307856771113173,0.2178227683489849,5.354227708982561,50.534882256964494,0.04336464988058906,0.016421048714227234,0.13144475920679888,5.023060344827586,Linear Regression,0.04336464988058906,0.03382609808614271,0.009538551794446348,0.009538551794446348
