platform,category,ranking_type,ranking_label,rank,product_name,product_key,brand_or_seller,price,original_price,discount_rate,discount_amount,delivery_type,review_count,rating,log_review_count,price_group,review_group,price_group_by_platform,review_group_by_platform,is_top20,has_original_price,duplicate_in_ranking_type,duplicate_in_platform,duplicate_overall,product_url,image_url,collected_date,source_file,product_key_raw_check,price_raw,original_price_raw,discount_rate_raw,review_count_raw,rating_raw
coupang,헬스/건강식품,coupang_rank,쿠팡랭킹순,1,"종근당 정품 칼슘 앤 마그네슘 비타민D 아연, 180정, 1개",종근당 칼슘 앤 마그네슘 비타민d 아연,,13730,,0,,로켓배송,181066,5.0,12.106622407499382,low_price,high_review,mid_price,high_review,True,False,False,True,True,,,2026-06-01,2026-06-01-12-19-33-쿠팡-헬스-건강식품-쿠팡랭킹순.xlsx,종근당 칼슘 앤 마그네슘 비타민d 아연,"13,730원",없음,0%,181066,5.0
coupang,헬스/건강식품,coupang_rank,쿠팡랭킹순,2,"아임비타 종근당건강 멀티비타민 이뮨샷 7 164.36g, 7회분, 1개",아임비타 종근당건강 멀티비타민 이뮨샷 7 164 36g,,13450,20900.0,35,7450.0,로켓배송,8718,5.0,9.073259831427816,low_price,mid_review,mid_price,mid_review,True,True,False,True,True,,,2026-06-01,2026-06-01-12-19-33-쿠팡-헬스-건강식품-쿠팡랭킹순.xlsx,아임비타 종근당건강 멀티비타민 이뮨샷 7 164 36g,"13,450원","20,900원",35%,8718,5.0
coupang,헬스/건강식품,coupang_rank,쿠팡랭킹순,3,"고려은단 비타민C 1000 + 쇼핑백, 180정, 1개",고려은단 비타민c 1000 쇼핑백,,17150,,0,,로켓배송,280748,5.0,12.545216310706545,low_price,high_review,mid_price,high_review,True,False,False,False,False,,,2026-06-01,2026-06-01-12-19-33-쿠팡-헬스-건강식품-쿠팡랭킹순.xlsx,고려은단 비타민c 1000 쇼핑백,"17,150원",없음,0%,280748,5.0
coupang,헬스/건강식품,coupang_rank,쿠팡랭킹순,4,"락토핏 정품 골드 80포, 160g, 1개",락토핏 골드 160g,,18500,28500.0,35,10000.0,로켓배송,255121,5.0,12.449497141101313,low_price,high_review,mid_price,high_review,True,True,False,False,False,,,2026-06-01,2026-06-01-12-19-33-쿠팡-헬스-건강식품-쿠팡랭킹순.xlsx,락토핏 골드 160g,"18,500원","28,500원",35%,255121,5.0
coupang,헬스/건강식품,coupang_rank,쿠팡랭킹순,5,"그린몬스터 맥스 칼슘 마그네슘 비타민D 아연 3개월분, 90정, 1개",그린몬스터 맥스 칼슘 마그네슘 비타민d 아연,,6500,20000.0,67,13500.0,로켓배송,3757,5.0,8.231642179973411,low_price,low_review,low_price,mid_review,True,True,False,False,False,,,2026-06-01,2026-06-01-12-19-33-쿠팡-헬스-건강식품-쿠팡랭킹순.xlsx,그린몬스터 맥스 칼슘 마그네슘 비타민d 아연,"6,500원","20,000원",67%,3757,5.0
coupang,헬스/건강식품,coupang_rank,쿠팡랭킹순,6,"아이클리어 루테인지아잔틴, 30정, 1개",아이클리어 루테인지아잔틴,,8190,16900.0,51,8710.0,로켓배송,176706,5.0,12.082248272690077,low_price,high_review,low_price,high_review,True,True,False,True,True,,,2026-06-01,2026-06-01-12-19-33-쿠팡-헬스-건강식품-쿠팡랭킹순.xlsx,아이클리어 루테인지아잔틴,"8,190원","16,900원",51%,176706,5.0
coupang,헬스/건강식품,coupang_rank,쿠팡랭킹순,7,"헬로바이오 맥스 비타민C 3000 30p, 90g, 1개",헬로바이오 맥스 비타민c 3000 30p 90g,,4500,7900.0,43,3400.0,로켓배송,4269,5.0,8.35936910622267,low_price,low_review,low_price,mid_review,True,True,False,False,False,,,2026-06-01,2026-06-01-12-19-33-쿠팡-헬스-건강식품-쿠팡랭킹순.xlsx,헬로바이오 맥스 비타민c 3000 30p 90g,"4,500원","7,900원",43%,4269,5.0
coupang,헬스/건강식품,coupang_rank,쿠팡랭킹순,8,"종근당건강 헬씨칸 로얄 영양제, 30정, 1개",종근당건강 헬씨칸 로얄 영양제,,7000,16000.0,56,9000.0,로켓배송,33921,5.0,10.431819050431784,low_price,high_review,low_price,high_review,True,True,False,False,False,,,2026-06-01,2026-06-01-12-19-33-쿠팡-헬스-건강식품-쿠팡랭킹순.xlsx,종근당건강 헬씨칸 로얄 영양제,"7,000원","16,000원",56%,33921,5.0
coupang,헬스/건강식품,coupang_rank,쿠팡랭킹순,9,"메가도스 D 비타민D3 4000IU, 90정, 1개",메가도스 d 비타민d3 4000iu,,9900,,0,,로켓배송,11813,5.0,9.37704054786718,low_price,mid_review,low_price,mid_review,True,False,False,True,True,,,2026-06-01,2026-06-01-12-19-33-쿠팡-헬스-건강식품-쿠팡랭킹순.xlsx,메가도스 d 비타민d3 4000iu,"9,900원",없음,0%,11813,5.0
coupang,헬스/건강식품,coupang_rank,쿠팡랭킹순,10,"그린몬스터 다이어트 스페셜 2 가르시니아 900, 112정, 1개",그린몬스터 다이어트 스페셜 2 가르시니아 900,,12700,32000.0,60,19300.0,로켓배송,46685,4.5,10.751199612844985,low_price,high_review,mid_price,high_review,True,True,False,False,False,,,2026-06-01,2026-06-01-12-19-33-쿠팡-헬스-건강식품-쿠팡랭킹순.xlsx,그린몬스터 다이어트 스페셜 2 가르시니아 900,"12,700원","32,000원",60%,46685,4.5
coupang,헬스/건강식품,coupang_rank,쿠팡랭킹순,11,"뉴트리디데이 프리미엄 칼슘 마그네슘 아연 비타민D, 90정, 1개",뉴트리디데이 프리미엄 칼슘 마그네슘 아연 비타민d,,10900,16500.0,33,5600.0,로켓배송,66991,5.0,11.112328488258925,low_price,high_review,low_price,high_review,True,True,False,False,False,,,2026-06-01,2026-06-01-12-19-33-쿠팡-헬스-건강식품-쿠팡랭킹순.xlsx,뉴트리디데이 프리미엄 칼슘 마그네슘 아연 비타민d,"10,900원","16,500원",33%,66991,5.0
coupang,헬스/건강식품,coupang_rank,쿠팡랭킹순,12,"헬로바이오 맥스 비타민C 3000 90p, 270g, 1개",헬로바이오 맥스 비타민c 3000 90p 270g,,10000,19900.0,49,9900.0,로켓배송,4269,5.0,8.35936910622267,low_price,low_review,low_price,mid_review,True,True,False,False,False,,,2026-06-01,2026-06-01-12-19-33-쿠팡-헬스-건강식품-쿠팡랭킹순.xlsx,헬로바이오 맥스 비타민c 3000 90p 270g,"10,000원","19,900원",49%,4269,5.0
coupang,헬스/건강식품,coupang_rank,쿠팡랭킹순,13,"종근당건강 알티지 오메가3 듀얼, 60정, 1개",종근당건강 알티지 오메가3 듀얼,,9790,12900.0,24,3110.0,로켓배송,122909,5.0,11.719207659209026,low_price,high_review,low_price,high_review,True,True,False,True,True,,,2026-06-01,2026-06-01-12-19-33-쿠팡-헬스-건강식품-쿠팡랭킹순.xlsx,종근당건강 알티지 오메가3 듀얼,"9,790원","12,900원",24%,122909,5.0
coupang,헬스/건강식품,coupang_rank,쿠팡랭킹순,14,"락토핏 키즈 유산균, 60회분, 120g, 2개",락토핏 키즈 유산균 120g,,24500,49800.0,50,25300.0,로켓배송,68766,5.0,11.138479257689228,mid_price,high_review,high_price,high_review,True,True,False,True,True,,,2026-06-01,2026-06-01-12-19-33-쿠팡-헬스-건강식품-쿠팡랭킹순.xlsx,락토핏 키즈 유산균 120g,"24,500원","49,800원",50%,68766,5.0
coupang,헬스/건강식품,coupang_rank,쿠팡랭킹순,15,"헬로바이오 혈압 항산화 케어 프리미엄 코큐텐 코엔자임Q10 30g, 60정, 1개",헬로바이오 혈압 항산화 케어 프리미엄 코큐텐 코엔자임q10 30g,,9400,9900.0,5,500.0,로켓배송,1182,5.0,7.075808863978387,low_price,low_review,low_price,low_review,True,True,False,True,True,,,2026-06-01,2026-06-01-12-19-33-쿠팡-헬스-건강식품-쿠팡랭킹순.xlsx,헬로바이오 혈압 항산화 케어 프리미엄 코큐텐 코엔자임q10 30g,"9,400원","9,900원",5%,1182,5.0
coupang,헬스/건강식품,coupang_rank,쿠팡랭킹순,16,"잔티바 프리미엄 비타민C 1100, 20정, 1개",잔티바 프리미엄 비타민c 1100,,3500,,0,,로켓배송,1742,5.0,7.463363045520021,low_price,low_review,low_price,low_review,True,False,False,False,False,,,2026-06-01,2026-06-01-12-19-33-쿠팡-헬스-건강식품-쿠팡랭킹순.xlsx,잔티바 프리미엄 비타민c 1100,"3,500원",없음,0%,1742,5.0
coupang,헬스/건강식품,coupang_rank,쿠팡랭킹순,17,"락토핏 다이어트 유산균 60p, 120g, 1개",락토핏 다이어트 유산균 60p 120g,,15300,25900.0,40,10600.0,로켓배송,13460,5.0,9.507551894644093,low_price,mid_review,mid_price,mid_review,True,True,False,True,True,,,2026-06-01,2026-06-01-12-19-33-쿠팡-헬스-건강식품-쿠팡랭킹순.xlsx,락토핏 다이어트 유산균 60p 120g,"15,300원","25,900원",40%,13460,5.0
coupang,헬스/건강식품,coupang_rank,쿠팡랭킹순,18,"베베모린 뽀롱뽀롱 뽀로로 복숭아맛 비타민C, 50정, 3개",베베모린 뽀롱뽀롱 뽀로로 복숭아맛 비타민c,,6090,,0,,로켓배송,14219,5.0,9.562404703357231,low_price,mid_review,low_price,mid_review,True,False,False,True,True,,,2026-06-01,2026-06-01-12-19-33-쿠팡-헬스-건강식품-쿠팡랭킹순.xlsx,베베모린 뽀롱뽀롱 뽀로로 복숭아맛 비타민c,"6,090원",없음,0%,14219,5.0
coupang,헬스/건강식품,coupang_rank,쿠팡랭킹순,19,"락토핏 생유산균 키즈, 60회분, 120g, 1개",락토핏 생유산균 키즈 120g,,12780,,0,,로켓배송,68766,5.0,11.138479257689228,low_price,high_review,mid_price,high_review,True,False,False,False,False,,,2026-06-01,2026-06-01-12-19-33-쿠팡-헬스-건강식품-쿠팡랭킹순.xlsx,락토핏 생유산균 키즈 120g,"12,780원",없음,0%,68766,5.0
coupang,헬스/건강식품,coupang_rank,쿠팡랭킹순,20,"순수식품 rTG 오메가3 비타민D 1000mg, 60정, 3개",순수식품 rtg 오메가3 비타민d 1000mg,,23990,45000.0,46,21010.0,판매자로켓,9768,4.5,9.186969385652942,mid_price,mid_review,high_price,mid_review,True,True,False,True,True,,,2026-06-01,2026-06-01-12-19-33-쿠팡-헬스-건강식품-쿠팡랭킹순.xlsx,순수식품 rtg 오메가3 비타민d 1000mg,"23,990원","45,000원",46%,9768,4.5
coupang,헬스/건강식품,coupang_rank,쿠팡랭킹순,21,"헬로바이오 프리미엄 철분제, 90정, 1개",헬로바이오 프리미엄 철분제,,8400,,0,,로켓배송,1172,5.0,7.067319848653476,low_price,low_review,low_price,low_review,False,False,False,True,True,,,2026-06-01,2026-06-01-12-19-33-쿠팡-헬스-건강식품-쿠팡랭킹순.xlsx,헬로바이오 프리미엄 철분제,"8,400원",없음,0%,1172,5.0
coupang,헬스/건강식품,coupang_rank,쿠팡랭킹순,22,"락토핏 생유산균 코어, 120g, 1개",락토핏 생유산균 코어 120g,,12200,,0,,로켓배송,80335,5.0,11.293973118274486,low_price,high_review,low_price,high_review,False,False,False,False,False,,,2026-06-01,2026-06-01-12-19-33-쿠팡-헬스-건강식품-쿠팡랭킹순.xlsx,락토핏 생유산균 코어 120g,"12,200원",없음,0%,80335,5.0
coupang,헬스/건강식품,coupang_rank,쿠팡랭킹순,23,"동화약품 코엔자임 큐10 코큐텐 맥스 혈압 항산화 케어 관리 조절 30g, 60정, 1개",동화약품 코엔자임 큐10 코큐텐 맥스 혈압 항산화 케어 관리 조절 30g,,14450,30000.0,51,15550.0,로켓배송,7456,5.0,8.916908467543795,low_price,mid_review,mid_price,mid_review,False,True,False,True,True,,,2026-06-01,2026-06-01-12-19-33-쿠팡-헬스-건강식품-쿠팡랭킹순.xlsx,동화약품 코엔자임 큐10 코큐텐 맥스 혈압 항산화 케어 관리 조절 30g,"14,450원","30,000원",51%,7456,5.0
coupang,헬스/건강식품,coupang_rank,쿠팡랭킹순,24,"얼라이브 원스데일리 포 우먼 멀티비타민, 30정, 1개",얼라이브 원스데일리 포 우먼 멀티비타민,,12900,,0,,로켓배송,42561,5.0,10.658717115392617,low_price,high_review,mid_price,high_review,False,False,False,True,True,,,2026-06-01,2026-06-01-12-19-33-쿠팡-헬스-건강식품-쿠팡랭킹순.xlsx,얼라이브 원스데일리 포 우먼 멀티비타민,"12,900원",없음,0%,42561,5.0
coupang,헬스/건강식품,coupang_rank,쿠팡랭킹순,25,"닥터린 정품 초임계 알티지 오메가3 알파, 30정, 1개",닥터린 초임계 알티지 오메가3 알파,,9400,12300.0,23,2900.0,로켓배송,39313,5.0,10.579335968517745,low_price,high_review,low_price,high_review,False,True,False,True,True,,,2026-06-01,2026-06-01-12-19-33-쿠팡-헬스-건강식품-쿠팡랭킹순.xlsx,닥터린 초임계 알티지 오메가3 알파,"9,400원","12,300원",23%,39313,5.0
coupang,헬스/건강식품,coupang_rank,쿠팡랭킹순,26,"종근당 차전자피 식이섬유 30개입, 204g, 1개",종근당 차전자피 식이섬유 204g,,18900,32000.0,40,13100.0,로켓배송,42658,4.5,10.66099355058791,low_price,high_review,mid_price,high_review,False,True,False,False,False,,,2026-06-01,2026-06-01-12-19-33-쿠팡-헬스-건강식품-쿠팡랭킹순.xlsx,종근당 차전자피 식이섬유 204g,"18,900원","32,000원",40%,42658,4.5
coupang,헬스/건강식품,coupang_rank,쿠팡랭킹순,27,"오즈퓨어 호주 프로폴리스 스프레이, 2개, 25ml",오즈퓨어 호주 프로폴리스 스프레이 25ml,,15420,23000.0,32,7580.0,판매자로켓,489,5.0,6.194405391104672,low_price,low_review,mid_price,low_review,False,True,False,False,False,,,2026-06-01,2026-06-01-12-19-33-쿠팡-헬스-건강식품-쿠팡랭킹순.xlsx,오즈퓨어 호주 프로폴리스 스프레이 25ml,"15,420원","23,000원",32%,489,5.0
coupang,헬스/건강식품,coupang_rank,쿠팡랭킹순,28,"종근당 정품 관절연골엔 뮤코다당단백 콘드로이친 1200 플러스, 60정, 2개",종근당 관절연골엔 뮤코다당단백 콘드로이친 1200 플러스,,29910,60000.0,50,30090.0,로켓배송,11288,5.0,9.331584079261546,mid_price,mid_review,high_price,mid_review,False,True,False,True,True,,,2026-06-01,2026-06-01-12-19-33-쿠팡-헬스-건강식품-쿠팡랭킹순.xlsx,종근당 관절연골엔 뮤코다당단백 콘드로이친 1200 플러스,"29,910원","60,000원",50%,11288,5.0
coupang,헬스/건강식품,coupang_rank,쿠팡랭킹순,29,"종근당건강 락토핏 생유산균 맘스, 120g, 1개",종근당건강 락토핏 생유산균 맘스 120g,,20020,,0,,로켓배송,8452,5.0,9.042276686928927,mid_price,mid_review,mid_price,mid_review,False,False,False,False,False,,,2026-06-01,2026-06-01-12-19-33-쿠팡-헬스-건강식품-쿠팡랭킹순.xlsx,종근당건강 락토핏 생유산균 맘스 120g,"20,020원",없음,0%,8452,5.0
coupang,헬스/건강식품,coupang_rank,쿠팡랭킹순,30,"엔젯오리진 비타프레쉬 비타민 C 앤 D 3000 꾸미, 70정, 1개",엔젯오리진 비타프레쉬 비타민 c 앤 d 3000 꾸미,,10870,18900.0,42,8030.0,로켓배송,23129,5.0,10.048885755225484,low_price,mid_review,low_price,high_review,False,True,False,True,True,,,2026-06-01,2026-06-01-12-19-33-쿠팡-헬스-건강식품-쿠팡랭킹순.xlsx,엔젯오리진 비타프레쉬 비타민 c 앤 d 3000 꾸미,"10,870원","18,900원",42%,23129,5.0
coupang,헬스/건강식품,coupang_rank,쿠팡랭킹순,31,"정관장 정품 홍삼진고바이탈스틱 5p + 쇼핑백, 300g, 1개",정관장 홍삼진고바이탈스틱 5p 쇼핑백 300g,,36000,45000.0,20,9000.0,로켓배송,3721,5.0,8.222016437202196,mid_price,low_review,high_price,mid_review,False,True,False,False,False,,,2026-06-01,2026-06-01-12-19-33-쿠팡-헬스-건강식품-쿠팡랭킹순.xlsx,정관장 홍삼진고바이탈스틱 5p 쇼핑백 300g,"36,000원","45,000원",20%,3721,5.0
coupang,헬스/건강식품,coupang_rank,쿠팡랭킹순,32,"뉴트리디데이 프리미엄 밀크씨슬 골드, 90정, 45g, 1개",뉴트리디데이 프리미엄 밀크씨슬 골드 45g,,12900,23160.0,44,10260.0,로켓배송,40423,5.0,10.607178946971745,low_price,high_review,mid_price,high_review,False,True,False,True,True,,,2026-06-01,2026-06-01-12-19-33-쿠팡-헬스-건강식품-쿠팡랭킹순.xlsx,뉴트리디데이 프리미엄 밀크씨슬 골드 45g,"12,900원","23,160원",44%,40423,5.0
coupang,헬스/건강식품,coupang_rank,쿠팡랭킹순,33,"센트룸 정품 멀티 구미 비타민, 80정, 1개",센트룸 멀티 구미 비타민,,21230,26000.0,18,4770.0,로켓배송,45697,5.0,10.72980981224849,mid_price,high_review,mid_price,high_review,False,True,False,True,True,,,2026-06-01,2026-06-01-12-19-33-쿠팡-헬스-건강식품-쿠팡랭킹순.xlsx,센트룸 멀티 구미 비타민,"21,230원","26,000원",18%,45697,5.0
coupang,헬스/건강식품,coupang_rank,쿠팡랭킹순,34,"뉴트리디데이 다이어트 키토산 올뉴, 90정, 1개",뉴트리디데이 다이어트 키토산 올뉴,,10900,16500.0,33,5600.0,로켓배송,16540,4.0,9.713597426242222,low_price,mid_review,low_price,high_review,False,True,False,False,False,,,2026-06-01,2026-06-01-12-19-33-쿠팡-헬스-건강식품-쿠팡랭킹순.xlsx,뉴트리디데이 다이어트 키토산 올뉴,"10,900원","16,500원",33%,16540,4.0
coupang,헬스/건강식품,coupang_rank,쿠팡랭킹순,35,"담백하루 정품 초임계 알티지 오메가에센스 1000, 30정, 2개",담백하루 초임계 알티지 오메가에센스 1000,,31370,60000.0,47,28630.0,로켓배송,12348,5.0,9.421330367117822,mid_price,mid_review,high_price,mid_review,False,True,False,False,False,,,2026-06-01,2026-06-01-12-19-33-쿠팡-헬스-건강식품-쿠팡랭킹순.xlsx,담백하루 초임계 알티지 오메가에센스 1000,"31,370원","60,000원",47%,12348,5.0
coupang,헬스/건강식품,coupang_rank,쿠팡랭킹순,36,"네이처드림 활력에 좋은 비타민B 컴플렉스, 30정, 1개",네이처드림 활력에 좋은 비타민b 컴플렉스,,4440,,0,,로켓배송,378,4.5,5.937536205082426,low_price,low_review,low_price,low_review,False,False,False,False,False,,,2026-06-01,2026-06-01-12-19-33-쿠팡-헬스-건강식품-쿠팡랭킹순.xlsx,네이처드림 활력에 좋은 비타민b 컴플렉스,"4,440원",없음,0%,378,4.5
coupang,헬스/건강식품,coupang_rank,쿠팡랭킹순,37,"비타할로 비타민D 2000IU, 90정, 1개",비타할로 비타민d 2000iu,,4990,10200.0,51,5210.0,로켓배송,9058,5.0,9.111514017669288,low_price,mid_review,low_price,mid_review,False,True,False,False,False,,,2026-06-01,2026-06-01-12-19-33-쿠팡-헬스-건강식품-쿠팡랭킹순.xlsx,비타할로 비타민d 2000iu,"4,990원","10,200원",51%,9058,5.0
coupang,헬스/건강식품,coupang_rank,쿠팡랭킹순,38,"유한메디카 징코 플러스 엔 탑 혈행 기억력 케어, 60정, 1개",유한메디카 징코 플러스 엔 탑 혈행 기억력 케어,,10360,24900.0,58,14540.0,로켓배송,3117,4.5,8.044947049617722,low_price,low_review,low_price,low_review,False,True,False,True,True,,,2026-06-01,2026-06-01-12-19-33-쿠팡-헬스-건강식품-쿠팡랭킹순.xlsx,유한메디카 징코 플러스 엔 탑 혈행 기억력 케어,"10,360원","24,900원",58%,3117,4.5
coupang,헬스/건강식품,coupang_rank,쿠팡랭킹순,39,"종근당건강 원데이21 멀티비타민 앤 미네랄, 60정, 2개",종근당건강 원데이21 멀티비타민 앤 미네랄,,19500,41800.0,53,22300.0,로켓배송,58615,5.0,10.9787629758398,low_price,high_review,mid_price,high_review,False,True,False,False,False,,,2026-06-01,2026-06-01-12-19-33-쿠팡-헬스-건강식품-쿠팡랭킹순.xlsx,종근당건강 원데이21 멀티비타민 앤 미네랄,"19,500원","41,800원",53%,58615,5.0
coupang,헬스/건강식품,coupang_rank,쿠팡랭킹순,40,"뉴트리가든 비타민D3 5000IU, 180정, 1개",뉴트리가든 비타민d3 5000iu,,12500,19800.0,36,7300.0,로켓배송,40466,5.0,10.608242106137789,low_price,high_review,low_price,high_review,False,True,False,True,True,,,2026-06-01,2026-06-01-12-19-33-쿠팡-헬스-건강식품-쿠팡랭킹순.xlsx,뉴트리가든 비타민d3 5000iu,"12,500원","19,800원",36%,40466,5.0
coupang,헬스/건강식품,coupang_rank,쿠팡랭킹순,41,"종근당건강 정품 비타민D 2000IU, 90정, 3개",종근당건강 비타민d 2000iu,,30330,,0,,로켓배송,46735,5.0,10.752270024627522,mid_price,high_review,high_price,high_review,False,False,False,True,True,,,2026-06-01,2026-06-01-12-19-33-쿠팡-헬스-건강식품-쿠팡랭킹순.xlsx,종근당건강 비타민d 2000iu,"30,330원",없음,0%,46735,5.0
coupang,헬스/건강식품,coupang_rank,쿠팡랭킹순,42,"아텍스 맛있는 키즈비타민 350g, 250정, 1개",아텍스 맛있는 키즈비타민 350g,,12830,,0,,로켓배송,3588,5.0,8.185628891147607,low_price,low_review,mid_price,low_review,False,False,False,False,False,,,2026-06-01,2026-06-01-12-19-33-쿠팡-헬스-건강식품-쿠팡랭킹순.xlsx,아텍스 맛있는 키즈비타민 350g,"12,830원",없음,0%,3588,5.0
coupang,헬스/건강식품,coupang_rank,쿠팡랭킹순,43,"올바른건강식품 곡물효소 프로바이오틱스 블랙, 270g, 1개",올바른건강식품 곡물효소 프로바이오틱스 블랙 270g,,17900,21900.0,18,4000.0,로켓배송,14137,5.0,9.556621486730899,low_price,mid_review,mid_price,mid_review,False,True,False,True,True,,,2026-06-01,2026-06-01-12-19-33-쿠팡-헬스-건강식품-쿠팡랭킹순.xlsx,올바른건강식품 곡물효소 프로바이오틱스 블랙 270g,"17,900원","21,900원",18%,14137,5.0
coupang,헬스/건강식품,coupang_rank,쿠팡랭킹순,44,"락토핏 골드 유산균 선물세트, 100g, 3개",락토핏 골드 유산균 선물세트 100g,,30150,31000.0,2,850.0,로켓배송,21753,5.0,9.987552927653796,mid_price,mid_review,high_price,high_review,False,True,False,True,True,,,2026-06-01,2026-06-01-12-19-33-쿠팡-헬스-건강식품-쿠팡랭킹순.xlsx,락토핏 골드 유산균 선물세트 100g,"30,150원","31,000원",2%,21753,5.0
coupang,헬스/건강식품,coupang_rank,쿠팡랭킹순,45,"일양약품 프라임 칼슘 마그네슘 비타민D 아연, 180정, 1개",일양약품 프라임 칼슘 마그네슘 비타민d 아연,,10850,,0,,로켓배송,4096,4.5,8.318010277546872,low_price,low_review,low_price,mid_review,False,False,False,False,False,,,2026-06-01,2026-06-01-12-19-33-쿠팡-헬스-건강식품-쿠팡랭킹순.xlsx,일양약품 프라임 칼슘 마그네슘 비타민d 아연,"10,850원",없음,0%,4096,4.5
coupang,헬스/건강식품,coupang_rank,쿠팡랭킹순,46,"아임비타 멀티비타민 데일리, 60정, 1개",아임비타 멀티비타민 데일리,,9800,,0,,로켓배송,11132,5.0,9.317668949728708,low_price,mid_review,low_price,mid_review,False,False,False,False,False,,,2026-06-01,2026-06-01-12-19-33-쿠팡-헬스-건강식품-쿠팡랭킹순.xlsx,아임비타 멀티비타민 데일리,"9,800원",없음,0%,11132,5.0
coupang,헬스/건강식품,coupang_rank,쿠팡랭킹순,47,"일양약품 프라임 종합비타민 미네랄 플러스, 180정, 1개",일양약품 프라임 종합비타민 미네랄 플러스,,12530,,0,,로켓배송,21847,4.5,9.99186466315354,low_price,mid_review,low_price,high_review,False,False,False,False,False,,,2026-06-01,2026-06-01-12-19-33-쿠팡-헬스-건강식품-쿠팡랭킹순.xlsx,일양약품 프라임 종합비타민 미네랄 플러스,"12,530원",없음,0%,21847,4.5
coupang,헬스/건강식품,coupang_rank,쿠팡랭킹순,48,"종근당건강 프로메가 알티지 오메가3 듀얼, 60정, 2개",종근당건강 프로메가 알티지 오메가3 듀얼,,18260,25800.0,29,7540.0,로켓배송,122909,5.0,11.719207659209026,low_price,high_review,mid_price,high_review,False,True,False,True,True,,,2026-06-01,2026-06-01-12-19-33-쿠팡-헬스-건강식품-쿠팡랭킹순.xlsx,종근당건강 프로메가 알티지 오메가3 듀얼,"18,260원","25,800원",29%,122909,5.0
coupang,헬스/건강식품,coupang_rank,쿠팡랭킹순,49,"이너랩 차전자피 가르시니아 슬리밍 환, 110g, 1개",이너랩 차전자피 가르시니아 슬리밍 환 110g,,13280,22000.0,39,8720.0,로켓배송,8997,5.0,9.104757609401117,low_price,mid_review,mid_price,mid_review,False,True,False,False,False,,,2026-06-01,2026-06-01-12-19-33-쿠팡-헬스-건강식품-쿠팡랭킹순.xlsx,이너랩 차전자피 가르시니아 슬리밍 환 110g,"13,280원","22,000원",39%,8997,5.0
coupang,헬스/건강식품,coupang_rank,쿠팡랭킹순,50,"솔가 엽산 800, 100정, 1개",솔가 엽산 800,,18100,40000.0,54,21900.0,로켓배송,15486,5.0,9.647756241316175,low_price,mid_review,mid_price,mid_review,False,True,False,True,True,,,2026-06-01,2026-06-01-12-19-33-쿠팡-헬스-건강식품-쿠팡랭킹순.xlsx,솔가 엽산 800,"18,100원","40,000원",54%,15486,5.0
coupang,헬스/건강식품,coupang_rank,쿠팡랭킹순,51,"베네틴 크레아틴 모노하이드레이트 분말 파우더 무맛, 1개, 300g",베네틴 크레아틴 모노하이드레이트 분말 파우더 무맛 300g,,12900,23000.0,43,10100.0,판매자로켓,65,5.0,4.189654742026425,low_price,low_review,mid_price,low_review,False,True,False,False,False,,,2026-06-01,2026-06-01-12-19-33-쿠팡-헬스-건강식품-쿠팡랭킹순.xlsx,베네틴 크레아틴 모노하이드레이트 분말 파우더 무맛 300g,"12,900원","23,000원",43%,65,5.0
coupang,헬스/건강식품,coupang_rank,쿠팡랭킹순,52,"비타할로 온가족 생 유산균, 300g, 1개",비타할로 온가족 생 유산균 300g,,18990,27500.0,30,8510.0,로켓배송,48922,5.0,10.798002912532443,low_price,high_review,mid_price,high_review,False,True,False,True,True,,,2026-06-01,2026-06-01-12-19-33-쿠팡-헬스-건강식품-쿠팡랭킹순.xlsx,비타할로 온가족 생 유산균 300g,"18,990원","27,500원",30%,48922,5.0
coupang,헬스/건강식품,coupang_rank,쿠팡랭킹순,53,"락토핏 당케어 유산균, 120g, 1개",락토핏 당케어 유산균 120g,,13730,35000.0,60,21270.0,로켓배송,20318,5.0,9.919311687883013,low_price,mid_review,mid_price,high_review,False,True,False,True,True,,,2026-06-01,2026-06-01-12-19-33-쿠팡-헬스-건강식품-쿠팡랭킹순.xlsx,락토핏 당케어 유산균 120g,"13,730원","35,000원",60%,20318,5.0
coupang,헬스/건강식품,coupang_rank,쿠팡랭킹순,54,"닥터블릿 정품 이뮨 올인원 멀티비타민앤미네랄 프로, 30회분, 1개",닥터블릿 이뮨 올인원 멀티비타민앤미네랄 프로,,47900,109000.0,56,61100.0,로켓배송,3040,5.0,8.019941687677365,high_price,low_review,high_price,low_review,False,True,False,False,False,,,2026-06-01,2026-06-01-12-19-33-쿠팡-헬스-건강식품-쿠팡랭킹순.xlsx,닥터블릿 이뮨 올인원 멀티비타민앤미네랄 프로,"47,900원","109,000원",56%,3040,5.0
coupang,헬스/건강식품,coupang_rank,쿠팡랭킹순,55,"뉴트리디데이 프리미엄 비오틴 10000, 90정, 1개",뉴트리디데이 프리미엄 비오틴 10000,,12900,21500.0,40,8600.0,로켓배송,8748,5.0,9.076694687106265,low_price,mid_review,mid_price,mid_review,False,True,False,True,True,,,2026-06-01,2026-06-01-12-19-33-쿠팡-헬스-건강식품-쿠팡랭킹순.xlsx,뉴트리디데이 프리미엄 비오틴 10000,"12,900원","21,500원",40%,8748,5.0
coupang,헬스/건강식품,coupang_rank,쿠팡랭킹순,56,"알유21 비타민 C 4.5g, 6정, 2개",알유21 비타민 c 4 5g,,6300,12000.0,47,5700.0,로켓배송,13500,5.0,9.510519035757246,low_price,mid_review,low_price,mid_review,False,True,False,False,False,,,2026-06-01,2026-06-01-12-19-33-쿠팡-헬스-건강식품-쿠팡랭킹순.xlsx,알유21 비타민 c 4 5g,"6,300원","12,000원",47%,13500,5.0
coupang,헬스/건강식품,coupang_rank,쿠팡랭킹순,57,"오쏘몰 이뮨 멀티비타민, 30회분, 1개",오쏘몰 이뮨 멀티비타민,,81700,,0,,로켓배송,2854,4.5,7.956827122090111,high_price,low_review,high_price,low_review,False,False,False,True,True,,,2026-06-01,2026-06-01-12-19-33-쿠팡-헬스-건강식품-쿠팡랭킹순.xlsx,오쏘몰 이뮨 멀티비타민,"81,700원",없음,0%,2854,4.5
coupang,헬스/건강식품,coupang_rank,쿠팡랭킹순,58,"바이탈프로그램 정품 비타민C 1000mg, 600정, 1개",바이탈프로그램 비타민c 1000mg,,28360,45000.0,36,16640.0,로켓배송,68541,5.0,11.135201975043723,mid_price,high_review,high_price,high_review,False,True,False,True,True,,,2026-06-01,2026-06-01-12-19-33-쿠팡-헬스-건강식품-쿠팡랭킹순.xlsx,바이탈프로그램 비타민c 1000mg,"28,360원","45,000원",36%,68541,5.0
coupang,헬스/건강식품,coupang_rank,쿠팡랭킹순,59,"솔가 철분 25, 90정, 1개",솔가 철분 25,,23470,42000.0,44,18530.0,로켓배송,23566,5.0,10.067602707388096,mid_price,mid_review,high_price,high_review,False,True,False,False,False,,,2026-06-01,2026-06-01-12-19-33-쿠팡-헬스-건강식품-쿠팡랭킹순.xlsx,솔가 철분 25,"23,470원","42,000원",44%,23566,5.0
coupang,헬스/건강식품,coupang_rank,쿠팡랭킹순,60,"종근당건강 프로폴리스 플러스, 60정, 1개",종근당건강 프로폴리스 플러스,,7940,13900.0,42,5960.0,로켓배송,8373,4.5,9.032886946579088,low_price,mid_review,low_price,mid_review,False,True,False,False,False,,,2026-06-01,2026-06-01-12-19-33-쿠팡-헬스-건강식품-쿠팡랭킹순.xlsx,종근당건강 프로폴리스 플러스,"7,940원","13,900원",42%,8373,4.5
coupang,헬스/건강식품,coupang_rank,쿠팡랭킹순,61,"종근당건강 프리미엄 비타C 1000플러스, 100정, 1개",종근당건강 프리미엄 비타c 1000플러스,,10450,12450.0,16,2000.0,로켓배송,25532,5.0,10.14772701214507,low_price,high_review,low_price,high_review,False,True,False,True,True,,,2026-06-01,2026-06-01-12-19-33-쿠팡-헬스-건강식품-쿠팡랭킹순.xlsx,종근당건강 프리미엄 비타c 1000플러스,"10,450원","12,450원",16%,25532,5.0
coupang,헬스/건강식품,coupang_rank,쿠팡랭킹순,62,"홀리데이즈 멀티비타민 앤 미네랄 포우먼, 90정, 1개",홀리데이즈 멀티비타민 앤 미네랄 포우먼,,12900,16900.0,23,4000.0,로켓배송,3764,5.0,8.233503140233994,low_price,low_review,mid_price,mid_review,False,True,False,False,False,,,2026-06-01,2026-06-01-12-19-33-쿠팡-헬스-건강식품-쿠팡랭킹순.xlsx,홀리데이즈 멀티비타민 앤 미네랄 포우먼,"12,900원","16,900원",23%,3764,5.0
coupang,헬스/건강식품,coupang_rank,쿠팡랭킹순,63,"정원삼 6년근 고려홍삼정 365 스틱 선물세트 + 쇼핑백, 300g, 1개",정원삼 6년근 고려홍삼정 선물세트 쇼핑백 300g,,27800,39000.0,28,11200.0,로켓배송,76054,5.0,11.239212041745843,mid_price,high_review,high_price,high_review,False,True,False,False,False,,,2026-06-01,2026-06-01-12-19-33-쿠팡-헬스-건강식품-쿠팡랭킹순.xlsx,정원삼 6년근 고려홍삼정 선물세트 쇼핑백 300g,"27,800원","39,000원",28%,76054,5.0
coupang,헬스/건강식품,coupang_rank,쿠팡랭킹순,64,"센트룸 우먼 더블업, 60정, 1개",센트룸 우먼 더블업,,26800,29000.0,7,2200.0,로켓배송,1617,5.0,7.388946097618437,mid_price,low_review,high_price,low_review,False,True,False,True,True,,,2026-06-01,2026-06-01-12-19-33-쿠팡-헬스-건강식품-쿠팡랭킹순.xlsx,센트룸 우먼 더블업,"26,800원","29,000원",7%,1617,5.0
coupang,헬스/건강식품,coupang_rank,쿠팡랭킹순,65,"태양생활건강 뽀롱뽀롱 뽀로로 비타민C, 50정, 3개",태양생활건강 뽀롱뽀롱 뽀로로 비타민c,,6090,,0,,로켓프레시,200,5.0,5.303304908059076,low_price,low_review,low_price,low_review,False,False,False,True,True,,,2026-06-01,2026-06-01-12-19-33-쿠팡-헬스-건강식품-쿠팡랭킹순.xlsx,태양생활건강 뽀롱뽀롱 뽀로로 비타민c,"6,090원",없음,0%,200,5.0
coupang,헬스/건강식품,coupang_rank,쿠팡랭킹순,66,"쏘팔코사놀 1000 쏘팔메토 옥타코사놀, 120정, 1개",쏘팔코사놀 1000 쏘팔메토 옥타코사놀,,78000,80000.0,2,2000.0,로켓배송,20530,4.5,9.929691218032765,high_price,mid_review,high_price,high_review,False,True,False,True,True,,,2026-06-01,2026-06-01-12-19-33-쿠팡-헬스-건강식품-쿠팡랭킹순.xlsx,쏘팔코사놀 1000 쏘팔메토 옥타코사놀,"78,000원","80,000원",2%,20530,4.5
coupang,헬스/건강식품,coupang_rank,쿠팡랭킹순,67,"오늘부터 슬림카페PRO, 96g, 1개",오늘부터 슬림카페pro 96g,,14800,48000.0,69,33200.0,로켓배송,16171,4.5,9.691036630760662,low_price,mid_review,mid_price,mid_review,False,True,False,False,False,,,2026-06-01,2026-06-01-12-19-33-쿠팡-헬스-건강식품-쿠팡랭킹순.xlsx,오늘부터 슬림카페pro 96g,"14,800원","48,000원",69%,16171,4.5
coupang,헬스/건강식품,coupang_rank,쿠팡랭킹순,68,"함소아 비타민D 1000IU 60p, 60정, 1개",함소아 비타민d 1000iu 60p,,10950,,0,,로켓배송,25250,5.0,10.136621037879685,low_price,high_review,low_price,high_review,False,False,False,True,True,,,2026-06-01,2026-06-01-12-19-33-쿠팡-헬스-건강식품-쿠팡랭킹순.xlsx,함소아 비타민d 1000iu 60p,"10,950원",없음,0%,25250,5.0
coupang,헬스/건강식품,coupang_rank,쿠팡랭킹순,69,"베베모린 뽀롱뽀롱 뽀로로 비타민C, 50정, 4개",베베모린 뽀롱뽀롱 뽀로로 비타민c,,7820,,0,,로켓배송,14219,5.0,9.562404703357231,low_price,mid_review,low_price,mid_review,False,False,False,False,False,,,2026-06-01,2026-06-01-12-19-33-쿠팡-헬스-건강식품-쿠팡랭킹순.xlsx,베베모린 뽀롱뽀롱 뽀로로 비타민c,"7,820원",없음,0%,14219,5.0
coupang,헬스/건강식품,coupang_rank,쿠팡랭킹순,70,"동화약품 에스트로타임 갱년기 여성 케어 회화나무열매 대두이소플라본 비타민D 영양제, 30정, 1개",동화약품 에스트로타임 갱년기 여성 케어 회화나무열매 대두이소플라본 비타민d 영양제,,13760,20000.0,31,6240.0,로켓배송,2032,5.0,7.617267813628347,low_price,low_review,mid_price,low_review,False,True,False,True,True,,,2026-06-01,2026-06-01-12-19-33-쿠팡-헬스-건강식품-쿠팡랭킹순.xlsx,동화약품 에스트로타임 갱년기 여성 케어 회화나무열매 대두이소플라본 비타민d 영양제,"13,760원","20,000원",31%,2032,5.0
coupang,헬스/건강식품,coupang_rank,쿠팡랭킹순,71,"보령 브레인 두뇌의 인지력엔 포스파티딜세린 PS 300 30g, 60정, 1개",보령 브레인 두뇌의 인지력엔 포스파티딜세린 ps 300 30g,,17720,30000.0,40,12280.0,로켓배송,7204,5.0,8.882530508433623,low_price,mid_review,mid_price,mid_review,False,True,False,True,True,,,2026-06-01,2026-06-01-12-19-33-쿠팡-헬스-건강식품-쿠팡랭킹순.xlsx,보령 브레인 두뇌의 인지력엔 포스파티딜세린 ps 300 30g,"17,720원","30,000원",40%,7204,5.0
coupang,헬스/건강식품,coupang_rank,쿠팡랭킹순,72,"익스트림 밀크씨슬 플러스, 60정, 1개",익스트림 밀크씨슬 플러스,,9900,,0,,로켓배송,6342,5.0,8.755107121633896,low_price,mid_review,low_price,mid_review,False,False,False,True,True,,,2026-06-01,2026-06-01-12-19-33-쿠팡-헬스-건강식품-쿠팡랭킹순.xlsx,익스트림 밀크씨슬 플러스,"9,900원",없음,0%,6342,5.0
coupang,헬스/건강식품,coupang_rank,쿠팡랭킹순,73,"데일리코어 감마리놀렌산 보라지유, 60정, 1개",데일리코어 감마리놀렌산 보라지유,,11000,24000.0,54,13000.0,로켓배송,605,5.0,6.406879986069314,low_price,low_review,low_price,low_review,False,True,False,False,False,,,2026-06-01,2026-06-01-12-19-33-쿠팡-헬스-건강식품-쿠팡랭킹순.xlsx,데일리코어 감마리놀렌산 보라지유,"11,000원","24,000원",54%,605,5.0
coupang,헬스/건강식품,coupang_rank,쿠팡랭킹순,74,"대웅생명과학 생유산균 프로바이오틱스 30p, 60g, 1개",대웅생명과학 생유산균 프로바이오틱스 30p 60g,,5260,10000.0,47,4740.0,로켓배송,433,4.5,6.073044534100405,low_price,low_review,low_price,low_review,False,True,False,False,False,,,2026-06-01,2026-06-01-12-19-33-쿠팡-헬스-건강식품-쿠팡랭킹순.xlsx,대웅생명과학 생유산균 프로바이오틱스 30p 60g,"5,260원","10,000원",47%,433,4.5
coupang,헬스/건강식품,coupang_rank,쿠팡랭킹순,75,"뉴트리디데이 rTG 알티지 오메가3 골드, 30정, 1개",뉴트리디데이 rtg 알티지 오메가3 골드,,7900,14330.0,44,6430.0,로켓배송,3213,5.0,8.075271546297458,low_price,low_review,low_price,low_review,False,True,False,True,True,,,2026-06-01,2026-06-01-12-19-33-쿠팡-헬스-건강식품-쿠팡랭킹순.xlsx,뉴트리디데이 rtg 알티지 오메가3 골드,"7,900원","14,330원",44%,3213,5.0
coupang,헬스/건강식품,coupang_rank,쿠팡랭킹순,76,"엘레나 유렉스 프로바이오틱스 유산균, 60정, 1개",엘레나 유렉스 프로바이오틱스 유산균,,44280,,0,,로켓배송,22663,5.0,10.028533041510352,mid_price,mid_review,high_price,high_review,False,False,False,True,True,,,2026-06-01,2026-06-01-12-19-33-쿠팡-헬스-건강식품-쿠팡랭킹순.xlsx,엘레나 유렉스 프로바이오틱스 유산균,"44,280원",없음,0%,22663,5.0
coupang,헬스/건강식품,coupang_rank,쿠팡랭킹순,77,"신풍제약 헬리코박터균 증식억제 위건강 스페인감초추출물 영양제, 30정, 1개",신풍제약 헬리코박터균 증식억제 위건강 스페인감초추출물 영양제,,9890,15000.0,34,5110.0,판매자로켓,6479,4.5,8.776475789346321,low_price,mid_review,low_price,mid_review,False,True,False,True,True,,,2026-06-01,2026-06-01-12-19-33-쿠팡-헬스-건강식품-쿠팡랭킹순.xlsx,신풍제약 헬리코박터균 증식억제 위건강 스페인감초추출물 영양제,"9,890원","15,000원",34%,6479,4.5
coupang,헬스/건강식품,coupang_rank,쿠팡랭킹순,78,"황금구렁이 오리지널 차전자피 식이섬유, 153g, 1개",황금구렁이 오리지널 차전자피 식이섬유 153g,,21900,39900.0,45,18000.0,로켓배송,1944,4.5,7.573017256052546,mid_price,low_review,high_price,low_review,False,True,False,True,True,,,2026-06-01,2026-06-01-12-19-33-쿠팡-헬스-건강식품-쿠팡랭킹순.xlsx,황금구렁이 오리지널 차전자피 식이섬유 153g,"21,900원","39,900원",45%,1944,4.5
coupang,헬스/건강식품,coupang_rank,쿠팡랭킹순,79,"안국건강 아이메가 알티지 오메가3 미니, 60정, 1개",안국건강 아이메가 알티지 오메가3 미니,,12900,21800.0,40,8900.0,로켓배송,1693,5.0,7.434847875211999,low_price,low_review,mid_price,low_review,False,True,False,True,True,,,2026-06-01,2026-06-01-12-19-33-쿠팡-헬스-건강식품-쿠팡랭킹순.xlsx,안국건강 아이메가 알티지 오메가3 미니,"12,900원","21,800원",40%,1693,5.0
coupang,헬스/건강식품,coupang_rank,쿠팡랭킹순,80,"서울우유 면역탄탄 칼슘 & 아연 & 비타민D 젤리스틱 14p, 1개, 280g",서울우유 면역탄탄 칼슘 아연 비타민d 젤리스틱 14p 280g,,15200,16000.0,5,800.0,판매자로켓,534,5.0,6.282266746896006,low_price,low_review,mid_price,low_review,False,True,False,False,False,,,2026-06-01,2026-06-01-12-19-33-쿠팡-헬스-건강식품-쿠팡랭킹순.xlsx,서울우유 면역탄탄 칼슘 아연 비타민d 젤리스틱 14p 280g,"15,200원","16,000원",5%,534,5.0
coupang,헬스/건강식품,coupang_rank,쿠팡랭킹순,81,"올바른건강식품 와이 케어 프로바이오틱스 VL8, 90회분, 1개",올바른건강식품 와이 케어 프로바이오틱스 vl8,,13900,,0,,로켓배송,3318,5.0,8.107418811719974,low_price,low_review,mid_price,low_review,False,False,False,False,False,,,2026-06-01,2026-06-01-12-19-33-쿠팡-헬스-건강식품-쿠팡랭킹순.xlsx,올바른건강식품 와이 케어 프로바이오틱스 vl8,"13,900원",없음,0%,3318,5.0
coupang,헬스/건강식품,coupang_rank,쿠팡랭킹순,82,"세노비스 키즈 프로폴리스 스프레이, 25ml, 1개",세노비스 키즈 프로폴리스 스프레이 25ml,,10770,16000.0,32,5230.0,로켓배송,11385,5.0,9.340139809511028,low_price,mid_review,low_price,mid_review,False,True,False,True,True,,,2026-06-01,2026-06-01-12-19-33-쿠팡-헬스-건강식품-쿠팡랭킹순.xlsx,세노비스 키즈 프로폴리스 스프레이 25ml,"10,770원","16,000원",32%,11385,5.0
coupang,헬스/건강식품,coupang_rank,쿠팡랭킹순,83,"덴프스 트루바이타민 I, 50.7g, 1개",덴프스 트루바이타민 i 50 7g,,18850,19930.0,5,1080.0,로켓배송,6903,5.0,8.839856232763264,low_price,mid_review,mid_price,mid_review,False,True,False,True,True,,,2026-06-01,2026-06-01-12-19-33-쿠팡-헬스-건강식품-쿠팡랭킹순.xlsx,덴프스 트루바이타민 i 50 7g,"18,850원","19,930원",5%,6903,5.0
coupang,헬스/건강식품,coupang_rank,쿠팡랭킹순,84,"PRONUTRITION 정품 듀얼플랜 다이어트 유산균 14p, 35g, 1개",pronutrition 듀얼플랜 다이어트 유산균 14p 35g,,39830,50000.0,20,10170.0,로켓배송,1797,4.5,7.494430215031565,mid_price,low_review,high_price,low_review,False,True,False,False,False,,,2026-06-01,2026-06-01-12-19-33-쿠팡-헬스-건강식품-쿠팡랭킹순.xlsx,pronutrition 듀얼플랜 다이어트 유산균 14p 35g,"39,830원","50,000원",20%,1797,4.5
coupang,헬스/건강식품,coupang_rank,쿠팡랭킹순,85,"종근당 마그네슘 플러스, 90정, 1개",종근당 마그네슘 플러스,,12670,,0,,로켓배송,4379,4.5,8.384804003370492,low_price,low_review,mid_price,mid_review,False,False,False,True,True,,,2026-06-01,2026-06-01-12-19-33-쿠팡-헬스-건강식품-쿠팡랭킹순.xlsx,종근당 마그네슘 플러스,"12,670원",없음,0%,4379,4.5
coupang,헬스/건강식품,coupang_rank,쿠팡랭킹순,86,"종근당 비타민D 1000I.U, 90정, 1개",종근당 비타민d 1000i u,,8350,9900.0,15,1550.0,로켓배송,5882,5.0,8.679822114864455,low_price,mid_review,low_price,mid_review,False,True,False,True,True,,,2026-06-01,2026-06-01-12-19-33-쿠팡-헬스-건강식품-쿠팡랭킹순.xlsx,종근당 비타민d 1000i u,"8,350원","9,900원",15%,5882,5.0
coupang,헬스/건강식품,coupang_rank,쿠팡랭킹순,87,"뉴트리가든 핏 마그네슘 400, 1개, 30정",뉴트리가든 핏 마그네슘 400,,5000,,0,,로켓배송,163,5.0,5.099866427824199,low_price,low_review,low_price,low_review,False,False,False,False,False,,,2026-06-01,2026-06-01-12-19-33-쿠팡-헬스-건강식품-쿠팡랭킹순.xlsx,뉴트리가든 핏 마그네슘 400,"5,000원",없음,0%,163,5.0
coupang,헬스/건강식품,coupang_rank,쿠팡랭킹순,88,"메디트리 츄어블 비타민D 4000IU 아연 90g, 90정, 1개",메디트리 츄어블 비타민d 4000iu 아연 90g,,9700,14900.0,34,5200.0,로켓배송,2248,5.0,7.718240951959316,low_price,low_review,low_price,low_review,False,True,False,True,True,,,2026-06-01,2026-06-01-12-19-33-쿠팡-헬스-건강식품-쿠팡랭킹순.xlsx,메디트리 츄어블 비타민d 4000iu 아연 90g,"9,700원","14,900원",34%,2248,5.0
coupang,헬스/건강식품,coupang_rank,쿠팡랭킹순,89,"한미양행 신경엔 마그네슘, 90정, 1개",한미양행 신경엔 마그네슘,,11900,,0,,로켓배송,2079,4.5,7.640123172695364,low_price,low_review,low_price,low_review,False,False,False,True,True,,,2026-06-01,2026-06-01-12-19-33-쿠팡-헬스-건강식품-쿠팡랭킹순.xlsx,한미양행 신경엔 마그네슘,"11,900원",없음,0%,2079,4.5
coupang,헬스/건강식품,coupang_rank,쿠팡랭킹순,90,"네추럴라이즈 멀티비타민 꾸미, 60정, 1개",네추럴라이즈 멀티비타민 꾸미,,12900,,0,,로켓배송,14724,5.0,9.597302008519787,low_price,mid_review,mid_price,mid_review,False,False,False,True,True,,,2026-06-01,2026-06-01-12-19-33-쿠팡-헬스-건강식품-쿠팡랭킹순.xlsx,네추럴라이즈 멀티비타민 꾸미,"12,900원",없음,0%,14724,5.0
coupang,헬스/건강식품,coupang_rank,쿠팡랭킹순,91,"비에날씬 BNR17 다이어트 유산균 슬림플러스, 28g, 1개",비에날씬 bnr17 다이어트 유산균 슬림플러스 28g,,25900,,0,,로켓배송,3398,4.5,8.131236549696116,mid_price,low_review,high_price,low_review,False,False,False,True,True,,,2026-06-01,2026-06-01-12-19-33-쿠팡-헬스-건강식품-쿠팡랭킹순.xlsx,비에날씬 bnr17 다이어트 유산균 슬림플러스 28g,"25,900원",없음,0%,3398,4.5
coupang,헬스/건강식품,coupang_rank,쿠팡랭킹순,92,"일양약품 프라임 프로바이오틱스 유산균19, 60g, 1개",일양약품 프라임 프로바이오틱스 유산균19 60g,,5760,6500.0,11,740.0,로켓배송,1370,5.0,7.223295679562314,low_price,low_review,low_price,low_review,False,True,False,False,False,,,2026-06-01,2026-06-01-12-19-33-쿠팡-헬스-건강식품-쿠팡랭킹순.xlsx,일양약품 프라임 프로바이오틱스 유산균19 60g,"5,760원","6,500원",11%,1370,5.0
coupang,헬스/건강식품,coupang_rank,쿠팡랭킹순,93,"뉴트리션메이트 비타민C 120g, 1개, 100정",뉴트리션메이트 비타민c 120g,,7650,9000.0,15,1350.0,로켓배송,819,5.0,6.709304340258298,low_price,low_review,low_price,low_review,False,True,False,False,False,,,2026-06-01,2026-06-01-12-19-33-쿠팡-헬스-건강식품-쿠팡랭킹순.xlsx,뉴트리션메이트 비타민c 120g,"7,650원","9,000원",15%,819,5.0
coupang,헬스/건강식품,coupang_rank,쿠팡랭킹순,94,"덴프스 혈당케어 슬림 영양제, 90정, 1개",덴프스 혈당케어 슬림 영양제,,10800,,0,,로켓배송,313,5.0,5.749392985908253,low_price,low_review,low_price,low_review,False,False,False,False,False,,,2026-06-01,2026-06-01-12-19-33-쿠팡-헬스-건강식품-쿠팡랭킹순.xlsx,덴프스 혈당케어 슬림 영양제,"10,800원",없음,0%,313,5.0
coupang,헬스/건강식품,coupang_rank,쿠팡랭킹순,95,"순수식품 쏘팔메토 로르산 115 옥타코사놀, 60정, 3개",순수식품 쏘팔메토 로르산 115 옥타코사놀,,25090,50000.0,49,24910.0,판매자로켓,5010,4.5,8.519390774959724,mid_price,mid_review,high_price,mid_review,False,True,False,False,False,,,2026-06-01,2026-06-01-12-19-33-쿠팡-헬스-건강식품-쿠팡랭킹순.xlsx,순수식품 쏘팔메토 로르산 115 옥타코사놀,"25,090원","50,000원",49%,5010,4.5
coupang,헬스/건강식품,coupang_rank,쿠팡랭킹순,96,"함소아 리포퍼 철분가득 30포 1개월분, 45g, 1개",함소아 리포퍼 철분가득 45g,,9900,,0,,로켓배송,1758,5.0,7.472500744737558,low_price,low_review,low_price,low_review,False,False,False,False,False,,,2026-06-01,2026-06-01-12-19-33-쿠팡-헬스-건강식품-쿠팡랭킹순.xlsx,함소아 리포퍼 철분가득 45g,"9,900원",없음,0%,1758,5.0
coupang,헬스/건강식품,coupang_rank,쿠팡랭킹순,97,"잠백이 저스트 크레아틴, 300g, 1개",잠백이 저스트 크레아틴 300g,,13900,,0,,로켓배송,1730,5.0,7.456454555176209,low_price,low_review,mid_price,low_review,False,False,False,True,True,,,2026-06-01,2026-06-01-12-19-33-쿠팡-헬스-건강식품-쿠팡랭킹순.xlsx,잠백이 저스트 크레아틴 300g,"13,900원",없음,0%,1730,5.0
coupang,헬스/건강식품,coupang_rank,쿠팡랭킹순,98,"쏘팔코사놀 1000mg 쏘팔메토, 130정, 1개",쏘팔코사놀 1000mg 쏘팔메토,,84660,86660.0,2,2000.0,로켓배송,20530,4.5,9.929691218032765,high_price,mid_review,high_price,high_review,False,True,False,False,False,,,2026-06-01,2026-06-01-12-19-33-쿠팡-헬스-건강식품-쿠팡랭킹순.xlsx,쏘팔코사놀 1000mg 쏘팔메토,"84,660원","86,660원",2%,20530,4.5
coupang,헬스/건강식품,coupang_rank,쿠팡랭킹순,99,"종근당 프로바이오틱스 유산균19, 60회분, 2g, 1개",종근당 프로바이오틱스 유산균19 2g,,12670,50000.0,74,37330.0,로켓배송,8483,4.5,9.045937315684574,low_price,mid_review,mid_price,mid_review,False,True,False,False,False,,,2026-06-01,2026-06-01-12-19-33-쿠팡-헬스-건강식품-쿠팡랭킹순.xlsx,종근당 프로바이오틱스 유산균19 2g,"12,670원","50,000원",74%,8483,4.5
coupang,헬스/건강식품,coupang_rank,쿠팡랭킹순,100,"코오롱제약 기억력 혈행엔 은행잎 플러스, 30정, 1개",코오롱제약 기억력 혈행엔 은행잎 플러스,,5900,10600.0,44,4700.0,로켓배송,2880,4.5,7.9658927350845286,low_price,low_review,low_price,low_review,False,True,False,False,False,,,2026-06-01,2026-06-01-12-19-33-쿠팡-헬스-건강식품-쿠팡랭킹순.xlsx,코오롱제약 기억력 혈행엔 은행잎 플러스,"5,900원","10,600원",44%,2880,4.5
coupang,헬스/건강식품,coupang_sales,판매량순,1,"종근당 정품 칼슘 앤 마그네슘 비타민D 아연, 180정, 1개",종근당 칼슘 앤 마그네슘 비타민d 아연,,13730,,0,,로켓배송,181067,5.0,12.106627930301652,low_price,high_review,mid_price,high_review,True,False,False,True,True,,,2026-06-01,2026-06-01-12-23-19-쿠팡-헬스-건강식품-판매량순.xlsx,종근당 칼슘 앤 마그네슘 비타민d 아연,"13,730원",없음,0%,181067,5.0
coupang,헬스/건강식품,coupang_sales,판매량순,2,"락토핏 다이어트 유산균 60p, 120g, 1개",락토핏 다이어트 유산균 60p 120g,,15300,25900.0,40,10600.0,로켓배송,13460,5.0,9.507551894644093,low_price,mid_review,mid_price,mid_review,True,True,False,True,True,,,2026-06-01,2026-06-01-12-23-19-쿠팡-헬스-건강식품-판매량순.xlsx,락토핏 다이어트 유산균 60p 120g,"15,300원","25,900원",40%,13460,5.0
coupang,헬스/건강식품,coupang_sales,판매량순,3,"뉴트리가든 비타민D3 5000IU, 180정, 1개",뉴트리가든 비타민d3 5000iu,,12500,19800.0,36,7300.0,로켓배송,40466,5.0,10.608242106137789,low_price,high_review,low_price,high_review,True,True,False,True,True,,,2026-06-01,2026-06-01-12-23-19-쿠팡-헬스-건강식품-판매량순.xlsx,뉴트리가든 비타민d3 5000iu,"12,500원","19,800원",36%,40466,5.0
coupang,헬스/건강식품,coupang_sales,판매량순,4,"종근당건강 알티지 오메가3 듀얼, 60정, 3개",종근당건강 알티지 오메가3 듀얼,,27360,38700.0,29,11340.0,로켓배송,122909,5.0,11.719207659209026,mid_price,high_review,high_price,high_review,True,True,False,True,True,,,2026-06-01,2026-06-01-12-23-19-쿠팡-헬스-건강식품-판매량순.xlsx,종근당건강 알티지 오메가3 듀얼,"27,360원","38,700원",29%,122909,5.0
coupang,헬스/건강식품,coupang_sales,판매량순,5,"종근당 정품 관절연골엔 뮤코다당단백 콘드로이친 1200 플러스, 60정, 2개",종근당 관절연골엔 뮤코다당단백 콘드로이친 1200 플러스,,29910,60000.0,50,30090.0,로켓배송,11288,5.0,9.331584079261546,mid_price,mid_review,high_price,mid_review,True,True,False,True,True,,,2026-06-01,2026-06-01-12-23-19-쿠팡-헬스-건강식품-판매량순.xlsx,종근당 관절연골엔 뮤코다당단백 콘드로이친 1200 플러스,"29,910원","60,000원",50%,11288,5.0
coupang,헬스/건강식품,coupang_sales,판매량순,6,"메가도스 D 비타민D3 4000IU, 90정, 1개",메가도스 d 비타민d3 4000iu,,9900,,0,,로켓배송,11813,5.0,9.37704054786718,low_price,mid_review,low_price,mid_review,True,False,False,True,True,,,2026-06-01,2026-06-01-12-23-19-쿠팡-헬스-건강식품-판매량순.xlsx,메가도스 d 비타민d3 4000iu,"9,900원",없음,0%,11813,5.0
coupang,헬스/건강식품,coupang_sales,판매량순,7,"오쏘몰 이뮨 멀티비타민, 30회분, 1개",오쏘몰 이뮨 멀티비타민,,81700,,0,,로켓배송,2854,4.5,7.956827122090111,high_price,low_review,high_price,low_review,True,False,False,True,True,,,2026-06-01,2026-06-01-12-23-19-쿠팡-헬스-건강식품-판매량순.xlsx,오쏘몰 이뮨 멀티비타민,"81,700원",없음,0%,2854,4.5
coupang,헬스/건강식품,coupang_sales,판매량순,8,"센트룸 우먼 더블업, 60정, 1개",센트룸 우먼 더블업,,26800,29000.0,7,2200.0,로켓배송,1617,5.0,7.388946097618437,mid_price,low_review,high_price,low_review,True,True,False,True,True,,,2026-06-01,2026-06-01-12-23-19-쿠팡-헬스-건강식품-판매량순.xlsx,센트룸 우먼 더블업,"26,800원","29,000원",7%,1617,5.0
coupang,헬스/건강식품,coupang_sales,판매량순,9,"센트룸 실버 우먼 멀티비타민 76.7g, 50정, 1개",센트룸 실버 우먼 멀티비타민 76 7g,,22950,27000.0,15,4050.0,로켓배송,20587,5.0,9.932463660772646,mid_price,mid_review,high_price,high_review,True,True,False,False,False,,,2026-06-01,2026-06-01-12-23-19-쿠팡-헬스-건강식품-판매량순.xlsx,센트룸 실버 우먼 멀티비타민 76 7g,"22,950원","27,000원",15%,20587,5.0
coupang,헬스/건강식품,coupang_sales,판매량순,10,"솔가 엽산 800, 100정, 1개",솔가 엽산 800,,18100,40000.0,54,21900.0,로켓배송,15486,5.0,9.647756241316175,low_price,mid_review,mid_price,mid_review,True,True,False,True,True,,,2026-06-01,2026-06-01-12-23-19-쿠팡-헬스-건강식품-판매량순.xlsx,솔가 엽산 800,"18,100원","40,000원",54%,15486,5.0
coupang,헬스/건강식품,coupang_sales,판매량순,11,"뉴트리디데이 프리미엄 밀크씨슬 골드, 90정, 45g, 1개",뉴트리디데이 프리미엄 밀크씨슬 골드 45g,,12900,23160.0,44,10260.0,로켓배송,40423,5.0,10.607178946971745,low_price,high_review,mid_price,high_review,True,True,False,True,True,,,2026-06-01,2026-06-01-12-23-19-쿠팡-헬스-건강식품-판매량순.xlsx,뉴트리디데이 프리미엄 밀크씨슬 골드 45g,"12,900원","23,160원",44%,40423,5.0
coupang,헬스/건강식품,coupang_sales,판매량순,12,"잠백이 저스트 크레아틴, 300g, 1개",잠백이 저스트 크레아틴 300g,,13900,,0,,로켓배송,1730,5.0,7.456454555176209,low_price,low_review,mid_price,low_review,True,False,False,True,True,,,2026-06-01,2026-06-01-12-23-19-쿠팡-헬스-건강식품-판매량순.xlsx,잠백이 저스트 크레아틴 300g,"13,900원",없음,0%,1730,5.0
coupang,헬스/건강식품,coupang_sales,판매량순,13,"종근당건강 정품 비타민D 2000IU, 90정, 1개",종근당건강 비타민d 2000iu,,10720,10950.0,2,230.0,로켓프레시,675,5.0,6.516193076042964,low_price,low_review,low_price,low_review,True,True,False,True,True,,,2026-06-01,2026-06-01-12-23-19-쿠팡-헬스-건강식품-판매량순.xlsx,종근당건강 비타민d 2000iu,"10,720원","10,950원",2%,675,5.0
coupang,헬스/건강식품,coupang_sales,판매량순,14,"락토핏 키즈 유산균, 60회분, 120g, 2개",락토핏 키즈 유산균 120g,,24500,49800.0,50,25300.0,로켓배송,68766,5.0,11.138479257689228,mid_price,high_review,high_price,high_review,True,True,False,True,True,,,2026-06-01,2026-06-01-12-23-19-쿠팡-헬스-건강식품-판매량순.xlsx,락토핏 키즈 유산균 120g,"24,500원","49,800원",50%,68766,5.0
coupang,헬스/건강식품,coupang_sales,판매량순,15,"종근당 20100 루테인 지아잔틴 아스타잔틴 플러스 영양제, 60정, 1개",종근당 20100 루테인 지아잔틴 아스타잔틴 플러스 영양제,,24090,,0,,로켓배송,2242,4.5,7.715569534520208,mid_price,low_review,high_price,low_review,True,False,False,False,False,,,2026-06-01,2026-06-01-12-23-19-쿠팡-헬스-건강식품-판매량순.xlsx,종근당 20100 루테인 지아잔틴 아스타잔틴 플러스 영양제,"24,090원",없음,0%,2242,4.5
coupang,헬스/건강식품,coupang_sales,판매량순,16,"아이클리어 루테인지아잔틴, 30정, 6개",아이클리어 루테인지아잔틴,,47880,101400.0,52,53520.0,로켓배송,176706,5.0,12.082248272690077,high_price,high_review,high_price,high_review,True,True,False,True,True,,,2026-06-01,2026-06-01-12-23-19-쿠팡-헬스-건강식품-판매량순.xlsx,아이클리어 루테인지아잔틴,"47,880원","101,400원",52%,176706,5.0
coupang,헬스/건강식품,coupang_sales,판매량순,17,"익스트림 올인원 포 맨 멀티비타민, 30회분, 1개",익스트림 올인원 포 맨 멀티비타민,,40000,,0,,판매자로켓,5342,5.0,8.583542571957771,mid_price,mid_review,high_price,mid_review,True,False,False,False,False,,,2026-06-01,2026-06-01-12-23-19-쿠팡-헬스-건강식품-판매량순.xlsx,익스트림 올인원 포 맨 멀티비타민,"40,000원",없음,0%,5342,5.0
coupang,헬스/건강식품,coupang_sales,판매량순,18,"락토핏 골드 유산균 선물세트, 100g, 3개",락토핏 골드 유산균 선물세트 100g,,30150,31000.0,2,850.0,로켓배송,21754,5.0,9.98759889515478,mid_price,mid_review,high_price,high_review,True,True,False,True,True,,,2026-06-01,2026-06-01-12-23-19-쿠팡-헬스-건강식품-판매량순.xlsx,락토핏 골드 유산균 선물세트 100g,"30,150원","31,000원",2%,21754,5.0
coupang,헬스/건강식품,coupang_sales,판매량순,19,"비에날씬 BNR17 다이어트 유산균 슬림플러스, 28g, 1개",비에날씬 bnr17 다이어트 유산균 슬림플러스 28g,,25900,,0,,로켓배송,3398,4.5,8.131236549696116,mid_price,low_review,high_price,low_review,True,False,False,True,True,,,2026-06-01,2026-06-01-12-23-19-쿠팡-헬스-건강식품-판매량순.xlsx,비에날씬 bnr17 다이어트 유산균 슬림플러스 28g,"25,900원",없음,0%,3398,4.5
coupang,헬스/건강식품,coupang_sales,판매량순,20,"뉴트리디데이 프리미엄 오메가3 골드 1100, 90정, 1개",뉴트리디데이 프리미엄 오메가3 골드 1100,,20900,33160.0,36,12260.0,로켓배송,64890,5.0,11.080464218191493,mid_price,high_review,mid_price,high_review,True,True,False,False,False,,,2026-06-01,2026-06-01-12-23-19-쿠팡-헬스-건강식품-판매량순.xlsx,뉴트리디데이 프리미엄 오메가3 골드 1100,"20,900원","33,160원",36%,64890,5.0
coupang,헬스/건강식품,coupang_sales,판매량순,21,"센트룸 정품 멀티 구미 비타민, 80정, 1개",센트룸 멀티 구미 비타민,,21230,26000.0,18,4770.0,로켓배송,45697,5.0,10.72980981224849,mid_price,high_review,mid_price,high_review,False,True,False,True,True,,,2026-06-01,2026-06-01-12-23-19-쿠팡-헬스-건강식품-판매량순.xlsx,센트룸 멀티 구미 비타민,"21,230원","26,000원",18%,45697,5.0
coupang,헬스/건강식품,coupang_sales,판매량순,22,"뉴트리디데이 프리미엄 마그네슘 400, 90정, 1개",뉴트리디데이 프리미엄 마그네슘 400,,10900,21500.0,49,10600.0,로켓배송,9531,5.0,9.162409838218633,low_price,mid_review,low_price,mid_review,False,True,False,False,False,,,2026-06-01,2026-06-01-12-23-19-쿠팡-헬스-건강식품-판매량순.xlsx,뉴트리디데이 프리미엄 마그네슘 400,"10,900원","21,500원",49%,9531,5.0
coupang,헬스/건강식품,coupang_sales,판매량순,23,"엘레나 유렉스 프로바이오틱스 유산균, 90정, 1개",엘레나 유렉스 프로바이오틱스 유산균,,63910,,0,,로켓배송,22663,5.0,10.028533041510352,high_price,mid_review,high_price,high_review,False,False,False,True,True,,,2026-06-01,2026-06-01-12-23-19-쿠팡-헬스-건강식품-판매량순.xlsx,엘레나 유렉스 프로바이오틱스 유산균,"63,910원",없음,0%,22663,5.0
coupang,헬스/건강식품,coupang_sales,판매량순,24,"닥터린 초임계 알티지 오메가3 알파 30.21g, 30정, 3개",닥터린 초임계 알티지 오메가3 알파 30 21g,,26900,29700.0,9,2800.0,로켓배송,39313,5.0,10.579335968517745,mid_price,high_review,high_price,high_review,False,True,False,False,False,,,2026-06-01,2026-06-01-12-23-19-쿠팡-헬스-건강식품-판매량순.xlsx,닥터린 초임계 알티지 오메가3 알파 30 21g,"26,900원","29,700원",9%,39313,5.0
coupang,헬스/건강식품,coupang_sales,판매량순,25,"종근당건강 프리미엄 비타C 1000플러스, 100정, 1개",종근당건강 프리미엄 비타c 1000플러스,,10450,12450.0,16,2000.0,로켓배송,25532,5.0,10.14772701214507,low_price,high_review,low_price,high_review,False,True,False,True,True,,,2026-06-01,2026-06-01-12-23-19-쿠팡-헬스-건강식품-판매량순.xlsx,종근당건강 프리미엄 비타c 1000플러스,"10,450원","12,450원",16%,25532,5.0
coupang,헬스/건강식품,coupang_sales,판매량순,26,"신타6 정품 프로틴 파우더 초코맛, 2.27kg, 1개",신타6 프로틴 파우더 초코맛 2 27kg,,99900,110900.0,9,11000.0,로켓배송,4818,5.0,8.480321716640333,high_price,low_review,high_price,mid_review,False,True,False,False,False,,,2026-06-01,2026-06-01-12-23-19-쿠팡-헬스-건강식품-판매량순.xlsx,신타6 프로틴 파우더 초코맛 2 27kg,"99,900원","110,900원",9%,4818,5.0
coupang,헬스/건강식품,coupang_sales,판매량순,27,"베베모린 뽀롱뽀롱 뽀로로 복숭아맛 비타민C, 50정, 3개",베베모린 뽀롱뽀롱 뽀로로 복숭아맛 비타민c,,6090,,0,,로켓배송,14219,5.0,9.562404703357231,low_price,mid_review,low_price,mid_review,False,False,False,True,True,,,2026-06-01,2026-06-01-12-23-19-쿠팡-헬스-건강식품-판매량순.xlsx,베베모린 뽀롱뽀롱 뽀로로 복숭아맛 비타민c,"6,090원",없음,0%,14219,5.0
coupang,헬스/건강식품,coupang_sales,판매량순,28,"아이원 루테인지아잔틴 미니, 180정, 1개",아이원 루테인지아잔틴 미니,,30960,,0,,로켓배송,45195,5.0,10.718763866329137,mid_price,high_review,high_price,high_review,False,False,False,False,False,,,2026-06-01,2026-06-01-12-23-19-쿠팡-헬스-건강식품-판매량순.xlsx,아이원 루테인지아잔틴 미니,"30,960원",없음,0%,45195,5.0
coupang,헬스/건강식품,coupang_sales,판매량순,29,"락토핏 정품 코어 유산균 60p, 2g, 180개",락토핏 코어 유산균 60p 2g,,33790,,0,,로켓배송,80335,5.0,11.293973118274486,mid_price,high_review,high_price,high_review,False,False,False,False,False,,,2026-06-01,2026-06-01-12-23-19-쿠팡-헬스-건강식품-판매량순.xlsx,락토핏 코어 유산균 60p 2g,"33,790원",없음,0%,80335,5.0
coupang,헬스/건강식품,coupang_sales,판매량순,30,"동화약품 코엔자임 큐10 코큐텐 맥스 혈압 항산화 케어 관리 조절 30g, 60정, 1개",동화약품 코엔자임 큐10 코큐텐 맥스 혈압 항산화 케어 관리 조절 30g,,14450,30000.0,51,15550.0,로켓배송,7456,5.0,8.916908467543795,low_price,mid_review,mid_price,mid_review,False,True,False,True,True,,,2026-06-01,2026-06-01-12-23-19-쿠팡-헬스-건강식품-판매량순.xlsx,동화약품 코엔자임 큐10 코큐텐 맥스 혈압 항산화 케어 관리 조절 30g,"14,450원","30,000원",51%,7456,5.0
coupang,헬스/건강식품,coupang_sales,판매량순,31,"순수식품 rTG 오메가3 비타민D 1000mg, 60정, 3개",순수식품 rtg 오메가3 비타민d 1000mg,,23990,45000.0,46,21010.0,판매자로켓,9768,4.5,9.186969385652942,mid_price,mid_review,high_price,mid_review,False,True,False,True,True,,,2026-06-01,2026-06-01-12-23-19-쿠팡-헬스-건강식품-판매량순.xlsx,순수식품 rtg 오메가3 비타민d 1000mg,"23,990원","45,000원",46%,9768,4.5
coupang,헬스/건강식품,coupang_sales,판매량순,32,"아임비타 종근당건강 멀티비타민 이뮨샷 7 164.36g, 7회분, 1개",아임비타 종근당건강 멀티비타민 이뮨샷 7 164 36g,,13450,20900.0,35,7450.0,로켓배송,8718,5.0,9.073259831427816,low_price,mid_review,mid_price,mid_review,False,True,False,True,True,,,2026-06-01,2026-06-01-12-23-19-쿠팡-헬스-건강식품-판매량순.xlsx,아임비타 종근당건강 멀티비타민 이뮨샷 7 164 36g,"13,450원","20,900원",35%,8718,5.0
coupang,헬스/건강식품,coupang_sales,판매량순,33,"잠백이 저스트 크레아틴 모노 하이드레이트 헬스보조제, 1.2kg, 1개",잠백이 저스트 크레아틴 모노 하이드레이트 헬스보조제 1 2kg,,29900,,0,,로켓배송,1730,5.0,7.456454555176209,mid_price,low_review,high_price,low_review,False,False,False,False,False,,,2026-06-01,2026-06-01-12-23-19-쿠팡-헬스-건강식품-판매량순.xlsx,잠백이 저스트 크레아틴 모노 하이드레이트 헬스보조제 1 2kg,"29,900원",없음,0%,1730,5.0
coupang,헬스/건강식품,coupang_sales,판매량순,34,"나우그린 정품 프리미엄 비피더스 100, 30정, 1개",나우그린 프리미엄 비피더스 100,,19900,23800.0,16,3900.0,로켓배송,4401,5.0,8.389814262086407,mid_price,low_review,mid_price,mid_review,False,True,False,False,False,,,2026-06-01,2026-06-01-12-23-19-쿠팡-헬스-건강식품-판매량순.xlsx,나우그린 프리미엄 비피더스 100,"19,900원","23,800원",16%,4401,5.0
coupang,헬스/건강식품,coupang_sales,판매량순,35,"락토핏 당케어 유산균, 120g, 1개",락토핏 당케어 유산균 120g,,13730,35000.0,60,21270.0,로켓배송,20318,5.0,9.919311687883013,low_price,mid_review,mid_price,high_review,False,True,False,True,True,,,2026-06-01,2026-06-01-12-23-19-쿠팡-헬스-건강식품-판매량순.xlsx,락토핏 당케어 유산균 120g,"13,730원","35,000원",60%,20318,5.0
coupang,헬스/건강식품,coupang_sales,판매량순,36,"함소아 비타민D 1000IU 60p, 60정, 1개",함소아 비타민d 1000iu 60p,,10950,,0,,로켓배송,25250,5.0,10.136621037879685,low_price,high_review,low_price,high_review,False,False,False,True,True,,,2026-06-01,2026-06-01-12-23-19-쿠팡-헬스-건강식품-판매량순.xlsx,함소아 비타민d 1000iu 60p,"10,950원",없음,0%,25250,5.0
coupang,헬스/건강식품,coupang_sales,판매량순,37,"락피도 정품 철분 액상 30포, 240ml, 1개",락피도 철분 액상 240ml,,15340,35000.0,56,19660.0,로켓배송,8200,5.0,9.012011377036412,low_price,mid_review,mid_price,mid_review,False,True,False,False,False,,,2026-06-01,2026-06-01-12-23-19-쿠팡-헬스-건강식품-판매량순.xlsx,락피도 철분 액상 240ml,"15,340원","35,000원",56%,8200,5.0
coupang,헬스/건강식품,coupang_sales,판매량순,38,"락토핏 생유산균 베베 60포, 120g, 1개",락토핏 생유산균 베베 120g,,15600,,0,,로켓배송,36636,5.0,10.508813937706645,low_price,high_review,mid_price,high_review,False,False,False,False,False,,,2026-06-01,2026-06-01-12-23-19-쿠팡-헬스-건강식품-판매량순.xlsx,락토핏 생유산균 베베 120g,"15,600원",없음,0%,36636,5.0
coupang,헬스/건강식품,coupang_sales,판매량순,39,"종근당건강 프로메가 알티지 오메가3 듀얼, 60정, 2개",종근당건강 프로메가 알티지 오메가3 듀얼,,18260,25800.0,29,7540.0,로켓배송,122909,5.0,11.719207659209026,low_price,high_review,mid_price,high_review,False,True,False,True,True,,,2026-06-01,2026-06-01-12-23-19-쿠팡-헬스-건강식품-판매량순.xlsx,종근당건강 프로메가 알티지 오메가3 듀얼,"18,260원","25,800원",29%,122909,5.0
coupang,헬스/건강식품,coupang_sales,판매량순,40,"헬로바이오 프리미엄 철분제, 90정, 1개",헬로바이오 프리미엄 철분제,,8400,,0,,로켓배송,1172,5.0,7.067319848653476,low_price,low_review,low_price,low_review,False,False,False,True,True,,,2026-06-01,2026-06-01-12-23-19-쿠팡-헬스-건강식품-판매량순.xlsx,헬로바이오 프리미엄 철분제,"8,400원",없음,0%,1172,5.0
coupang,헬스/건강식품,coupang_sales,판매량순,41,"에버콜라겐 타임 비오틴, 150g, 1개",에버콜라겐 타임 비오틴 150g,,39900,72000.0,44,32100.0,로켓배송,56659,5.0,10.944823773384508,mid_price,high_review,high_price,high_review,False,True,False,False,False,,,2026-06-01,2026-06-01-12-23-19-쿠팡-헬스-건강식품-판매량순.xlsx,에버콜라겐 타임 비오틴 150g,"39,900원","72,000원",44%,56659,5.0
coupang,헬스/건강식품,coupang_sales,판매량순,42,"네추럴라이즈 멀티비타민 꾸미, 60정, 1개",네추럴라이즈 멀티비타민 꾸미,,12900,,0,,로켓배송,14724,5.0,9.597302008519787,low_price,mid_review,mid_price,mid_review,False,False,False,True,True,,,2026-06-01,2026-06-01-12-23-19-쿠팡-헬스-건강식품-판매량순.xlsx,네추럴라이즈 멀티비타민 꾸미,"12,900원",없음,0%,14724,5.0
coupang,헬스/건강식품,coupang_sales,판매량순,43,"유한건강생활 이너플로라 UREX 프로바이오틱스 유산균, 30정, 1개",유한건강생활 이너플로라 urex 프로바이오틱스 유산균,,22700,50000.0,54,27300.0,로켓배송,7227,5.0,8.885717651712119,mid_price,mid_review,high_price,mid_review,False,True,False,False,False,,,2026-06-01,2026-06-01-12-23-19-쿠팡-헬스-건강식품-판매량순.xlsx,유한건강생활 이너플로라 urex 프로바이오틱스 유산균,"22,700원","50,000원",54%,7227,5.0
coupang,헬스/건강식품,coupang_sales,판매량순,44,"얼라이브 원스데일리 포 우먼 멀티비타민, 30정, 1개",얼라이브 원스데일리 포 우먼 멀티비타민,,12900,,0,,로켓배송,42561,5.0,10.658717115392617,low_price,high_review,mid_price,high_review,False,False,False,True,True,,,2026-06-01,2026-06-01-12-23-19-쿠팡-헬스-건강식품-판매량순.xlsx,얼라이브 원스데일리 포 우먼 멀티비타민,"12,900원",없음,0%,42561,5.0
coupang,헬스/건강식품,coupang_sales,판매량순,45,"센트룸 멀티비타민 실버 포우먼, 112정, 1개",센트룸 멀티비타민 실버 포우먼,,36530,,0,,판매자로켓,20587,5.0,9.932463660772646,mid_price,mid_review,high_price,high_review,False,False,False,False,False,,,2026-06-01,2026-06-01-12-23-19-쿠팡-헬스-건강식품-판매량순.xlsx,센트룸 멀티비타민 실버 포우먼,"36,530원",없음,0%,20587,5.0
coupang,헬스/건강식품,coupang_sales,판매량순,46,"솔가 엽산 400, 100정, 1개",솔가 엽산 400,,12600,35000.0,64,22400.0,로켓배송,25307,5.0,10.138875830266775,low_price,high_review,mid_price,high_review,False,True,False,False,False,,,2026-06-01,2026-06-01-12-23-19-쿠팡-헬스-건강식품-판매량순.xlsx,솔가 엽산 400,"12,600원","35,000원",64%,25307,5.0
coupang,헬스/건강식품,coupang_sales,판매량순,47,"락티브 하트톡 철분, 30정, 1개",락티브 하트톡 철분,,18000,19000.0,5,1000.0,로켓배송,149,5.0,5.0106352940962555,low_price,low_review,mid_price,low_review,False,True,False,False,False,,,2026-06-01,2026-06-01-12-23-19-쿠팡-헬스-건강식품-판매량순.xlsx,락티브 하트톡 철분,"18,000원","19,000원",5%,149,5.0
coupang,헬스/건강식품,coupang_sales,판매량순,48,"메가도스 비타민C 3000mg, 180g, 1개",메가도스 비타민c 3000mg 180g,,17600,,0,,로켓배송,61016,5.0,11.018907792853605,low_price,high_review,mid_price,high_review,False,False,False,False,False,,,2026-06-01,2026-06-01-12-23-19-쿠팡-헬스-건강식품-판매량순.xlsx,메가도스 비타민c 3000mg 180g,"17,600원",없음,0%,61016,5.0
coupang,헬스/건강식품,coupang_sales,판매량순,49,"올바른건강식품 곡물효소 프로바이오틱스 블랙, 270g, 1개",올바른건강식품 곡물효소 프로바이오틱스 블랙 270g,,17900,21900.0,18,4000.0,로켓배송,14137,5.0,9.556621486730899,low_price,mid_review,mid_price,mid_review,False,True,False,True,True,,,2026-06-01,2026-06-01-12-23-19-쿠팡-헬스-건강식품-판매량순.xlsx,올바른건강식품 곡물효소 프로바이오틱스 블랙 270g,"17,900원","21,900원",18%,14137,5.0
coupang,헬스/건강식품,coupang_sales,판매량순,50,"(고함량 마그네슘 영양제) 400mg 프리미엄 산화마그네슘 식약처 인증 식약청 인정 건강헤아림, 90정, 2개",고함량 마그네슘 영양제 400mg 프리미엄 산화마그네슘 식약처 인증 식약청 인정 건강헤아림,,29900,74900.0,60,45000.0,판매자로켓,6403,4.5,8.764678074116606,mid_price,mid_review,high_price,mid_review,False,True,False,False,False,,,2026-06-01,2026-06-01-12-23-19-쿠팡-헬스-건강식품-판매량순.xlsx,고함량 마그네슘 영양제 400mg 프리미엄 산화마그네슘 식약처 인증 식약청 인정 건강헤아림,"29,900원","74,900원",60%,6403,4.5
coupang,헬스/건강식품,coupang_sales,판매량순,51,"종근당 아연 플러스, 90정, 1개",종근당 아연 플러스,,11870,,0,,로켓배송,2984,4.5,8.001355025826703,low_price,low_review,low_price,low_review,False,False,False,False,False,,,2026-06-01,2026-06-01-12-23-19-쿠팡-헬스-건강식품-판매량순.xlsx,종근당 아연 플러스,"11,870원",없음,0%,2984,4.5
coupang,헬스/건강식품,coupang_sales,판매량순,52,"뉴프라이스 정직한 알티지 오메가3, 1개, 60정",뉴프라이스 정직한 알티지 오메가3,,6900,15900.0,56,9000.0,로켓배송,322,5.0,5.777652323222656,low_price,low_review,low_price,low_review,False,True,False,False,False,,,2026-06-01,2026-06-01-12-23-19-쿠팡-헬스-건강식품-판매량순.xlsx,뉴프라이스 정직한 알티지 오메가3,"6,900원","15,900원",56%,322,5.0
coupang,헬스/건강식품,coupang_sales,판매량순,53,"비타할로 온가족 생 유산균, 300g, 1개",비타할로 온가족 생 유산균 300g,,18990,27500.0,30,8510.0,로켓배송,48922,5.0,10.798002912532443,low_price,high_review,mid_price,high_review,False,True,False,True,True,,,2026-06-01,2026-06-01-12-23-19-쿠팡-헬스-건강식품-판매량순.xlsx,비타할로 온가족 생 유산균 300g,"18,990원","27,500원",30%,48922,5.0
coupang,헬스/건강식품,coupang_sales,판매량순,54,"동화약품 에스트로타임 갱년기 여성 케어 회화나무열매 대두이소플라본 비타민D 영양제, 30정, 1개",동화약품 에스트로타임 갱년기 여성 케어 회화나무열매 대두이소플라본 비타민d 영양제,,13760,20000.0,31,6240.0,로켓배송,2032,5.0,7.617267813628347,low_price,low_review,mid_price,low_review,False,True,False,True,True,,,2026-06-01,2026-06-01-12-23-19-쿠팡-헬스-건강식품-판매량순.xlsx,동화약품 에스트로타임 갱년기 여성 케어 회화나무열매 대두이소플라본 비타민d 영양제,"13,760원","20,000원",31%,2032,5.0
coupang,헬스/건강식품,coupang_sales,판매량순,55,"익스트림 초임계 알티지 오메가3 1200, 60정, 1개",익스트림 초임계 알티지 오메가3 1200,,25500,53000.0,51,27500.0,로켓배송,3026,5.0,8.01532730902172,mid_price,low_review,high_price,low_review,False,True,False,False,False,,,2026-06-01,2026-06-01-12-23-19-쿠팡-헬스-건강식품-판매량순.xlsx,익스트림 초임계 알티지 오메가3 1200,"25,500원","53,000원",51%,3026,5.0
coupang,헬스/건강식품,coupang_sales,판매량순,56,"닥터에디션 바이오D 드롭스, 8ml, 1개",닥터에디션 바이오d 드롭스 8ml,,42500,47000.0,9,4500.0,판매자로켓,2021,5.0,7.611842399580417,mid_price,low_review,high_price,low_review,False,True,False,False,False,,,2026-06-01,2026-06-01-12-23-19-쿠팡-헬스-건강식품-판매량순.xlsx,닥터에디션 바이오d 드롭스 8ml,"42,500원","47,000원",9%,2021,5.0
coupang,헬스/건강식품,coupang_sales,판매량순,57,"일양약품 눈건강 루테인 골드, 30정, 4개",일양약품 눈건강 루테인 골드,,24100,24600.0,2,500.0,로켓배송,27826,4.5,10.233762051368387,mid_price,high_review,high_price,high_review,False,True,False,False,False,,,2026-06-01,2026-06-01-12-23-19-쿠팡-헬스-건강식품-판매량순.xlsx,일양약품 눈건강 루테인 골드,"24,100원","24,600원",2%,27826,4.5
coupang,헬스/건강식품,coupang_sales,판매량순,58,"셀렉스 프로틴 락토프리 플러스 근력단백질, 570g, 1개",셀렉스 프로틴 락토프리 플러스 근력단백질 570g,,37790,42000.0,10,4210.0,로켓배송,1469,5.0,7.293017679772782,mid_price,low_review,high_price,low_review,False,True,False,False,False,,,2026-06-01,2026-06-01-12-23-19-쿠팡-헬스-건강식품-판매량순.xlsx,셀렉스 프로틴 락토프리 플러스 근력단백질 570g,"37,790원","42,000원",10%,1469,5.0
coupang,헬스/건강식품,coupang_sales,판매량순,59,"종근당 마그네슘 플러스, 90정, 1개",종근당 마그네슘 플러스,,12670,,0,,로켓배송,4379,4.5,8.384804003370492,low_price,low_review,mid_price,mid_review,False,False,False,True,True,,,2026-06-01,2026-06-01-12-23-19-쿠팡-헬스-건강식품-판매량순.xlsx,종근당 마그네슘 플러스,"12,670원",없음,0%,4379,4.5
coupang,헬스/건강식품,coupang_sales,판매량순,60,"내츄럴플러스 알티지 오메가3 1200, 180정, 234g, 1개",내츄럴플러스 알티지 오메가3 1200 234g,,48380,,0,,로켓배송,42313,5.0,10.652873279543263,high_price,high_review,high_price,high_review,False,False,False,False,False,,,2026-06-01,2026-06-01-12-23-19-쿠팡-헬스-건강식품-판매량순.xlsx,내츄럴플러스 알티지 오메가3 1200 234g,"48,380원",없음,0%,42313,5.0
coupang,헬스/건강식품,coupang_sales,판매량순,61,"황금구렁이 오리지널 차전자피 식이섬유, 153g, 1개",황금구렁이 오리지널 차전자피 식이섬유 153g,,21900,39900.0,45,18000.0,로켓배송,1944,4.5,7.573017256052546,mid_price,low_review,high_price,low_review,False,True,False,True,True,,,2026-06-01,2026-06-01-12-23-19-쿠팡-헬스-건강식품-판매량순.xlsx,황금구렁이 오리지널 차전자피 식이섬유 153g,"21,900원","39,900원",45%,1944,4.5
coupang,헬스/건강식품,coupang_sales,판매량순,62,"닥터린 정품 초임계 알티지 오메가3 알파, 30정, 1개",닥터린 초임계 알티지 오메가3 알파,,9400,12300.0,23,2900.0,로켓배송,39313,5.0,10.579335968517745,low_price,high_review,low_price,high_review,False,True,False,True,True,,,2026-06-01,2026-06-01-12-23-19-쿠팡-헬스-건강식품-판매량순.xlsx,닥터린 초임계 알티지 오메가3 알파,"9,400원","12,300원",23%,39313,5.0
coupang,헬스/건강식품,coupang_sales,판매량순,63,"덴프스 트루바이타민 I, 50.7g, 1개",덴프스 트루바이타민 i 50 7g,,18850,19930.0,5,1080.0,로켓배송,6903,5.0,8.839856232763264,low_price,mid_review,mid_price,mid_review,False,True,False,True,True,,,2026-06-01,2026-06-01-12-23-19-쿠팡-헬스-건강식품-판매량순.xlsx,덴프스 트루바이타민 i 50 7g,"18,850원","19,930원",5%,6903,5.0
coupang,헬스/건강식품,coupang_sales,판매량순,64,"마미앤대디 비건 식물성 비타민D 2000IU 9g, 1개, 60정",마미앤대디 비건 식물성 비타민d 2000iu 9g,,19900,26000.0,23,6100.0,로켓배송,1095,5.0,6.999422467507961,mid_price,low_review,mid_price,low_review,False,True,False,False,False,,,2026-06-01,2026-06-01-12-23-19-쿠팡-헬스-건강식품-판매량순.xlsx,마미앤대디 비건 식물성 비타민d 2000iu 9g,"19,900원","26,000원",23%,1095,5.0
coupang,헬스/건강식품,coupang_sales,판매량순,65,"신풍제약 헬리코박터균 증식억제 위건강 스페인감초추출물 영양제, 30정, 1개",신풍제약 헬리코박터균 증식억제 위건강 스페인감초추출물 영양제,,9890,15000.0,34,5110.0,판매자로켓,6479,4.5,8.776475789346321,low_price,mid_review,low_price,mid_review,False,True,False,True,True,,,2026-06-01,2026-06-01-12-23-19-쿠팡-헬스-건강식품-판매량순.xlsx,신풍제약 헬리코박터균 증식억제 위건강 스페인감초추출물 영양제,"9,890원","15,000원",34%,6479,4.5
coupang,헬스/건강식품,coupang_sales,판매량순,66,"아르테폴리스 씹어먹는 그린프로폴리스 레몬맛 아르테필린C, 1개, 60정",아르테폴리스 씹어먹는 그린프로폴리스 레몬맛 아르테필린c,,35680,52800.0,32,17120.0,판매자로켓,1647,4.5,7.4073177104694174,mid_price,low_review,high_price,low_review,False,True,False,False,False,,,2026-06-01,2026-06-01-12-23-19-쿠팡-헬스-건강식품-판매량순.xlsx,아르테폴리스 씹어먹는 그린프로폴리스 레몬맛 아르테필린c,"35,680원","52,800원",32%,1647,4.5
coupang,헬스/건강식품,coupang_sales,판매량순,67,"네추럴라이즈 감마리놀렌산 달맞이꽃 종자유, 300정, 1개",네추럴라이즈 감마리놀렌산 달맞이꽃 종자유,,36900,40000.0,7,3100.0,로켓배송,17647,4.5,9.778377741493284,mid_price,mid_review,high_price,high_review,False,True,False,False,False,,,2026-06-01,2026-06-01-12-23-19-쿠팡-헬스-건강식품-판매량순.xlsx,네추럴라이즈 감마리놀렌산 달맞이꽃 종자유,"36,900원","40,000원",7%,17647,4.5
coupang,헬스/건강식품,coupang_sales,판매량순,68,"마스터바이옴 지노 마스터, 28정, 1개",마스터바이옴 지노 마스터,,25800,59000.0,56,33200.0,로켓배송,5644,5.0,8.638525476583762,mid_price,mid_review,high_price,mid_review,False,True,False,False,False,,,2026-06-01,2026-06-01-12-23-19-쿠팡-헬스-건강식품-판매량순.xlsx,마스터바이옴 지노 마스터,"25,800원","59,000원",56%,5644,5.0
coupang,헬스/건강식품,coupang_sales,판매량순,69,"익스트림 밀크씨슬 플러스, 60정, 1개",익스트림 밀크씨슬 플러스,,9900,,0,,로켓배송,6342,5.0,8.755107121633896,low_price,mid_review,low_price,mid_review,False,False,False,True,True,,,2026-06-01,2026-06-01-12-23-19-쿠팡-헬스-건강식품-판매량순.xlsx,익스트림 밀크씨슬 플러스,"9,900원",없음,0%,6342,5.0
coupang,헬스/건강식품,coupang_sales,판매량순,70,"지큐랩 100억 생유산균 골드, 60정, 1개",지큐랩 100억 생유산균 골드,,23000,,0,,로켓배송,15565,5.0,9.652844327519334,mid_price,mid_review,high_price,mid_review,False,False,False,False,False,,,2026-06-01,2026-06-01-12-23-19-쿠팡-헬스-건강식품-판매량순.xlsx,지큐랩 100억 생유산균 골드,"23,000원",없음,0%,15565,5.0
coupang,헬스/건강식품,coupang_sales,판매량순,71,"알유21 비타민C, 6정, 12개",알유21 비타민c,,29820,,0,,로켓배송,13500,5.0,9.510519035757246,mid_price,mid_review,high_price,mid_review,False,False,False,False,False,,,2026-06-01,2026-06-01-12-23-19-쿠팡-헬스-건강식품-판매량순.xlsx,알유21 비타민c,"29,820원",없음,0%,13500,5.0
coupang,헬스/건강식품,coupang_sales,판매량순,72,"차일드라이프 액상 비타민 C 오렌지맛, 118ml, 1개",차일드라이프 액상 비타민 c 오렌지맛 118ml,,12400,,0,,로켓배송,5329,5.0,8.58110651715989,low_price,mid_review,low_price,mid_review,False,False,False,False,False,,,2026-06-01,2026-06-01-12-23-19-쿠팡-헬스-건강식품-판매량순.xlsx,차일드라이프 액상 비타민 c 오렌지맛 118ml,"12,400원",없음,0%,5329,5.0
coupang,헬스/건강식품,coupang_sales,판매량순,73,"헬로바이오 혈압 항산화 케어 프리미엄 코큐텐 코엔자임Q10 30g, 60정, 1개",헬로바이오 혈압 항산화 케어 프리미엄 코큐텐 코엔자임q10 30g,,9400,9900.0,5,500.0,로켓배송,1182,5.0,7.075808863978387,low_price,low_review,low_price,low_review,False,True,False,True,True,,,2026-06-01,2026-06-01-12-23-19-쿠팡-헬스-건강식품-판매량순.xlsx,헬로바이오 혈압 항산화 케어 프리미엄 코큐텐 코엔자임q10 30g,"9,400원","9,900원",5%,1182,5.0
coupang,헬스/건강식품,coupang_sales,판매량순,74,"세노비스 키즈 프로폴리스 스프레이, 25ml, 1개",세노비스 키즈 프로폴리스 스프레이 25ml,,10770,16000.0,32,5230.0,로켓배송,11385,5.0,9.340139809511028,low_price,mid_review,low_price,mid_review,False,True,False,True,True,,,2026-06-01,2026-06-01-12-23-19-쿠팡-헬스-건강식품-판매량순.xlsx,세노비스 키즈 프로폴리스 스프레이 25ml,"10,770원","16,000원",32%,11385,5.0
coupang,헬스/건강식품,coupang_sales,판매량순,75,"닥터린 하이퍼셀 코엔자임Q10 알파 26.25g, 30정, 3개",닥터린 하이퍼셀 코엔자임q10 알파 26 25g,,51960,68700.0,24,16740.0,로켓배송,1773,5.0,7.480992162869525,high_price,low_review,high_price,low_review,False,True,False,False,False,,,2026-06-01,2026-06-01-12-23-19-쿠팡-헬스-건강식품-판매량순.xlsx,닥터린 하이퍼셀 코엔자임q10 알파 26 25g,"51,960원","68,700원",24%,1773,5.0
coupang,헬스/건강식품,coupang_sales,판매량순,76,"뉴트리정 프리미엄 마그네슘 대용량, 1개, 300정",뉴트리정 프리미엄 마그네슘,,19900,39900.0,50,20000.0,판매자로켓,1643,5.0,7.404887575616125,mid_price,low_review,mid_price,low_review,False,True,False,False,False,,,2026-06-01,2026-06-01-12-23-19-쿠팡-헬스-건강식품-판매량순.xlsx,뉴트리정 프리미엄 마그네슘,"19,900원","39,900원",50%,1643,5.0
coupang,헬스/건강식품,coupang_sales,판매량순,77,"에스더포뮬러 여에스더 유산균 클래식 Pro 30캡슐, 3개, 30회분",에스더포뮬러 여에스더 유산균 클래식 pro,,39000,85800.0,54,46800.0,로켓배송,2390,5.0,7.779466967458324,mid_price,low_review,high_price,low_review,False,True,False,False,False,,,2026-06-01,2026-06-01-12-23-19-쿠팡-헬스-건강식품-판매량순.xlsx,에스더포뮬러 여에스더 유산균 클래식 pro,"39,000원","85,800원",54%,2390,5.0
coupang,헬스/건강식품,coupang_sales,판매량순,78,"뉴트리디데이 프리미엄 비오틴 10000, 90정, 1개",뉴트리디데이 프리미엄 비오틴 10000,,12900,21500.0,40,8600.0,로켓배송,8748,5.0,9.076694687106265,low_price,mid_review,mid_price,mid_review,False,True,False,True,True,,,2026-06-01,2026-06-01-12-23-19-쿠팡-헬스-건강식품-판매량순.xlsx,뉴트리디데이 프리미엄 비오틴 10000,"12,900원","21,500원",40%,8748,5.0
coupang,헬스/건강식품,coupang_sales,판매량순,79,"태양생활건강 뽀롱뽀롱 뽀로로 비타민C, 50정, 3개",태양생활건강 뽀롱뽀롱 뽀로로 비타민c,,6090,,0,,로켓프레시,200,5.0,5.303304908059076,low_price,low_review,low_price,low_review,False,False,False,True,True,,,2026-06-01,2026-06-01-12-23-19-쿠팡-헬스-건강식품-판매량순.xlsx,태양생활건강 뽀롱뽀롱 뽀로로 비타민c,"6,090원",없음,0%,200,5.0
coupang,헬스/건강식품,coupang_sales,판매량순,80,"세노비스 New 트리플러스 오메가3 이뮨 우먼 멀티비타민, 80정, 1개",세노비스 new 트리플러스 오메가3 이뮨 우먼 멀티비타민,,25700,56000.0,54,30300.0,로켓배송,1491,5.0,7.307872780763706,mid_price,low_review,high_price,low_review,False,True,False,False,False,,,2026-06-01,2026-06-01-12-23-19-쿠팡-헬스-건강식품-판매량순.xlsx,세노비스 new 트리플러스 오메가3 이뮨 우먼 멀티비타민,"25,700원","56,000원",54%,1491,5.0
coupang,헬스/건강식품,coupang_sales,판매량순,81,"솔가 활성 엽산 680 위드 비타민 B12, 60정, 1개",솔가 활성 엽산 680 위드 비타민 b12,,31880,52000.0,38,20120.0,로켓배송,1081,5.0,6.9865664594064265,mid_price,low_review,high_price,low_review,False,True,False,False,False,,,2026-06-01,2026-06-01-12-23-19-쿠팡-헬스-건강식품-판매량순.xlsx,솔가 활성 엽산 680 위드 비타민 b12,"31,880원","52,000원",38%,1081,5.0
coupang,헬스/건강식품,coupang_sales,판매량순,82,"메디트리 츄어블 비타민D 4000IU 아연 90g, 90정, 1개",메디트리 츄어블 비타민d 4000iu 아연 90g,,9700,14900.0,34,5200.0,로켓배송,2248,5.0,7.718240951959316,low_price,low_review,low_price,low_review,False,True,False,True,True,,,2026-06-01,2026-06-01-12-23-19-쿠팡-헬스-건강식품-판매량순.xlsx,메디트리 츄어블 비타민d 4000iu 아연 90g,"9,700원","14,900원",34%,2248,5.0
coupang,헬스/건강식품,coupang_sales,판매량순,83,"안국건강 아이메가 알티지 오메가3 미니, 60정, 1개",안국건강 아이메가 알티지 오메가3 미니,,12900,21800.0,40,8900.0,로켓배송,1693,5.0,7.434847875211999,low_price,low_review,mid_price,low_review,False,True,False,True,True,,,2026-06-01,2026-06-01-12-23-19-쿠팡-헬스-건강식품-판매량순.xlsx,안국건강 아이메가 알티지 오메가3 미니,"12,900원","21,800원",40%,1693,5.0
coupang,헬스/건강식품,coupang_sales,판매량순,84,"세노비스 정품 마그네슘, 90정, 1개",세노비스 마그네슘,,15830,28000.0,43,12170.0,로켓프레시,346,5.0,5.849324779946859,low_price,low_review,mid_price,low_review,False,True,False,False,False,,,2026-06-01,2026-06-01-12-23-19-쿠팡-헬스-건강식품-판매량순.xlsx,세노비스 마그네슘,"15,830원","28,000원",43%,346,5.0
coupang,헬스/건강식품,coupang_sales,판매량순,85,"세노비스 어드밴스드 코엔자임 큐텐 36g, 60정, 1개",세노비스 어드밴스드 코엔자임 큐텐 36g,,25370,56000.0,54,30630.0,로켓배송,654,5.0,6.484635235635252,mid_price,low_review,high_price,low_review,False,True,False,False,False,,,2026-06-01,2026-06-01-12-23-19-쿠팡-헬스-건강식품-판매량순.xlsx,세노비스 어드밴스드 코엔자임 큐텐 36g,"25,370원","56,000원",54%,654,5.0
coupang,헬스/건강식품,coupang_sales,판매량순,86,"엔젯오리진 비타프레쉬 비타민 C 앤 D 3000 꾸미, 70정, 1개",엔젯오리진 비타프레쉬 비타민 c 앤 d 3000 꾸미,,10870,18900.0,42,8030.0,로켓배송,23129,5.0,10.048885755225484,low_price,mid_review,low_price,high_review,False,True,False,True,True,,,2026-06-01,2026-06-01-12-23-19-쿠팡-헬스-건강식품-판매량순.xlsx,엔젯오리진 비타프레쉬 비타민 c 앤 d 3000 꾸미,"10,870원","18,900원",42%,23129,5.0
coupang,헬스/건강식품,coupang_sales,판매량순,87,"나우푸드 알티지 오메가3, 90정, 2개",나우푸드 알티지 오메가3,,46000,47000.0,2,1000.0,로켓배송,3133,5.0,8.050065422915965,mid_price,low_review,high_price,low_review,False,True,False,False,False,,,2026-06-01,2026-06-01-12-23-19-쿠팡-헬스-건강식품-판매량순.xlsx,나우푸드 알티지 오메가3,"46,000원","47,000원",2%,3133,5.0
coupang,헬스/건강식품,coupang_sales,판매량순,88,"쏘팔코사놀 1000 쏘팔메토 옥타코사놀, 120정, 1개",쏘팔코사놀 1000 쏘팔메토 옥타코사놀,,78000,80000.0,2,2000.0,로켓배송,20530,4.5,9.929691218032765,high_price,mid_review,high_price,high_review,False,True,False,True,True,,,2026-06-01,2026-06-01-12-23-19-쿠팡-헬스-건강식품-판매량순.xlsx,쏘팔코사놀 1000 쏘팔메토 옥타코사놀,"78,000원","80,000원",2%,20530,4.5
coupang,헬스/건강식품,coupang_sales,판매량순,89,"프로메가 알티지 오메가3 듀얼 플러스, 60정, 3개",프로메가 알티지 오메가3 듀얼 플러스,,35200,79900.0,55,44700.0,로켓배송,54924,5.0,10.913723897252812,mid_price,high_review,high_price,high_review,False,True,False,False,False,,,2026-06-01,2026-06-01-12-23-19-쿠팡-헬스-건강식품-판매량순.xlsx,프로메가 알티지 오메가3 듀얼 플러스,"35,200원","79,900원",55%,54924,5.0
coupang,헬스/건강식품,coupang_sales,판매량순,90,"헬스헬퍼 맥스컷 프로 크롬, 120정, 1개",헬스헬퍼 맥스컷 프로 크롬,,38940,55000.0,29,16060.0,로켓프레시,129,5.0,4.867534450455582,mid_price,low_review,high_price,low_review,False,True,False,False,False,,,2026-06-01,2026-06-01-12-23-19-쿠팡-헬스-건강식품-판매량순.xlsx,헬스헬퍼 맥스컷 프로 크롬,"38,940원","55,000원",29%,129,5.0
coupang,헬스/건강식품,coupang_sales,판매량순,91,"뉴트리디데이 rTG 알티지 오메가3 골드, 90정, 2개",뉴트리디데이 rtg 알티지 오메가3 골드,,34900,63000.0,44,28100.0,로켓배송,31591,5.0,10.360659202966485,mid_price,high_review,high_price,high_review,False,True,False,True,True,,,2026-06-01,2026-06-01-12-23-19-쿠팡-헬스-건강식품-판매량순.xlsx,뉴트리디데이 rtg 알티지 오메가3 골드,"34,900원","63,000원",44%,31591,5.0
coupang,헬스/건강식품,coupang_sales,판매량순,92,"유한메디카 징코 플러스 엔 탑 혈행 기억력 케어, 60정, 1개",유한메디카 징코 플러스 엔 탑 혈행 기억력 케어,,10360,24900.0,58,14540.0,로켓배송,3117,4.5,8.044947049617722,low_price,low_review,low_price,low_review,False,True,False,True,True,,,2026-06-01,2026-06-01-12-23-19-쿠팡-헬스-건강식품-판매량순.xlsx,유한메디카 징코 플러스 엔 탑 혈행 기억력 케어,"10,360원","24,900원",58%,3117,4.5
coupang,헬스/건강식품,coupang_sales,판매량순,93,"바이탈프로그램 정품 비타민C 1000mg, 600정, 1개",바이탈프로그램 비타민c 1000mg,,28360,45000.0,36,16640.0,로켓프레시,684,5.0,6.529418838262226,mid_price,low_review,high_price,low_review,False,True,False,True,True,,,2026-06-01,2026-06-01-12-23-19-쿠팡-헬스-건강식품-판매량순.xlsx,바이탈프로그램 비타민c 1000mg,"28,360원","45,000원",36%,684,5.0
coupang,헬스/건강식품,coupang_sales,판매량순,94,"종근당 비타민D 1000I.U, 90정, 1개",종근당 비타민d 1000i u,,8350,9900.0,15,1550.0,로켓배송,5882,5.0,8.679822114864455,low_price,mid_review,low_price,mid_review,False,True,False,True,True,,,2026-06-01,2026-06-01-12-23-19-쿠팡-헬스-건강식품-판매량순.xlsx,종근당 비타민d 1000i u,"8,350원","9,900원",15%,5882,5.0
coupang,헬스/건강식품,coupang_sales,판매량순,95,"세노비스 프로폴리스 플러스, 60정, 1개",세노비스 프로폴리스 플러스,,18440,35000.0,47,16560.0,로켓배송,8534,5.0,9.05193063522854,low_price,mid_review,mid_price,mid_review,False,True,False,False,False,,,2026-06-01,2026-06-01-12-23-19-쿠팡-헬스-건강식품-판매량순.xlsx,세노비스 프로폴리스 플러스,"18,440원","35,000원",47%,8534,5.0
coupang,헬스/건강식품,coupang_sales,판매량순,96,"보령 브레인 두뇌의 인지력엔 포스파티딜세린 PS 300 30g, 60정, 2개",보령 브레인 두뇌의 인지력엔 포스파티딜세린 ps 300 30g,,35440,60000.0,40,24560.0,로켓배송,7204,5.0,8.882530508433623,mid_price,mid_review,high_price,mid_review,False,True,False,True,True,,,2026-06-01,2026-06-01-12-23-19-쿠팡-헬스-건강식품-판매량순.xlsx,보령 브레인 두뇌의 인지력엔 포스파티딜세린 ps 300 30g,"35,440원","60,000원",40%,7204,5.0
coupang,헬스/건강식품,coupang_sales,판매량순,97,"대원제약 올인원 이뮨 멀티팩 종합비타민 밀크씨슬 + 루테인 + 오메가3, 1개, 30회분",대원제약 올인원 이뮨 멀티팩 종합비타민 밀크씨슬 루테인 오메가3,,27970,44900.0,37,16930.0,로켓배송,854,5.0,6.75110146893676,mid_price,low_review,high_price,low_review,False,True,False,False,False,,,2026-06-01,2026-06-01-12-23-19-쿠팡-헬스-건강식품-판매량순.xlsx,대원제약 올인원 이뮨 멀티팩 종합비타민 밀크씨슬 루테인 오메가3,"27,970원","44,900원",37%,854,5.0
coupang,헬스/건강식품,coupang_sales,판매량순,98,"한미양행 신경엔 마그네슘, 90정, 1개",한미양행 신경엔 마그네슘,,11900,,0,,로켓배송,2079,4.5,7.640123172695364,low_price,low_review,low_price,low_review,False,False,False,True,True,,,2026-06-01,2026-06-01-12-23-19-쿠팡-헬스-건강식품-판매량순.xlsx,한미양행 신경엔 마그네슘,"11,900원",없음,0%,2079,4.5
coupang,헬스/건강식품,coupang_sales,판매량순,99,"이너랩 액티브 비타민B, 60정, 1개",이너랩 액티브 비타민b,,10700,22000.0,51,11300.0,로켓배송,12714,5.0,9.45053767785622,low_price,mid_review,low_price,mid_review,False,True,False,False,False,,,2026-06-01,2026-06-01-12-23-19-쿠팡-헬스-건강식품-판매량순.xlsx,이너랩 액티브 비타민b,"10,700원","22,000원",51%,12714,5.0
coupang,헬스/건강식품,coupang_sales,판매량순,100,"뉴트리코스트 정품 크레아틴 분말, 300g, 1개",뉴트리코스트 크레아틴 분말 300g,,23900,29000.0,17,5100.0,로켓프레시,747,5.0,6.617402977974478,mid_price,low_review,high_price,low_review,False,True,False,False,False,,,2026-06-01,2026-06-01-12-23-19-쿠팡-헬스-건강식품-판매량순.xlsx,뉴트리코스트 크레아틴 분말 300g,"23,900원","29,000원",17%,747,5.0
naver_shopping,건강식품,naver_buy_daily,많이구매한BEST_일간,1,BNR17 비에날씬 다이어트 유산균 모유유래 체지방감소 3개월 캡슐 + 비에날씬 활력UP 7포 (1BOX),bnr17 비에날씬 다이어트 유산균 모유유래 체지방감소 3개월 캡슐 비에날씬 활력up,비에날몰,198000,,0,,,89641,4.8,11.40357923913406,high_price,high_review,high_price,high_review,True,False,False,True,True,https://adcr.shopping.naver.com/adclk.nhn?x=e%2FXoE8hmSdCczrQWvBeYl%2F%2F%2F%2Fw%3D%3Dsmd8zBqMJQLjellaiFGSaxelHjPrOWjZx0d%2BfAbCirfJS0MlE9Zhp0ZdexlLGrR6%2FG7G5RJJUxF5j92Eo1iXTsoZdhCE9OcMVyJIwnPrYIuQK0ziEfw2%2FX1n2sRb2GAYeWMkho%2FmboYur%2B7CUmxZLTeYUh9naGYWHtG4yIz4TlUdlJ%2FMnz87RsCz%2F4EtV7Ibmv0n1ZWzsy%2FI7hV0FRv4lECBWnuo%2FAnwkSSVxECa7TciMHnypgMYOj%2BppYy8krfLQOruYZ0qvXRqoWGVrNJGunLEI7IotpuxDsxMpzOX3afg%2FWIA9jvcPh7wp%2BthoC3OXTe2y1de4HCKa0h%2BewmwyypLQb09RkuxvU%2BjHfVGNPZwtjqcXCzC1FizX6ay%2Fh7BEXRPmB1xo88w4ZAQt5JQkCbSV%2FjKB2HUwTsXOIm1HOT2p8N5cFPiKvpvtZFiNlkFv4Lo7kpfzl17uw%2FrY7fXbgkMfKakwwNvNl97wx86KncvPrq1BOh%2BmV7TnIKHMNiK5C7V67rfH3iNtVAxlGmuIM5Md47BbalqjJCPGSMnN4ql%2FOnYGuJ7aS5gkCprihO57Xlycpep0qsMgsOYv%2FbhZfXH24bSfM4oagza7GbmlT1A%3D,https://shopping-phinf.pstatic.net/main_8230039/82300394230.45.jpg?type=f450,2026-06-01,네이버쇼핑-건강식품-많이구매한BEST-일간-2026-06-01-12-02-48.xlsx,bnr17 비에날씬 다이어트 유산균 모유유래 체지방감소 3개월 캡슐 비에날씬 활력up,198000,,,89641,4.8
naver_shopping,건강식품,naver_buy_daily,많이구매한BEST_일간,2,그레인온 골드 카무트 효소,그레인온 골드 카무트 효소,그레인온,44900,,0,,,94485,4.9,11.456206954358665,mid_price,high_review,low_price,high_review,True,False,True,True,True,https://adcr.shopping.naver.com/adclk.nhn?x=UdujN0sl42hMe1g%2B1otkCf%2F%2F%2Fw%3D%3Dsmd8zBqMJQLjellaiFGSaxelHjPrOWjZx0d%2BfAbCirfJS0MlE9Zhp0ZdexlLGrR6%2FG7G5RJJUxF5j92Eo1iXTsoZdhCE9OcMVyJIwnPrYIuQK0ziEfw2%2FX1n2sRb2GAYeWMkho%2FmboYur%2B7CUmxZLTeYUh9naGYWHtG4yIz4TlUc3H02R3WGs8ifcjTGVXcDcH1ikkNOF1MzeokCviEoxVsF9aq%2Fe493QJImmZxvLIAiMHnypgMYOj%2BppYy8krfLQOruYZ0qvXRqoWGVrNJGunLEI7IotpuxDsxMpzOX3afg%2FWIA9jvcPh7wp%2BthoC3OXTe2y1de4HCKa0h%2BewmwyypLQb09RkuxvU%2BjHfVGNPZwtjqcXCzC1FizX6ay%2Fh7BEkx4l8RCJzfjJ%2BC4jkL61qg5gt5OZSSTa1bTrGdP2nEmp8N5cFPiKvpvtZFiNlkFvLV5BMpf9osb18KwnCDNZMb6Nno7fOcVyu9FYuXejs87STOOMV7st6XN0GfdNcE4MC7V67rfH3iNtVAxlGmuIM5Md47BbalqjJCPGSMnN4ql%2FOnYGuJ7aS5gkCprihO57Xlycpep0qsMgsOYv%2FbhZfXH24bSfM4oagza7GbmlT1A%3D,https://shopping-phinf.pstatic.net/main_8554383/85543837753.95.jpg?type=f450,2026-06-01,네이버쇼핑-건강식품-많이구매한BEST-일간-2026-06-01-12-02-48.xlsx,그레인온 골드 카무트 효소,44900,,,94485,4.9
naver_shopping,건강식품,naver_buy_daily,많이구매한BEST_일간,3,고려은단 비타민C 1000 600정 X 1개 (20개월분),고려은단 비타민c 1000 x,고려은단비타민C,42900,,0,,,99999,4.9,11.512925464970229,mid_price,high_review,low_price,high_review,True,False,False,True,True,https://adcr.shopping.naver.com/adclk.nhn?x=Tstzh%2F7tF4QCOI%2FOD4%2BYgv%2F%2F%2Fw%3D%3Dsmd8zBqMJQLjellaiFGSaxelHjPrOWjZx0d%2BfAbCirfJS0MlE9Zhp0ZdexlLGrR6%2FG7G5RJJUxF5j92Eo1iXTsoZdhCE9OcMVyJIwnPrYIuQK0ziEfw2%2FX1n2sRb2GAYeWMkho%2FmboYur%2B7CUmxZLTeYUh9naGYWHtG4yIz4TlUd8qViwvUUockLgp352%2BcujS6VApFNY9iuYZpi3iXnE8locPmnpnBlFq26tyfWghsGMHnypgMYOj%2BppYy8krfLQOruYZ0qvXRqoWGVrNJGunLEI7IotpuxDsxMpzOX3afg%2FWIA9jvcPh7wp%2BthoC3OXTe2y1de4HCKa0h%2BewmwyypLQb09RkuxvU%2BjHfVGNPZwtjqcXCzC1FizX6ay%2Fh7BEcIvboqEQMmf2cze5uGRUVW3frn14MugMct2ibbL1fGyp8N5cFPiKvpvtZFiNlkFvq46Mv7JuxZ1RvPLOYPpMeLh1HPIK5jv0L%2FQ9V7Wy%2BiPNlLQPdkpkjHZ2y6A9RrOpC7V67rfH3iNtVAxlGmuIM5Md47BbalqjJCPGSMnN4ql%2FOnYGuJ7aS5gkCprihO57Xlycpep0qsMgsOYv%2FbhZfXH24bSfM4oagza7GbmlT1A%3D,https://shopping-phinf.pstatic.net/main_1149665/11496658484.28.jpg?type=f450,2026-06-01,네이버쇼핑-건강식품-많이구매한BEST-일간-2026-06-01-12-02-48.xlsx,고려은단 비타민c 1000 x,42900,,,99999,4.9
naver_shopping,건강식품,naver_buy_daily,많이구매한BEST_일간,4,"고려은단 메가도스C 비타민C 3000mg X 100포 (300g), 2개",고려은단 메가도스c 비타민c 3000mg x 300g,고려은단몰,49900,,0,,,99999,4.9,11.512925464970229,high_price,high_review,mid_price,high_review,True,False,False,True,True,https://adcr.shopping.naver.com/adclk.nhn?x=MZDyvUqI2aY7m4Juc0RZ%2Fv%2F%2F%2Fw%3D%3Dsmd8zBqMJQLjellaiFGSaxelHjPrOWjZx0d%2BfAbCirfJS0MlE9Zhp0ZdexlLGrR6%2FG7G5RJJUxF5j92Eo1iXTsoZdhCE9OcMVyJIwnPrYIuQK0ziEfw2%2FX1n2sRb2GAYeWMkho%2FmboYur%2B7CUmxZLTeYUh9naGYWHtG4yIz4TlUeFpFl2ZsEbfLQL%2BD2T6MmHYG6vIFCud2SDXpYn8VcFQrwTXjXbj4tOEO5h5OwHoruMHnypgMYOj%2BppYy8krfLQOruYZ0qvXRqoWGVrNJGunLEI7IotpuxDsxMpzOX3afg%2FWIA9jvcPh7wp%2BthoC3OXTe2y1de4HCKa0h%2BewmwyypLQb09RkuxvU%2BjHfVGNPZwtjqcXCzC1FizX6ay%2Fh7BEFPDef%2Frl61HZqNgvob9CZ6MAxIaLe2Om6OZmhHIxpb6p8N5cFPiKvpvtZFiNlkFvrrOOSOMQ5N5enjZnUYPHTo4oqllAhGkYSAPJBqQnHXbEApwOo3oFd4gs9H3lOfQYC7V67rfH3iNtVAxlGmuIM5Md47BbalqjJCPGSMnN4ql%2FOnYGuJ7aS5gkCprihO57Xlycpep0qsMgsOYv%2FbhZfXH24bSfM4oagza7GbmlT1A%3D,https://shopping-phinf.pstatic.net/main_8341102/83411023793.16.jpg?type=f450,2026-06-01,네이버쇼핑-건강식품-많이구매한BEST-일간-2026-06-01-12-02-48.xlsx,고려은단 메가도스c 비타민c 3000mg x 300g,49900,,,99999,4.9
naver_shopping,건강식품,naver_buy_daily,많이구매한BEST_일간,5,배석철의 아미나 고용량 비타민B3 500mg 미국산 니코틴산아미드,배석철의 아미나 고용량 비타민b3 500mg 미국산 니코틴산아미드,배석철의 아미나,48000,,0,,,9136,4.8,9.120087382998621,high_price,mid_review,mid_price,mid_review,True,False,True,True,True,https://adcr.shopping.naver.com/adclk.nhn?x=Y6XcDIH0jyMWLc80IKjXdP%2F%2F%2Fw%3D%3Dsmd8zBqMJQLjellaiFGSaxelHjPrOWjZx0d%2BfAbCirfJS0MlE9Zhp0ZdexlLGrR6%2FG7G5RJJUxF5j92Eo1iXTsoZdhCE9OcMVyJIwnPrYIuQK0ziEfw2%2FX1n2sRb2GAYeWMkho%2FmboYur%2B7CUmxZLTeYUh9naGYWHtG4yIz4TlUceR0AOBvABqlbnv%2F%2FkgIwUY5dtqX1lLbyZUhdPJiwkiiduDMxDkdx59QgcUmxce8SMHnypgMYOj%2BppYy8krfLQOruYZ0qvXRqoWGVrNJGunLEI7IotpuxDsxMpzOX3afg%2FWIA9jvcPh7wp%2BthoC3OXTe2y1de4HCKa0h%2BewmwyypLQb09RkuxvU%2BjHfVGNPZwtjqcXCzC1FizX6ay%2Fh7BEX8U2xV98uPaE0J%2B1LAQVi4ftmll1g2LgdG0FF%2F39vVqp8N5cFPiKvpvtZFiNlkFvy4Iz1emeA6%2FLrQHoVqKJUkT0P2keLJ1M1WHkV%2BiXp8%2F%2FVgpYtH2DmKGpB0PElV3dC7V67rfH3iNtVAxlGmuIM5Md47BbalqjJCPGSMnN4ql%2FOnYGuJ7aS5gkCprihO57Xlycpep0qsMgsOYv%2FbhZfXH24bSfM4oagza7GbmlT1A%3D,https://shopping-phinf.pstatic.net/main_8883763/88837633834.4.jpg?type=f450,2026-06-01,네이버쇼핑-건강식품-많이구매한BEST-일간-2026-06-01-12-02-48.xlsx,배석철의 아미나 고용량 비타민b3 500mg 미국산 니코틴산아미드,48000,,,9136,4.8
naver_shopping,건강식품,naver_buy_daily,많이구매한BEST_일간,6,주영엔에스 관절엔 콘드로이친 1200,주영엔에스 관절엔 콘드로이친 1200,주영엔에스,175000,,0,,,99999,4.9,11.512925464970229,high_price,high_review,high_price,high_review,True,False,False,True,True,https://adcr.shopping.naver.com/adclk.nhn?x=DRMcrvA3ZLql%2FVC82lpBuP%2F%2F%2Fw%3D%3Dsmd8zBqMJQLjellaiFGSaxelHjPrOWjZx0d%2BfAbCirfJS0MlE9Zhp0ZdexlLGrR6%2FG7G5RJJUxF5j92Eo1iXTsoZdhCE9OcMVyJIwnPrYIuQK0ziEfw2%2FX1n2sRb2GAYeWMkho%2FmboYur%2B7CUmxZLTeYUh9naGYWHtG4yIz4TlUc9t2rwCtD4fKstRgohsqFlRbyH9Do7OxMVdDtIcGjUVJzR12WfFI3MIjM6wqcQNxeMHnypgMYOj%2BppYy8krfLQOruYZ0qvXRqoWGVrNJGunLEI7IotpuxDsxMpzOX3afg%2FWIA9jvcPh7wp%2BthoC3OXTe2y1de4HCKa0h%2BewmwyypLQb09RkuxvU%2BjHfVGNPZwtjqcXCzC1FizX6ay%2Fh7BEXi8zdZY5sXm93JRyAz8kCJ%2BXih%2FDXlC%2FDAwlqfsg%2Bhyp8N5cFPiKvpvtZFiNlkFvAU70X0wWPdAv18P5IgCeU91U%2F4Su2C1KLep1B%2F%2Be%2BqNd63COwS59t0c%2F5NefwKuGC7V67rfH3iNtVAxlGmuIM5Md47BbalqjJCPGSMnN4ql%2FOnYGuJ7aS5gkCprihO57Xlycpep0qsMgsOYv%2FbhZfXH24bSfM4oagza7GbmlT1A%3D,https://shopping-phinf.pstatic.net/main_8411181/84111819427.24.jpg?type=f450,2026-06-01,네이버쇼핑-건강식품-많이구매한BEST-일간-2026-06-01-12-02-48.xlsx,주영엔에스 관절엔 콘드로이친 1200,175000,,,99999,4.9
naver_shopping,건강식품,naver_buy_daily,많이구매한BEST_일간,7,[네이버 단독 100일분] 닥터린 송중기 하이퍼셀 대마종자유 알파 햄프씨드오일 카나비노이드,닥터린 송중기 하이퍼셀 대마종자유 알파 햄프씨드오일 카나비노이드,닥터린 공식스토어,56900,,0,,,3856,4.8,8.257644958208228,high_price,low_review,mid_price,low_review,True,False,False,True,True,https://adcr.shopping.naver.com/adclk.nhn?x=xp55tvtjDfGvdwLJjOWEiP%2F%2F%2Fw%3D%3Dsmd8zBqMJQLjellaiFGSaxelHjPrOWjZx0d%2BfAbCirfJS0MlE9Zhp0ZdexlLGrR6%2FG7G5RJJUxF5j92Eo1iXTsoZdhCE9OcMVyJIwnPrYIuQK0ziEfw2%2FX1n2sRb2GAYeWMkho%2FmboYur%2B7CUmxZLTeYUh9naGYWHtG4yIz4TlUeKIZLcUQX56OdMDuga6DdhNLvngwBK8EOeegWokcRhu6pxJtcdeH56ex6O7DdX%2FMCMHnypgMYOj%2BppYy8krfLQOruYZ0qvXRqoWGVrNJGunLEI7IotpuxDsxMpzOX3afg%2FWIA9jvcPh7wp%2BthoC3OXTe2y1de4HCKa0h%2BewmwyypLQb09RkuxvU%2BjHfVGNPZwtjqcXCzC1FizX6ay%2Fh7BEbxyp3XnT%2FeAA6bYqtCQFx0R5G8HCoQgLkQXrFhJrC7up8N5cFPiKvpvtZFiNlkFva05xjhZSIZwkuk%2BmmMPLmDP%2FVREHYDmXkqkEbo7IRRNgcg%2BAlddz6CG32zrJyoRhC7V67rfH3iNtVAxlGmuIM5Md47BbalqjJCPGSMnN4ql%2FOnYGuJ7aS5gkCprihO57Xlycpep0qsMgsOYv%2FbhZfXH24bSfM4oagza7GbmlT1A%3D,https://shopping-phinf.pstatic.net/main_9045848/90458480388.6.jpg?type=f450,2026-06-01,네이버쇼핑-건강식품-많이구매한BEST-일간-2026-06-01-12-02-48.xlsx,네이버 단독 닥터린 송중기 하이퍼셀 대마종자유 알파 햄프씨드오일 카나비노이드,56900,,,3856,4.8
naver_shopping,건강식품,naver_buy_daily,많이구매한BEST_일간,8,종근당건강 락토핏 코어 360 기획세트(360일분),종근당건강 락토핏 코어,종근당건강,69900,,0,,,46072,4.9,10.7379823741081,high_price,high_review,mid_price,high_review,True,False,False,True,True,https://adcr.shopping.naver.com/adclk.nhn?x=7QIgB3tYyaTo7CSjPhz%2F4%2F%2F%2F%2Fw%3D%3Dsmd8zBqMJQLjellaiFGSaxelHjPrOWjZx0d%2BfAbCirfJS0MlE9Zhp0ZdexlLGrR6%2FG7G5RJJUxF5j92Eo1iXTsoZdhCE9OcMVyJIwnPrYIuQK0ziEfw2%2FX1n2sRb2GAYeWMkho%2FmboYur%2B7CUmxZLTeYUh9naGYWHtG4yIz4TlUfi3Vq2cRSJV%2FZu999uO%2FGDbW7MbMPFCbjOppJDvebiRdxleDbropus%2FZhbSiGeAGKMHnypgMYOj%2BppYy8krfLQOruYZ0qvXRqoWGVrNJGunLEI7IotpuxDsxMpzOX3afg%2FWIA9jvcPh7wp%2BthoC3OXTe2y1de4HCKa0h%2BewmwyypLQb09RkuxvU%2BjHfVGNPZwtjqcXCzC1FizX6ay%2Fh7BEV2wl15K%2BmnM1A%2FPXPyac93TLJKvTKjeitQgHpj4Ae4Sp8N5cFPiKvpvtZFiNlkFv%2FW3YWnWNkZFK2YqH%2BnSyWMdjwSeorWOF0PWtfsOQxTc3uYzsppNhi6UOqbI8nKNnC7V67rfH3iNtVAxlGmuIM5Md47BbalqjJCPGSMnN4ql%2FOnYGuJ7aS5gkCprihO57Xlycpep0qsMgsOYv%2FbhZfXH24bSfM4oagza7GbmlT1A%3D,https://shopping-phinf.pstatic.net/main_8929834/89298345880.18.jpg?type=f450,2026-06-01,네이버쇼핑-건강식품-많이구매한BEST-일간-2026-06-01-12-02-48.xlsx,종근당건강 락토핏 코어,69900,,,46072,4.9
naver_shopping,건강식품,naver_buy_daily,많이구매한BEST_일간,9,"로킷아메리카 NMN 프테로스틸벤 고순도 엔엠엔, 60캡슐, 3병",로킷아메리카 nmn 프테로스틸벤 고순도 엔엠엔,로킷아메리카,189570,,0,,,10373,4.9,9.247057954911346,high_price,mid_review,high_price,mid_review,True,False,False,True,True,https://adcr.shopping.naver.com/adclk.nhn?x=NMXo%2BnfEVYkucC7L6qtmZ%2F%2F%2F%2Fw%3D%3Dsmd8zBqMJQLjellaiFGSaxelHjPrOWjZx0d%2BfAbCirfJS0MlE9Zhp0ZdexlLGrR6%2FG7G5RJJUxF5j92Eo1iXTsoZdhCE9OcMVyJIwnPrYIuQK0ziEfw2%2FX1n2sRb2GAYeWMkho%2FmboYur%2B7CUmxZLTeYUh9naGYWHtG4yIz4TlUcXipkvkKImrrIhlrh11Tfn%2Ft4h5FMZukVnYxz0ljDO10g06I%2FACpDIdqxICAA5UrCMHnypgMYOj%2BppYy8krfLQOruYZ0qvXRqoWGVrNJGunLEI7IotpuxDsxMpzOX3afg%2FWIA9jvcPh7wp%2BthoC3OXTe2y1de4HCKa0h%2BewmwyypLQb09RkuxvU%2BjHfVGNPZwtjqcXCzC1FizX6ay%2Fh7BE%2BEw6QffvvKZPxZY%2B0yIRcEg6ILkKMXS02l6Lf%2B%2Br7PCp8N5cFPiKvpvtZFiNlkFvPkQ7kPwQ6aMcH2%2B4SL%2BVlmke7KNrgipjlZUAPIpGynH%2B311MZOchZtCc9CLPfqyyC7V67rfH3iNtVAxlGmuIM5Md47BbalqjJCPGSMnN4ql%2FOnYGuJ7aS5gkCprihO57Xlycpep0qsMgsOYv%2FbhZfXH24bSfM4oagza7GbmlT1A%3D,https://shopping-phinf.pstatic.net/main_8358819/83588194991.15.jpg?type=f450,2026-06-01,네이버쇼핑-건강식품-많이구매한BEST-일간-2026-06-01-12-02-48.xlsx,로킷아메리카 nmn 프테로스틸벤 고순도 엔엠엔,189570,,,10373,4.9
naver_shopping,건강식품,naver_buy_daily,많이구매한BEST_일간,10,[네이버단독] 정관장 에브리타임 소프트 10ml 50포,정관장 에브리타임 소프트 10ml,정관장브랜드스토어,110000,,0,,,46372,4.9,10.744472672295117,high_price,high_review,high_price,high_review,True,False,False,True,True,https://adcr.shopping.naver.com/adclk.nhn?x=m2QZObjn%2F%2FAfYW0CytQ%2Bnf%2F%2F%2Fw%3D%3Dsmd8zBqMJQLjellaiFGSaxelHjPrOWjZx0d%2BfAbCirfJS0MlE9Zhp0ZdexlLGrR6%2FG7G5RJJUxF5j92Eo1iXTsoZdhCE9OcMVyJIwnPrYIuQK0ziEfw2%2FX1n2sRb2GAYeWMkho%2FmboYur%2B7CUmxZLTeYUh9naGYWHtG4yIz4TlUfcxk%2FConx3lO2q%2F2hyBzS1blKkly2bciKdaDC74jpo2ivGGChppKqpxZcg9ZpsbOiMHnypgMYOj%2BppYy8krfLQOruYZ0qvXRqoWGVrNJGunLEI7IotpuxDsxMpzOX3afg%2FWIA9jvcPh7wp%2BthoC3OXTe2y1de4HCKa0h%2BewmwyypLQb09RkuxvU%2BjHfVGNPZwtjqcXCzC1FizX6ay%2Fh7BE%2BQhf68tNhYBsDYcXeXy6vSkbrYs7E%2F0ggryfS1cW6Vip8N5cFPiKvpvtZFiNlkFvvQ8I3EWafoY7Js7YW%2B9wIt3p57rvwsRqdmiJMFM1d22Tu3EOooCvjIGHStrlgrz%2BC7V67rfH3iNtVAxlGmuIM5Md47BbalqjJCPGSMnN4ql%2FOnYGuJ7aS5gkCprihO57Xlycpep0qsMgsOYv%2FbhZfXH24bSfM4oagza7GbmlT1A%3D,https://shopping-phinf.pstatic.net/main_8810105/88101053268.91.jpg?type=f450,2026-06-01,네이버쇼핑-건강식품-많이구매한BEST-일간-2026-06-01-12-02-48.xlsx,네이버단독 정관장 에브리타임 소프트 10ml,110000,,,46372,4.9
naver_shopping,건강식품,naver_buy_daily,많이구매한BEST_일간,11,"고려은단 식물성 퓨어 알티지 오메가3 60캡슐, 3개 (6개월분)",고려은단 식물성 퓨어 알티지 오메가3,고려은단몰,49900,,0,,,99999,4.9,11.512925464970229,high_price,high_review,mid_price,high_review,True,False,False,True,True,https://adcr.shopping.naver.com/adclk.nhn?x=1IqUfXPf1vTEH67GntcLTv%2F%2F%2Fw%3D%3Dsmd8zBqMJQLjellaiFGSaxelHjPrOWjZx0d%2BfAbCirfJS0MlE9Zhp0ZdexlLGrR6%2FG7G5RJJUxF5j92Eo1iXTsoZdhCE9OcMVyJIwnPrYIuQK0ziEfw2%2FX1n2sRb2GAYeWMkho%2FmboYur%2B7CUmxZLTeYUh9naGYWHtG4yIz4TlUf8o7qCc70ydWZZaiaxlUYLebU93%2FoIadXp4da%2FsMpoaqkSP5rXAf4hsiAtn26OsUqMHnypgMYOj%2BppYy8krfLQOruYZ0qvXRqoWGVrNJGunLEI7IotpuxDsxMpzOX3afg%2FWIA9jvcPh7wp%2BthoC3OXTe2y1de4HCKa0h%2BewmwyypLQb09RkuxvU%2BjHfVGNPZwtjqcXCzC1FizX6ay%2Fh7BEgs3C3nLuu05jMJBXC08Q8VQ19%2ByFRa6EWKrlbfD1EG2p8N5cFPiKvpvtZFiNlkFvPEqDLS32adxjJBk7zpciVw19jsNLE8mFoIiTRUZOeTj92iZFMfM6KvmhGu0cDadpC7V67rfH3iNtVAxlGmuIM5Md47BbalqjJCPGSMnN4ql%2FOnYGuJ7aS5gkCprihO57Xlycpep0qsMgsOYv%2FbhZfXH24bSfM4oagza7GbmlT1A%3D,https://shopping-phinf.pstatic.net/main_8721432/87214323301.15.jpg?type=f450,2026-06-01,네이버쇼핑-건강식품-많이구매한BEST-일간-2026-06-01-12-02-48.xlsx,고려은단 식물성 퓨어 알티지 오메가3,49900,,,99999,4.9
naver_shopping,건강식품,naver_buy_daily,많이구매한BEST_일간,12,고려은단 비타민C 1000 영국산 고함량 비타민씨 600정,고려은단 비타민c 1000 영국산 고함량 비타민씨,비시스,41900,,0,,,9952,4.9,9.205629292246064,mid_price,mid_review,low_price,mid_review,True,False,False,True,True,https://adcr.shopping.naver.com/adclk.nhn?x=wKXOaeVVSmIaogt04%2BwmNf%2F%2F%2Fw%3D%3Dsmd8zBqMJQLjellaiFGSaxelHjPrOWjZx0d%2BfAbCirfJS0MlE9Zhp0ZdexlLGrR6%2FG7G5RJJUxF5j92Eo1iXTsoZdhCE9OcMVyJIwnPrYIuQK0ziEfw2%2FX1n2sRb2GAYeWMkho%2FmboYur%2B7CUmxZLTeYUh9naGYWHtG4yIz4TlUdF3lDtuV0TSWm87vOSpVzNtPjyOtCWCkrYP04nnVFCDVuquS8Zd1n%2FD1%2Bua4GtdAWMHnypgMYOj%2BppYy8krfLQOruYZ0qvXRqoWGVrNJGunLEI7IotpuxDsxMpzOX3afg%2FWIA9jvcPh7wp%2BthoC3OXTe2y1de4HCKa0h%2BewmwyypLQb09RkuxvU%2BjHfVGNPZwtjqcXCzC1FizX6ay%2Fh7BEg0pA0MFIuW0647Mu%2BaXDfinbxgGbXAzmMgaOTDZAvA%2Bp8N5cFPiKvpvtZFiNlkFvc%2FQVkFif7vCRzI0bqGIyWB3lCAnz8Tf%2BjvxAl5WNjWPCegxd7vBHBFjAUmbzLJE7C7V67rfH3iNtVAxlGmuIM5Md47BbalqjJCPGSMnN4ql%2FOnYGuJ7aS5gkCprihO57Xlycpep0qsMgsOYv%2FbhZfXH24bSfM4oagza7GbmlT1A%3D,https://shopping-phinf.pstatic.net/main_8678527/86785276085.4.jpg?type=f450,2026-06-01,네이버쇼핑-건강식품-많이구매한BEST-일간-2026-06-01-12-02-48.xlsx,고려은단 비타민c 1000 영국산 고함량 비타민씨,41900,,,9952,4.9
naver_shopping,건강식품,naver_buy_daily,많이구매한BEST_일간,13,"고려은단 루테인 지아잔틴 아스타잔틴 60캡슐, 3개 (6개월분)",고려은단 루테인 지아잔틴 아스타잔틴,고려은단몰,64900,,0,,,61974,4.9,11.034486356903392,high_price,high_review,mid_price,high_review,True,False,False,True,True,https://adcr.shopping.naver.com/adclk.nhn?x=W5VSqVP%2FER9%2B20mC1o5%2BRP%2F%2F%2Fw%3D%3Dsmd8zBqMJQLjellaiFGSaxelHjPrOWjZx0d%2BfAbCirfJS0MlE9Zhp0ZdexlLGrR6%2FG7G5RJJUxF5j92Eo1iXTsoZdhCE9OcMVyJIwnPrYIuQK0ziEfw2%2FX1n2sRb2GAYeWMkho%2FmboYur%2B7CUmxZLTeYUh9naGYWHtG4yIz4TlUcI43xaE8BtaNDrf%2BYQj3hz49htDN0n89I11eoLcAlEUVXKtnk99%2Bp1G%2FtMnIoEenCMHnypgMYOj%2BppYy8krfLQOruYZ0qvXRqoWGVrNJGunLEI7IotpuxDsxMpzOX3afg%2FWIA9jvcPh7wp%2BthoC3OXTe2y1de4HCKa0h%2BewmwyypLQb09RkuxvU%2BjHfVGNPZwtjqcXCzC1FizX6ay%2Fh7BESOiSMPCj20KVm4Y0Y5OfaJaAQnaP6u77goqmMr7hNfmp8N5cFPiKvpvtZFiNlkFvRGrzbUGu2T76W7S6mpsvTOP7ss98Sxi5ygMdY%2BAX9NaggH9cxfPxT0JD2glJqG%2FPC7V67rfH3iNtVAxlGmuIM5Md47BbalqjJCPGSMnN4ql%2FOnYGuJ7aS5gkCprihO57Xlycpep0qsMgsOYv%2FbhZfXH24bSfM4oagza7GbmlT1A%3D,https://shopping-phinf.pstatic.net/main_8694075/86940759706.7.jpg?type=f450,2026-06-01,네이버쇼핑-건강식품-많이구매한BEST-일간-2026-06-01-12-02-48.xlsx,고려은단 루테인 지아잔틴 아스타잔틴,64900,,,61974,4.9
naver_shopping,건강식품,naver_buy_daily,많이구매한BEST_일간,14,"[네이버 단독]고려은단 메가도스D 비타민D3 4000IU 180정, 2개 (1년분)",고려은단 메가도스d 비타민d3 4000iu 1년분,고려은단몰,31900,,0,,,28669,4.9,10.263606558877415,mid_price,high_review,low_price,mid_review,True,False,False,True,True,https://adcr.shopping.naver.com/adclk.nhn?x=lMpO8nxU%2BczM7hvtDc5BXv%2F%2F%2Fw%3D%3Dsmd8zBqMJQLjellaiFGSaxelHjPrOWjZx0d%2BfAbCirfJS0MlE9Zhp0ZdexlLGrR6%2FG7G5RJJUxF5j92Eo1iXTsoZdhCE9OcMVyJIwnPrYIuQK0ziEfw2%2FX1n2sRb2GAYeWMkho%2FmboYur%2B7CUmxZLTeYUh9naGYWHtG4yIz4TlUfIXjrLzbZWOjPHCLpm1AAT6pCPzQluyDJmRr3wTagraav6stmb7cIgH1S9yTiNMiiMHnypgMYOj%2BppYy8krfLQOruYZ0qvXRqoWGVrNJGunLEI7IotpuxDsxMpzOX3afg%2FWIA9jvcPh7wp%2BthoC3OXTe2y1de4HCKa0h%2BewmwyypLQb09RkuxvU%2BjHfVGNPZwtjqcXCzC1FizX6ay%2Fh7BEsibuPVSlzckKEFWFQBjMvN5BKikGB%2FU9k5CLQ324BWyp8N5cFPiKvpvtZFiNlkFvPk6ePiuh9EASZLFcVIiLH66VObhgZ6IgiKahtdJkFi24pCRqjOdHuFccMJY49nK%2BC7V67rfH3iNtVAxlGmuIM5Md47BbalqjJCPGSMnN4ql%2FOnYGuJ7aS5gkCprihO57Xlycpep0qsMgsOYv%2FbhZfXH24bSfM4oagza7GbmlT1A%3D,https://shopping-phinf.pstatic.net/main_8912974/89129744624.4.jpg?type=f450,2026-06-01,네이버쇼핑-건강식품-많이구매한BEST-일간-2026-06-01-12-02-48.xlsx,네이버 단독 고려은단 메가도스d 비타민d3 4000iu 1년분,31900,,,28669,4.9
naver_shopping,건강식품,naver_buy_daily,많이구매한BEST_일간,15,애터미 헤모힘 효능 헤모임 해모임 해모힘 성분 20ml x 60포,애터미 헤모힘 효능 헤모임 해모임 해모힘 성분 20ml x,2 4 7,57460,,0,,,774,4.8,6.652863029353347,high_price,low_review,mid_price,low_review,True,False,False,True,True,https://adcr.shopping.naver.com/adclk.nhn?x=8UVdQjZG5GOlv0k%2Bf%2FVAJP%2F%2F%2Fw%3D%3Dsmd8zBqMJQLjellaiFGSaxelHjPrOWjZx0d%2BfAbCirfJS0MlE9Zhp0ZdexlLGrR6%2FG7G5RJJUxF5j92Eo1iXTsoZdhCE9OcMVyJIwnPrYIuQK0ziEfw2%2FX1n2sRb2GAYeWMkho%2FmboYur%2B7CUmxZLTeYUh9naGYWHtG4yIz4TlUcsuWb8b6kgp1kUnUo2Ql4lyu3AmiCInAF38T6XPaspSXbkPga5E5T9O44vuSdkx3CMHnypgMYOj%2BppYy8krfLQOruYZ0qvXRqoWGVrNJGunLEI7IotpuxDsxMpzOX3afg%2FWIA9jvcPh7wp%2BthoC3OXTe2y1de4HCKa0h%2BewmwyypLQb09RkuxvU%2BjHfVGNPZwtjqcXCzC1FizX6ay%2Fh7BEUcGAn%2FqQ95EXDPB9yBLR2uHAgE0ciuYSmsPekYsa%2BZGp8N5cFPiKvpvtZFiNlkFvmYfOrhn4U4KjRfnaLaTs7Atw32%2FWsthHSagMNw62cUO4%2F8lTZ%2BV0e385tn6ISgdXC7V67rfH3iNtVAxlGmuIM5Md47BbalqjJCPGSMnN4ql%2FOnYGuJ7aS5gkCprihO57Xlycpep0qsMgsOYv%2FbhZfXH24bSfM4oagza7GbmlT1A%3D,https://shopping-phinf.pstatic.net/main_8730702/87307020719.2.jpg?type=f450,2026-06-01,네이버쇼핑-건강식품-많이구매한BEST-일간-2026-06-01-12-02-48.xlsx,애터미 헤모힘 효능 헤모임 해모임 해모힘 성분 20ml x,57460,,,774,4.8
naver_shopping,건강식품,naver_buy_daily,많이구매한BEST_일간,16,주영엔에스 뼈엔 엠비피MBP,주영엔에스 뼈엔 엠비피mbp,주영엔에스,123000,,0,,,99999,4.9,11.512925464970229,high_price,high_review,high_price,high_review,True,False,False,True,True,https://adcr.shopping.naver.com/adclk.nhn?x=Hk2uP1cMvYTRUSGKaHBi4v%2F%2F%2Fw%3D%3Dsmd8zBqMJQLjellaiFGSaxelHjPrOWjZx0d%2BfAbCirfJS0MlE9Zhp0ZdexlLGrR6%2FG7G5RJJUxF5j92Eo1iXTsoZdhCE9OcMVyJIwnPrYIuQK0ziEfw2%2FX1n2sRb2GAYeWMkho%2FmboYur%2B7CUmxZLTeYUh9naGYWHtG4yIz4TlUeTDg%2FNtL45WQ2u4%2FitthZhkiSrUMW0VtFc3G1YypW6NiMlZPcLpvwwI04vUEe1O26MHnypgMYOj%2BppYy8krfLQOruYZ0qvXRqoWGVrNJGunLEI7IotpuxDsxMpzOX3afg%2FWIA9jvcPh7wp%2BthoC3OXTe2y1de4HCKa0h%2BewmwyypLQb09RkuxvU%2BjHfVGNPZwtjqcXCzC1FizX6ay%2Fh7BEw2hTQAe%2BieimTmqb%2BJp1%2F8GiQ9g444WxV6fRXYqUa7Gp8N5cFPiKvpvtZFiNlkFvqQlnmtA2Q6LNIavq7N0kNzsw1u8uMY31J7E6oYUps8QuU8%2FJgogLujLofs22Fb7jC7V67rfH3iNtVAxlGmuIM5Md47BbalqjJCPGSMnN4ql%2FOnYGuJ7aS5gkCprihO57Xlycpep0qsMgsOYv%2FbhZfXH24bSfM4oagza7GbmlT1A%3D,https://shopping-phinf.pstatic.net/main_8426590/84265901101.26.jpg?type=f450,2026-06-01,네이버쇼핑-건강식품-많이구매한BEST-일간-2026-06-01-12-02-48.xlsx,주영엔에스 뼈엔 엠비피mbp,123000,,,99999,4.9
naver_shopping,건강식품,naver_buy_daily,많이구매한BEST_일간,17,드시모네 캡슐 플러스 (120캡슐) x 2박스 (총 240캡슐) (+슈퍼적립),드시모네 캡슐 플러스 x 총 슈퍼적립,드시모네 스토어,196000,,0,,,8563,4.9,9.055322649709574,high_price,mid_review,high_price,mid_review,True,False,False,True,True,https://adcr.shopping.naver.com/adclk.nhn?x=PVJ1pIEIKPUQAW3aRmbJz%2F%2F%2F%2Fw%3D%3Dsmd8zBqMJQLjellaiFGSaxelHjPrOWjZx0d%2BfAbCirfJS0MlE9Zhp0ZdexlLGrR6%2FG7G5RJJUxF5j92Eo1iXTsoZdhCE9OcMVyJIwnPrYIuQK0ziEfw2%2FX1n2sRb2GAYeWMkho%2FmboYur%2B7CUmxZLTeYUh9naGYWHtG4yIz4TlUcwMjSGqI%2B19Xowf9OhuKkzM8%2FhgwsjJ0zOwbZ%2F%2FqNzKyTOhV46feJDjcozelCZNl6MHnypgMYOj%2BppYy8krfLQOruYZ0qvXRqoWGVrNJGunLEI7IotpuxDsxMpzOX3afg%2FWIA9jvcPh7wp%2BthoC3OXTe2y1de4HCKa0h%2BewmwyypLQb09RkuxvU%2BjHfVGNPZwtjqcXCzC1FizX6ay%2Fh7BEkQVcYbobzWvsMPp7NcwfegSBcAkhIkEhKASmBR8aJJqp8N5cFPiKvpvtZFiNlkFv4vsruUSWZbB%2BYbfy8ppFSboGUqh96WQ1hONFjj6e6qx8c5frpME5qUlRkFDxkgQAC7V67rfH3iNtVAxlGmuIM5Md47BbalqjJCPGSMnN4ql%2FOnYGuJ7aS5gkCprihO57Xlycpep0qsMgsOYv%2FbhZfXH24bSfM4oagza7GbmlT1A%3D,https://shopping-phinf.pstatic.net/main_8935464/89354643551.2.jpg?type=f450,2026-06-01,네이버쇼핑-건강식품-많이구매한BEST-일간-2026-06-01-12-02-48.xlsx,드시모네 캡슐 플러스 x 총 슈퍼적립,196000,,,8563,4.9
naver_shopping,건강식품,naver_buy_daily,많이구매한BEST_일간,18,덴마크 유산균이야기,덴마크 유산균이야기,덴프스,157000,,0,,,99999,4.9,11.512925464970229,high_price,high_review,high_price,high_review,True,False,False,True,True,https://adcr.shopping.naver.com/adclk.nhn?x=Kzm5rpjSOsh5%2BfC8YW6QoP%2F%2F%2Fw%3D%3Dsmd8zBqMJQLjellaiFGSaxelHjPrOWjZx0d%2BfAbCirfJS0MlE9Zhp0ZdexlLGrR6%2FG7G5RJJUxF5j92Eo1iXTsoZdhCE9OcMVyJIwnPrYIuQK0ziEfw2%2FX1n2sRb2GAYeWMkho%2FmboYur%2B7CUmxZLTeYUh9naGYWHtG4yIz4TlUcL0eqoWJ8CEhmS8ZdGf6FCUrA6FNnBZzq%2BwjVH74l6EZYCSDfGS7nIOYC61qBZSD6MHnypgMYOj%2BppYy8krfLQOruYZ0qvXRqoWGVrNJGunLEI7IotpuxDsxMpzOX3afg%2FWIA9jvcPh7wp%2BthoC3OXTe2y1de4HCKa0h%2BewmwyypLQb09RkuxvU%2BjHfVGNPZwtjqcXCzC1FizX6ay%2Fh7BEWRfHDcwJF%2F0FIQuSk3fOfB8VY8xvhitk93pGlHBTpYyp8N5cFPiKvpvtZFiNlkFvh0lRD0JLMwFMyMLCdHzXWIB58BT7gvF9py2uKwHPZEVS9DitqNPGduhwI6yOt65HC7V67rfH3iNtVAxlGmuIM5Md47BbalqjJCPGSMnN4ql%2FOnYGuJ7aS5gkCprihO57Xlycpep0qsMgsOYv%2FbhZfXH24bSfM4oagza7GbmlT1A%3D,https://shopping-phinf.pstatic.net/main_8649545/86495455281.106.jpg?type=f450,2026-06-01,네이버쇼핑-건강식품-많이구매한BEST-일간-2026-06-01-12-02-48.xlsx,덴마크 유산균이야기,157000,,,99999,4.9
naver_shopping,건강식품,naver_buy_daily,많이구매한BEST_일간,19,GNM 조정석 건강한 간 밀크씨슬 5박스(총 5개월분) / 간건강 실리마린 비타민B,gnm 조정석 건강한 간 밀크씨슬 총 간건강 실리마린 비타민b,GNM 자연의품격,21900,,0,,,99999,4.8,11.512925464970229,mid_price,high_review,low_price,high_review,True,False,False,True,True,https://adcr.shopping.naver.com/adclk.nhn?x=9rhB7KHPckcDBeG9SmEvtP%2F%2F%2Fw%3D%3Dsmd8zBqMJQLjellaiFGSaxelHjPrOWjZx0d%2BfAbCirfJS0MlE9Zhp0ZdexlLGrR6%2FG7G5RJJUxF5j92Eo1iXTsoZdhCE9OcMVyJIwnPrYIuQK0ziEfw2%2FX1n2sRb2GAYeWMkho%2FmboYur%2B7CUmxZLTeYUh9naGYWHtG4yIz4TlUeCZvPFDEdhdTSoSnZBioOjWNCMZleoQqOMK2f1hWrJyVFFfu44FTEkAI1CMiEgYNOMHnypgMYOj%2BppYy8krfLQOruYZ0qvXRqoWGVrNJGunLEI7IotpuxDsxMpzOX3afg%2FWIA9jvcPh7wp%2BthoC3OXTe2y1de4HCKa0h%2BewmwyypLQb09RkuxvU%2BjHfVGNPZwtjqcXCzC1FizX6ay%2Fh7BEDFph5JWPcyHLgM5Sln3698Ol90m7lE0BPKsLvpn%2B4vT3NzxB%2FH8SyabXl13YkrzFBW39rKb0%2BHO%2B8F53EXZpycxWeMANIBJRkYHxyx6dQx0NIUtbVFOduJxVYDdg5qBEabWnhi7jNfI8%2BCGgffO7W%2BEHXqI5Rs3dlO%2B14TEQ9QVHeJplKhmLX7lN1rAB8GNjNgWeAEA53541%2FqG3%2BJBPzv4jrI28GptzmhOUn%2BMmKZk%3D,https://shopping-phinf.pstatic.net/main_7725926/7725926557.106.jpg?type=f450,2026-06-01,네이버쇼핑-건강식품-많이구매한BEST-일간-2026-06-01-12-02-48.xlsx,gnm 조정석 건강한 간 밀크씨슬 총 간건강 실리마린 비타민b,21900,,,99999,4.8
naver_shopping,건강식품,naver_buy_daily,많이구매한BEST_일간,20,Granny Salad 그래니 샐러드,granny salad 그래니 샐러드,헬스네이처스토어,22900,,0,,,2929,4.7,7.982757702011113,mid_price,low_review,low_price,low_review,True,False,False,True,True,https://adcr.shopping.naver.com/adclk.nhn?x=OQftZZtqGIbqsDr1dn6fX%2F%2F%2F%2Fw%3D%3Dsmd8zBqMJQLjellaiFGSaxelHjPrOWjZx0d%2BfAbCirfJS0MlE9Zhp0ZdexlLGrR6%2FG7G5RJJUxF5j92Eo1iXTsoZdhCE9OcMVyJIwnPrYIuQK0ziEfw2%2FX1n2sRb2GAYeWMkho%2FmboYur%2B7CUmxZLTeYUh9naGYWHtG4yIz4TlUcYdnYWj8koCtWwzfZajusOg3i8PV8Ea0JPtGu6eNDA9OKej1Nda%2FHTxuC6ICLxLEiMHnypgMYOj%2BppYy8krfLQOruYZ0qvXRqoWGVrNJGunLEI7IotpuxDsxMpzOX3afg%2FWIA9jvcPh7wp%2BthoC3OXTe2y1de4HCKa0h%2BewmwyypLQb09RkuxvU%2BjHfVGNPZwtjqcXCzC1FizX6ay%2Fh7BEfq76T60taSBefrLAMHV6t48NTV%2FWEpkq80POta19jSCp8N5cFPiKvpvtZFiNlkFvTQ6GAFZ00%2BfuZ06Iwn23HxffUdbrJwO%2FvP0E2kEJ7twMQjhFJI6k7HfSDxMs78l8C7V67rfH3iNtVAxlGmuIM5Md47BbalqjJCPGSMnN4ql%2FOnYGuJ7aS5gkCprihO57Xlycpep0qsMgsOYv%2FbhZfXH24bSfM4oagza7GbmlT1A%3D,https://shopping-phinf.pstatic.net/main_8982039/89820391433.jpg?type=f450,2026-06-01,네이버쇼핑-건강식품-많이구매한BEST-일간-2026-06-01-12-02-48.xlsx,granny salad 그래니 샐러드,22900,,,2929,4.7
naver_shopping,건강식품,naver_buy_daily,많이구매한BEST_일간,21,[총 8개월분] GNM 마그네슘05 / 비타민B 5중 복합기능성 셀레늄,총 gnm 마그네슘05 비타민b 5중 복합기능성 셀레늄,GNM 자연의품격,27900,,0,,,35428,4.8,10.475285972792834,mid_price,high_review,low_price,high_review,False,False,False,False,False,https://adcr.shopping.naver.com/adclk.nhn?x=%2FyIPpnPyH1xGjHsTgka7Cv%2F%2F%2Fw%3D%3Dsmd8zBqMJQLjellaiFGSaxelHjPrOWjZx0d%2BfAbCirfJS0MlE9Zhp0ZdexlLGrR6%2FG7G5RJJUxF5j92Eo1iXTsoZdhCE9OcMVyJIwnPrYIuQK0ziEfw2%2FX1n2sRb2GAYeWMkho%2FmboYur%2B7CUmxZLTeYUh9naGYWHtG4yIz4TlUfaBWLxG61bbcXVub6bD0o2wxAw31b4lRo27b7XdeVMBT1NvS%2F401paHxQmIRIKmyuMHnypgMYOj%2BppYy8krfLQOruYZ0qvXRqoWGVrNJGunLEI7IotpuxDsxMpzOX3afg%2FWIA9jvcPh7wp%2BthoC3OXTe2y1de4HCKa0h%2BewmwyypLQb09RkuxvU%2BjHfVGNPZwtjqcXCzC1FizX6ay%2Fh7BEshPhb6Kazr0sXML4njShYXVBc2rOW%2F3%2FJjyvG5nAt6up8N5cFPiKvpvtZFiNlkFvmoAcOu0m7HqWRGeckHsPVO8ERT1WEQNH3dtlNYdw3xzIgOhMqsFdEFtPXfe6E2NJC7V67rfH3iNtVAxlGmuIM5Md47BbalqjJCPGSMnN4ql%2FOnYGuJ7aS5gkCprihO57Xlycpep0qsMgsOYv%2FbhZfXH24bSfM4oagza7GbmlT1A%3D,https://shopping-phinf.pstatic.net/main_1309148/13091489871.7.jpg?type=f450,2026-06-01,네이버쇼핑-건강식품-많이구매한BEST-일간-2026-06-01-12-02-48.xlsx,총 gnm 마그네슘05 비타민b 5중 복합기능성 셀레늄,27900,,,35428,4.8
naver_shopping,건강식품,naver_buy_daily,많이구매한BEST_일간,22,압타민C 비타민C 1000mg 플러스,압타민c 비타민c 1000mg 플러스,반가운 웰니스 스토어,50000,,0,,,16823,4.8,9.730561717382535,high_price,mid_review,mid_price,mid_review,False,False,False,True,True,https://adcr.shopping.naver.com/adclk.nhn?x=YZBIyAA%2FlMjwSZvAQwmpy%2F%2F%2F%2Fw%3D%3Dsmd8zBqMJQLjellaiFGSaxelHjPrOWjZx0d%2BfAbCirfJS0MlE9Zhp0ZdexlLGrR6%2FG7G5RJJUxF5j92Eo1iXTsoZdhCE9OcMVyJIwnPrYIuQK0ziEfw2%2FX1n2sRb2GAYeWMkho%2FmboYur%2B7CUmxZLTeYUh9naGYWHtG4yIz4TlUeebpYUGmMDNpMmzh3m%2FWUw7lqlKl0iWiA2O1NUEdWJ5kW1CNtSv%2BNOR367DSeiI1CMHnypgMYOj%2BppYy8krfLQOruYZ0qvXRqoWGVrNJGunLEI7IotpuxDsxMpzOX3afg%2FWIA9jvcPh7wp%2BthoC3OXTe2y1de4HCKa0h%2BewmwyypLQb09RkuxvU%2BjHfVGNPZwtjqcXCzC1FizX6ay%2Fh7BEhLz00g9qE%2FxEyC4Gm87P7S%2FImBdrZ%2BQIBi04%2FvRq6KKp8N5cFPiKvpvtZFiNlkFv%2BJXe6WGN6VW5RbpDrJDoHBjS%2FlujHN2biJZjEKRbeaRt20XtgWYEJ8WyBLvx5mkYC7V67rfH3iNtVAxlGmuIM5Md47BbalqjJCPGSMnN4ql%2FOnYGuJ7aS5gkCprihO57Xlycpep0qsMgsOYv%2FbhZfXH24bSfM4oagza7GbmlT1A%3D,https://shopping-phinf.pstatic.net/main_8851642/88516429697.4.jpg?type=f450,2026-06-01,네이버쇼핑-건강식품-많이구매한BEST-일간-2026-06-01-12-02-48.xlsx,압타민c 비타민c 1000mg 플러스,50000,,,16823,4.8
naver_shopping,건강식품,naver_buy_daily,많이구매한BEST_일간,23,본사직영몰 신애라 PICK 더파인프리미엄 100% 솔잎증류농축액 혈당케어,몰 신애라 pick 더파인프리미엄 100 솔잎증류농축액 혈당케어,더 파인 프리미엄,308000,,0,,,1122,4.7,7.023758954738443,high_price,low_review,high_price,low_review,False,False,False,True,True,https://adcr.shopping.naver.com/adclk.nhn?x=2sSXdjeTr15MVHrTmH1ExP%2F%2F%2Fw%3D%3Dsmd8zBqMJQLjellaiFGSaxelHjPrOWjZx0d%2BfAbCirfJS0MlE9Zhp0ZdexlLGrR6%2FG7G5RJJUxF5j92Eo1iXTsoZdhCE9OcMVyJIwnPrYIuQK0ziEfw2%2FX1n2sRb2GAYeWMkho%2FmboYur%2B7CUmxZLTeYUh9naGYWHtG4yIz4TlUcpcdAzzdCyz28i3tLXfc4j2mZEYMVDWKXISPRe9zqeXIxFsLBafIAmbkeC3cXWm%2BWMHnypgMYOj%2BppYy8krfLQOruYZ0qvXRqoWGVrNJGunLEI7IotpuxDsxMpzOX3afg%2FWIA9jvcPh7wp%2BthoC3OXTe2y1de4HCKa0h%2BewmwyypLQb09RkuxvU%2BjHfVGNPZwtjqcXCzC1FizX6ay%2Fh7BEY%2F6J6AIuJpu8LHGFlvC%2FFzTtRtrZO0FGCHkR%2FDx7dT2p8N5cFPiKvpvtZFiNlkFvb9yvpColSJj9qowWvP6t%2FnQjpshqxVigzzt9FrDccaO1PBHqiFy6qDgqVpE4GFoRC7V67rfH3iNtVAxlGmuIM5Md47BbalqjJCPGSMnN4ql%2FOnYGuJ7aS5gkCprihO57Xlycpep0qsMgsOYv%2FbhZfXH24bSfM4oagza7GbmlT1A%3D,https://shopping-phinf.pstatic.net/main_8892659/88926592257.17.jpg?type=f450,2026-06-01,네이버쇼핑-건강식품-많이구매한BEST-일간-2026-06-01-12-02-48.xlsx,몰 신애라 pick 더파인프리미엄 100 솔잎증류농축액 혈당케어,308000,,,1122,4.7
naver_shopping,건강식품,naver_buy_daily,많이구매한BEST_일간,24,[5개월] 뉴트리코어 WCS 포스파티딜세린 PS 순도 85% 피에스,5개월 뉴트리코어 wcs 포스파티딜세린 ps 순도 85 피에스,뉴트리코어,236000,,0,,,20205,4.8,9.913734868987678,high_price,mid_review,high_price,mid_review,False,False,False,True,True,https://adcr.shopping.naver.com/adclk.nhn?x=JimbU6%2FN%2F0Z1W3yytAcaaP%2F%2F%2Fw%3D%3Dsmd8zBqMJQLjellaiFGSaxelHjPrOWjZx0d%2BfAbCirfJS0MlE9Zhp0ZdexlLGrR6%2FG7G5RJJUxF5j92Eo1iXTsoZdhCE9OcMVyJIwnPrYIuQK0ziEfw2%2FX1n2sRb2GAYeWMkho%2FmboYur%2B7CUmxZLTeYUh9naGYWHtG4yIz4TlUe5icC1QqDHhSEpPO6yz0b231%2Bh0ZUnYdpIxUa9MuU13OjLhrjtFES46fWYRbercJWMHnypgMYOj%2BppYy8krfLQOruYZ0qvXRqoWGVrNJGunLEI7IotpuxDsxMpzOX3afg%2FWIA9jvcPh7wp%2BthoC3OXTe2y1de4HCKa0h%2BewmwyypLQb09RkuxvU%2BjHfVGNPZwtjqcXCzC1FizX6ay%2Fh7BE4E9CxP%2BDHjPGzYY6Hkg0U89BHIHrurWbmwh9vR9UY%2Fyp8N5cFPiKvpvtZFiNlkFvEzZ6aBpb5Dc5dikIS%2BzvdNlVdEY5Uu4dFZ%2Fm73OY7Evmgmmhk7TfSH23M%2FCSBU1uC7V67rfH3iNtVAxlGmuIM5Md47BbalqjJCPGSMnN4ql%2FOnYGuJ7aS5gkCprihO57Xlycpep0qsMgsOYv%2FbhZfXH24bSfM4oagza7GbmlT1A%3D,https://shopping-phinf.pstatic.net/main_8749776/87497762900.15.jpg?type=f450,2026-06-01,네이버쇼핑-건강식품-많이구매한BEST-일간-2026-06-01-12-02-48.xlsx,5개월 뉴트리코어 wcs 포스파티딜세린 ps 순도 85 피에스,236000,,,20205,4.8
naver_shopping,건강식품,naver_buy_daily,많이구매한BEST_일간,25,[장사의신 장신몰] 올인원 영양제 칼슘 마그네슘 미네랄 멀티 비타민 23종 1450mg x 60정,장사의신 장신몰 올인원 영양제 칼슘 마그네슘 미네랄 멀티 비타민 23종 1450mg x,장사의신몰,11900,,0,,,4462,4.9,8.40357646462927,low_price,low_review,low_price,low_review,False,False,False,True,True,https://adcr.shopping.naver.com/adclk.nhn?x=Fh6hga0q4UcU3DrDPnHvgP%2F%2F%2Fw%3D%3Dsmd8zBqMJQLjellaiFGSaxelHjPrOWjZx0d%2BfAbCirfJS0MlE9Zhp0ZdexlLGrR6%2FG7G5RJJUxF5j92Eo1iXTsoZdhCE9OcMVyJIwnPrYIuQK0ziEfw2%2FX1n2sRb2GAYeWMkho%2FmboYur%2B7CUmxZLTeYUh9naGYWHtG4yIz4TlUcm78HV1OXsFqVsqTo0oO6QmMg1VPMYbvTBqQQJL5O8wXyRSfLIh3yA5V9NO37IhsKMHnypgMYOj%2BppYy8krfLQOruYZ0qvXRqoWGVrNJGunLEI7IotpuxDsxMpzOX3afg%2FWIA9jvcPh7wp%2BthoC3OXTe2y1de4HCKa0h%2BewmwyypLQb09RkuxvU%2BjHfVGNPZwtjqcXCzC1FizX6ay%2Fh7BEtTZ5qgh5vLFB2nSqenm4EjXb8MknnhJLO2b6vZfIDZep8N5cFPiKvpvtZFiNlkFvywV1VtU4LvxW5lFZM2%2FvIOH4GrEwTSFVIxSmZ0oSs3GS8diCun%2FJdMxUoyQAhtIGC7V67rfH3iNtVAxlGmuIM5Md47BbalqjJCPGSMnN4ql%2FOnYGuJ7aS5gkCprihO57Xlycpep0qsMgsOYv%2FbhZfXH24bSfM4oagza7GbmlT1A%3D,https://shopping-phinf.pstatic.net/main_9072566/90725663778.jpg?type=f450,2026-06-01,네이버쇼핑-건강식품-많이구매한BEST-일간-2026-06-01-12-02-48.xlsx,장사의신 장신몰 올인원 영양제 칼슘 마그네슘 미네랄 멀티 비타민 23종 1450mg x,11900,,,4462,4.9
naver_shopping,건강식품,naver_buy_daily,많이구매한BEST_일간,26,그레인온 골드카무트효소G,그레인온 골드카무트효소g,그레인온,24900,,0,,,29081,4.8,10.277874705073431,mid_price,high_review,low_price,mid_review,False,False,False,True,True,https://adcr.shopping.naver.com/adclk.nhn?x=zNlIZqOkrT135ma8cSJ%2BLP%2F%2F%2Fw%3D%3Dsmd8zBqMJQLjellaiFGSaxelHjPrOWjZx0d%2BfAbCirfJS0MlE9Zhp0ZdexlLGrR6%2FG7G5RJJUxF5j92Eo1iXTsoZdhCE9OcMVyJIwnPrYIuQK0ziEfw2%2FX1n2sRb2GAYeWMkho%2FmboYur%2B7CUmxZLTeYUh9naGYWHtG4yIz4TlUdSWAWHzjMzXOBZBLAxlI4YbAXIvHySb7VPNvmVM7tLp7s6MjsgP77mj19PGj0Dbf6MHnypgMYOj%2BppYy8krfLQOruYZ0qvXRqoWGVrNJGunLEI7IotpuxDsxMpzOX3afg%2FWIA9jvcPh7wp%2BthoC3OXTe2y1de4HCKa0h%2BewmwyypLQb09RkuxvU%2BjHfVGNPZwtjqcXCzC1FizX6ay%2Fh7BE7MgVRnQcrEKpKFlYSE0bNMfudEkl%2F0vFRZuzEE%2BDtCWp8N5cFPiKvpvtZFiNlkFvOUbvJzifwhDAJDe%2BtNg9VQFTv1DUi%2Fcg1bTjl2NWUmhzrrRy5yO1ha%2FBoPihpFc0C7V67rfH3iNtVAxlGmuIM5Md47BbalqjJCPGSMnN4ql%2FOnYGuJ7aS5gkCprihO57Xlycpep0qsMgsOYv%2FbhZfXH24bSfM4oagza7GbmlT1A%3D,https://shopping-phinf.pstatic.net/main_8687235/86872356039.38.jpg?type=f450,2026-06-01,네이버쇼핑-건강식품-많이구매한BEST-일간-2026-06-01-12-02-48.xlsx,그레인온 골드카무트효소g,24900,,,29081,4.8
naver_shopping,건강식품,naver_buy_daily,많이구매한BEST_일간,27,뉴케어 균형영양식 구수한맛 200ml 외 5종 (10팩+10팩),뉴케어 균형영양식 구수한맛 200ml 외 5종,대상웰라이프 본사쇼핑몰,39000,,0,,,3153,4.9,8.056426767522984,mid_price,low_review,low_price,low_review,False,False,False,True,True,https://adcr.shopping.naver.com/adclk.nhn?x=1BJLrFm2NGnmvnS3fOUQWf%2F%2F%2Fw%3D%3Dsmd8zBqMJQLjellaiFGSaxelHjPrOWjZx0d%2BfAbCirfJS0MlE9Zhp0ZdexlLGrR6%2FG7G5RJJUxF5j92Eo1iXTsoZdhCE9OcMVyJIwnPrYIuQK0ziEfw2%2FX1n2sRb2GAYeWMkho%2FmboYur%2B7CUmxZLTeYUh9naGYWHtG4yIz4TlUctJx2zB%2BR38ZpJy12oQoquWOzJ3KDr0rFDRIkWDY2h6bDHS9BF%2Fa%2BYfoPHnqe3YXCMHnypgMYOj%2BppYy8krfLQOruYZ0qvXRqoWGVrNJGunLEI7IotpuxDsxMpzOX3afg%2FWIA9jvcPh7wp%2BthoC3OXTe2y1de4HCKa0h%2BewmwyypLQb09RkuxvU%2BjHfVGNPZwtjqcXCzC1FizX6ay%2Fh7BEn0YJ3P1M7mPkUYshLmOZ2FRjFxa36KS3Os5lzca13eWp8N5cFPiKvpvtZFiNlkFvc4RS5p9u0njl%2B4iq0sRercmU4rCJ0Mo3dBQWNuM5%2FgYFxjf8IKUD6BBQriDUJrYGC7V67rfH3iNtVAxlGmuIM5Md47BbalqjJCPGSMnN4ql%2FOnYGuJ7aS5gkCprihO57Xlycpep0qsMgsOYv%2FbhZfXH24bSfM4oagza7GbmlT1A%3D,https://shopping-phinf.pstatic.net/main_9061277/90612776652.1.jpg?type=f450,2026-06-01,네이버쇼핑-건강식품-많이구매한BEST-일간-2026-06-01-12-02-48.xlsx,뉴케어 균형영양식 구수한맛 200ml 외 5종,39000,,,3153,4.9
naver_shopping,건강식품,naver_buy_daily,많이구매한BEST_일간,28,비에날씬 BNR17 비엔날씬 유산균 BMR17 김희선 다이어트 유산균,비에날씬 bnr17 비엔날씬 유산균 bmr17 김희선 다이어트 유산균,뉴트라이트,45800,,0,,,2434,4.8,7.79770203551669,mid_price,low_review,mid_price,low_review,False,False,False,True,True,https://adcr.shopping.naver.com/adclk.nhn?x=v5DhVhc4F6WiiJV03qq7iv%2F%2F%2Fw%3D%3Dsmd8zBqMJQLjellaiFGSaxelHjPrOWjZx0d%2BfAbCirfJS0MlE9Zhp0ZdexlLGrR6%2FG7G5RJJUxF5j92Eo1iXTsoZdhCE9OcMVyJIwnPrYIuQK0ziEfw2%2FX1n2sRb2GAYeWMkho%2FmboYur%2B7CUmxZLTeYUh9naGYWHtG4yIz4TlUdTpwopixcVkyoN3wWpSeoDq9k7me3zt7bLzj8B4AjgOyIygV9aLZIX2wzqgaKR8C%2BMHnypgMYOj%2BppYy8krfLQOruYZ0qvXRqoWGVrNJGunLEI7IotpuxDsxMpzOX3afg%2FWIA9jvcPh7wp%2BthoC3OXTe2y1de4HCKa0h%2BewmwyypLQb09RkuxvU%2BjHfVGNPZwtjqcXCzC1FizX6ay%2Fh7BEqcwZoZanhESC%2Ffnk%2FpSgRTo2MNtDM%2F7YruwBoYqLQeKp8N5cFPiKvpvtZFiNlkFvto8%2FCCaDRqeG7XgS2G79M2cFwm9oL7cFY9pdtOpxZTcEPI2Fn5G%2B7ayWopVibJctC7V67rfH3iNtVAxlGmuIM5Md47BbalqjJCPGSMnN4ql%2FOnYGuJ7aS5gkCprihO57Xlycpep0qsMgsOYv%2FbhZfXH24bSfM4oagza7GbmlT1A%3D,https://shopping-phinf.pstatic.net/main_8745936/87459366397.2.jpg?type=f450,2026-06-01,네이버쇼핑-건강식품-많이구매한BEST-일간-2026-06-01-12-02-48.xlsx,비에날씬 bnr17 비엔날씬 유산균 bmr17 김희선 다이어트 유산균,45800,,,2434,4.8
naver_shopping,건강식품,naver_buy_daily,많이구매한BEST_일간,29,"고려은단 프로바이오틱스 유산균 스페셜핏 100억 유산균 30캡슐, 3개",고려은단 프로바이오틱스 유산균 스페셜핏 100억 유산균,고려은단몰,45900,,0,,,47316,4.9,10.764624917942255,mid_price,high_review,mid_price,high_review,False,False,False,True,True,https://adcr.shopping.naver.com/adclk.nhn?x=ME36bDqIeEuwDp%2FCypvNVf%2F%2F%2Fw%3D%3Dsmd8zBqMJQLjellaiFGSaxelHjPrOWjZx0d%2BfAbCirfJS0MlE9Zhp0ZdexlLGrR6%2FG7G5RJJUxF5j92Eo1iXTsoZdhCE9OcMVyJIwnPrYIuQK0ziEfw2%2FX1n2sRb2GAYeWMkho%2FmboYur%2B7CUmxZLTeYUh9naGYWHtG4yIz4TlUed1FNaMhKrR3OG6HxiS5oTLaxBCxoynuuebJxG6hpcsWrMni67OiHDSLRR0y%2FlygaMHnypgMYOj%2BppYy8krfLQOruYZ0qvXRqoWGVrNJGunLEI7IotpuxDsxMpzOX3afg%2FWIA9jvcPh7wp%2BthoC3OXTe2y1de4HCKa0h%2BewmwyypLQb09RkuxvU%2BjHfVGNPZwtjqcXCzC1FizX6ay%2Fh7BE73ug4u1zHHw7QyPePNurdZu%2Fg9cd5SFgAqWG2njVUd%2Bp8N5cFPiKvpvtZFiNlkFvPbGZa%2F6lWSX%2FDkYveSgSfc8RyBD0eaIaCiW5nCHdlfBHkfrvd%2FuOQswo9s%2FxYZBEC7V67rfH3iNtVAxlGmuIM5Md47BbalqjJCPGSMnN4ql%2FOnYGuJ7aS5gkCprihO57Xlycpep0qsMgsOYv%2FbhZfXH24bSfM4oagza7GbmlT1A%3D,https://shopping-phinf.pstatic.net/main_8528293/85282935667.6.jpg?type=f450,2026-06-01,네이버쇼핑-건강식품-많이구매한BEST-일간-2026-06-01-12-02-48.xlsx,고려은단 프로바이오틱스 유산균 스페셜핏 100억 유산균,45900,,,47316,4.9
naver_shopping,건강식품,naver_buy_daily,많이구매한BEST_일간,30,피에이치365 아기유산균 프로바이오틱스 베이비 돌 유아 아이,피에이치365 아기유산균 프로바이오틱스 베이비 돌 유아 아이,피에이치365,39000,,0,,,99999,4.9,11.512925464970229,mid_price,high_review,low_price,high_review,False,False,False,True,True,https://adcr.shopping.naver.com/adclk.nhn?x=ZF6zJyNFySB2dPQlqKOyj%2F%2F%2F%2Fw%3D%3Dsmd8zBqMJQLjellaiFGSaxelHjPrOWjZx0d%2BfAbCirfJS0MlE9Zhp0ZdexlLGrR6%2FG7G5RJJUxF5j92Eo1iXTsoZdhCE9OcMVyJIwnPrYIuQK0ziEfw2%2FX1n2sRb2GAYeWMkho%2FmboYur%2B7CUmxZLTeYUh9naGYWHtG4yIz4TlUeDM2%2Bjn%2FO88mMqCj5fAqOhT%2FDj4f5s4ZFHpodjPGFcoXH9Q%2B4ShwJC9rw4QeJDuMSMHnypgMYOj%2BppYy8krfLQOruYZ0qvXRqoWGVrNJGunLEI7IotpuxDsxMpzOX3afg%2FWIA9jvcPh7wp%2BthoC3OXTe2y1de4HCKa0h%2BewmwyypLQb09RkuxvU%2BjHfVGNPZwtjqcXCzC1FizX6ay%2Fh7BEZQmTzwHtmPomh9wD1dh2OBlmJIG%2F0bCFdazjTk%2B8WU6p8N5cFPiKvpvtZFiNlkFvK2Q09B0PtcoYcLyLLtVeTT1EGKEn%2B2qccxpsZEaE7DT%2ByyK9ADKKc1zIFR8vMmZ3C7V67rfH3iNtVAxlGmuIM5Md47BbalqjJCPGSMnN4ql%2FOnYGuJ7aS5gkCprihO57Xlycpep0qsMgsOYv%2FbhZfXH24bSfM4oagza7GbmlT1A%3D,https://shopping-phinf.pstatic.net/main_8230718/82307182893.3.jpg?type=f450,2026-06-01,네이버쇼핑-건강식품-많이구매한BEST-일간-2026-06-01-12-02-48.xlsx,피에이치365 아기유산균 프로바이오틱스 베이비 돌 유아 아이,39000,,,99999,4.9
naver_shopping,건강식품,naver_buy_daily,많이구매한BEST_일간,31,[6개월분] 메디트리 유산균 100억 장까지 살아가는 캡슐 알약 모유유래유산균,메디트리 유산균 100억 장까지 살아가는 캡슐 알약 모유유래유산균,메디트리 공식 스토어,55900,,0,,,9598,4.9,9.169414205363537,high_price,mid_review,mid_price,mid_review,False,False,False,True,True,https://adcr.shopping.naver.com/adclk.nhn?x=wFHfjCHpM%2F9pqaeDdfNJQ%2F%2F%2F%2Fw%3D%3Dsmd8zBqMJQLjellaiFGSaxelHjPrOWjZx0d%2BfAbCirfJS0MlE9Zhp0ZdexlLGrR6%2FG7G5RJJUxF5j92Eo1iXTsoZdhCE9OcMVyJIwnPrYIuQK0ziEfw2%2FX1n2sRb2GAYeWMkho%2FmboYur%2B7CUmxZLTeYUh9naGYWHtG4yIz4TlUduqx16tTyApjmGr6uCkOvBTouEOltmzT4s%2F0g5w0TbX2mZY1hBcFy06K5V0g%2F%2FsAiMHnypgMYOj%2BppYy8krfLQOruYZ0qvXRqoWGVrNJGunLEI7IotpuxDsxMpzOX3afg%2FWIA9jvcPh7wp%2BthoC3OXTe2y1de4HCKa0h%2BewmwyypLQb09RkuxvU%2BjHfVGNPZwtjqcXCzC1FizX6ay%2Fh7BEwNroiODlPWUClO%2FEGDGstD31oJ3xB9Y8tXmQT%2Frp59ep8N5cFPiKvpvtZFiNlkFvQGXGnXrtC3D7Ij6ZRYNyVdPsSi45aJiNyEVgWU25k7n8RolPYsFEvxJt6d38X%2BcVC7V67rfH3iNtVAxlGmuIM5Md47BbalqjJCPGSMnN4ql%2FOnYGuJ7aS5gkCprihO57Xlycpep0qsMgsOYv%2FbhZfXH24bSfM4oagza7GbmlT1A%3D,https://shopping-phinf.pstatic.net/main_8300535/83005354395.27.jpg?type=f450,2026-06-01,네이버쇼핑-건강식품-많이구매한BEST-일간-2026-06-01-12-02-48.xlsx,메디트리 유산균 100억 장까지 살아가는 캡슐 알약 모유유래유산균,55900,,,9598,4.9
naver_shopping,건강식품,naver_buy_daily,많이구매한BEST_일간,32,서울대 위바이옴 두뇌엔 닥터PS 70 포스파티딜세린 분말 세린에이드,서울대 위바이옴 두뇌엔 닥터ps 70 포스파티딜세린 분말 세린에이드,위바이옴,118000,,0,,,19015,4.8,9.85303600904003,high_price,mid_review,high_price,mid_review,False,False,False,True,True,https://adcr.shopping.naver.com/adclk.nhn?x=qtaCCoi4wsra4uhtKRrX5%2F%2F%2F%2Fw%3D%3Dsmd8zBqMJQLjellaiFGSaxelHjPrOWjZx0d%2BfAbCirfJS0MlE9Zhp0ZdexlLGrR6%2FG7G5RJJUxF5j92Eo1iXTsoZdhCE9OcMVyJIwnPrYIuQK0ziEfw2%2FX1n2sRb2GAYeWMkho%2FmboYur%2B7CUmxZLTeYUh9naGYWHtG4yIz4TlUc2CfR5U724MRVrM6%2FNWr6WEudIxPC2I5TQ5%2BOx2r7WA5jpjIHfFNDYHQHdmQR1%2FoeMHnypgMYOj%2BppYy8krfLQOruYZ0qvXRqoWGVrNJGunLEI7IotpuxDsxMpzOX3afg%2FWIA9jvcPh7wp%2BthoC3OXTe2y1de4HCKa0h%2BewmwyypLQb09RkuxvU%2BjHfVGNPZwtjqcXCzC1FizX6ay%2Fh7BEao4XWphduSsoAg8qe%2BRzaUNev3yWzYYnwAk%2FVi1lKlqp8N5cFPiKvpvtZFiNlkFvXyi6sImJLWvVVEvyhNavBwW%2BQixpTEc559P9uLMnXCeK31SQfCr5GU1ZTyfY4qafC7V67rfH3iNtVAxlGmuIM5Md47BbalqjJCPGSMnN4ql%2FOnYGuJ7aS5gkCprihO57Xlycpep0qsMgsOYv%2FbhZfXH24bSfM4oagza7GbmlT1A%3D,https://shopping-phinf.pstatic.net/main_8428125/84281255661.73.jpg?type=f450,2026-06-01,네이버쇼핑-건강식품-많이구매한BEST-일간-2026-06-01-12-02-48.xlsx,서울대 위바이옴 두뇌엔 닥터ps 70 포스파티딜세린 분말 세린에이드,118000,,,19015,4.8
naver_shopping,건강식품,naver_buy_daily,많이구매한BEST_일간,33,[본사 정식 스토어] 김용건이 선택한 청정 울릉도 마가보감 프리미엄 1개월 마가목 열매 엉겅퀴 마가목즙[N배송],정식 스토어 김용건이 선택한 청정 울릉도 마가보감 프리미엄 1개월 마가목 열매 엉겅퀴 마가목즙 n배송,워너비인,349000,,0,,,795,4.8,6.679599185844383,high_price,low_review,high_price,low_review,False,False,False,True,True,https://adcr.shopping.naver.com/adclk.nhn?x=ygvRzOltH%2FYzLrjoU3%2FSDP%2F%2F%2Fw%3D%3Dsmd8zBqMJQLjellaiFGSaxelHjPrOWjZx0d%2BfAbCirfJS0MlE9Zhp0ZdexlLGrR6%2FG7G5RJJUxF5j92Eo1iXTsoZdhCE9OcMVyJIwnPrYIuQK0ziEfw2%2FX1n2sRb2GAYeWMkho%2FmboYur%2B7CUmxZLTeYUh9naGYWHtG4yIz4TlUccektNDdcGgEyDZWsOIDcq0Prtbo%2B6%2F1NDwRqyiHXSSMelmdCtg4VPf9s1wzJh8ceMHnypgMYOj%2BppYy8krfLQOruYZ0qvXRqoWGVrNJGunLEI7IotpuxDsxMpzOX3afg%2FWIA9jvcPh7wp%2BthoC3OXTe2y1de4HCKa0h%2BewmwyypLQb09RkuxvU%2BjHfVGNPZwtjqcXCzC1FizX6ay%2Fh7BE3gZM5SjAiwBeuMow2F9FUiYJLfXAASej8EuiAaAFeEWp8N5cFPiKvpvtZFiNlkFvsn78koMGiuMT%2BU%2FhXgTshP14zgtB%2Fn5VmadgwFitEBgjaIykxtzIjqKkVW7bFtvTC7V67rfH3iNtVAxlGmuIM5Md47BbalqjJCPGSMnN4ql%2FOnYGuJ7aS5gkCprihO57Xlycpep0qsMgsOYv%2FbhZfXH24bSfM4oagza7GbmlT1A%3D,https://shopping-phinf.pstatic.net/main_8686359/86863591874.6.jpg?type=f450,2026-06-01,네이버쇼핑-건강식품-많이구매한BEST-일간-2026-06-01-12-02-48.xlsx,정식 스토어 김용건이 선택한 청정 울릉도 마가보감 프리미엄 1개월 마가목 열매 엉겅퀴 마가목즙 n배송,349000,,,795,4.8
naver_shopping,건강식품,naver_buy_daily,많이구매한BEST_일간,34,조선비책 침향환 초고함량 발효 침향 효능 침향단 체내흡수2.5배 침향원 1박스60환,조선비책 침향환 초고함량 발효 침향 효능 침향단 체내흡수2 5배 침향원 1박스60환,조선비책,99000,,0,,,70956,4.9,11.169829338750404,high_price,high_review,high_price,high_review,False,False,False,True,True,https://adcr.shopping.naver.com/adclk.nhn?x=r%2Bxxi0R0jqR%2BwrRjeEqVIP%2F%2F%2Fw%3D%3Dsmd8zBqMJQLjellaiFGSaxelHjPrOWjZx0d%2BfAbCirfJS0MlE9Zhp0ZdexlLGrR6%2FG7G5RJJUxF5j92Eo1iXTsoZdhCE9OcMVyJIwnPrYIuQK0ziEfw2%2FX1n2sRb2GAYeWMkho%2FmboYur%2B7CUmxZLTeYUh9naGYWHtG4yIz4TlUcDCPWqlhXdFMyqhPYMcKbgupqWEZYP879OdTTgqo4JfumZNGBXgYN7ZGn8fyfUJoKMHnypgMYOj%2BppYy8krfLQOruYZ0qvXRqoWGVrNJGunLEI7IotpuxDsxMpzOX3afg%2FWIA9jvcPh7wp%2BthoC3OXTe2y1de4HCKa0h%2BewmwyypLQb09RkuxvU%2BjHfVGNPZwtjqcXCzC1FizX6ay%2Fh7BEQkxDoewe5mF98ef4zEUsvhAkZPKZ0Gd%2FLmpcOTXGNWep8N5cFPiKvpvtZFiNlkFvEHCWhWjP8Ba6arAAmuO1ueghpOf87bxcMgZmBNNKgEvQ4BP%2Fg34B%2FRem3w9UuMJ4C7V67rfH3iNtVAxlGmuIM5Md47BbalqjJCPGSMnN4ql%2FOnYGuJ7aS5gkCprihO57Xlycpep0qsMgsOYv%2FbhZfXH24bSfM4oagza7GbmlT1A%3D,https://shopping-phinf.pstatic.net/main_8253352/82533525363.37.jpg?type=f450,2026-06-01,네이버쇼핑-건강식품-많이구매한BEST-일간-2026-06-01-12-02-48.xlsx,조선비책 침향환 초고함량 발효 침향 효능 침향단 체내흡수2 5배 침향원 1박스60환,99000,,,70956,4.9
naver_shopping,건강식품,naver_buy_daily,많이구매한BEST_일간,35,[6개입] 닥터린 송중기 철갑상어 콘드로이친 1200 맥스 저분자 뮤코다당단백,닥터린 송중기 철갑상어 콘드로이친 1200 맥스 저분자 뮤코다당단백,닥터린 공식스토어,99000,,0,,,27727,4.8,10.230198011955387,high_price,high_review,high_price,mid_review,False,False,False,True,True,https://adcr.shopping.naver.com/adclk.nhn?x=0ncFYfNaFpUxs2tBGBpeI%2F%2F%2F%2Fw%3D%3Dsmd8zBqMJQLjellaiFGSaxelHjPrOWjZx0d%2BfAbCirfJS0MlE9Zhp0ZdexlLGrR6%2FG7G5RJJUxF5j92Eo1iXTsoZdhCE9OcMVyJIwnPrYIuQK0ziEfw2%2FX1n2sRb2GAYeWMkho%2FmboYur%2B7CUmxZLTeYUh9naGYWHtG4yIz4TlUeeSRSpxkXmP5mtqDUEJTlh7dJ1eztFnHeq2VXkC3gOdaXxMxO6MSwDidZHLGrOlumMHnypgMYOj%2BppYy8krfLQOruYZ0qvXRqoWGVrNJGunLEI7IotpuxDsxMpzOX3afg%2FWIA9jvcPh7wp%2BthoC3OXTe2y1de4HCKa0h%2BewmwyypLQb09RkuxvU%2BjHfVGNPZwtjqcXCzC1FizX6ay%2Fh7BEhrzk2tSm3lxo%2FCd2EG78wR6txlWkQnFD%2Bt6sgXql%2B3qp8N5cFPiKvpvtZFiNlkFvTodKD%2FVEEVYTShbs%2FdruUHLF2eB8TxcP960%2Bfusk%2Fol%2F4icFFdB76PEaWRExonNZC7V67rfH3iNtVAxlGmuIM5Md47BbalqjJCPGSMnN4ql%2FOnYGuJ7aS5gkCprihO57Xlycpep0qsMgsOYv%2FbhZfXH24bSfM4oagza7GbmlT1A%3D,https://shopping-phinf.pstatic.net/main_8554228/85542288263.49.jpg?type=f450,2026-06-01,네이버쇼핑-건강식품-많이구매한BEST-일간-2026-06-01-12-02-48.xlsx,닥터린 송중기 철갑상어 콘드로이친 1200 맥스 저분자 뮤코다당단백,99000,,,27727,4.8
naver_shopping,건강식품,naver_buy_daily,많이구매한BEST_일간,36,종근당건강 프로메가 알티지 오메가3 듀얼 비타민D 4000IU,종근당건강 프로메가 알티지 오메가3 듀얼 비타민d 4000iu,종근당건강,67000,,0,,,6370,4.9,8.759511722116487,high_price,mid_review,mid_price,low_review,False,False,False,True,True,https://adcr.shopping.naver.com/adclk.nhn?x=VN93afHli6JMKa1SZmsQLP%2F%2F%2Fw%3D%3Dsmd8zBqMJQLjellaiFGSaxelHjPrOWjZx0d%2BfAbCirfJS0MlE9Zhp0ZdexlLGrR6%2FG7G5RJJUxF5j92Eo1iXTsoZdhCE9OcMVyJIwnPrYIuQK0ziEfw2%2FX1n2sRb2GAYeWMkho%2FmboYur%2B7CUmxZLTeYUh9naGYWHtG4yIz4TlUemFHA5bxBlqVz%2F0arvyQlB5HEj1ig35Kyj8kr53vqGYArbp33pqP5D6Bjy7jNp0yWMHnypgMYOj%2BppYy8krfLQOruYZ0qvXRqoWGVrNJGunLEI7IotpuxDsxMpzOX3afg%2FWIA9jvcPh7wp%2BthoC3OXTe2y1de4HCKa0h%2BewmwyypLQb09RkuxvU%2BjHfVGNPZwtjqcXCzC1FizX6ay%2Fh7BEgviOmJczbkzwo3aG0sAFzr1IogWWyP6gUX4z65mYqkSp8N5cFPiKvpvtZFiNlkFvDNJQvCyPOFo2jJjwJXLUXPk9pCQCEGnhQu%2FbjgJMwQsk%2FEkOVu5tlwcDYK9mfqxkC7V67rfH3iNtVAxlGmuIM5Md47BbalqjJCPGSMnN4ql%2FOnYGuJ7aS5gkCprihO57Xlycpep0qsMgsOYv%2FbhZfXH24bSfM4oagza7GbmlT1A%3D,https://shopping-phinf.pstatic.net/main_8978089/89780890469.15.jpg?type=f450,2026-06-01,네이버쇼핑-건강식품-많이구매한BEST-일간-2026-06-01-12-02-48.xlsx,종근당건강 프로메가 알티지 오메가3 듀얼 비타민d 4000iu,67000,,,6370,4.9
naver_shopping,건강식품,naver_buy_daily,많이구매한BEST_일간,37,마켓오래 유케어 200ml x 24팩 (완전균형영양식),마켓오래 유케어 200ml x 완전균형영양식,마켓오래,49000,,0,,,615,4.8,6.423246963533519,high_price,low_review,mid_price,low_review,False,False,False,True,True,https://adcr.shopping.naver.com/adclk.nhn?x=G1DEId%2BtCNCZ7u59lWrqD%2F%2F%2F%2Fw%3D%3Dsmd8zBqMJQLjellaiFGSaxelHjPrOWjZx0d%2BfAbCirfJS0MlE9Zhp0ZdexlLGrR6%2FG7G5RJJUxF5j92Eo1iXTsoZdhCE9OcMVyJIwnPrYIuQK0ziEfw2%2FX1n2sRb2GAYeWMkho%2FmboYur%2B7CUmxZLTeYUh9naGYWHtG4yIz4TlUdFFxQ7N1SAHCgXZ1nU%2BmemKub3zKnerTgKZv9GHkrQNMa65kvmWjCXBmM%2FKPzr%2FrmMHnypgMYOj%2BppYy8krfLQOruYZ0qvXRqoWGVrNJGunLEI7IotpuxDsxMpzOX3afg%2FWIA9jvcPh7wp%2BthoC3OXTe2y1de4HCKa0h%2BewmwyypLQb09RkuxvU%2BjHfVGNPZwtjqcXCzC1FizX6ay%2Fh7BEx3bwpobvNApCn%2FQxUHXsv026zz5wwjSKN8NKH4%2BdQOqp8N5cFPiKvpvtZFiNlkFvpNxuV74qvw06%2FdiEPL69h6KK84W8hZlhHsat3COp1NQGG6TItgKcAPynZ2MTeGPUC7V67rfH3iNtVAxlGmuIM5Md47BbalqjJCPGSMnN4ql%2FOnYGuJ7aS5gkCprihO57Xlycpep0qsMgsOYv%2FbhZfXH24bSfM4oagza7GbmlT1A%3D,https://shopping-phinf.pstatic.net/main_9100676/91006766683.1.jpg?type=f450,2026-06-01,네이버쇼핑-건강식품-많이구매한BEST-일간-2026-06-01-12-02-48.xlsx,마켓오래 유케어 200ml x 완전균형영양식,49000,,,615,4.8
naver_shopping,건강식품,naver_buy_daily,많이구매한BEST_일간,38,"고려은단 식물성 퓨어 알티지 오메가3 기억력+ 60캡슐, 3개",고려은단 식물성 퓨어 알티지 오메가3 기억력,고려은단몰,44900,,0,,,71385,4.9,11.175857050670414,mid_price,high_review,low_price,high_review,False,False,False,True,True,https://adcr.shopping.naver.com/adclk.nhn?x=XSdBD%2BGYjIjUjuto6Vjmpv%2F%2F%2Fw%3D%3Dsmd8zBqMJQLjellaiFGSaxelHjPrOWjZx0d%2BfAbCirfJS0MlE9Zhp0ZdexlLGrR6%2FG7G5RJJUxF5j92Eo1iXTsoZdhCE9OcMVyJIwnPrYIuQK0ziEfw2%2FX1n2sRb2GAYeWMkho%2FmboYur%2B7CUmxZLTeYUh9naGYWHtG4yIz4TlUcdhkM61028D5i1flJVNq%2B3ZMgbIxS1W%2BPrP%2FFRiMBZvCJEhBdEVNsP9HxxDicD4FOMHnypgMYOj%2BppYy8krfLQOruYZ0qvXRqoWGVrNJGunLEI7IotpuxDsxMpzOX3afg%2FWIA9jvcPh7wp%2BthoC3OXTe2y1de4HCKa0h%2BewmwyypLQb09RkuxvU%2BjHfVGNPZwtjqcXCzC1FizX6ay%2Fh7BE4F0%2FdhqEm5Q6%2BjLvOGevWZV0AI7x2sAYb1MCgNOZ1V2p8N5cFPiKvpvtZFiNlkFvfmY0DVTF7cojK74oKQIEKnxQtRXBXmRQHHNcY%2BpEG1tFJbYSjKxcminL6fNiGfLMC7V67rfH3iNtVAxlGmuIM5Md47BbalqjJCPGSMnN4ql%2FOnYGuJ7aS5gkCprihO57Xlycpep0qsMgsOYv%2FbhZfXH24bSfM4oagza7GbmlT1A%3D,https://shopping-phinf.pstatic.net/main_8744561/87445617656.5.jpg?type=f450,2026-06-01,네이버쇼핑-건강식품-많이구매한BEST-일간-2026-06-01-12-02-48.xlsx,고려은단 식물성 퓨어 알티지 오메가3 기억력,44900,,,71385,4.9
naver_shopping,건강식품,naver_buy_daily,많이구매한BEST_일간,39,호관원 프리미엄 골드 이만기 홈쇼핑 60포 1박스,호관원 프리미엄 골드 이만기 홈쇼핑,뚜두리빙,265000,,0,,,701,4.8,6.553933404025811,high_price,low_review,high_price,low_review,False,False,False,False,False,https://adcr.shopping.naver.com/adclk.nhn?x=OPyjMDGOTxXZn4OyiaZ6Lv%2F%2F%2Fw%3D%3Dsmd8zBqMJQLjellaiFGSaxelHjPrOWjZx0d%2BfAbCirfJS0MlE9Zhp0ZdexlLGrR6%2FG7G5RJJUxF5j92Eo1iXTsoZdhCE9OcMVyJIwnPrYIuQK0ziEfw2%2FX1n2sRb2GAYeWMkho%2FmboYur%2B7CUmxZLTeYUh9naGYWHtG4yIz4TlUfsiNwlluKReuF%2Fl%2BGQjTXlYx8S%2F3hwes12AiHzF7EFLllpajBh6d42tngS4OFl5MmMHnypgMYOj%2BppYy8krfLQOruYZ0qvXRqoWGVrNJGunLEI7IotpuxDsxMpzOX3afg%2FWIA9jvcPh7wp%2BthoC3OXTe2y1de4HCKa0h%2BewmwyypLQb09RkuxvU%2BjHfVGNPZwtjqcXCzC1FizX6ay%2Fh7BEQ5gE1MZmewFPknyQgLPV5QRcATJxYA8Fr4dCpL1scE2p8N5cFPiKvpvtZFiNlkFvlg0RMt62Fh83DIexnvRvlI9wZIMOuaaW7fmITYJCOOs6XNaRC1cPEbJt4kUhwuDYC7V67rfH3iNtVAxlGmuIM5Md47BbalqjJCPGSMnN4ql%2FOnYGuJ7aS5gkCprihO57Xlycpep0qsMgsOYv%2FbhZfXH24bSfM4oagza7GbmlT1A%3D,https://shopping-phinf.pstatic.net/main_8826397/88263974809.3.jpg?type=f450,2026-06-01,네이버쇼핑-건강식품-많이구매한BEST-일간-2026-06-01-12-02-48.xlsx,호관원 프리미엄 골드 이만기 홈쇼핑,265000,,,701,4.8
naver_shopping,건강식품,naver_buy_daily,많이구매한BEST_일간,40,[8개월분] 락티브 활성형 엽산 800 non-GMO 임산부 수유부 오은영 성분배합,락티브 활성형 엽산 800 non gmo 임산부 수유부 오은영 성분배합,락티브,72000,,0,,,12476,4.9,9.431642228411022,high_price,mid_review,mid_price,mid_review,False,False,False,True,True,https://adcr.shopping.naver.com/adclk.nhn?x=SuoGf1JZLZ3Udvwc4Xjf%2Fv%2F%2F%2Fw%3D%3Dsmd8zBqMJQLjellaiFGSaxelHjPrOWjZx0d%2BfAbCirfJS0MlE9Zhp0ZdexlLGrR6%2FG7G5RJJUxF5j92Eo1iXTsoZdhCE9OcMVyJIwnPrYIuQK0ziEfw2%2FX1n2sRb2GAYeWMkho%2FmboYur%2B7CUmxZLTeYUh9naGYWHtG4yIz4TlUdZhe7L5uGZQPJcbK0FP5o2ikssdry3MeWe04STX6s1vK0ZlhB1Ii6DJdl2ZMnNIQSMHnypgMYOj%2BppYy8krfLQOruYZ0qvXRqoWGVrNJGunLEI7IotpuxDsxMpzOX3afg%2FWIA9jvcPh7wp%2BthoC3OXTe2y1de4HCKa0h%2BewmwyypLQb09RkuxvU%2BjHfVGNPZwtjqcXCzC1FizX6ay%2Fh7BEhJ55o%2BA7dVG3rxLaekiTICzdUdUYZcygKXtdARUOG%2FCp8N5cFPiKvpvtZFiNlkFv2%2BJM7Qla%2BImP65KOd7fDPfGPjriEKkGNQcwSi0XtmilObVM3s6ocdQFQv7V1qBgSC7V67rfH3iNtVAxlGmuIM5Md47BbalqjJCPGSMnN4ql%2FOnYGuJ7aS5gkCprihO57Xlycpep0qsMgsOYv%2FbhZfXH24bSfM4oagza7GbmlT1A%3D,https://shopping-phinf.pstatic.net/main_8826332/88263321378.23.jpg?type=f450,2026-06-01,네이버쇼핑-건강식품-많이구매한BEST-일간-2026-06-01-12-02-48.xlsx,락티브 활성형 엽산 800 non gmo 임산부 수유부 오은영 성분배합,72000,,,12476,4.9
naver_shopping,건강식품,naver_buy_daily,많이구매한BEST_일간,41,"고려은단 메가도스C 비타민C 2000mg X 100포 (200g), 2개",고려은단 메가도스c 비타민c 2000mg x 200g,고려은단몰,35900,,0,,,31970,4.9,10.372584520889065,mid_price,high_review,low_price,mid_review,False,False,False,True,True,https://adcr.shopping.naver.com/adclk.nhn?x=r3USYpv3kkEh9JmgrgIXD%2F%2F%2F%2Fw%3D%3Dsmd8zBqMJQLjellaiFGSaxelHjPrOWjZx0d%2BfAbCirfJS0MlE9Zhp0ZdexlLGrR6%2FG7G5RJJUxF5j92Eo1iXTsoZdhCE9OcMVyJIwnPrYIuQK0ziEfw2%2FX1n2sRb2GAYeWMkho%2FmboYur%2B7CUmxZLTeYUh9naGYWHtG4yIz4TlUcC%2BfmxBs2RSYfYJto8PwILo%2FAXgYHP9Y%2B1I7vrCWemrFSvENHpyUrh4j9P4yO7CCGMHnypgMYOj%2BppYy8krfLQOruYZ0qvXRqoWGVrNJGunLEI7IotpuxDsxMpzOX3afg%2FWIA9jvcPh7wp%2BthoC3OXTe2y1de4HCKa0h%2BewmwyypLQb09RkuxvU%2BjHfVGNPZwtjqcXCzC1FizX6ay%2Fh7BEcXQI7ap6E6d5QMIok7UbQGJdi7%2FNI7V3sR3iMe85pdGp8N5cFPiKvpvtZFiNlkFvI5lo347z0pUlmv0%2Fi0NR4JnIjO6rl3qitdn%2BfxKLipmKc%2FIdbe5Ixq8g2vEgSxz2C7V67rfH3iNtVAxlGmuIM5Md47BbalqjJCPGSMnN4ql%2FOnYGuJ7aS5gkCprihO57Xlycpep0qsMgsOYv%2FbhZfXH24bSfM4oagza7GbmlT1A%3D,https://shopping-phinf.pstatic.net/main_8858310/88583100379.5.jpg?type=f450,2026-06-01,네이버쇼핑-건강식품-많이구매한BEST-일간-2026-06-01-12-02-48.xlsx,고려은단 메가도스c 비타민c 2000mg x 200g,35900,,,31970,4.9
naver_shopping,건강식품,naver_buy_daily,많이구매한BEST_일간,42,[네이버 단독]고려은단 메가도스 이뮨샷 30병 종합멀티비타민+아미노산+아르기닌,고려은단 메가도스 이뮨샷 종합멀티비타민 아미노산 아르기닌,고려은단몰,54900,,0,,,30859,4.9,10.337216125917152,high_price,high_review,mid_price,mid_review,False,False,False,True,True,https://adcr.shopping.naver.com/adclk.nhn?x=CNagIpKryqKg0VBr2yowIf%2F%2F%2Fw%3D%3Dsmd8zBqMJQLjellaiFGSaxelHjPrOWjZx0d%2BfAbCirfJS0MlE9Zhp0ZdexlLGrR6%2FG7G5RJJUxF5j92Eo1iXTsoZdhCE9OcMVyJIwnPrYIuQK0ziEfw2%2FX1n2sRb2GAYeWMkho%2FmboYur%2B7CUmxZLTeYUh9naGYWHtG4yIz4TlUeiok8gWd3hnmYaiggU0xsrY%2FslxsmjP2OdtFbEVinyRbPq5Fk5o4egsxfladw9ubmMHnypgMYOj%2BppYy8krfLQOruYZ0qvXRqoWGVrNJGunLEI7IotpuxDsxMpzOX3afg%2FWIA9jvcPh7wp%2BthoC3OXTe2y1de4HCKa0h%2BewmwyypLQb09RkuxvU%2BjHfVGNPZwtjqcXCzC1FizX6ay%2Fh7BEmO%2FCpHG70XqgqeUV7MIJaoxGq8TvkSZoi10monO1x6%2Bp8N5cFPiKvpvtZFiNlkFvULL7twTJr7tee90DVLJflwkmPRLLoWvLbM7onFuiymu6c3vbQwgaah%2BrHEEQmJi5C7V67rfH3iNtVAxlGmuIM5Md47BbalqjJCPGSMnN4ql%2FOnYGuJ7aS5gkCprihO57Xlycpep0qsMgsOYv%2FbhZfXH24bSfM4oagza7GbmlT1A%3D,https://shopping-phinf.pstatic.net/main_8929534/89295346847.4.jpg?type=f450,2026-06-01,네이버쇼핑-건강식품-많이구매한BEST-일간-2026-06-01-12-02-48.xlsx,네이버 단독 고려은단 메가도스 이뮨샷 종합멀티비타민 아미노산 아르기닌,54900,,,30859,4.9
naver_shopping,건강식품,naver_buy_daily,많이구매한BEST_일간,43,배석철의 아미나 고용량 비타민B3 500mg 미국산 니코틴산아미드,배석철의 아미나 고용량 비타민b3 500mg 미국산 니코틴산아미드,파미나,45000,,0,,,922,4.8,6.827629234502852,mid_price,low_review,mid_price,low_review,False,False,True,True,True,https://adcr.shopping.naver.com/adclk.nhn?x=2GrwyOSQP4nHpCb2nTtmVf%2F%2F%2Fw%3D%3Dsmd8zBqMJQLjellaiFGSaxelHjPrOWjZx0d%2BfAbCirfJS0MlE9Zhp0ZdexlLGrR6%2FG7G5RJJUxF5j92Eo1iXTsoZdhCE9OcMVyJIwnPrYIuQK0ziEfw2%2FX1n2sRb2GAYeWMkho%2FmboYur%2B7CUmxZLTeYUh9naGYWHtG4yIz4TlUcu3kASsFKXPhoQmDPfVwKni7C8DjO9uVgf4IuaTL8jV4%2F6hLS%2BM2Qa3rHhze0UZ4%2BMHnypgMYOj%2BppYy8krfLQOruYZ0qvXRqoWGVrNJGunLEI7IotpuxDsxMpzOX3afg%2FWIA9jvcPh7wp%2BthoC3OXTe2y1de4HCKa0h%2BewmwyypLQb09RkuxvU%2BjHfVGNPZwtjqcXCzC1FizX6ay%2Fh7BEWLL%2Bwt06jshAM38kWwl98L7hkk7SVs2ylhzCmumXVjSp8N5cFPiKvpvtZFiNlkFv2%2FG1pfn02Nv9KPogaLzdiT9tLwECbZsYcxa9S5U03jc3lYwF1KHNDEP2eyRPNgc6C7V67rfH3iNtVAxlGmuIM5Md47BbalqjJCPGSMnN4ql%2FOnYGuJ7aS5gkCprihO57Xlycpep0qsMgsOYv%2FbhZfXH24bSfM4oagza7GbmlT1A%3D,https://shopping-phinf.pstatic.net/main_8924980/89249807316.2.jpg?type=f450,2026-06-01,네이버쇼핑-건강식품-많이구매한BEST-일간-2026-06-01-12-02-48.xlsx,배석철의 아미나 고용량 비타민b3 500mg 미국산 니코틴산아미드,45000,,,922,4.8
naver_shopping,건강식품,naver_buy_daily,많이구매한BEST_일간,44,종근당건강 프로메가 오메가3 트리플,종근당건강 프로메가 오메가3 트리플,종근당건강,58900,,0,,,30644,4.9,10.330224795919833,high_price,high_review,mid_price,mid_review,False,False,False,True,True,https://adcr.shopping.naver.com/adclk.nhn?x=zlUndXRu%2BUOt0ELS264DEP%2F%2F%2Fw%3D%3Dsmd8zBqMJQLjellaiFGSaxelHjPrOWjZx0d%2BfAbCirfJS0MlE9Zhp0ZdexlLGrR6%2FG7G5RJJUxF5j92Eo1iXTsoZdhCE9OcMVyJIwnPrYIuQK0ziEfw2%2FX1n2sRb2GAYeWMkho%2FmboYur%2B7CUmxZLTeYUh9naGYWHtG4yIz4TlUfwJhEys1oA0mg6jG7ZfEZjpl9lFu5lxyDL4d8Fm6xycT3ZLWNgtp2sgZcICn2SgOyMHnypgMYOj%2BppYy8krfLQOruYZ0qvXRqoWGVrNJGunLEI7IotpuxDsxMpzOX3afg%2FWIA9jvcPh7wp%2BthoC3OXTe2y1de4HCKa0h%2BewmwyypLQb09RkuxvU%2BjHfVGNPZwtjqcXCzC1FizX6ay%2Fh7BE9hVErQqYKX6OqqxRD9%2FmlFvBDrOJjFQceG%2BA90LCL0Kp8N5cFPiKvpvtZFiNlkFv4cMxTagbb0fhDmB0eJVSWqrJZxhhuvZmghriJ0UzbfNnujm59Fb608zgk4z6VuEPC7V67rfH3iNtVAxlGmuIM5Md47BbalqjJCPGSMnN4ql%2FOnYGuJ7aS5gkCprihO57Xlycpep0qsMgsOYv%2FbhZfXH24bSfM4oagza7GbmlT1A%3D,https://shopping-phinf.pstatic.net/main_8584722/85847228315.70.jpg?type=f450,2026-06-01,네이버쇼핑-건강식품-많이구매한BEST-일간-2026-06-01-12-02-48.xlsx,종근당건강 프로메가 오메가3 트리플,58900,,,30644,4.9
naver_shopping,건강식품,naver_buy_daily,많이구매한BEST_일간,45,센트룸 이뮨부스트 데일리 프로텍션C,센트룸 이뮨부스트 데일리 프로텍션c,센트룸 공식스토어,81000,,0,,,172,4.9,5.153291594497779,high_price,low_review,high_price,low_review,False,False,False,False,False,https://adcr.shopping.naver.com/adclk.nhn?x=oTIJwPSPQsKvXDtaenX3tP%2F%2F%2Fw%3D%3Dsmd8zBqMJQLjellaiFGSaxelHjPrOWjZx0d%2BfAbCirfJS0MlE9Zhp0ZdexlLGrR6%2FG7G5RJJUxF5j92Eo1iXTsoZdhCE9OcMVyJIwnPrYIuQK0ziEfw2%2FX1n2sRb2GAYeWMkho%2FmboYur%2B7CUmxZLTeYUh9naGYWHtG4yIz4TlUeEFTDV8iYemKIxr1qY1Hsxmq010rawXWIAkLCS3gKkAnT8KDUHMttqnDBcu%2BVcR4WMHnypgMYOj%2BppYy8krfLQOruYZ0qvXRqoWGVrNJGunLEI7IotpuxDsxMpzOX3afg%2FWIA9jvcPh7wp%2BthoC3OXTe2y1de4HCKa0h%2BewmwyypLQb09RkuxvU%2BjHfVGNPZwtjqcXCzC1FizX6ay%2Fh7BEYIkx8XgNfKLAvEVlWV6QY3WOQVuINs1zd2VwMoazXzip8N5cFPiKvpvtZFiNlkFvPblqSvDKMN3U40n0ZAk%2Bw9mK3lrmsO42DDNRETKXv6%2FtLXfoTZVB0liIdTISY4J0C7V67rfH3iNtVAxlGmuIM5Md47BbalqjJCPGSMnN4ql%2FOnYGuJ7aS5gkCprihO57Xlycpep0qsMgsOYv%2FbhZfXH24bSfM4oagza7GbmlT1A%3D,https://shopping-phinf.pstatic.net/main_9099088/90990881569.1.jpg?type=f450,2026-06-01,네이버쇼핑-건강식품-많이구매한BEST-일간-2026-06-01-12-02-48.xlsx,센트룸 이뮨부스트 데일리 프로텍션c,81000,,,172,4.9
naver_shopping,건강식품,naver_buy_daily,많이구매한BEST_일간,46,(최신제조) 독일PM쥬스 파워칵테일 리스토레이트 액티바이즈 피트라인 3종세트,최신제조 독일pm쥬스 파워칵테일 리스토레이트 액티바이즈 피트라인 3종세트,순수를더하다,123400,,0,,,3995,4.9,8.293049139768444,high_price,low_review,high_price,low_review,False,False,False,True,True,https://adcr.shopping.naver.com/adclk.nhn?x=EltgY8AHFTycj48A6F0JZf%2F%2F%2Fw%3D%3Dsmd8zBqMJQLjellaiFGSaxelHjPrOWjZx0d%2BfAbCirfJS0MlE9Zhp0ZdexlLGrR6%2FG7G5RJJUxF5j92Eo1iXTsoZdhCE9OcMVyJIwnPrYIuQK0ziEfw2%2FX1n2sRb2GAYeWMkho%2FmboYur%2B7CUmxZLTeYUh9naGYWHtG4yIz4TlUcIsJ9aXIO0a7uom0qmUgldm5wRtpY%2FO0e3NmO6FZ9ykoSPWupJzrHnkNDzgYPnplCMHnypgMYOj%2BppYy8krfLQOruYZ0qvXRqoWGVrNJGunLEI7IotpuxDsxMpzOX3afg%2FWIA9jvcPh7wp%2BthoC3OXTe2y1de4HCKa0h%2BewmwyypLQb09RkuxvU%2BjHfVGNPZwtjqcXCzC1FizX6ay%2Fh7BEyB8jzlVLJj59%2FgQ7NdtLV0dFGqQAY05ndnM5YBHFgMSp8N5cFPiKvpvtZFiNlkFvfne%2F6K7BggKt9RXudBHb7NlOaEet1MQD9BnTjvHvUL2lK2a9B1HBbUBsHndzolVJC7V67rfH3iNtVAxlGmuIM5Md47BbalqjJCPGSMnN4ql%2FOnYGuJ7aS5gkCprihO57Xlycpep0qsMgsOYv%2FbhZfXH24bSfM4oagza7GbmlT1A%3D,https://shopping-phinf.pstatic.net/main_8712394/87123941626.18.jpg?type=f450,2026-06-01,네이버쇼핑-건강식품-많이구매한BEST-일간-2026-06-01-12-02-48.xlsx,최신제조 독일pm쥬스 파워칵테일 리스토레이트 액티바이즈 피트라인 3종세트,123400,,,3995,4.9
naver_shopping,건강식품,naver_buy_daily,많이구매한BEST_일간,47,사계명원 청명진액 BEST 4박스 60스틱 칼슘마그네슘비타민D 녹용 특허성분 킬슘진액,사계명원 청명진액 best 칼슘마그네슘비타민d 녹용 특허성분 킬슘진액,사계명원,106000,,0,,,523,4.7,6.261491684321042,high_price,low_review,high_price,low_review,False,False,False,True,True,https://adcr.shopping.naver.com/adclk.nhn?x=oqsHTD7%2B%2BVh%2BHdEIUJwM1v%2F%2F%2Fw%3D%3Dsmd8zBqMJQLjellaiFGSaxelHjPrOWjZx0d%2BfAbCirfJS0MlE9Zhp0ZdexlLGrR6%2FG7G5RJJUxF5j92Eo1iXTsoZdhCE9OcMVyJIwnPrYIuQK0ziEfw2%2FX1n2sRb2GAYeWMkho%2FmboYur%2B7CUmxZLTeYUh9naGYWHtG4yIz4TlUfYguYpEQht7qvdyDaMFWivpj%2BCmp2xFgq3A8btrxTRbRMhE5deJEf%2B6QwqJUCHpKaMHnypgMYOj%2BppYy8krfLQOruYZ0qvXRqoWGVrNJGunLEI7IotpuxDsxMpzOX3afg%2FWIA9jvcPh7wp%2BthoC3OXTe2y1de4HCKa0h%2BewmwyypLQb09RkuxvU%2BjHfVGNPZwtjqcXCzC1FizX6ay%2Fh7BEyr07CuLO3uDyXnY5ZV%2FSxq6TrHkVbn4tSbvOSKxDOI6p8N5cFPiKvpvtZFiNlkFvwH6LNdU16T0Vb3MFgMvzl6guLlZD5giW0eSULj9ZkHi31nAhonvTpK0Lrf5YcmBiC7V67rfH3iNtVAxlGmuIM5Md47BbalqjJCPGSMnN4ql%2FOnYGuJ7aS5gkCprihO57Xlycpep0qsMgsOYv%2FbhZfXH24bSfM4oagza7GbmlT1A%3D,https://shopping-phinf.pstatic.net/main_8759216/87592169439.jpg?type=f450,2026-06-01,네이버쇼핑-건강식품-많이구매한BEST-일간-2026-06-01-12-02-48.xlsx,사계명원 청명진액 best 칼슘마그네슘비타민d 녹용 특허성분 킬슘진액,106000,,,523,4.7
naver_shopping,건강식품,naver_buy_daily,많이구매한BEST_일간,48,종근당 비타민d 2000iu 임산부 성인 비타민d3 3개월분,종근당 비타민d 2000iu 임산부 성인 비타민d3,비타헬스,11900,,0,,,15234,4.9,9.63135069141981,low_price,mid_review,low_price,mid_review,False,False,False,True,True,https://adcr.shopping.naver.com/adclk.nhn?x=LV98SP1AwSHCw4ImeezdCf%2F%2F%2Fw%3D%3Dsmd8zBqMJQLjellaiFGSaxelHjPrOWjZx0d%2BfAbCirfJS0MlE9Zhp0ZdexlLGrR6%2FG7G5RJJUxF5j92Eo1iXTsoZdhCE9OcMVyJIwnPrYIuQK0ziEfw2%2FX1n2sRb2GAYeWMkho%2FmboYur%2B7CUmxZLTeYUh9naGYWHtG4yIz4TlUcarLSdhuqld4jW4UL2oVwujUjvDs870B%2B0CERkyUhyz%2B8E8JNSEiPq6jE9iEp431aMHnypgMYOj%2BppYy8krfLQOruYZ0qvXRqoWGVrNJGunLEI7IotpuxDsxMpzOX3afg%2FWIA9jvcPh7wp%2BthoC3OXTe2y1de4HCKa0h%2BewmwyypLQb09RkuxvU%2BjHfVGNPZwtjqcXCzC1FizX6ay%2Fh7BEEzvPtS%2F82k6HsBycSkhx69U7ryEwhq5hHmHSlglz3DWp8N5cFPiKvpvtZFiNlkFvMnzqbTlr8paA3WZDnYjrGgFW4R3ua%2Bk9a1lzSGgD8n3muLGqiGU8ryaW5yCTjTazC7V67rfH3iNtVAxlGmuIM5Md47BbalqjJCPGSMnN4ql%2FOnYGuJ7aS5gkCprihO57Xlycpep0qsMgsOYv%2FbhZfXH24bSfM4oagza7GbmlT1A%3D,https://shopping-phinf.pstatic.net/main_8578290/85782904066.3.jpg?type=f450,2026-06-01,네이버쇼핑-건강식품-많이구매한BEST-일간-2026-06-01-12-02-48.xlsx,종근당 비타민d 2000iu 임산부 성인 비타민d3,11900,,,15234,4.9
naver_shopping,건강식품,naver_buy_daily,많이구매한BEST_일간,49,덴프스 덴마크 유산균 이야기 170mg 6박스 (12개월분),덴프스 덴마크 유산균 이야기 170mg,BNKnet,122500,,0,,,9474,4.9,9.156412029950626,high_price,mid_review,high_price,mid_review,False,False,False,True,True,https://adcr.shopping.naver.com/adclk.nhn?x=qK65wRB%2BrGJqFP77kaRAAP%2F%2F%2Fw%3D%3Dsmd8zBqMJQLjellaiFGSaxelHjPrOWjZx0d%2BfAbCirfJS0MlE9Zhp0ZdexlLGrR6%2FG7G5RJJUxF5j92Eo1iXTsoZdhCE9OcMVyJIwnPrYIuQK0ziEfw2%2FX1n2sRb2GAYeWMkho%2FmboYur%2B7CUmxZLTeYUh9naGYWHtG4yIz4TlUdibg%2B35xZzy%2F4KIgUH%2FU4Y%2FXWdSwljW%2Frosq8QwHKE7poiwY0RHmZtcXva8g3shC6MHnypgMYOj%2BppYy8krfLQOruYZ0qvXRqoWGVrNJGunLEI7IotpuxDsxMpzOX3afg%2FWIA9jvcPh7wp%2BthoC3OXTe2y1de4HCKa0h%2BewmwyypLQb09RkuxvU%2BjHfVGNPZwtjqcXCzC1FizX6ay%2Fh7BEGa0XzfAIMhBjm6FkajgWk4ANSsX%2FAFXCzK3blKTItMGp8N5cFPiKvpvtZFiNlkFvV0SwzMjTWCrLDY1nXU91ygaqtEohXgCsJDtiNvFWwaHJkDXIJZomOaM1NeU%2BxXTHC7V67rfH3iNtVAxlGmuIM5Md47BbalqjJCPGSMnN4ql%2FOnYGuJ7aS5gkCprihO57Xlycpep0qsMgsOYv%2FbhZfXH24bSfM4oagza7GbmlT1A%3D,https://shopping-phinf.pstatic.net/main_8744333/87443332951.3.jpg?type=f450,2026-06-01,네이버쇼핑-건강식품-많이구매한BEST-일간-2026-06-01-12-02-48.xlsx,덴프스 덴마크 유산균 이야기 170mg,122500,,,9474,4.9
naver_shopping,건강식품,naver_buy_daily,많이구매한BEST_일간,50,여에스더 유산균 골드 Pro,여에스더 유산균 골드 pro,에스더포뮬러,89000,,0,,,8866,4.8,9.090091799380007,high_price,mid_review,high_price,mid_review,False,False,False,True,True,https://adcr.shopping.naver.com/adclk.nhn?x=2E0CICpyqvZCVetQOMUS2P%2F%2F%2Fw%3D%3Dsmd8zBqMJQLjellaiFGSaxelHjPrOWjZx0d%2BfAbCirfJS0MlE9Zhp0ZdexlLGrR6%2FG7G5RJJUxF5j92Eo1iXTsoZdhCE9OcMVyJIwnPrYIuQK0ziEfw2%2FX1n2sRb2GAYeWMkho%2FmboYur%2B7CUmxZLTeYUh9naGYWHtG4yIz4TlUfardaMNjLIem8BpuzN9k0a7WtrE%2BG9VTibpxP%2Bbfg9PmZkXVPTkcY1nXsjgNonV8eMHnypgMYOj%2BppYy8krfLQOruYZ0qvXRqoWGVrNJGunLEI7IotpuxDsxMpzOX3afg%2FWIA9jvcPh7wp%2BthoC3OXTe2y1de4HCKa0h%2BewmwyypLQb09RkuxvU%2BjHfVGNPZwtjqcXCzC1FizX6ay%2Fh7BEYO%2FIfptZd3UTlscQVv1eXcxN6dmkPjRvh7Kj%2BlAJby6p8N5cFPiKvpvtZFiNlkFvEWusb9FFIpddGPzAELITVpksgm3eERzkjNO%2B%2FwvG%2FvvOG%2FZyv7AXXlx%2BIVXODyFqC7V67rfH3iNtVAxlGmuIM5Md47BbalqjJCPGSMnN4ql%2FOnYGuJ7aS5gkCprihO57Xlycpep0qsMgsOYv%2FbhZfXH24bSfM4oagza7GbmlT1A%3D,https://shopping-phinf.pstatic.net/main_9057598/90575982118.3.jpg?type=f450,2026-06-01,네이버쇼핑-건강식품-많이구매한BEST-일간-2026-06-01-12-02-48.xlsx,여에스더 유산균 골드 pro,89000,,,8866,4.8
naver_shopping,건강식품,naver_buy_daily,많이구매한BEST_일간,51,뉴케어 구수한맛 클래식 1BOX + 영양간식,뉴케어 구수한맛 클래식 영양간식,대상웰라이프 본사쇼핑몰,44990,,0,,,24238,4.9,10.095718185206863,mid_price,mid_review,mid_price,mid_review,False,False,False,True,True,https://adcr.shopping.naver.com/adclk.nhn?x=RZlrPOnLGN1T0SVN8F5HYv%2F%2F%2Fw%3D%3Dsmd8zBqMJQLjellaiFGSaxelHjPrOWjZx0d%2BfAbCirfJS0MlE9Zhp0ZdexlLGrR6%2FG7G5RJJUxF5j92Eo1iXTsoZdhCE9OcMVyJIwnPrYIuQK0ziEfw2%2FX1n2sRb2GAYeWMkho%2FmboYur%2B7CUmxZLTeYUh9naGYWHtG4yIz4TlUcv4cq9W8c1Nm0cY808i3jI34JgeXVfJuaG1Umb4Uo2V%2BDiQxswEsSZGid%2FupAqq6OMHnypgMYOj%2BppYy8krfLQOruYZ0qvXRqoWGVrNJGunLEI7IotpuxDsxMpzOX3afg%2FWIA9jvcPh7wp%2BthoC3OXTe2y1de4HCKa0h%2BewmwyypLQb09RkuxvU%2BjHfVGNPZwtjqcXCzC1FizX6ay%2Fh7BEiG5mz87Y%2BIIZVIO%2BkezNrLO1mauzWR%2FmGLnqL9TkUUqp8N5cFPiKvpvtZFiNlkFvVASZ83U421sgheT25GOk8G2OcOoXHtMzv2r6uTgViC82ve3cqJgILp2excSBUYnRC7V67rfH3iNtVAxlGmuIM5Md47BbalqjJCPGSMnN4ql%2FOnYGuJ7aS5gkCprihO57Xlycpep0qsMgsOYv%2FbhZfXH24bSfM4oagza7GbmlT1A%3D,https://shopping-phinf.pstatic.net/main_8886993/88869931074.12.jpg?type=f450,2026-06-01,네이버쇼핑-건강식품-많이구매한BEST-일간-2026-06-01-12-02-48.xlsx,뉴케어 구수한맛 클래식 영양간식,44990,,,24238,4.9
naver_shopping,건강식품,naver_buy_daily,많이구매한BEST_일간,52,센트룸 실버 포 우먼 종합 멀티 비타민 영양제 112정 비타민B12 대용량,센트룸 실버 포 우먼 종합 멀티 비타민 영양제 비타민b12,티에스shop,35690,,0,,,10957,4.8,9.301825062098361,mid_price,mid_review,low_price,mid_review,False,False,False,True,True,https://adcr.shopping.naver.com/adclk.nhn?x=g14er2Yq7P5TMlbeNYJpGv%2F%2F%2Fw%3D%3Dsmd8zBqMJQLjellaiFGSaxelHjPrOWjZx0d%2BfAbCirfJS0MlE9Zhp0ZdexlLGrR6%2FG7G5RJJUxF5j92Eo1iXTsoZdhCE9OcMVyJIwnPrYIuQK0ziEfw2%2FX1n2sRb2GAYeWMkho%2FmboYur%2B7CUmxZLTeYUh9naGYWHtG4yIz4TlUdkhsVjtW3ZHSEfSX8UYhquMqLTU2EP4lRH6zZOBy6O6J7oly%2BuPAKzOIVl%2B4vGQcmMHnypgMYOj%2BppYy8krfLQOruYZ0qvXRqoWGVrNJGunLEI7IotpuxDsxMpzOX3afg%2FWIA9jvcPh7wp%2BthoC3OXTe2y1de4HCKa0h%2BewmwyypLQb09RkuxvU%2BjHfVGNPZwtjqcXCzC1FizX6ay%2Fh7BEd6P6y%2FlaxyaFayD5RBLwdu9Ak5xxilUUXVP6mcWoR9%2Bp8N5cFPiKvpvtZFiNlkFvDNN9xquIDzX1ICdNijbhmZV4z%2FJ7FYoNyYoganG1oB%2FPGDTkEvleF1HHnF3J5xscC7V67rfH3iNtVAxlGmuIM5Md47BbalqjJCPGSMnN4ql%2FOnYGuJ7aS5gkCprihO57Xlycpep0qsMgsOYv%2FbhZfXH24bSfM4oagza7GbmlT1A%3D,https://shopping-phinf.pstatic.net/main_8678780/86787803460.9.jpg?type=f450,2026-06-01,네이버쇼핑-건강식품-많이구매한BEST-일간-2026-06-01-12-02-48.xlsx,센트룸 실버 포 우먼 종합 멀티 비타민 영양제 비타민b12,35690,,,10957,4.8
naver_shopping,건강식품,naver_buy_daily,많이구매한BEST_일간,53,"고려은단 비타민C 1000 이지+비타민D 180정, 2개 (6개월분)",고려은단 비타민c 1000 이지 비타민d,고려은단몰,29900,,0,,,99999,4.9,11.512925464970229,mid_price,high_review,low_price,high_review,False,False,False,True,True,https://adcr.shopping.naver.com/adclk.nhn?x=NxFTR60iC0gQV1lf6fdJFv%2F%2F%2Fw%3D%3Dsmd8zBqMJQLjellaiFGSaxelHjPrOWjZx0d%2BfAbCirfJS0MlE9Zhp0ZdexlLGrR6%2FG7G5RJJUxF5j92Eo1iXTsoZdhCE9OcMVyJIwnPrYIuQK0ziEfw2%2FX1n2sRb2GAYeWMkho%2FmboYur%2B7CUmxZLTeYUh9naGYWHtG4yIz4TlUeKAucEX7WL%2BLuoe1IMfQZ9IS4iCq1GLBlXiNtvO4%2FBrv%2BtazI9vFLDHGtahF7wP%2FuMHnypgMYOj%2BppYy8krfLQOruYZ0qvXRqoWGVrNJGunLEI7IotpuxDsxMpzOX3afg%2FWIA9jvcPh7wp%2BthoC3OXTe2y1de4HCKa0h%2BewmwyypLQb09RkuxvU%2BjHfVGNPZwtjqcXCzC1FizX6ay%2Fh7BELRS%2BDadWcJ4meHtQBT9NUdI%2Bk%2FCAtfe4EfpsqsU%2BBISp8N5cFPiKvpvtZFiNlkFvRKqV75qIqzix0wGGlVhu9IQjT2XiV9BMh7PNfkIuPw5ra6hV6RkW4h6EDXH9NKSxC7V67rfH3iNtVAxlGmuIM5Md47BbalqjJCPGSMnN4ql%2FOnYGuJ7aS5gkCprihO57Xlycpep0qsMgsOYv%2FbhZfXH24bSfM4oagza7GbmlT1A%3D,https://shopping-phinf.pstatic.net/main_8272869/82728691294.11.jpg?type=f450,2026-06-01,네이버쇼핑-건강식품-많이구매한BEST-일간-2026-06-01-12-02-48.xlsx,고려은단 비타민c 1000 이지 비타민d,29900,,,99999,4.9
naver_shopping,건강식품,naver_buy_daily,많이구매한BEST_일간,54,[슈퍼적립] 솔티스 눈 프로텍션 프로S3 3박스 눈 건강,슈퍼적립 솔티스 눈 프로텍션 프로s3 눈 건강,Soltice,38700,,0,,,8809,4.7,9.083642718930225,mid_price,mid_review,low_price,mid_review,False,False,False,True,True,https://adcr.shopping.naver.com/adclk.nhn?x=yZceZYXsNwc2kw4O7CLPzv%2F%2F%2Fw%3D%3Dsmd8zBqMJQLjellaiFGSaxelHjPrOWjZx0d%2BfAbCirfJS0MlE9Zhp0ZdexlLGrR6%2FG7G5RJJUxF5j92Eo1iXTsoZdhCE9OcMVyJIwnPrYIuQK0ziEfw2%2FX1n2sRb2GAYeWMkho%2FmboYur%2B7CUmxZLTeYUh9naGYWHtG4yIz4TlUdvNVaQmMCEvwrKWWgQI4%2FgLDyj8oCPnCPG1lb%2FINBO4OWdeXcvxfxrqYUfGOa8oXeMHnypgMYOj%2BppYy8krfLQOruYZ0qvXRqoWGVrNJGunLEI7IotpuxDsxMpzOX3afg%2FWIA9jvcPh7wp%2BthoC3OXTe2y1de4HCKa0h%2BewmwyypLQb09RkuxvU%2BjHfVGNPZwtjqcXCzC1FizX6ay%2Fh7BE%2FRzdnshutF7r0C8d5nl8ImVm6Eh16g%2FvVWbuTVkQsLWp8N5cFPiKvpvtZFiNlkFvTRUHEHiGHL0APXRxBjhJpm1I%2Fvz3GFcYPBqhbvL2YgYb9zcDaooy1i7l2EG%2B8MSUC7V67rfH3iNtVAxlGmuIM5Md47BbalqjJCPGSMnN4ql%2FOnYGuJ7aS5gkCprihO57Xlycpep0qsMgsOYv%2FbhZfXH24bSfM4oagza7GbmlT1A%3D,https://shopping-phinf.pstatic.net/main_8837397/88373978067.16.jpg?type=f450,2026-06-01,네이버쇼핑-건강식품-많이구매한BEST-일간-2026-06-01-12-02-48.xlsx,슈퍼적립 솔티스 눈 프로텍션 프로s3 눈 건강,38700,,,8809,4.7
naver_shopping,건강식품,naver_buy_daily,많이구매한BEST_일간,55,그레인온 골드 카무트 효소,그레인온 골드 카무트 효소,그레인온,72900,,0,,,94485,4.9,11.456206954358665,high_price,high_review,mid_price,high_review,False,False,True,True,True,https://adcr.shopping.naver.com/adclk.nhn?x=H53%2FqHl0JsqHVDX0acO1k%2F%2F%2F%2Fw%3D%3Dsmd8zBqMJQLjellaiFGSaxelHjPrOWjZx0d%2BfAbCirfJS0MlE9Zhp0ZdexlLGrR6%2FG7G5RJJUxF5j92Eo1iXTsoZdhCE9OcMVyJIwnPrYIuQK0ziEfw2%2FX1n2sRb2GAYeWMkho%2FmboYur%2B7CUmxZLTeYUh9naGYWHtG4yIz4TlUde2nhWY0bcS8UbQrrdBZ9QRdPtolE0%2BqS4uFcYZ38sOoy42ZKa3l3XbUY48wtefiyMHnypgMYOj%2BppYy8krfLQOruYZ0qvXRqoWGVrNJGunLEI7IotpuxDsxMpzOX3afg%2FWIA9jvcPh7wp%2BthoC3OXTe2y1de4HCKa0h%2BewmwyypLQb09RkuxvU%2BjHfVGNPZwtjqcXCzC1FizX6ay%2Fh7BEleZ06ZuIjjnCd%2F1BFTeNDj05MPPN9sAeWSEEY9iuTuup8N5cFPiKvpvtZFiNlkFv5NHaFEL8o8%2Fv0ykW4XodGE6KQxGjPNfZTM5lZfRGR%2Fh2BVTp8KHR4By12AYWCW8WC7V67rfH3iNtVAxlGmuIM5Md47BbalqjJCPGSMnN4ql%2FOnYGuJ7aS5gkCprihO57Xlycpep0qsMgsOYv%2FbhZfXH24bSfM4oagza7GbmlT1A%3D,https://shopping-phinf.pstatic.net/main_8582183/85821831111.81.jpg?type=f450,2026-06-01,네이버쇼핑-건강식품-많이구매한BEST-일간-2026-06-01-12-02-48.xlsx,그레인온 골드 카무트 효소,72900,,,94485,4.9
naver_shopping,건강식품,naver_buy_daily,많이구매한BEST_일간,56,"고려은단 멀티비타민 올인원 60정 (4종 택2), 2개",고려은단 멀티비타민 올인원 4종 택2,고려은단몰,42900,,0,,,6597,4.9,8.794521851788527,mid_price,mid_review,low_price,low_review,False,False,False,True,True,https://adcr.shopping.naver.com/adclk.nhn?x=cobs6pCKqPog1izm42Rwdv%2F%2F%2Fw%3D%3Dsmd8zBqMJQLjellaiFGSaxelHjPrOWjZx0d%2BfAbCirfJS0MlE9Zhp0ZdexlLGrR6%2FG7G5RJJUxF5j92Eo1iXTsoZdhCE9OcMVyJIwnPrYIuQK0ziEfw2%2FX1n2sRb2GAYeWMkho%2FmboYur%2B7CUmxZLTeYUh9naGYWHtG4yIz4TlUf5qJ8Ki3ROcVkl4GQG4v8xBxmg%2BXDt01Jspwbc80taVMCiGVLDhB02JZ7OonLg%2BrqMHnypgMYOj%2BppYy8krfLQOruYZ0qvXRqoWGVrNJGunLEI7IotpuxDsxMpzOX3afg%2FWIA9jvcPh7wp%2BthoC3OXTe2y1de4HCKa0h%2BewmwyypLQb09RkuxvU%2BjHfVGNPZwtjqcXCzC1FizX6ay%2Fh7BEwwSj3sFJExRdDoZZZsoDpaXATIl7WA12dWXYekCsvbip8N5cFPiKvpvtZFiNlkFvU2hB9b6gF36pd5tw1Au6snKk3kpTqG%2Fz2oWOCbA6QiWf2rMczmRUo8C6lRKQZB2KC7V67rfH3iNtVAxlGmuIM5Md47BbalqjJCPGSMnN4ql%2FOnYGuJ7aS5gkCprihO57Xlycpep0qsMgsOYv%2FbhZfXH24bSfM4oagza7GbmlT1A%3D,https://shopping-phinf.pstatic.net/main_9024961/90249614966.3.jpg?type=f450,2026-06-01,네이버쇼핑-건강식품-많이구매한BEST-일간-2026-06-01-12-02-48.xlsx,고려은단 멀티비타민 올인원 4종 택2,42900,,,6597,4.9
naver_shopping,건강식품,naver_buy_daily,많이구매한BEST_일간,57,종근당 락토핏 생유산균 골드 150포 5개월분 20억 50포 x 3통,종근당 락토핏 생유산균 골드 20억 x,우북이,28900,,0,,,3371,4.9,8.123261319121745,mid_price,low_review,low_price,low_review,False,False,False,True,True,https://adcr.shopping.naver.com/adclk.nhn?x=KW8afABCENKEJtMbk8cOHP%2F%2F%2Fw%3D%3Dsmd8zBqMJQLjellaiFGSaxelHjPrOWjZx0d%2BfAbCirfJS0MlE9Zhp0ZdexlLGrR6%2FG7G5RJJUxF5j92Eo1iXTsoZdhCE9OcMVyJIwnPrYIuQK0ziEfw2%2FX1n2sRb2GAYeWMkho%2FmboYur%2B7CUmxZLTeYUh9naGYWHtG4yIz4TlUfievU4r7PFIs4eg8v7OIp1A8T5n4fntAkdbnRKQ1fKKte8ogF%2F9CWW65nuFR1zMreMHnypgMYOj%2BppYy8krfLQOruYZ0qvXRqoWGVrNJGunLEI7IotpuxDsxMpzOX3afg%2FWIA9jvcPh7wp%2BthoC3OXTe2y1de4HCKa0h%2BewmwyypLQb09RkuxvU%2BjHfVGNPZwtjqcXCzC1FizX6ay%2Fh7BEU%2FsJuuZ%2F2kkAJ0LYA%2B%2FwW2T7rp6KwYWtjGALiZfjQWip8N5cFPiKvpvtZFiNlkFvVqyE7BagAM1n55htgjzw9fWMxt7bW7m8%2BwpE2AR7t6bgIW6RCKjCQ7BwLj3e0svCC7V67rfH3iNtVAxlGmuIM5Md47BbalqjJCPGSMnN4ql%2FOnYGuJ7aS5gkCprihO57Xlycpep0qsMgsOYv%2FbhZfXH24bSfM4oagza7GbmlT1A%3D,https://shopping-phinf.pstatic.net/main_8911853/89118530092.3.jpg?type=f450,2026-06-01,네이버쇼핑-건강식품-많이구매한BEST-일간-2026-06-01-12-02-48.xlsx,종근당 락토핏 생유산균 골드 20억 x,28900,,,3371,4.9
naver_shopping,건강식품,naver_buy_daily,많이구매한BEST_일간,58,종근당 장건강프로젝트365 비피더스 유산균 100억,종근당 장건강프로젝트365 비피더스 유산균 100억,종근당,63900,,0,,,11060,4.9,9.311180686902254,high_price,mid_review,mid_price,mid_review,False,False,False,False,False,https://adcr.shopping.naver.com/adclk.nhn?x=HvpvrDbU1Uf5lDYdkcwlff%2F%2F%2Fw%3D%3Dsmd8zBqMJQLjellaiFGSaxelHjPrOWjZx0d%2BfAbCirfJS0MlE9Zhp0ZdexlLGrR6%2FG7G5RJJUxF5j92Eo1iXTsoZdhCE9OcMVyJIwnPrYIuQK0ziEfw2%2FX1n2sRb2GAYeWMkho%2FmboYur%2B7CUmxZLTeYUh9naGYWHtG4yIz4TlUdQHO54m%2FINKnI7lOVycdwHIYJ9wvk7TaD1JomnwyFkQU%2Fdb5KM7%2F%2FWbNcg2G6SEkaMHnypgMYOj%2BppYy8krfLQOruYZ0qvXRqoWGVrNJGunLEI7IotpuxDsxMpzOX3afg%2FWIA9jvcPh7wp%2BthoC3OXTe2y1de4HCKa0h%2BewmwyypLQb09RkuxvU%2BjHfVGNPZwtjqcXCzC1FizX6ay%2Fh7BEHtenw31NWD6zHM9k6paa3SMa%2FYEouBpFl4esFxxoaw2p8N5cFPiKvpvtZFiNlkFvqDrSSExQONfNXBsTmOkhsGOgHwuZSHx1O25sfjxQAtKu6ln7sQKBib5hFQzxKdCuC7V67rfH3iNtVAxlGmuIM5Md47BbalqjJCPGSMnN4ql%2FOnYGuJ7aS5gkCprihO57Xlycpep0qsMgsOYv%2FbhZfXH24bSfM4oagza7GbmlT1A%3D,https://shopping-phinf.pstatic.net/main_8987725/89877258609.5.jpg?type=f450,2026-06-01,네이버쇼핑-건강식품-많이구매한BEST-일간-2026-06-01-12-02-48.xlsx,종근당 장건강프로젝트365 비피더스 유산균 100억,63900,,,11060,4.9
naver_shopping,건강식품,naver_buy_daily,많이구매한BEST_일간,59,GNM 올리브오일 1000mg 30캡슐 5박스 / 유기농 엑스트라버진 올리브유,gnm 올리브오일 1000mg 유기농 엑스트라버진 올리브유,GNM 자연의품격,25900,,0,,,14482,4.9,9.580730826800856,mid_price,mid_review,low_price,mid_review,False,False,False,True,True,https://adcr.shopping.naver.com/adclk.nhn?x=J%2F63UlKfn8WCG7qSyRFCsP%2F%2F%2Fw%3D%3Dsmd8zBqMJQLjellaiFGSaxelHjPrOWjZx0d%2BfAbCirfJS0MlE9Zhp0ZdexlLGrR6%2FG7G5RJJUxF5j92Eo1iXTsoZdhCE9OcMVyJIwnPrYIuQK0ziEfw2%2FX1n2sRb2GAYeWMkho%2FmboYur%2B7CUmxZLTeYUh9naGYWHtG4yIz4TlUd6HBau2Siq2UQiCrdJNItvSBv1X9bQaJcpnrcjaTP1Xj%2F0AX%2F2v8CCyJpqQsyzOV2MHnypgMYOj%2BppYy8krfLQOruYZ0qvXRqoWGVrNJGunLEI7IotpuxDsxMpzOX3afg%2FWIA9jvcPh7wp%2BthoC3OXTe2y1de4HCKa0h%2BewmwyypLQb09RkuxvU%2BjHfVGNPZwtjqcXCzC1FizX6ay%2Fh7BE7OlAPROyE2qvMVlF%2B3y1DqfRAB2GZUyXHl%2FqwJLZEhqp8N5cFPiKvpvtZFiNlkFvgY%2FtSpvczocwNTZ8ZnmKTpgCoQcpJNqVfQv2npRaN%2Bm%2BhV3xx7qWU6J6R0biyl5FC7V67rfH3iNtVAxlGmuIM5Md47BbalqjJCPGSMnN4ql%2FOnYGuJ7aS5gkCprihO57Xlycpep0qsMgsOYv%2FbhZfXH24bSfM4oagza7GbmlT1A%3D,https://shopping-phinf.pstatic.net/main_8960322/89603221625.7.jpg?type=f450,2026-06-01,네이버쇼핑-건강식품-많이구매한BEST-일간-2026-06-01-12-02-48.xlsx,gnm 올리브오일 1000mg 유기농 엑스트라버진 올리브유,25900,,,14482,4.9
naver_shopping,건강식품,naver_buy_daily,많이구매한BEST_일간,60,비엔날씬 비에날씬 프로 다이어트 유산균 모유유래 비엔알 BNR17 김희선,비엔날씬 비에날씬 프로 다이어트 유산균 모유유래 비엔알 bnr17 김희선,영양닷컴,41830,,0,,,640,4.7,6.46302945692067,mid_price,low_review,low_price,low_review,False,False,False,False,False,https://adcr.shopping.naver.com/adclk.nhn?x=4VajjAmCzx%2B0KBUZ9zFbmv%2F%2F%2Fw%3D%3Dsmd8zBqMJQLjellaiFGSaxelHjPrOWjZx0d%2BfAbCirfJS0MlE9Zhp0ZdexlLGrR6%2FG7G5RJJUxF5j92Eo1iXTsoZdhCE9OcMVyJIwnPrYIuQK0ziEfw2%2FX1n2sRb2GAYeWMkho%2FmboYur%2B7CUmxZLTeYUh9naGYWHtG4yIz4TlUeMxL%2Bkb8z8bBlLKOXLE4ghwnhptDITC86D3A%2BhFsCxkhJJC4wLMBC0vlWIt6Y4xseMHnypgMYOj%2BppYy8krfLQOruYZ0qvXRqoWGVrNJGunLEI7IotpuxDsxMpzOX3afg%2FWIA9jvcPh7wp%2BthoC3OXTe2y1de4HCKa0h%2BewmwyypLQb09RkuxvU%2BjHfVGNPZwtjqcXCzC1FizX6ay%2Fh7BEm3TzLCI8LN%2Bc78%2B5lpJxPhGMEIysRCMiG28nRI%2FuX8Kp8N5cFPiKvpvtZFiNlkFvtBhVng9dxUb11NFi1VmjWamP5ufC7FRae%2F9qGuZV9%2B%2FpSAFCW9eLMVDSl8TkW7Z1C7V67rfH3iNtVAxlGmuIM5Md47BbalqjJCPGSMnN4ql%2FOnYGuJ7aS5gkCprihO57Xlycpep0qsMgsOYv%2FbhZfXH24bSfM4oagza7GbmlT1A%3D,https://shopping-phinf.pstatic.net/main_8890156/88901564487.jpg?type=f450,2026-06-01,네이버쇼핑-건강식품-많이구매한BEST-일간-2026-06-01-12-02-48.xlsx,비엔날씬 비에날씬 프로 다이어트 유산균 모유유래 비엔알 bnr17 김희선,41830,,,640,4.7
naver_shopping,건강식품,naver_buy_daily,많이구매한BEST_일간,61,안국약품 토비콤 루테인 지아잔틴 아스타잔틴 루지아,안국약품 토비콤 루테인 지아잔틴 아스타잔틴 루지아,안국약품,51000,,0,,,6328,4.8,8.752897524775305,high_price,mid_review,mid_price,low_review,False,False,False,True,True,https://adcr.shopping.naver.com/adclk.nhn?x=9B7fI%2FWF4nP5JJDTDWR3ef%2F%2F%2Fw%3D%3Dsmd8zBqMJQLjellaiFGSaxelHjPrOWjZx0d%2BfAbCirfJS0MlE9Zhp0ZdexlLGrR6%2FG7G5RJJUxF5j92Eo1iXTsoZdhCE9OcMVyJIwnPrYIuQK0ziEfw2%2FX1n2sRb2GAYeWMkho%2FmboYur%2B7CUmxZLTeYUh9naGYWHtG4yIz4TlUd%2BSX%2BCV20B%2Fcz0zdRYXr6BxIo5o73NhAkDD7qw5AJda1JqmoaZphCYHBbDeUDfOLqMHnypgMYOj%2BppYy8krfLQOruYZ0qvXRqoWGVrNJGunLEI7IotpuxDsxMpzOX3afg%2FWIA9jvcPh7wp%2BthoC3OXTe2y1de4HCKa0h%2BewmwyypLQb09RkuxvU%2BjHfVGNPZwtjqcXCzC1FizX6ay%2Fh7BEBQBNfeBhdcvSyZNoPWMb9YK%2B%2FMboGZDIt5d7Rb42F1ep8N5cFPiKvpvtZFiNlkFvD7sqM%2B%2FeGx0CkILp8kN8lbbe17wdTasSDKnrJv11Wp3yJ5tbPvWKqJ5D8tQZWDk0C7V67rfH3iNtVAxlGmuIM5Md47BbalqjJCPGSMnN4ql%2FOnYGuJ7aS5gkCprihO57Xlycpep0qsMgsOYv%2FbhZfXH24bSfM4oagza7GbmlT1A%3D,https://shopping-phinf.pstatic.net/main_8953251/89532514985.18.jpg?type=f450,2026-06-01,네이버쇼핑-건강식품-많이구매한BEST-일간-2026-06-01-12-02-48.xlsx,안국약품 토비콤 루테인 지아잔틴 아스타잔틴 루지아,51000,,,6328,4.8
naver_shopping,건강식품,naver_buy_daily,많이구매한BEST_일간,62,"[휴온스N] 김정난 갱년기유산균YT1 메노락토 프로바이오틱스 3개월분, 90캡슐 1박스+프리미엄 징코 12일분",휴온스n 김정난 갱년기유산균yt1 메노락토 프로바이오틱스 프리미엄 징코,휴온스N,128000,,0,,,41442,4.8,10.632074268135453,high_price,high_review,high_price,high_review,False,False,False,True,True,https://adcr.shopping.naver.com/adclk.nhn?x=rN%2F6gygIqEo8MLyusfu5r%2F%2F%2F%2Fw%3D%3Dsmd8zBqMJQLjellaiFGSaxelHjPrOWjZx0d%2BfAbCirfJS0MlE9Zhp0ZdexlLGrR6%2FG7G5RJJUxF5j92Eo1iXTsoZdhCE9OcMVyJIwnPrYIuQK0ziEfw2%2FX1n2sRb2GAYeWMkho%2FmboYur%2B7CUmxZLTeYUh9naGYWHtG4yIz4TlUdJE6h6WYj1h7KafX%2Bi67vvG%2FllggwIf%2FBSlKLojSTNXoB5AeByZcYxyz9KEO6c0eyMHnypgMYOj%2BppYy8krfLQOruYZ0qvXRqoWGVrNJGunLEI7IotpuxDsxMpzOX3afg%2FWIA9jvcPh7wp%2BthoC3OXTe2y1de4HCKa0h%2BewmwyypLQb09RkuxvU%2BjHfVGNPZwtjqcXCzC1FizX6ay%2Fh7BESVhXPE98hfS1kgH6cFvP9yIdIHcvPTQoVYdfFZlDYr6p8N5cFPiKvpvtZFiNlkFv4krQ%2F0h3v0mE21RAV%2FompAh5AOXlpV339HizrjR1b4ycGrRZwu6muMkL952VmRqqC7V67rfH3iNtVAxlGmuIM5Md47BbalqjJCPGSMnN4ql%2FOnYGuJ7aS5gkCprihO57Xlycpep0qsMgsOYv%2FbhZfXH24bSfM4oagza7GbmlT1A%3D,https://shopping-phinf.pstatic.net/main_8254149/82541499411.77.jpg?type=f450,2026-06-01,네이버쇼핑-건강식품-많이구매한BEST-일간-2026-06-01-12-02-48.xlsx,휴온스n 김정난 갱년기유산균yt1 메노락토 프로바이오틱스 프리미엄 징코,128000,,,41442,4.8
naver_shopping,건강식품,naver_buy_daily,많이구매한BEST_일간,63,"고려은단 메가도스B 비타민B 컴플렉스 60정, 3개 (6개월분)",고려은단 메가도스b 비타민b 컴플렉스,고려은단몰,47900,,0,,,34838,4.9,10.458492727913868,high_price,high_review,mid_price,high_review,False,False,False,True,True,https://adcr.shopping.naver.com/adclk.nhn?x=qhk8x0fdjrjEBSOBWUn3b%2F%2F%2F%2Fw%3D%3Dsmd8zBqMJQLjellaiFGSaxelHjPrOWjZx0d%2BfAbCirfJS0MlE9Zhp0ZdexlLGrR6%2FG7G5RJJUxF5j92Eo1iXTsoZdhCE9OcMVyJIwnPrYIuQK0ziEfw2%2FX1n2sRb2GAYeWMkho%2FmboYur%2B7CUmxZLTeYUh9naGYWHtG4yIz4TlUfdWTqgl61KBy0Vi0zhMwtqnj%2FYBIr8lEa3rNFaynbkACUQ5dNDXvhZAwY6bkA0fkqMHnypgMYOj%2BppYy8krfLQOruYZ0qvXRqoWGVrNJGunLEI7IotpuxDsxMpzOX3afg%2FWIA9jvcPh7wp%2BthoC3OXTe2y1de4HCKa0h%2BewmwyypLQb09RkuxvU%2BjHfVGNPZwtjqcXCzC1FizX6ay%2Fh7BEiqIUi72oWfN5ge5Vy2xBzWEyCjh3SBFkBxchBVuJiaWp8N5cFPiKvpvtZFiNlkFvv13ibO%2F1hws7gbVDxw2dHWP3Gdawgchaq836ydVJQ3WghB4lWNAWIoH1J2VQD40UC7V67rfH3iNtVAxlGmuIM5Md47BbalqjJCPGSMnN4ql%2FOnYGuJ7aS5gkCprihO57Xlycpep0qsMgsOYv%2FbhZfXH24bSfM4oagza7GbmlT1A%3D,https://shopping-phinf.pstatic.net/main_8555626/85556265656.10.jpg?type=f450,2026-06-01,네이버쇼핑-건강식품-많이구매한BEST-일간-2026-06-01-12-02-48.xlsx,고려은단 메가도스b 비타민b 컴플렉스,47900,,,34838,4.9
naver_shopping,건강식품,naver_buy_daily,많이구매한BEST_일간,64,혈액순환 진센큐 영양제 4개월분 은행잎추출물 나토키나제 징코 혈행 기억력 뇌건강 키토나제12 효소 병풀잎(부원료),혈액순환 진센큐 영양제 은행잎추출물 나토키나제 징코 혈행 기억력 뇌건강 키토나제12 효소 병풀잎 부원료,바른뉴트리,89000,,0,,,47316,4.8,10.764624917942255,high_price,high_review,high_price,high_review,False,False,False,False,False,https://adcr.shopping.naver.com/adclk.nhn?x=wzwsSyCMwumBvvLxd1dPuv%2F%2F%2Fw%3D%3Dsmd8zBqMJQLjellaiFGSaxelHjPrOWjZx0d%2BfAbCirfJS0MlE9Zhp0ZdexlLGrR6%2FG7G5RJJUxF5j92Eo1iXTsoZdhCE9OcMVyJIwnPrYIuQK0ziEfw2%2FX1n2sRb2GAYeWMkho%2FmboYur%2B7CUmxZLTeYUh9naGYWHtG4yIz4TlUdyjITdaPDlZr9H9c%2Bb8zC%2FO2m8SScsg56Qmy95e3gSaJOlMjn6eIcmD%2Fb7%2BYdO4GiMHnypgMYOj%2BppYy8krfLQOruYZ0qvXRqoWGVrNJGunLEI7IotpuxDsxMpzOX3afg%2FWIA9jvcPh7wp%2BthoC3OXTe2y1de4HCKa0h%2BewmwyypLQb09RkuxvU%2BjHfVGNPZwtjqcXCzC1FizX6ay%2Fh7BEtQf0frLEp8inm0Hlz6GtL0QcstlW%2FQ3iQqNg1RGor7Sp8N5cFPiKvpvtZFiNlkFvrK8CKbRQ0K%2BOKAgm46lFjk8kgahGcjSdI8sN3U3UAj0A6gdZDQeZBvLE2%2B5X%2FEXuC7V67rfH3iNtVAxlGmuIM5Md47BbalqjJCPGSMnN4ql%2FOnYGuJ7aS5gkCprihO57Xlycpep0qsMgsOYv%2FbhZfXH24bSfM4oagza7GbmlT1A%3D,https://shopping-phinf.pstatic.net/main_8001294/80012942981.9.jpg?type=f450,2026-06-01,네이버쇼핑-건강식품-많이구매한BEST-일간-2026-06-01-12-02-48.xlsx,혈액순환 진센큐 영양제 은행잎추출물 나토키나제 징코 혈행 기억력 뇌건강 키토나제12 효소 병풀잎 부원료,89000,,,47316,4.8
naver_shopping,건강식품,naver_buy_daily,많이구매한BEST_일간,65,(본사공식) 아이뮨랩 루마큐라 3개월,아이뮨랩 루마큐라 3개월,아이뮨랩,119100,,0,,,420,4.7,6.042632833682381,high_price,low_review,high_price,low_review,False,False,False,True,True,https://adcr.shopping.naver.com/adclk.nhn?x=gYlNxzlLXvJFGa4etAykG%2F%2F%2F%2Fw%3D%3Dsmd8zBqMJQLjellaiFGSaxelHjPrOWjZx0d%2BfAbCirfJS0MlE9Zhp0ZdexlLGrR6%2FG7G5RJJUxF5j92Eo1iXTsoZdhCE9OcMVyJIwnPrYIuQK0ziEfw2%2FX1n2sRb2GAYeWMkho%2FmboYur%2B7CUmxZLTeYUh9naGYWHtG4yIz4TlUczA37LA36B%2Bq1MWXwrLkkib30jwXDiW8gtegzWS4MrpfNR5q0liEs6yzBq8Oz4%2BTSMHnypgMYOj%2BppYy8krfLQOruYZ0qvXRqoWGVrNJGunLEI7IotpuxDsxMpzOX3afg%2FWIA9jvcPh7wp%2BthoC3OXTe2y1de4HCKa0h%2BewmwyypLQb09RkuxvU%2BjHfVGNPZwtjqcXCzC1FizX6ay%2Fh7BE9H5tgTiNu6S%2FkBV29cpTFybbJ8pBR6fj3E%2FL%2BK4P6Lyp8N5cFPiKvpvtZFiNlkFv8JMEk1RL%2FMkLvOt%2F6YpLVcckxUE0azA3x8hOCv8fYRV69eh9UKsxoZkf7MxWXTS3C7V67rfH3iNtVAxlGmuIM5Md47BbalqjJCPGSMnN4ql%2FOnYGuJ7aS5gkCprihO57Xlycpep0qsMgsOYv%2FbhZfXH24bSfM4oagza7GbmlT1A%3D,https://shopping-phinf.pstatic.net/main_9003631/90036316069.jpg?type=f450,2026-06-01,네이버쇼핑-건강식품-많이구매한BEST-일간-2026-06-01-12-02-48.xlsx,아이뮨랩 루마큐라 3개월,119100,,,420,4.7
naver_shopping,건강식품,naver_buy_daily,많이구매한BEST_일간,66,(총 2박스 60포 2개월분) 이경제 흑염소 진액 진 엑기스 즙 이경재 국내산 리뉴얼 70ml,총 이경제 흑염소 진액 진 엑기스 즙 이경재 국내산 70ml,홍동비책,94900,,0,,,32246,4.9,10.381180294641172,high_price,high_review,high_price,high_review,False,False,False,False,False,https://adcr.shopping.naver.com/adclk.nhn?x=l%2Fg57q8TE%2Fj6QAILps0bNP%2F%2F%2Fw%3D%3Dsmd8zBqMJQLjellaiFGSaxelHjPrOWjZx0d%2BfAbCirfJS0MlE9Zhp0ZdexlLGrR6%2FG7G5RJJUxF5j92Eo1iXTsoZdhCE9OcMVyJIwnPrYIuQK0ziEfw2%2FX1n2sRb2GAYeWMkho%2FmboYur%2B7CUmxZLTeYUh9naGYWHtG4yIz4TlUe1vyLHj6h0ZwheLC3OuSkqsteGBfuTXuVuWeo264P1inZ6NM8YTRa59zKK6gYk1RmMHnypgMYOj%2BppYy8krfLQOruYZ0qvXRqoWGVrNJGunLEI7IotpuxDsxMpzOX3afg%2FWIA9jvcPh7wp%2BthoC3OXTe2y1de4HCKa0h%2BewmwyypLQb09RkuxvU%2BjHfVGNPZwtjqcXCzC1FizX6ay%2Fh7BEjUMdod4%2F4VVbtYOuhLabbWne3y1mP2eIF3HtKOLR4n2p8N5cFPiKvpvtZFiNlkFvjl6IIib9DNFh8C7HtzZQ0RtWWUTkMhASVTg7mlp3XPej68NY7lXVYKJtpESmiTWeC7V67rfH3iNtVAxlGmuIM5Md47BbalqjJCPGSMnN4ql%2FOnYGuJ7aS5gkCprihO57Xlycpep0qsMgsOYv%2FbhZfXH24bSfM4oagza7GbmlT1A%3D,https://shopping-phinf.pstatic.net/main_8869090/88690908080.61.jpg?type=f450,2026-06-01,네이버쇼핑-건강식품-많이구매한BEST-일간-2026-06-01-12-02-48.xlsx,총 이경제 흑염소 진액 진 엑기스 즙 이경재 국내산 70ml,94900,,,32246,4.9
naver_shopping,건강식품,naver_buy_daily,많이구매한BEST_일간,67,락토핏 플러스 듀얼바이오틱스 생유산균 200포 코스트코 종근당 프로바이오틱스 장 대용량,락토핏 플러스 듀얼바이오틱스 생유산균 코스트코 종근당 프로바이오틱스 장,티에스shop,31200,,0,,,9550,4.8,9.164401140034737,mid_price,mid_review,low_price,mid_review,False,False,False,True,True,https://adcr.shopping.naver.com/adclk.nhn?x=9D3IYZucVGaiNF%2Bsqwkbwv%2F%2F%2Fw%3D%3Dsmd8zBqMJQLjellaiFGSaxelHjPrOWjZx0d%2BfAbCirfJS0MlE9Zhp0ZdexlLGrR6%2FG7G5RJJUxF5j92Eo1iXTsoZdhCE9OcMVyJIwnPrYIuQK0ziEfw2%2FX1n2sRb2GAYeWMkho%2FmboYur%2B7CUmxZLTeYUh9naGYWHtG4yIz4TlUeJ61CRVuU4Rd0fiG%2Fplz0psljrIDWiDr8DPpp9yQ1S%2BkGuPt%2FgrSeYh9JJ85GY1iyMHnypgMYOj%2BppYy8krfLQOruYZ0qvXRqoWGVrNJGunLEI7IotpuxDsxMpzOX3afg%2FWIA9jvcPh7wp%2BthoC3OXTe2y1de4HCKa0h%2BewmwyypLQb09RkuxvU%2BjHfVGNPZwtjqcXCzC1FizX6ay%2Fh7BEt7UhhM0XQfD3oOM5x0OibzhCgZqpCF78EWtnIrnFi9mp8N5cFPiKvpvtZFiNlkFvdG367DM4AovXXwGBiZek8aqgGK2HFsZOcVuU5ffbkPSb7eTdEmvEsCCE1hwO3uOwC7V67rfH3iNtVAxlGmuIM5Md47BbalqjJCPGSMnN4ql%2FOnYGuJ7aS5gkCprihO57Xlycpep0qsMgsOYv%2FbhZfXH24bSfM4oagza7GbmlT1A%3D,https://shopping-phinf.pstatic.net/main_8212468/82124681819.8.jpg?type=f450,2026-06-01,네이버쇼핑-건강식품-많이구매한BEST-일간-2026-06-01-12-02-48.xlsx,락토핏 플러스 듀얼바이오틱스 생유산균 코스트코 종근당 프로바이오틱스 장,31200,,,9550,4.8
naver_shopping,건강식품,naver_buy_daily,많이구매한BEST_일간,68,암웨이 더블엑스 리필 종합 비타민 무기질,암웨이 더블엑스 리필 종합 비타민 무기질,NATUREMARKET,67500,,0,,,4308,4.9,8.368461137615839,high_price,low_review,mid_price,low_review,False,False,False,True,True,https://adcr.shopping.naver.com/adclk.nhn?x=hlYAsyu72TX0oNbvfkD7m%2F%2F%2F%2Fw%3D%3Dsmd8zBqMJQLjellaiFGSaxelHjPrOWjZx0d%2BfAbCirfJS0MlE9Zhp0ZdexlLGrR6%2FG7G5RJJUxF5j92Eo1iXTsoZdhCE9OcMVyJIwnPrYIuQK0ziEfw2%2FX1n2sRb2GAYeWMkho%2FmboYur%2B7CUmxZLTeYUh9naGYWHtG4yIz4TlUegIcdEyl6EYUgUOvePVJIhd3JRVN2gXSBLdqj5LPu8l%2BnhG1nN387Z39srmOTptiiMHnypgMYOj%2BppYy8krfLQOruYZ0qvXRqoWGVrNJGunLEI7IotpuxDsxMpzOX3afg%2FWIA9jvcPh7wp%2BthoC3OXTe2y1de4HCKa0h%2BewmwyypLQb09RkuxvU%2BjHfVGNPZwtjqcXCzC1FizX6ay%2Fh7BEn5%2F8Wov5OY37SmqiAZdnL8OqH2m9fItZwUV%2BxxqeDq%2Bp8N5cFPiKvpvtZFiNlkFvRAiIasStsx05GdQpy1QQHmn1liLBBkSA1WZEl8m%2FArIoQzAtSHidQcVCP%2Fois292C7V67rfH3iNtVAxlGmuIM5Md47BbalqjJCPGSMnN4ql%2FOnYGuJ7aS5gkCprihO57Xlycpep0qsMgsOYv%2FbhZfXH24bSfM4oagza7GbmlT1A%3D,https://shopping-phinf.pstatic.net/main_8622001/86220013560.7.jpg?type=f450,2026-06-01,네이버쇼핑-건강식품-많이구매한BEST-일간-2026-06-01-12-02-48.xlsx,암웨이 더블엑스 리필 종합 비타민 무기질,67500,,,4308,4.9
naver_shopping,건강식품,naver_buy_daily,많이구매한BEST_일간,69,더리얼 캐나다 알티지 rTG 오메가3 맥스 1400 초임계 2개월 EPA DHA,더리얼 캐나다 알티지 rtg 오메가3 맥스 1400 초임계 2개월 epa dha,The Real,35900,,0,,,99999,4.8,11.512925464970229,mid_price,high_review,low_price,high_review,False,False,False,True,True,https://adcr.shopping.naver.com/adclk.nhn?x=xRS%2B0hkZO5pXwmS3d6HE%2B%2F%2F%2F%2Fw%3D%3Dsmd8zBqMJQLjellaiFGSaxelHjPrOWjZx0d%2BfAbCirfJS0MlE9Zhp0ZdexlLGrR6%2FG7G5RJJUxF5j92Eo1iXTsoZdhCE9OcMVyJIwnPrYIuQK0ziEfw2%2FX1n2sRb2GAYeWMkho%2FmboYur%2B7CUmxZLTeYUh9naGYWHtG4yIz4TlUcj9DzUx0PMwIkt325KjUeMAnqTrwZYy0kY4KUaRUFSwno%2BICn1pOHR83etRe71ZAWMHnypgMYOj%2BppYy8krfLQOruYZ0qvXRqoWGVrNJGunLEI7IotpuxDsxMpzOX3afg%2FWIA9jvcPh7wp%2BthoC3OXTe2y1de4HCKa0h%2BewmwyypLQb09RkuxvU%2BjHfVGNPZwtjqcXCzC1FizX6ay%2Fh7BEtcfH%2FFWzqECNVFBlQQES45%2FT9%2FZnKGDAzhDnEi2QRyup8N5cFPiKvpvtZFiNlkFvv2fjHuNAwP23Lk5JrwSyXbqDazzHXJetDpwb6tlNT%2FJ1i3lRDcFilw7xY%2Bn7uNxlC7V67rfH3iNtVAxlGmuIM5Md47BbalqjJCPGSMnN4ql%2FOnYGuJ7aS5gkCprihO57Xlycpep0qsMgsOYv%2FbhZfXH24bSfM4oagza7GbmlT1A%3D,https://shopping-phinf.pstatic.net/main_1143994/11439949685.52.jpg?type=f450,2026-06-01,네이버쇼핑-건강식품-많이구매한BEST-일간-2026-06-01-12-02-48.xlsx,더리얼 캐나다 알티지 rtg 오메가3 맥스 1400 초임계 2개월 epa dha,35900,,,99999,4.8
naver_shopping,건강식품,naver_buy_daily,많이구매한BEST_일간,70,"속편한 고려은단 비타민C 1000 중성비타민C 120정, 2개 (8개월분)",속편한 고려은단 비타민c 1000 중성비타민c,고려은단몰,33900,,0,,,67529,4.9,11.120327222568887,mid_price,high_review,low_price,high_review,False,False,False,True,True,https://adcr.shopping.naver.com/adclk.nhn?x=Qg1CH0pJsPYDvDm%2BiZWVzf%2F%2F%2Fw%3D%3Dsmd8zBqMJQLjellaiFGSaxelHjPrOWjZx0d%2BfAbCirfJS0MlE9Zhp0ZdexlLGrR6%2FG7G5RJJUxF5j92Eo1iXTsoZdhCE9OcMVyJIwnPrYIuQK0ziEfw2%2FX1n2sRb2GAYeWMkho%2FmboYur%2B7CUmxZLTeYUh9naGYWHtG4yIz4TlUeylq2BnhKu57asTrPzSfiuXNjNjKlS5mOkuqgsI14B2PRnnvn2NNQL9fn%2B0DbsCtCMHnypgMYOj%2BppYy8krfLQOruYZ0qvXRqoWGVrNJGunLEI7IotpuxDsxMpzOX3afg%2FWIA9jvcPh7wp%2BthoC3OXTe2y1de4HCKa0h%2BewmwyypLQb09RkuxvU%2BjHfVGNPZwtjqcXCzC1FizX6ay%2Fh7BEPqN6IxzSSNeDtoFyE4pKJaqiaPrgVysiInzz3RS2Qpep8N5cFPiKvpvtZFiNlkFvosL9vWU%2F%2FTEIXDUTpnuBDvH8ojgqCtXFJiNypXjlIgmskOzBHXWywd11kDTZ%2BqZAC7V67rfH3iNtVAxlGmuIM5Md47BbalqjJCPGSMnN4ql%2FOnYGuJ7aS5gkCprihO57Xlycpep0qsMgsOYv%2FbhZfXH24bSfM4oagza7GbmlT1A%3D,https://shopping-phinf.pstatic.net/main_8295494/82954947300.14.jpg?type=f450,2026-06-01,네이버쇼핑-건강식품-많이구매한BEST-일간-2026-06-01-12-02-48.xlsx,속편한 고려은단 비타민c 1000 중성비타민c,33900,,,67529,4.9
naver_shopping,건강식품,naver_buy_daily,많이구매한BEST_일간,71,"GNM 루테인 지아잔틴 아스타잔틴 30캡슐, 3개",gnm 루테인 지아잔틴 아스타잔틴,GNM 자연의품격,36900,,0,,,47431,4.9,10.767052385387204,mid_price,high_review,low_price,high_review,False,False,False,True,True,https://adcr.shopping.naver.com/adclk.nhn?x=4%2FojIMUdwPEY4eFLlag13P%2F%2F%2Fw%3D%3Dsmd8zBqMJQLjellaiFGSaxelHjPrOWjZx0d%2BfAbCirfJS0MlE9Zhp0ZdexlLGrR6%2FG7G5RJJUxF5j92Eo1iXTsoZdhCE9OcMVyJIwnPrYIuQK0ziEfw2%2FX1n2sRb2GAYeWMkho%2FmboYur%2B7CUmxZLTeYUh9naGYWHtG4yIz4TlUfaThSJYE0I1RV%2F0TbOqvorfLPyezUoA%2FiKb3408%2FBIXOmNhbNY2lXdyTXQHdR97ZSMHnypgMYOj%2BppYy8krfLQOruYZ0qvXRqoWGVrNJGunLEI7IotpuxDsxMpzOX3afg%2FWIA9jvcPh7wp%2BthoC3OXTe2y1de4HCKa0h%2BewmwyypLQb09RkuxvU%2BjHfVGNPZwtjqcXCzC1FizX6ay%2Fh7BEE0p3uOOMzxLZVj7cmqN8uvSuq9wXHxhJbM2m44kUImap8N5cFPiKvpvtZFiNlkFvZD3E%2BQ8pk%2Fi8tvOJ7Ve5IZCmQVRG%2BtC1x8KU8EsH0RDpacqWKkETDb0ctFFjQk%2BPC7V67rfH3iNtVAxlGmuIM5Md47BbalqjJCPGSMnN4ql%2FOnYGuJ7aS5gkCprihO57Xlycpep0qsMgsOYv%2FbhZfXH24bSfM4oagza7GbmlT1A%3D,https://shopping-phinf.pstatic.net/main_8270424/82704246773.63.jpg?type=f450,2026-06-01,네이버쇼핑-건강식품-많이구매한BEST-일간-2026-06-01-12-02-48.xlsx,gnm 루테인 지아잔틴 아스타잔틴,36900,,,47431,4.9
naver_shopping,건강식품,naver_buy_daily,많이구매한BEST_일간,72,솔티스 간 프로텍션 쉬잔세틴 개별인정원료,솔티스 간 프로텍션 쉬잔세틴 개별인정원료,Soltice,50700,,0,,,1145,4.7,7.044032897274685,high_price,low_review,mid_price,low_review,False,False,False,True,True,https://adcr.shopping.naver.com/adclk.nhn?x=vmR%2B9j%2BdIMsunxYe%2FypIVf%2F%2F%2Fw%3D%3Dsmd8zBqMJQLjellaiFGSaxelHjPrOWjZx0d%2BfAbCirfJS0MlE9Zhp0ZdexlLGrR6%2FG7G5RJJUxF5j92Eo1iXTsoZdhCE9OcMVyJIwnPrYIuQK0ziEfw2%2FX1n2sRb2GAYeWMkho%2FmboYur%2B7CUmxZLTeYUh9naGYWHtG4yIz4TlUfTaXPUOAq%2FQW%2BHkHhgKjyBh2zM9O0f3b6Z0ayDGH58btffVptY2Bo9zLC5rfRSsfGMHnypgMYOj%2BppYy8krfLQOruYZ0qvXRqoWGVrNJGunLEI7IotpuxDsxMpzOX3afg%2FWIA9jvcPh7wp%2BthoC3OXTe2y1de4HCKa0h%2BewmwyypLQb09RkuxvU%2BjHfVGNPZwtjqcXCzC1FizX6ay%2Fh7BEHg7HMW68Ww8BC%2BWg5HnoB6qspOuK4eoAAHlZ9w2GRmCp8N5cFPiKvpvtZFiNlkFvTJB2JLVN%2BfGI2InO4NxyihQdcg9fJ4tpAv1Y7TsW%2FDkPY78U7Gl7TsqN92KyPFu7C7V67rfH3iNtVAxlGmuIM5Md47BbalqjJCPGSMnN4ql%2FOnYGuJ7aS5gkCprihO57Xlycpep0qsMgsOYv%2FbhZfXH24bSfM4oagza7GbmlT1A%3D,https://shopping-phinf.pstatic.net/main_9030398/90303989799.1.jpg?type=f450,2026-06-01,네이버쇼핑-건강식품-많이구매한BEST-일간-2026-06-01-12-02-48.xlsx,솔티스 간 프로텍션 쉬잔세틴 개별인정원료,50700,,,1145,4.7
naver_shopping,건강식품,naver_buy_daily,많이구매한BEST_일간,73,"고려은단 코엔자임Q10 90캡슐, 2개 (6개월분)",고려은단 코엔자임q10,고려은단몰,33900,,0,,,15459,4.9,9.646011322141414,mid_price,mid_review,low_price,mid_review,False,False,False,True,True,https://adcr.shopping.naver.com/adclk.nhn?x=WqKi7kPpNngcKqnjhK13Fv%2F%2F%2Fw%3D%3Dsmd8zBqMJQLjellaiFGSaxelHjPrOWjZx0d%2BfAbCirfJS0MlE9Zhp0ZdexlLGrR6%2FG7G5RJJUxF5j92Eo1iXTsoZdhCE9OcMVyJIwnPrYIuQK0ziEfw2%2FX1n2sRb2GAYeWMkho%2FmboYur%2B7CUmxZLTeYUh9naGYWHtG4yIz4TlUff%2B6g2oVctIzKtpmU%2FiVhKHj44%2FnFNuDxo4m6x9mhXXz%2B7MOrAnLPjcXnh5WzccICMHnypgMYOj%2BppYy8krfLQOruYZ0qvXRqoWGVrNJGunLEI7IotpuxDsxMpzOX3afg%2FWIA9jvcPh7wp%2BthoC3OXTe2y1de4HCKa0h%2BewmwyypLQb09RkuxvU%2BjHfVGNPZwtjqcXCzC1FizX6ay%2Fh7BE6OYYGAatV29HT%2FpZX2f15mDyquH7mm4ZRbrdEpPANG%2Bp8N5cFPiKvpvtZFiNlkFv7%2Bofy25BqBCT553lR5jSYUH21cWY965YM4u%2F2WF9aS1RL26rh4xyCNB5AMI7uxOSC7V67rfH3iNtVAxlGmuIM5Md47BbalqjJCPGSMnN4ql%2FOnYGuJ7aS5gkCprihO57Xlycpep0qsMgsOYv%2FbhZfXH24bSfM4oagza7GbmlT1A%3D,https://shopping-phinf.pstatic.net/main_8988244/89882447441.jpg?type=f450,2026-06-01,네이버쇼핑-건강식품-많이구매한BEST-일간-2026-06-01-12-02-48.xlsx,고려은단 코엔자임q10,33900,,,15459,4.9
naver_shopping,건강식품,naver_buy_daily,많이구매한BEST_일간,74,덕인가 저온 발효 황칠 뿌리 진액 명인황근 30포 + 체험 1포,덕인가 저온 발효 황칠 뿌리 진액 명인황근 체험,덕인가,198000,,0,,,968,4.8,6.876264611890766,high_price,low_review,high_price,low_review,False,False,False,False,False,https://adcr.shopping.naver.com/adclk.nhn?x=X6Uau67mzH3TKrb%2BbMC7Dv%2F%2F%2Fw%3D%3Dsmd8zBqMJQLjellaiFGSaxelHjPrOWjZx0d%2BfAbCirfJS0MlE9Zhp0ZdexlLGrR6%2FG7G5RJJUxF5j92Eo1iXTsoZdhCE9OcMVyJIwnPrYIuQK0ziEfw2%2FX1n2sRb2GAYeWMkho%2FmboYur%2B7CUmxZLTeYUh9naGYWHtG4yIz4TlUdeeZHVL9swx%2Bbo2Oqdo2Ko7QAwpKxH%2FbmQjWIap9pSm9813d3Op1fuM%2BzZKJai8HWMHnypgMYOj%2BppYy8krfLQOruYZ0qvXRqoWGVrNJGunLEI7IotpuxDsxMpzOX3afg%2FWIA9jvcPh7wp%2BthoC3OXTe2y1de4HCKa0h%2BewmwyypLQb09RkuxvU%2BjHfVGNPZwtjqcXCzC1FizX6ay%2Fh7BEAc9ZxB%2Blcqs1fW6fUCnApjYmENKL8B1HB5S0q32yBb%2Bp8N5cFPiKvpvtZFiNlkFvYSBpA71JLphWjtgs2FWe%2BHv2NPuQ8IWFg%2FmgwSYKn59PwayUYt3CCHQxS%2BvCKR0JC7V67rfH3iNtVAxlGmuIM5Md47BbalqjJCPGSMnN4ql%2FOnYGuJ7aS5gkCprihO57Xlycpep0qsMgsOYv%2FbhZfXH24bSfM4oagza7GbmlT1A%3D,https://shopping-phinf.pstatic.net/main_8743893/87438931143.3.jpg?type=f450,2026-06-01,네이버쇼핑-건강식품-많이구매한BEST-일간-2026-06-01-12-02-48.xlsx,덕인가 저온 발효 황칠 뿌리 진액 명인황근 체험,198000,,,968,4.8
naver_shopping,건강식품,naver_buy_daily,많이구매한BEST_일간,75,YDY 폴라초임계오메가3 알티지오메가 고상온약사 성분배합,ydy 폴라초임계오메가3 알티지오메가 고상온약사 성분배합,YDY뉴트리션,89000,,0,,,17279,4.9,9.757305042358047,high_price,mid_review,high_price,mid_review,False,False,False,False,False,https://adcr.shopping.naver.com/adclk.nhn?x=jClGAbFmfq%2B%2BGsG9ViaD2f%2F%2F%2Fw%3D%3Dsmd8zBqMJQLjellaiFGSaxelHjPrOWjZx0d%2BfAbCirfJS0MlE9Zhp0ZdexlLGrR6%2FG7G5RJJUxF5j92Eo1iXTsoZdhCE9OcMVyJIwnPrYIuQK0ziEfw2%2FX1n2sRb2GAYeWMkho%2FmboYur%2B7CUmxZLTeYUh9naGYWHtG4yIz4TlUeNlx4h100oML34PID27IgmP4SX6Id96QYFE%2Bjxd%2F0C9p%2FeLwYih5bHbY1AR%2BV%2FFjOMHnypgMYOj%2BppYy8krfLQOruYZ0qvXRqoWGVrNJGunLEI7IotpuxDsxMpzOX3afg%2FWIA9jvcPh7wp%2BthoC3OXTe2y1de4HCKa0h%2BewmwyypLQb09RkuxvU%2BjHfVGNPZwtjqcXCzC1FizX6ay%2Fh7BEDj8udgdbdrWuOr3O216SAL8m%2FmiwgV3uUgCkgSmXLwKp8N5cFPiKvpvtZFiNlkFv34yt93so9UG3y7SDKmMdcymOXQRU%2FeJQEqpCboZQsV0IbGrDvgAijFAFNyrr2g%2FfC7V67rfH3iNtVAxlGmuIM5Md47BbalqjJCPGSMnN4ql%2FOnYGuJ7aS5gkCprihO57Xlycpep0qsMgsOYv%2FbhZfXH24bSfM4oagza7GbmlT1A%3D,https://shopping-phinf.pstatic.net/main_8573967/85739676725.13.jpg?type=f450,2026-06-01,네이버쇼핑-건강식품-많이구매한BEST-일간-2026-06-01-12-02-48.xlsx,ydy 폴라초임계오메가3 알티지오메가 고상온약사 성분배합,89000,,,17279,4.9
naver_shopping,건강식품,naver_buy_daily,많이구매한BEST_일간,76,[총 9개월분] GNM 칼슘 마그네슘 아연 비타민D 90정 x 3병 / 칼마디,총 gnm 칼슘 마그네슘 아연 비타민d x 칼마디,GNM 자연의품격,33900,,0,,,58056,4.9,10.969180565558148,mid_price,high_review,low_price,high_review,False,False,False,True,True,https://adcr.shopping.naver.com/adclk.nhn?x=8kVZrNW3u1bGQsF%2F9%2F0L6%2F%2F%2F%2Fw%3D%3Dsmd8zBqMJQLjellaiFGSaxelHjPrOWjZx0d%2BfAbCirfJS0MlE9Zhp0ZdexlLGrR6%2FG7G5RJJUxF5j92Eo1iXTsoZdhCE9OcMVyJIwnPrYIuQK0ziEfw2%2FX1n2sRb2GAYeWMkho%2FmboYur%2B7CUmxZLTeYUh9naGYWHtG4yIz4TlUdael1wEhxFVSHiRGVwoNu3tBP9dM%2FZVqM2g04zVNHCFKgAQIInKcnxbbGXxHmNEG6MHnypgMYOj%2BppYy8krfLQOruYZ0qvXRqoWGVrNJGunLEI7IotpuxDsxMpzOX3afg%2FWIA9jvcPh7wp%2BthoC3OXTe2y1de4HCKa0h%2BewmwyypLQb09RkuxvU%2BjHfVGNPZwtjqcXCzC1FizX6ay%2Fh7BEaUscrLHzu0eTTprcxfFrhqnzq70IxcbOw%2BPs%2BkVC5smp8N5cFPiKvpvtZFiNlkFvQ%2Bv5fMBF945FVERdncKDvnyKrH5nFe3HHM8GKViFQO22LC%2BcAUu%2FfA%2BvUjKenz6XC7V67rfH3iNtVAxlGmuIM5Md47BbalqjJCPGSMnN4ql%2FOnYGuJ7aS5gkCprihO57Xlycpep0qsMgsOYv%2FbhZfXH24bSfM4oagza7GbmlT1A%3D,https://shopping-phinf.pstatic.net/main_8312377/83123776638.43.jpg?type=f450,2026-06-01,네이버쇼핑-건강식품-많이구매한BEST-일간-2026-06-01-12-02-48.xlsx,총 gnm 칼슘 마그네슘 아연 비타민d x 칼마디,33900,,,58056,4.9
naver_shopping,건강식품,naver_buy_daily,많이구매한BEST_일간,77,종근당건강 아이클리어 루테인 지아잔틴 아스타잔틴,종근당건강 아이클리어 루테인 지아잔틴 아스타잔틴,종근당건강,75000,,0,,,7841,4.9,8.967249182852276,high_price,mid_review,mid_price,mid_review,False,False,False,True,True,https://adcr.shopping.naver.com/adclk.nhn?x=fISsMKg1JPvoSBJdW3eRX%2F%2F%2F%2Fw%3D%3Dsmd8zBqMJQLjellaiFGSaxelHjPrOWjZx0d%2BfAbCirfJS0MlE9Zhp0ZdexlLGrR6%2FG7G5RJJUxF5j92Eo1iXTsoZdhCE9OcMVyJIwnPrYIuQK0ziEfw2%2FX1n2sRb2GAYeWMkho%2FmboYur%2B7CUmxZLTeYUh9naGYWHtG4yIz4TlUeBiW9hNfZf9G%2BWHB52lwSQCGux0oiuBypgBnHTYdPhgpTmfpUs0pxUo6h1V8ooQWOMHnypgMYOj%2BppYy8krfLQOruYZ0qvXRqoWGVrNJGunLEI7IotpuxDsxMpzOX3afg%2FWIA9jvcPh7wp%2BthoC3OXTe2y1de4HCKa0h%2BewmwyypLQb09RkuxvU%2BjHfVGNPZwtjqcXCzC1FizX6ay%2Fh7BEshKIYYUzqEj%2FHMufZ3i7%2BX0AeEVYtsoa8yyK22h2d%2Byp8N5cFPiKvpvtZFiNlkFv3LL1HkUR2s%2BdFQQr4unWrEB%2Ft3gW8s%2BvUQeh3YX1UR8V0NGMrQmIbK7jnGahJc%2BWC7V67rfH3iNtVAxlGmuIM5Md47BbalqjJCPGSMnN4ql%2FOnYGuJ7aS5gkCprihO57Xlycpep0qsMgsOYv%2FbhZfXH24bSfM4oagza7GbmlT1A%3D,https://shopping-phinf.pstatic.net/main_8795180/87951801816.12.jpg?type=f450,2026-06-01,네이버쇼핑-건강식품-많이구매한BEST-일간-2026-06-01-12-02-48.xlsx,종근당건강 아이클리어 루테인 지아잔틴 아스타잔틴,75000,,,7841,4.9
naver_shopping,건강식품,naver_buy_daily,많이구매한BEST_일간,78,[4+1] 뉴트리코어 하이퍼셀 대마종자유 맥스 햄프씨드 오일 5개월,4 1 뉴트리코어 하이퍼셀 대마종자유 맥스 햄프씨드 오일 5개월,뉴트리코어,108000,,0,,,1511,4.7,7.321188556739478,high_price,low_review,high_price,low_review,False,False,False,False,False,https://adcr.shopping.naver.com/adclk.nhn?x=o74tE53%2FdMA2HnwNFZlx6f%2F%2F%2Fw%3D%3Dsmd8zBqMJQLjellaiFGSaxelHjPrOWjZx0d%2BfAbCirfJS0MlE9Zhp0ZdexlLGrR6%2FG7G5RJJUxF5j92Eo1iXTsoZdhCE9OcMVyJIwnPrYIuQK0ziEfw2%2FX1n2sRb2GAYeWMkho%2FmboYur%2B7CUmxZLTeYUh9naGYWHtG4yIz4TlUcZWI7bVr3wFvFfxqaApRV3hxBGFRnWkG70%2F5GANxBGQcaTEhWy87ubp1GzVYhn12GMHnypgMYOj%2BppYy8krfLQOruYZ0qvXRqoWGVrNJGunLEI7IotpuxDsxMpzOX3afg%2FWIA9jvcPh7wp%2BthoC3OXTe2y1de4HCKa0h%2BewmwyypLQb09RkuxvU%2BjHfVGNPZwtjqcXCzC1FizX6ay%2Fh7BEv%2FEvJ8Dq7oIx1u7MwVoYfSnQIub3C%2BDD0qx0gJGC%2Bbmp8N5cFPiKvpvtZFiNlkFvKSievrdiJoxz8ZYnxNmgXxEjxRX2OIiFmZ5%2F%2BjiwuoKi21Ryjn4YNdXsZ8c70maMC7V67rfH3iNtVAxlGmuIM5Md47BbalqjJCPGSMnN4ql%2FOnYGuJ7aS5gkCprihO57Xlycpep0qsMgsOYv%2FbhZfXH24bSfM4oagza7GbmlT1A%3D,https://shopping-phinf.pstatic.net/main_9010975/90109757306.6.jpg?type=f450,2026-06-01,네이버쇼핑-건강식품-많이구매한BEST-일간-2026-06-01-12-02-48.xlsx,4 1 뉴트리코어 하이퍼셀 대마종자유 맥스 햄프씨드 오일 5개월,108000,,,1511,4.7
naver_shopping,건강식품,naver_buy_daily,많이구매한BEST_일간,79,비토노 이왕재박사 메가 비타민C 2000mg 고함량 영국산 분말 비타민씨,비토노 이왕재박사 메가 비타민c 2000mg 고함량 영국산 분말 비타민씨,비토노헬스케어,65900,,0,,,34075,4.9,10.436348603162731,high_price,high_review,mid_price,high_review,False,False,False,True,True,https://adcr.shopping.naver.com/adclk.nhn?x=tdpYG1tGkHpG8To3Nga%2FuP%2F%2F%2Fw%3D%3Dsmd8zBqMJQLjellaiFGSaxelHjPrOWjZx0d%2BfAbCirfJS0MlE9Zhp0ZdexlLGrR6%2FG7G5RJJUxF5j92Eo1iXTsoZdhCE9OcMVyJIwnPrYIuQK0ziEfw2%2FX1n2sRb2GAYeWMkho%2FmboYur%2B7CUmxZLTeYUh9naGYWHtG4yIz4TlUdU%2FCvRVKoPES4n34ur8WDWWIbrdWSAUnZ9ZKmr61KjKqmBtgDTyR3%2FX2eK%2BrJGKGSMHnypgMYOj%2BppYy8krfLQOruYZ0qvXRqoWGVrNJGunLEI7IotpuxDsxMpzOX3afg%2FWIA9jvcPh7wp%2BthoC3OXTe2y1de4HCKa0h%2BewmwyypLQb09RkuxvU%2BjHfVGNPZwtjqcXCzC1FizX6ay%2Fh7BEsGxkl%2BLYoezztAKepV95wl4ueOKwGGA5w1nT5VX%2B9l2p8N5cFPiKvpvtZFiNlkFvNUiPa1Z1na6lxmTjHU06GExzAfATBiVP9NQNjX1A7gl4ZA5hIbp3PQqplwMMRsUTC7V67rfH3iNtVAxlGmuIM5Md47BbalqjJCPGSMnN4ql%2FOnYGuJ7aS5gkCprihO57Xlycpep0qsMgsOYv%2FbhZfXH24bSfM4oagza7GbmlT1A%3D,https://shopping-phinf.pstatic.net/main_8713015/87130153554.4.jpg?type=f450,2026-06-01,네이버쇼핑-건강식품-많이구매한BEST-일간-2026-06-01-12-02-48.xlsx,비토노 이왕재박사 메가 비타민c 2000mg 고함량 영국산 분말 비타민씨,65900,,,34075,4.9
naver_shopping,건강식품,naver_buy_daily,많이구매한BEST_일간,80,센트룸 우먼 더블업,센트룸 우먼 더블업,센트룸 공식스토어,69000,,0,,,24944,4.9,10.124428680295138,high_price,mid_review,mid_price,mid_review,False,False,False,False,True,https://adcr.shopping.naver.com/adclk.nhn?x=1HU3pNSWtYZVVSnvIrZO3P%2F%2F%2Fw%3D%3Dsmd8zBqMJQLjellaiFGSaxelHjPrOWjZx0d%2BfAbCirfJS0MlE9Zhp0ZdexlLGrR6%2FG7G5RJJUxF5j92Eo1iXTsoZdhCE9OcMVyJIwnPrYIuQK0ziEfw2%2FX1n2sRb2GAYeWMkho%2FmboYur%2B7CUmxZLTeYUh9naGYWHtG4yIz4TlUcEjK4w5zzNpLdlaP%2BUEVuzMDMJtj5suTFd7%2F7kRZRk7N2kxhMRnnVl%2BzAV%2FVkcr%2FuMHnypgMYOj%2BppYy8krfLQOruYZ0qvXRqoWGVrNJGunLEI7IotpuxDsxMpzOX3afg%2FWIA9jvcPh7wp%2BthoC3OXTe2y1de4HCKa0h%2BewmwyypLQb09RkuxvU%2BjHfVGNPZwtjqcXCzC1FizX6ay%2Fh7BEniRRy0cfOHITPpCuTEkYqTlcDB2uuwKcXrhalVBdql6p8N5cFPiKvpvtZFiNlkFvrlZfXmVfQSmhHV9zEu21N6NzXRneAPoubrVeyUD8fAKrFDnTHqgDX%2FYof8603vohC7V67rfH3iNtVAxlGmuIM5Md47BbalqjJCPGSMnN4ql%2FOnYGuJ7aS5gkCprihO57Xlycpep0qsMgsOYv%2FbhZfXH24bSfM4oagza7GbmlT1A%3D,https://shopping-phinf.pstatic.net/main_8764655/87646557324.29.jpg?type=f450,2026-06-01,네이버쇼핑-건강식품-많이구매한BEST-일간-2026-06-01-12-02-48.xlsx,센트룸 우먼 더블업,69000,,,24944,4.9
naver_shopping,건강식품,naver_buy_daily,많이구매한BEST_일간,81,🎁부스터워터 증정🎁 [두드림] 슬림웨이 카무트 브랜드밀 발효효소,부스터워터 두드림 슬림웨이 카무트 브랜드밀 발효효소,두드림공식스토어,69900,,0,,,2248,4.8,7.718240951959316,high_price,low_review,mid_price,low_review,False,False,False,False,False,https://adcr.shopping.naver.com/adclk.nhn?x=BHv1KXolSyei%2FtOf7z1k9f%2F%2F%2Fw%3D%3Dsmd8zBqMJQLjellaiFGSaxelHjPrOWjZx0d%2BfAbCirfJS0MlE9Zhp0ZdexlLGrR6%2FG7G5RJJUxF5j92Eo1iXTsoZdhCE9OcMVyJIwnPrYIuQK0ziEfw2%2FX1n2sRb2GAYeWMkho%2FmboYur%2B7CUmxZLTeYUh9naGYWHtG4yIz4TlUf4qDFas5faOdEyxTlWzhOfrXAQqGhHMdCWtSKE%2F%2BYTw23xMRqbLazEzNEXrHZurMiMHnypgMYOj%2BppYy8krfLQOruYZ0qvXRqoWGVrNJGunLEI7IotpuxDsxMpzOX3afg%2FWIA9jvcPh7wp%2BthoC3OXTe2y1de4HCKa0h%2BewmwyypLQb09RkuxvU%2BjHfVGNPZwtjqcXCzC1FizX6ay%2Fh7BEfvGdy8zrYqvy2QRW%2FpmyGYtRGPHkv9BeTV2w946T%2Blmp8N5cFPiKvpvtZFiNlkFvRLPN3wx9WdRvn0EMpo0CUsMPJUQTIzdlU7LnZlQ8Aow8LSQy%2F4L6fjvNX8MmyFg4C7V67rfH3iNtVAxlGmuIM5Md47BbalqjJCPGSMnN4ql%2FOnYGuJ7aS5gkCprihO57Xlycpep0qsMgsOYv%2FbhZfXH24bSfM4oagza7GbmlT1A%3D,https://shopping-phinf.pstatic.net/main_8957169/89571691456.7.jpg?type=f450,2026-06-01,네이버쇼핑-건강식품-많이구매한BEST-일간-2026-06-01-12-02-48.xlsx,부스터워터 두드림 슬림웨이 카무트 브랜드밀 발효효소,69900,,,2248,4.8
naver_shopping,건강식품,naver_buy_daily,많이구매한BEST_일간,82,[이태리산] 유기농 대마종자유 냉압착 대마씨유 1병,이태리산 유기농 대마종자유 냉압착 대마씨유,투오가닉,21900,,0,,,1193,4.8,7.085064293952548,mid_price,low_review,low_price,low_review,False,False,False,False,False,https://adcr.shopping.naver.com/adclk.nhn?x=l%2FTK8OZPlv2HGleRvPhM6%2F%2F%2F%2Fw%3D%3Dsmd8zBqMJQLjellaiFGSaxelHjPrOWjZx0d%2BfAbCirfJS0MlE9Zhp0ZdexlLGrR6%2FG7G5RJJUxF5j92Eo1iXTsoZdhCE9OcMVyJIwnPrYIuQK0ziEfw2%2FX1n2sRb2GAYeWMkho%2FmboYur%2B7CUmxZLTeYUh9naGYWHtG4yIz4TlUfViIjNVyV%2BPJDzzIoz5zZbrPnoFl0bEpEs6j3YudqgHYc5Ewn5jjS8OO7kIqQFBXWMHnypgMYOj%2BppYy8krfLQOruYZ0qvXRqoWGVrNJGunLEI7IotpuxDsxMpzOX3afg%2FWIA9jvcPh7wp%2BthoC3OXTe2y1de4HCKa0h%2BewmwyypLQb09RkuxvU%2BjHfVGNPZwtjqcXCzC1FizX6ay%2Fh7BE3qmf8b0Uhhe6diffWrSYXPjgh3hBmG36noRUh%2BxznCWp8N5cFPiKvpvtZFiNlkFvj77Suj89VtBwvsgR%2FNDCda7l9psx28fayiLM%2BmdEQwn1DnyzCD9obGvr0wgtLybIC7V67rfH3iNtVAxlGmuIM5Md47BbalqjJCPGSMnN4ql%2FOnYGuJ7aS5gkCprihO57Xlycpep0qsMgsOYv%2FbhZfXH24bSfM4oagza7GbmlT1A%3D,https://shopping-phinf.pstatic.net/main_8818262/88182622641.4.jpg?type=f450,2026-06-01,네이버쇼핑-건강식품-많이구매한BEST-일간-2026-06-01-12-02-48.xlsx,이태리산 유기농 대마종자유 냉압착 대마씨유,21900,,,1193,4.8
naver_shopping,건강식품,naver_buy_daily,많이구매한BEST_일간,83,고려은단 메가도스 비타민C 3000 고함량 비타민씨 영국산비타민c 가루 2개월,고려은단 메가도스 비타민c 3000 고함량 비타민씨 영국산비타민c 가루 2개월,영양닷컴,19430,,0,,,3124,4.9,8.047189562170502,low_price,low_review,low_price,low_review,False,False,False,True,True,https://adcr.shopping.naver.com/adclk.nhn?x=OI9T44A8TOaJYlshW6Q7l%2F%2F%2F%2Fw%3D%3Dsmd8zBqMJQLjellaiFGSaxelHjPrOWjZx0d%2BfAbCirfJS0MlE9Zhp0ZdexlLGrR6%2FG7G5RJJUxF5j92Eo1iXTsoZdhCE9OcMVyJIwnPrYIuQK0ziEfw2%2FX1n2sRb2GAYeWMkho%2FmboYur%2B7CUmxZLTeYUh9naGYWHtG4yIz4TlUfz2ffpM5EDNlqJx3QCs7DENv9Ez9z5BlMO9JWcfXzTx2HlyBrA4%2BFoyIOnmPWUr%2FGMHnypgMYOj%2BppYy8krfLQOruYZ0qvXRqoWGVrNJGunLEI7IotpuxDsxMpzOX3afg%2FWIA9jvcPh7wp%2BthoC3OXTe2y1de4HCKa0h%2BewmwyypLQb09RkuxvU%2BjHfVGNPZwtjqcXCzC1FizX6ay%2Fh7BEF3778WPxQ8Wt2PYbIDmuZ%2F4GYzwDXS9Cp3J7uL4Jql2p8N5cFPiKvpvtZFiNlkFvkipmlIvYvoRhDXvn1wraZyrkkvfeGV%2BHVQRIKlQmPxj8od4V41cXkyOtd3fqVqUTC7V67rfH3iNtVAxlGmuIM5Md47BbalqjJCPGSMnN4ql%2FOnYGuJ7aS5gkCprihO57Xlycpep0qsMgsOYv%2FbhZfXH24bSfM4oagza7GbmlT1A%3D,https://shopping-phinf.pstatic.net/main_8763755/87637557272.5.jpg?type=f450,2026-06-01,네이버쇼핑-건강식품-많이구매한BEST-일간-2026-06-01-12-02-48.xlsx,고려은단 메가도스 비타민c 3000 고함량 비타민씨 영국산비타민c 가루 2개월,19430,,,3124,4.9
naver_shopping,건강식품,naver_buy_daily,많이구매한BEST_일간,84,[손흥민 PICK] 하루틴 리포좀 비타민C,손흥민 pick 하루틴 리포좀 비타민c,하루틴 공식스토어,62900,,0,,,38515,4.8,10.558829018360175,high_price,high_review,mid_price,high_review,False,False,False,True,True,https://adcr.shopping.naver.com/adclk.nhn?x=cAvX2bdXDGXHTn3XpoPZV%2F%2F%2F%2Fw%3D%3Dsmd8zBqMJQLjellaiFGSaxelHjPrOWjZx0d%2BfAbCirfJS0MlE9Zhp0ZdexlLGrR6%2FG7G5RJJUxF5j92Eo1iXTsoZdhCE9OcMVyJIwnPrYIuQK0ziEfw2%2FX1n2sRb2GAYeWMkho%2FmboYur%2B7CUmxZLTeYUh9naGYWHtG4yIz4TlUcGifdAT%2FiIj%2B%2BFGXEddOw8zhZkZVQ6FGce%2Bh2cYOnJSljYZ9e8TXYk0Vc19DDiKeiMHnypgMYOj%2BppYy8krfLQOruYZ0qvXRqoWGVrNJGunLEI7IotpuxDsxMpzOX3afg%2FWIA9jvcPh7wp%2BthoC3OXTe2y1de4HCKa0h%2BewmwyypLQb09RkuxvU%2BjHfVGNPZwtjqcXCzC1FizX6ay%2Fh7BE4DayOXXnUqX1W25VK3Q2mpOCLAtGaqyljcRVDN7ZH4%2Bp8N5cFPiKvpvtZFiNlkFvN1s0hdWbuGdh6%2BWeANIZmhSx4t%2FmJYt%2FdyVl3FlUATP8Lnj%2BD1b5q7baZ3Z0fBrFC7V67rfH3iNtVAxlGmuIM5Md47BbalqjJCPGSMnN4ql%2FOnYGuJ7aS5gkCprihO57Xlycpep0qsMgsOYv%2FbhZfXH24bSfM4oagza7GbmlT1A%3D,https://shopping-phinf.pstatic.net/main_9069924/90699246210.5.jpg?type=f450,2026-06-01,네이버쇼핑-건강식품-많이구매한BEST-일간-2026-06-01-12-02-48.xlsx,손흥민 pick 하루틴 리포좀 비타민c,62900,,,38515,4.8
naver_shopping,건강식품,naver_buy_daily,많이구매한BEST_일간,85,BNR17유산균 비엔날씬 비에날씬 프로 김희선 다이어트 유산균,bnr17유산균 비엔날씬 비에날씬 프로 김희선 다이어트 유산균,뉴트라이트,131300,,0,,,10187,4.8,9.228965836099349,high_price,mid_review,high_price,mid_review,False,False,False,False,False,https://adcr.shopping.naver.com/adclk.nhn?x=sO0iW3svvSthTDRKCiiJkP%2F%2F%2Fw%3D%3Dsmd8zBqMJQLjellaiFGSaxelHjPrOWjZx0d%2BfAbCirfJS0MlE9Zhp0ZdexlLGrR6%2FG7G5RJJUxF5j92Eo1iXTsoZdhCE9OcMVyJIwnPrYIuQK0ziEfw2%2FX1n2sRb2GAYeWMkho%2FmboYur%2B7CUmxZLTeYUh9naGYWHtG4yIz4TlUcwI%2B5HQFsGCGGdvoFwfr5hG3fx24R9IzhjtX1dj5yJPX%2BG9Ue208wSfBvyDYacXvmMHnypgMYOj%2BppYy8krfLQOruYZ0qvXRqoWGVrNJGunLEI7IotpuxDsxMpzOX3afg%2FWIA9jvcPh7wp%2BthoC3OXTe2y1de4HCKa0h%2BewmwyypLQb09RkuxvU%2BjHfVGNPZwtjqcXCzC1FizX6ay%2Fh7BELIF0nLgup3AxQBhuanxQN2C6UM43wu0zpeu%2FKYscApmp8N5cFPiKvpvtZFiNlkFvhU%2FtDDaARgMtUFoamzWCANQlSGInPBbxYA0jNGwza%2FIQl%2BqYCjJxKM%2FspwdIaiXtC7V67rfH3iNtVAxlGmuIM5Md47BbalqjJCPGSMnN4ql%2FOnYGuJ7aS5gkCprihO57Xlycpep0qsMgsOYv%2FbhZfXH24bSfM4oagza7GbmlT1A%3D,https://shopping-phinf.pstatic.net/main_8941234/89412343885.5.jpg?type=f450,2026-06-01,네이버쇼핑-건강식품-많이구매한BEST-일간-2026-06-01-12-02-48.xlsx,bnr17유산균 비엔날씬 비에날씬 프로 김희선 다이어트 유산균,131300,,,10187,4.8
naver_shopping,건강식품,naver_buy_daily,많이구매한BEST_일간,86,뉴트리원 이병헌 브레인 알파 피에스 포스파티딜세린 두 뇌 인지력,뉴트리원 이병헌 브레인 알파 피에스 포스파티딜세린 두 뇌 인지력,뉴트리원공식스토어,131900,,0,,,19821,4.8,9.894547710966654,high_price,mid_review,high_price,mid_review,False,False,False,False,False,https://adcr.shopping.naver.com/adclk.nhn?x=F%2FaT%2Bdlk9yDmvF19HtyE0P%2F%2F%2Fw%3D%3Dsmd8zBqMJQLjellaiFGSaxelHjPrOWjZx0d%2BfAbCirfJS0MlE9Zhp0ZdexlLGrR6%2FG7G5RJJUxF5j92Eo1iXTsoZdhCE9OcMVyJIwnPrYIuQK0ziEfw2%2FX1n2sRb2GAYeWMkho%2FmboYur%2B7CUmxZLTeYUh9naGYWHtG4yIz4TlUcHL7mFs75dS2RQdHzKnZ8jN2oaqIA%2FXCY9mD9JCri9SF3pSvH8o69VUFBIJDO4HoyMHnypgMYOj%2BppYy8krfLQOruYZ0qvXRqoWGVrNJGunLEI7IotpuxDsxMpzOX3afg%2FWIA9jvcPh7wp%2BthoC3OXTe2y1de4HCKa0h%2BewmwyypLQb09RkuxvU%2BjHfVGNPZwtjqcXCzC1FizX6ay%2Fh7BEr9AbstRJXQV1gv87xEDqw%2BJrFtCk9Vz%2Fl6sHiUFYQBCp8N5cFPiKvpvtZFiNlkFv2b%2Bv%2FcTOEPzxwBJelt%2BN6dp63koubuFBaHsRg0xOVFngShz2fkAL1YTtfIJO5bs2C7V67rfH3iNtVAxlGmuIM5Md47BbalqjJCPGSMnN4ql%2FOnYGuJ7aS5gkCprihO57Xlycpep0qsMgsOYv%2FbhZfXH24bSfM4oagza7GbmlT1A%3D,https://shopping-phinf.pstatic.net/main_8545565/85455652615.51.jpg?type=f450,2026-06-01,네이버쇼핑-건강식품-많이구매한BEST-일간-2026-06-01-12-02-48.xlsx,뉴트리원 이병헌 브레인 알파 피에스 포스파티딜세린 두 뇌 인지력,131900,,,19821,4.8
naver_shopping,건강식품,naver_buy_daily,많이구매한BEST_일간,87,국내발송 자로우 펨 도피러스 업그레이드 60캡슐 여성 질유산균 팸 도필러스 재로우 임산부 변비,국내발송 자로우 펨 도피러스 업그레이드 여성 질유산균 팸 도필러스 재로우 임산부 변비,레이놀즈코리아,32900,,0,,,2656,4.9,7.884952945759814,mid_price,low_review,low_price,low_review,False,False,False,True,True,https://adcr.shopping.naver.com/adclk.nhn?x=bXE4mRoXMPQp5G1%2FoUMO9f%2F%2F%2Fw%3D%3Dsmd8zBqMJQLjellaiFGSaxelHjPrOWjZx0d%2BfAbCirfJS0MlE9Zhp0ZdexlLGrR6%2FG7G5RJJUxF5j92Eo1iXTsoZdhCE9OcMVyJIwnPrYIuQK0ziEfw2%2FX1n2sRb2GAYeWMkho%2FmboYur%2B7CUmxZLTeYUh9naGYWHtG4yIz4TlUeUmlleZDFZ3PxN2dUg71JTmfT9gm9%2F9M3oQ%2BTdvNTegsb9%2FkcGhLzlpPHTBKiCMPOMHnypgMYOj%2BppYy8krfLQOruYZ0qvXRqoWGVrNJGunLEI7IotpuxDsxMpzOX3afg%2FWIA9jvcPh7wp%2BthoC3OXTe2y1de4HCKa0h%2BewmwyypLQb09RkuxvU%2BjHfVGNPZwtjqcXCzC1FizX6ay%2Fh7BEsBEvomlk7iLsLijvnemxvl8f8jbTasJMRXTSnhIuz9Sp8N5cFPiKvpvtZFiNlkFvfkfYyzsR%2BQ8z25DZXi9ABjWtxggsXe%2BEHgfbzCYquTleOksOtF84lofdCAGs1R2hC7V67rfH3iNtVAxlGmuIM5Md47BbalqjJCPGSMnN4ql%2FOnYGuJ7aS5gkCprihO57Xlycpep0qsMgsOYv%2FbhZfXH24bSfM4oagza7GbmlT1A%3D,https://shopping-phinf.pstatic.net/main_8978621/89786217061.9.jpg?type=f450,2026-06-01,네이버쇼핑-건강식품-많이구매한BEST-일간-2026-06-01-12-02-48.xlsx,국내발송 자로우 펨 도피러스 업그레이드 여성 질유산균 팸 도필러스 재로우 임산부 변비,32900,,,2656,4.9
naver_shopping,건강식품,naver_buy_daily,많이구매한BEST_일간,88,저스트글로우 알파리포산 R리포산 600mg 120캡슐 약4개월분 효능,저스트글로우 알파리포산 r리포산 600mg 약4개월분 효능,뉴트리엄 캐나다,42800,,0,,,345,4.8,5.846438775057725,mid_price,low_review,low_price,low_review,False,False,False,False,False,https://adcr.shopping.naver.com/adclk.nhn?x=ja8F6QGvFbc5E0QCnxwbkv%2F%2F%2Fw%3D%3Dsmd8zBqMJQLjellaiFGSaxelHjPrOWjZx0d%2BfAbCirfJS0MlE9Zhp0ZdexlLGrR6%2FG7G5RJJUxF5j92Eo1iXTsoZdhCE9OcMVyJIwnPrYIuQK0ziEfw2%2FX1n2sRb2GAYeWMkho%2FmboYur%2B7CUmxZLTeYUh9naGYWHtG4yIz4TlUfOQp2h15AcPOHxFqp%2FkMRcIsh4RvDuMjae%2FnPz207HNNmfhaG7nvQFIN3VMYnTM0OMHnypgMYOj%2BppYy8krfLQOruYZ0qvXRqoWGVrNJGunLEI7IotpuxDsxMpzOX3afg%2FWIA9jvcPh7wp%2BthoC3OXTe2y1de4HCKa0h%2BewmwyypLQb09RkuxvU%2BjHfVGNPZwtjqcXCzC1FizX6ay%2Fh7BELo7aDDvocrOLuWfWYZpNvSdGe5kJER9v9iF7JTioP8yp8N5cFPiKvpvtZFiNlkFv07xSHqgwwshHumsctEv9hjsKQFXKLdpazAFjOIJoGtLo8Z2V%2FtntH4p0Q9RfDRq8C7V67rfH3iNtVAxlGmuIM5Md47BbalqjJCPGSMnN4ql%2FOnYGuJ7aS5gkCprihO57Xlycpep0qsMgsOYv%2FbhZfXH24bSfM4oagza7GbmlT1A%3D,https://shopping-phinf.pstatic.net/main_8776302/87763022090.1.jpg?type=f450,2026-06-01,네이버쇼핑-건강식품-많이구매한BEST-일간-2026-06-01-12-02-48.xlsx,저스트글로우 알파리포산 r리포산 600mg 약4개월분 효능,42800,,,345,4.8
naver_shopping,건강식품,naver_buy_daily,많이구매한BEST_일간,89,센트룸 맨 더블업,센트룸 맨 더블업,센트룸 공식스토어,69000,,0,,,22354,4.9,10.01480528866808,high_price,mid_review,mid_price,mid_review,False,False,False,False,False,https://adcr.shopping.naver.com/adclk.nhn?x=E4pIV80N5as7%2B7daIsFWLv%2F%2F%2Fw%3D%3Dsmd8zBqMJQLjellaiFGSaxelHjPrOWjZx0d%2BfAbCirfJS0MlE9Zhp0ZdexlLGrR6%2FG7G5RJJUxF5j92Eo1iXTsoZdhCE9OcMVyJIwnPrYIuQK0ziEfw2%2FX1n2sRb2GAYeWMkho%2FmboYur%2B7CUmxZLTeYUh9naGYWHtG4yIz4TlUd%2FME6YK5O2ErKOskPFTyk3OMPfO2soYWcUyaSusgA%2BJe4pCkSzGX56CzjZX8sePf6MHnypgMYOj%2BppYy8krfLQOruYZ0qvXRqoWGVrNJGunLEI7IotpuxDsxMpzOX3afg%2FWIA9jvcPh7wp%2BthoC3OXTe2y1de4HCKa0h%2BewmwyypLQb09RkuxvU%2BjHfVGNPZwtjqcXCzC1FizX6ay%2Fh7BEniRRy0cfOHITPpCuTEkYqWTdLPMuJc%2BJpkEhinAQBaqp8N5cFPiKvpvtZFiNlkFv%2F1iiDaznddjMw8pq4F4mXmCZCJ5hlEarRaVDJYjOm6hErmBlhbtwoFJpkG2PqOtAC7V67rfH3iNtVAxlGmuIM5Md47BbalqjJCPGSMnN4ql%2FOnYGuJ7aS5gkCprihO57Xlycpep0qsMgsOYv%2FbhZfXH24bSfM4oagza7GbmlT1A%3D,https://shopping-phinf.pstatic.net/main_8764655/87646555058.29.jpg?type=f450,2026-06-01,네이버쇼핑-건강식품-많이구매한BEST-일간-2026-06-01-12-02-48.xlsx,센트룸 맨 더블업,69000,,,22354,4.9
naver_shopping,건강식품,naver_buy_daily,많이구매한BEST_일간,90,[신신제약] 미야리산U 낙산균 프로바이오틱스,신신제약 미야리산u 낙산균 프로바이오틱스,신신제약 신신HL몰,45000,,0,,,27878,4.8,10.235628996225449,mid_price,high_review,mid_price,mid_review,False,False,False,True,True,https://adcr.shopping.naver.com/adclk.nhn?x=o3wG92xPZTNdzLdkWQXPvf%2F%2F%2Fw%3D%3Dsmd8zBqMJQLjellaiFGSaxelHjPrOWjZx0d%2BfAbCirfJS0MlE9Zhp0ZdexlLGrR6%2FG7G5RJJUxF5j92Eo1iXTsoZdhCE9OcMVyJIwnPrYIuQK0ziEfw2%2FX1n2sRb2GAYeWMkho%2FmboYur%2B7CUmxZLTeYUh9naGYWHtG4yIz4TlUecdpXUFx8AtFdP3n2U7TTmI97wiHQCQ50UxL5L4m2qxXWbxOIH9ZDf%2BrVvUsqH1d%2BMHnypgMYOj%2BppYy8krfLQOruYZ0qvXRqoWGVrNJGunLEI7IotpuxDsxMpzOX3afg%2FWIA9jvcPh7wp%2BthoC3OXTe2y1de4HCKa0h%2BewmwyypLQb09RkuxvU%2BjHfVGNPZwtjqcXCzC1FizX6ay%2Fh7BEvtTJTvm89UM7VNTUQ6pLSTO5Z4k%2FZezF7AtFNI8jt1Kp8N5cFPiKvpvtZFiNlkFvTYrzv7tdTWPNYvl1sXu3fyaIyQPw%2FaBu9VInxRHKpzBWk4SN2VV6bqSe8GiDRJ%2ByC7V67rfH3iNtVAxlGmuIM5Md47BbalqjJCPGSMnN4ql%2FOnYGuJ7aS5gkCprihO57Xlycpep0qsMgsOYv%2FbhZfXH24bSfM4oagza7GbmlT1A%3D,https://shopping-phinf.pstatic.net/main_8898579/88985790615.18.jpg?type=f450,2026-06-01,네이버쇼핑-건강식품-많이구매한BEST-일간-2026-06-01-12-02-48.xlsx,신신제약 미야리산u 낙산균 프로바이오틱스,45000,,,27878,4.8
naver_shopping,건강식품,naver_buy_daily,많이구매한BEST_일간,91,바이오크로스 남진 쏘팔코사놀 레드 4개월분 옥타코사놀 쏘팔메토 골드,바이오크로스 남진 쏘팔코사놀 레드 옥타코사놀 쏘팔메토 골드,쏘팔코사놀,120000,,0,,,13338,4.8,9.498447354141044,high_price,mid_review,high_price,mid_review,False,False,False,True,True,https://adcr.shopping.naver.com/adclk.nhn?x=AJkHbN%2BRyFge5SWuFq0iW%2F%2F%2F%2Fw%3D%3Dsmd8zBqMJQLjellaiFGSaxelHjPrOWjZx0d%2BfAbCirfJS0MlE9Zhp0ZdexlLGrR6%2FG7G5RJJUxF5j92Eo1iXTsoZdhCE9OcMVyJIwnPrYIuQK0ziEfw2%2FX1n2sRb2GAYeWMkho%2FmboYur%2B7CUmxZLTeYUh9naGYWHtG4yIz4TlUcqKQNpjEM6kRaJ40RT2KoykExNN7rSc5%2FHdDdzpqmY0raQ%2FGvOw9ZZspr2vDeW9AaMHnypgMYOj%2BppYy8krfLQOruYZ0qvXRqoWGVrNJGunLEI7IotpuxDsxMpzOX3afg%2FWIA9jvcPh7wp%2BthoC3OXTe2y1de4HCKa0h%2BewmwyypLQb09RkuxvU%2BjHfVGNPZwtjqcXCzC1FizX6ay%2Fh7BEpqHOg1zWKL2UQE2rJgDwZaLzRbStINAOgT1rIYmfAYWp8N5cFPiKvpvtZFiNlkFvRdyL67JzijCeh9VBGX1lRRjBG1rCdhBR3PmSY7MFL9ht8Cf0udbhTbRWPj27872vC7V67rfH3iNtVAxlGmuIM5Md47BbalqjJCPGSMnN4ql%2FOnYGuJ7aS5gkCprihO57Xlycpep0qsMgsOYv%2FbhZfXH24bSfM4oagza7GbmlT1A%3D,https://shopping-phinf.pstatic.net/main_8387801/83878019656.6.jpg?type=f450,2026-06-01,네이버쇼핑-건강식품-많이구매한BEST-일간-2026-06-01-12-02-48.xlsx,바이오크로스 남진 쏘팔코사놀 레드 옥타코사놀 쏘팔메토 골드,120000,,,13338,4.8
naver_shopping,건강식품,naver_buy_daily,많이구매한BEST_일간,92,디아이3 루테인 아스타잔틴 오메가3 눈건강,디아이3 루테인 아스타잔틴 오메가3 눈건강,차이뉴트리,59000,,0,,,4148,4.9,8.330622620332868,high_price,low_review,mid_price,low_review,False,False,False,False,False,https://adcr.shopping.naver.com/adclk.nhn?x=At%2BTerc0b05emJY7sPmwiP%2F%2F%2Fw%3D%3Dsmd8zBqMJQLjellaiFGSaxelHjPrOWjZx0d%2BfAbCirfJS0MlE9Zhp0ZdexlLGrR6%2FG7G5RJJUxF5j92Eo1iXTsoZdhCE9OcMVyJIwnPrYIuQK0ziEfw2%2FX1n2sRb2GAYeWMkho%2FmboYur%2B7CUmxZLTeYUh9naGYWHtG4yIz4TlUc5dQXE5VsQWU%2B6tEB3eW%2Ff%2BJIXfhlJ2EOsYQ0sD89mJ7VOKsUOPqpEpWAu8%2By3efGMHnypgMYOj%2BppYy8krfLQOruYZ0qvXRqoWGVrNJGunLEI7IotpuxDsxMpzOX3afg%2FWIA9jvcPh7wp%2BthoC3OXTe2y1de4HCKa0h%2BewmwyypLQb09RkuxvU%2BjHfVGNPZwtjqcXCzC1FizX6ay%2Fh7BEPO4TXdbNlUU%2FwVLpUf4c1Xj1N4YhR00Z8lgZmcFbotup8N5cFPiKvpvtZFiNlkFva%2Fm4RZJX7TNvS7c%2Bc3HwmELQm2UMTloOa6NRCm9bORZA73dUZVTUDLHTmBfttJP%2FC7V67rfH3iNtVAxlGmuIM5Md47BbalqjJCPGSMnN4ql%2FOnYGuJ7aS5gkCprihO57Xlycpep0qsMgsOYv%2FbhZfXH24bSfM4oagza7GbmlT1A%3D,https://shopping-phinf.pstatic.net/main_8627670/86276703897.11.jpg?type=f450,2026-06-01,네이버쇼핑-건강식품-많이구매한BEST-일간-2026-06-01-12-02-48.xlsx,디아이3 루테인 아스타잔틴 오메가3 눈건강,59000,,,4148,4.9
naver_shopping,건강식품,naver_buy_daily,많이구매한BEST_일간,93,두뇌엔 닥터 PS맥스 PS80 서울대 위바이옴 포스파티딜세린 영양제 두뇌,두뇌엔 닥터 ps맥스 ps80 서울대 위바이옴 포스파티딜세린 영양제 두뇌,뉴트라이트,227800,,0,,,1037,4.8,6.945051063725834,high_price,low_review,high_price,low_review,False,False,False,False,False,https://adcr.shopping.naver.com/adclk.nhn?x=a8uvdXVjVIehZt%2FHWx%2FEpv%2F%2F%2Fw%3D%3Dsmd8zBqMJQLjellaiFGSaxelHjPrOWjZx0d%2BfAbCirfJS0MlE9Zhp0ZdexlLGrR6%2FG7G5RJJUxF5j92Eo1iXTsoZdhCE9OcMVyJIwnPrYIuQK0ziEfw2%2FX1n2sRb2GAYeWMkho%2FmboYur%2B7CUmxZLTeYUh9naGYWHtG4yIz4TlUe6yQWP8FWfPgVEjmx8i43CpiKUR%2BGzfqJeXoL722uUe88YWSOQSEgfjNUmHjFuzpCMHnypgMYOj%2BppYy8krfLQOruYZ0qvXRqoWGVrNJGunLEI7IotpuxDsxMpzOX3afg%2FWIA9jvcPh7wp%2BthoC3OXTe2y1de4HCKa0h%2BewmwyypLQb09RkuxvU%2BjHfVGNPZwtjqcXCzC1FizX6ay%2Fh7BEfYnTx8KemPk09WWcsSICQi8hRaf6rBLebxo3YyVlx7Op8N5cFPiKvpvtZFiNlkFvBZAqU1FpJBE%2Fm%2FmPAjG8mSN03oiA0D4%2B0xvJP4QA7JsOlD16wUy1NSXVFC1CbtenC7V67rfH3iNtVAxlGmuIM5Md47BbalqjJCPGSMnN4ql%2FOnYGuJ7aS5gkCprihO57Xlycpep0qsMgsOYv%2FbhZfXH24bSfM4oagza7GbmlT1A%3D,https://shopping-phinf.pstatic.net/main_8958405/89584052928.jpg?type=f450,2026-06-01,네이버쇼핑-건강식품-많이구매한BEST-일간-2026-06-01-12-02-48.xlsx,두뇌엔 닥터 ps맥스 ps80 서울대 위바이옴 포스파티딜세린 영양제 두뇌,227800,,,1037,4.8
naver_shopping,건강식품,naver_buy_daily,많이구매한BEST_일간,94,서울대 위바이옴 두뇌엔 닥터PS 맥스 순도80% 포스파티딜세린 분말,서울대 위바이옴 두뇌엔 닥터ps 맥스 순도80 포스파티딜세린 분말,위바이옴,199000,,0,,,7687,4.9,8.947415950650129,high_price,mid_review,high_price,low_review,False,False,False,True,True,https://adcr.shopping.naver.com/adclk.nhn?x=5YtwwVMLohnhM6k%2FWi%2Bkqf%2F%2F%2Fw%3D%3Dsmd8zBqMJQLjellaiFGSaxelHjPrOWjZx0d%2BfAbCirfJS0MlE9Zhp0ZdexlLGrR6%2FG7G5RJJUxF5j92Eo1iXTsoZdhCE9OcMVyJIwnPrYIuQK0ziEfw2%2FX1n2sRb2GAYeWMkho%2FmboYur%2B7CUmxZLTeYUh9naGYWHtG4yIz4TlUdcnwmMwoNXgZHK5HvYtlUQDRTxzsORnBT5WYAUm4ctn0grshZW0v5wMds7sK9z11CMHnypgMYOj%2BppYy8krfLQOruYZ0qvXRqoWGVrNJGunLEI7IotpuxDsxMpzOX3afg%2FWIA9jvcPh7wp%2BthoC3OXTe2y1de4HCKa0h%2BewmwyypLQb09RkuxvU%2BjHfVGNPZwtjqcXCzC1FizX6ay%2Fh7BE4VJu7QVfaJAch1%2BfwMxBbjzzzE4UYR3CXP3PRUWK4cap8N5cFPiKvpvtZFiNlkFvYbV35eZfIb805x4NwneezWtBAgJEVGnZOygsSO0N5OpY4fY3KlwN0FqvBXu%2BiUcuC7V67rfH3iNtVAxlGmuIM5Md47BbalqjJCPGSMnN4ql%2FOnYGuJ7aS5gkCprihO57Xlycpep0qsMgsOYv%2FbhZfXH24bSfM4oagza7GbmlT1A%3D,https://shopping-phinf.pstatic.net/main_8885630/88856303044.50.jpg?type=f450,2026-06-01,네이버쇼핑-건강식품-많이구매한BEST-일간-2026-06-01-12-02-48.xlsx,서울대 위바이옴 두뇌엔 닥터ps 맥스 순도80 포스파티딜세린 분말,199000,,,7687,4.9
naver_shopping,건강식품,naver_buy_daily,많이구매한BEST_일간,95,(유통기한 27년 1월) 멀티비타민 오쏘몰 바이탈 M 7일분 4박스 + 1일분 2개 + 쇼핑백 총 30일분,유통기한 27년 1월 멀티비타민 오쏘몰 바이탈 m 쇼핑백 총,동아제약,83000,,0,,,6197,4.9,8.731981938347694,high_price,mid_review,high_price,low_review,False,False,False,False,False,https://adcr.shopping.naver.com/adclk.nhn?x=lQPrZMGVP8KK71xeKjfR0%2F%2F%2F%2Fw%3D%3Dsmd8zBqMJQLjellaiFGSaxelHjPrOWjZx0d%2BfAbCirfJS0MlE9Zhp0ZdexlLGrR6%2FG7G5RJJUxF5j92Eo1iXTsoZdhCE9OcMVyJIwnPrYIuQK0ziEfw2%2FX1n2sRb2GAYeWMkho%2FmboYur%2B7CUmxZLTeYUh9naGYWHtG4yIz4TlUfTvIPha%2B2rzOMjwlmsZcSvf9KgyXeVNaYAdQr6wmadU43%2FfyhVF3JuAYD6bS4%2BkyaMHnypgMYOj%2BppYy8krfLQOruYZ0qvXRqoWGVrNJGunLEI7IotpuxDsxMpzOX3afg%2FWIA9jvcPh7wp%2BthoC3OXTe2y1de4HCKa0h%2BewmwyypLQb09RkuxvU%2BjHfVGNPZwtjqcXCzC1FizX6ay%2Fh7BE3UlI36Y4FQfbr53%2Ff2Nz0rnivCyDDQnn2V5OHwnMVaap8N5cFPiKvpvtZFiNlkFvAQLkZkZXPAT3G9pYPIeapdrcjOLN3FtVD9erBhd9oRyERks8K%2B%2BIAMI6dE39HIjjC7V67rfH3iNtVAxlGmuIM5Md47BbalqjJCPGSMnN4ql%2FOnYGuJ7aS5gkCprihO57Xlycpep0qsMgsOYv%2FbhZfXH24bSfM4oagza7GbmlT1A%3D,https://shopping-phinf.pstatic.net/main_8722322/87223221794.38.jpg?type=f450,2026-06-01,네이버쇼핑-건강식품-많이구매한BEST-일간-2026-06-01-12-02-48.xlsx,유통기한 27년 1월 멀티비타민 오쏘몰 바이탈 m 쇼핑백 총,83000,,,6197,4.9
naver_shopping,건강식품,naver_buy_daily,많이구매한BEST_일간,96,[비타바움] 멀티비타민키즈 + V - Complex15 (30일분),비타바움 멀티비타민키즈 v complex15,컬리N마트,95200,,0,,,45,4.9,3.828641396489095,high_price,low_review,high_price,low_review,False,False,False,False,False,https://adcr.shopping.naver.com/adclk.nhn?x=zIjGxdUYAT5ZPDSGEsaZHv%2F%2F%2Fw%3D%3Dsmd8zBqMJQLjellaiFGSaxelHjPrOWjZx0d%2BfAbCirfJS0MlE9Zhp0ZdexlLGrR6%2FG7G5RJJUxF5j92Eo1iXTsoZdhCE9OcMVyJIwnPrYIuQK0ziEfw2%2FX1n2sRb2GAYeWMkho%2FmboYur%2B7CUmxZLTeYUh9naGYWHtG4yIz4TlUeuRRJDvbtoadJnnYoaQznulTUX%2BrtjRK783tPdhpuJ%2Bg6yHlFRNYX2tKfTnPBBHuaMHnypgMYOj%2BppYy8krfLQOruYZ0qvXRqoWGVrNJGunLEI7IotpuxDsxMpzOX3afg%2FWIA9jvcPh7wp%2BthoC3OXTe2y1de4HCKa0h%2BewmwyypLQb09RkuxvU%2BjHfVGNPZwtjqcXCzC1FizX6ay%2Fh7BEvt8CSnb5%2BWAa%2B2l8bSo83lzznvu51WnJa9lAuHTbkBmp8N5cFPiKvpvtZFiNlkFvN8nnjFenvcQ8u9jugaZAgtMgLNUn2vFgNRItWGfYMpsuoavz5RM6Z5fLJvqCRkNlC7V67rfH3iNtVAxlGmuIM5Md47BbalqjJCPGSMnN4ql%2FOnYGuJ7aS5gkCprihO57Xlycpep0qsMgsOYv%2FbhZfXH24bSfM4oagza7GbmlT1A%3D,https://shopping-phinf.pstatic.net/main_8981917/89819174039.jpg?type=f450,2026-06-01,네이버쇼핑-건강식품-많이구매한BEST-일간-2026-06-01-12-02-48.xlsx,비타바움 멀티비타민키즈 v complex15,95200,,,45,4.9
naver_shopping,건강식품,naver_buy_daily,많이구매한BEST_일간,97,오쏘몰 이뮨 멀티비타민 30일분 동아제약 국내배송 고급 쇼핑백,오쏘몰 이뮨 멀티비타민 동아제약 고급 쇼핑백,JUNE.MARKET,77900,,0,,,696,4.9,6.546785410760524,high_price,low_review,mid_price,low_review,False,False,False,True,True,https://adcr.shopping.naver.com/adclk.nhn?x=PjF6gDVh0edh2YwQHmmrCP%2F%2F%2Fw%3D%3Dsmd8zBqMJQLjellaiFGSaxelHjPrOWjZx0d%2BfAbCirfJS0MlE9Zhp0ZdexlLGrR6%2FG7G5RJJUxF5j92Eo1iXTsoZdhCE9OcMVyJIwnPrYIuQK0ziEfw2%2FX1n2sRb2GAYeWMkho%2FmboYur%2B7CUmxZLTeYUh9naGYWHtG4yIz4TlUfsjqtnw33jjtJ4DbXibbNsHEkKvIo0fb0rvcGrop3OvrXLWLmZJ8AcsIrXuP0bv7uMHnypgMYOj%2BppYy8krfLQOruYZ0qvXRqoWGVrNJGunLEI7IotpuxDsxMpzOX3afg%2FWIA9jvcPh7wp%2BthoC3OXTe2y1de4HCKa0h%2BewmwyypLQb09RkuxvU%2BjHfVGNPZwtjqcXCzC1FizX6ay%2Fh7BEijYCBuB%2BfKlaP%2F%2FyrF94bRKzzWQl%2BGG8cWVPG6CX9cyp8N5cFPiKvpvtZFiNlkFvaoi1mBSTS%2BD%2F1%2F8IZKcqbb%2BDPyP7JJhoYOS2tTZflSCU7PpABiQMJ%2FOnBaJ8EUFTC7V67rfH3iNtVAxlGmuIM5Md47BbalqjJCPGSMnN4ql%2FOnYGuJ7aS5gkCprihO57Xlycpep0qsMgsOYv%2FbhZfXH24bSfM4oagza7GbmlT1A%3D,https://shopping-phinf.pstatic.net/main_8962989/89629896545.4.jpg?type=f450,2026-06-01,네이버쇼핑-건강식품-많이구매한BEST-일간-2026-06-01-12-02-48.xlsx,오쏘몰 이뮨 멀티비타민 동아제약 고급 쇼핑백,77900,,,696,4.9
naver_shopping,건강식품,naver_buy_daily,많이구매한BEST_일간,98,헤라클레스 엑스퍼트 알래스카 알티지 오메가3,헤라클레스 엑스퍼트 알래스카 알티지 오메가3,HERACLES,79800,,0,,,7750,4.9,8.955577146281511,high_price,mid_review,high_price,low_review,False,False,False,False,False,https://adcr.shopping.naver.com/adclk.nhn?x=SfYrf0GZccUhV%2BE9evTRpf%2F%2F%2Fw%3D%3Dsmd8zBqMJQLjellaiFGSaxelHjPrOWjZx0d%2BfAbCirfJS0MlE9Zhp0ZdexlLGrR6%2FG7G5RJJUxF5j92Eo1iXTsoZdhCE9OcMVyJIwnPrYIuQK0ziEfw2%2FX1n2sRb2GAYeWMkho%2FmboYur%2B7CUmxZLTeYUh9naGYWHtG4yIz4TlUfHEWnxQMH8prvD%2BwDF0NGIIeJB0iRgczr4N1BM0x5YNMfHLt5sbTFKPGvkyY8%2BnzeMHnypgMYOj%2BppYy8krfLQOruYZ0qvXRqoWGVrNJGunLEI7IotpuxDsxMpzOX3afg%2FWIA9jvcPh7wp%2BthoC3OXTe2y1de4HCKa0h%2BewmwyypLQb09RkuxvU%2BjHfVGNPZwtjqcXCzC1FizX6ay%2Fh7BE6qQR19FnCmLzobNlz8j%2BLUgIF66EZuE419PVFJLRRKSp8N5cFPiKvpvtZFiNlkFvnRtyKNwmxIg%2BQYLJo8aAOakRyQBbPj385OgKuUfXoxveJibveMKkWLVyKlOH1tIgC7V67rfH3iNtVAxlGmuIM5Md47BbalqjJCPGSMnN4ql%2FOnYGuJ7aS5gkCprihO57Xlycpep0qsMgsOYv%2FbhZfXH24bSfM4oagza7GbmlT1A%3D,https://shopping-phinf.pstatic.net/main_8949102/89491021341.3.jpg?type=f450,2026-06-01,네이버쇼핑-건강식품-많이구매한BEST-일간-2026-06-01-12-02-48.xlsx,헤라클레스 엑스퍼트 알래스카 알티지 오메가3,79800,,,7750,4.9
naver_shopping,건강식품,naver_buy_daily,많이구매한BEST_일간,99,솔가 철분제 25,솔가 철분제 25,솔가 공식스토어,25200,,0,,,30819,4.9,10.335919108874107,mid_price,high_review,low_price,mid_review,False,False,False,False,False,https://adcr.shopping.naver.com/adclk.nhn?x=5qve1OMlPrsiI9dNmFOEEP%2F%2F%2Fw%3D%3Dsmd8zBqMJQLjellaiFGSaxelHjPrOWjZx0d%2BfAbCirfJS0MlE9Zhp0ZdexlLGrR6%2FG7G5RJJUxF5j92Eo1iXTsoZdhCE9OcMVyJIwnPrYIuQK0ziEfw2%2FX1n2sRb2GAYeWMkho%2FmboYur%2B7CUmxZLTeYUh9naGYWHtG4yIz4TlUfhIFmAg4XbB9Q5x2P3ZhpNo%2BYDsdvQXmJwb8LkX5ubAzQ2%2Fqcm3eHJoEfMfEn8vUKMHnypgMYOj%2BppYy8krfLQOruYZ0qvXRqoWGVrNJGunLEI7IotpuxDsxMpzOX3afg%2FWIA9jvcPh7wp%2BthoC3OXTe2y1de4HCKa0h%2BewmwyypLQb09RkuxvU%2BjHfVGNPZwtjqcXCzC1FizX6ay%2Fh7BE00omikDKIB9gFXdqBCGiObkAwny0FJCy58ovVBcxCF%2Bp8N5cFPiKvpvtZFiNlkFvfI%2B2yw3nkAm3bxm0dZfPJ4tIp4Qkv2zt%2F%2FOcHIo2ymy3VngUhp2QJ0UBRZeui75hC7V67rfH3iNtVAxlGmuIM5Md47BbalqjJCPGSMnN4ql%2FOnYGuJ7aS5gkCprihO57Xlycpep0qsMgsOYv%2FbhZfXH24bSfM4oagza7GbmlT1A%3D,https://shopping-phinf.pstatic.net/main_8773750/87737508886.1.jpg?type=f450,2026-06-01,네이버쇼핑-건강식품-많이구매한BEST-일간-2026-06-01-12-02-48.xlsx,솔가 철분제 25,25200,,,30819,4.9
naver_shopping,건강식품,naver_buy_daily,많이구매한BEST_일간,100,[6개월분] 락티브 식물성 멜라토닌 2mg 함유 멜라드림,락티브 식물성 멜라토닌 2mg 함유 멜라드림,락티브,49000,,0,,,41629,4.7,10.636576340189022,high_price,high_review,mid_price,high_review,False,False,False,True,True,https://adcr.shopping.naver.com/adclk.nhn?x=d3CVqc82oNvwrZzsNFx4RP%2F%2F%2Fw%3D%3Dsmd8zBqMJQLjellaiFGSaxelHjPrOWjZx0d%2BfAbCirfJS0MlE9Zhp0ZdexlLGrR6%2FG7G5RJJUxF5j92Eo1iXTsoZdhCE9OcMVyJIwnPrYIuQK0ziEfw2%2FX1n2sRb2GAYeWMkho%2FmboYur%2B7CUmxZLTeYUh9naGYWHtG4yIz4TlUc33J29xAkaw6RtA1uKLQ8pvHpDJkhL8mJPKN3M7ztY5nmi%2Ft8mfOP29INbxXVvgySMHnypgMYOj%2BppYy8krfLQOruYZ0qvXRqoWGVrNJGunLEI7IotpuxDsxMpzOX3afg%2FWIA9jvcPh7wp%2BthoC3OXTe2y1de4HCKa0h%2BewmwyypLQb09RkuxvU%2BjHfVGNPZwtjqcXCzC1FizX6ay%2Fh7BEpdLXRUhGLmv5liGvkVNzr99kUjql45iR99Twaw%2BIglCp8N5cFPiKvpvtZFiNlkFvMQ6AKU4dX3YcDSLOcXQ1HkCmndfR8WbUUOzzCzNh01ZG0zD5l6Rq%2FYMHbP%2BYfwgGC7V67rfH3iNtVAxlGmuIM5Md47BbalqjJCPGSMnN4ql%2FOnYGuJ7aS5gkCprihO57Xlycpep0qsMgsOYv%2FbhZfXH24bSfM4oagza7GbmlT1A%3D,https://shopping-phinf.pstatic.net/main_8869089/88690890132.10.jpg?type=f450,2026-06-01,네이버쇼핑-건강식품-많이구매한BEST-일간-2026-06-01-12-02-48.xlsx,락티브 식물성 멜라토닌 2mg 함유 멜라드림,49000,,,41629,4.7
naver_shopping,건강식품,naver_buy_weekly,많이구매한BEST_주간,1,BNR17 비에날씬 다이어트 유산균 모유유래 체지방감소 3개월 캡슐 + 비에날씬 활력UP 7포 (1BOX),bnr17 비에날씬 다이어트 유산균 모유유래 체지방감소 3개월 캡슐 비에날씬 활력up,비에날몰,198000,,0,,,89641,4.8,11.40357923913406,high_price,high_review,high_price,high_review,True,False,False,True,True,https://adcr.shopping.naver.com/adclk.nhn?x=fCGKgoQ8iAwubKIKJ5nW%2Ff%2F%2F%2Fw%3D%3Dsmd8zBqMJQLjellaiFGSaxelHjPrOWjZx0d%2BfAbCirfJS0MlE9Zhp0ZdexlLGrR6%2FG7G5RJJUxF5j92Eo1iXTsoZdhCE9OcMVyJIwnPrYIuQK0ziEfw2%2FX1n2sRb2GAYeWMkho%2FmboYur%2B7CUmxZLTajOJSVeDOqmhhiLTyntJojSL9yCxI4A5jPM%2BTlv3s9AxIPmR%2B9MXp7QWeHC6WKn5CzecLhAarqwuJEKDNnan4CMHnypgMYOj%2BppYy8krfLQOruYZ0qvXRqoWGVrNJGunLEI7IotpuxDsxMpzOX3afg%2FWIA9jvcPh7wp%2BthoC3OXTe2y1de4HCKa0h%2BewmwyypLQb09RkuxvU%2BjHfVGNPZwtjqcXCzC1FizX6ay%2Fh7BEXRPmB1xo88w4ZAQt5JQkCbSV%2FjKB2HUwTsXOIm1HOT2p8N5cFPiKvpvtZFiNlkFvC7bOZWEPrwwO%2B%2FU0OjOW468LNQXRUOGpoUMR%2BkQDFIVansUstkpZ%2BJKUETt%2BN1muC7V67rfH3iNtVAxlGmuIM8HHzJajka3ac7jqzvjlu2p%2FOnYGuJ7aS5gkCprihO57Xlycpep0qsMgsOYv%2FbhZfXH24bSfM4oagza7GbmlT1A%3D,https://shopping-phinf.pstatic.net/main_8230039/82300394230.45.jpg?type=f450,2026-06-01,네이버쇼핑-건강식품-많이구매한BEST-주간-2026-06-01-12-03-53.xlsx,bnr17 비에날씬 다이어트 유산균 모유유래 체지방감소 3개월 캡슐 비에날씬 활력up,198000,,,89641,4.8
naver_shopping,건강식품,naver_buy_weekly,많이구매한BEST_주간,2,그레인온 골드 카무트 효소,그레인온 골드 카무트 효소,그레인온,44900,,0,,,94485,4.9,11.456206954358665,mid_price,high_review,low_price,high_review,True,False,True,True,True,https://adcr.shopping.naver.com/adclk.nhn?x=myNmqoi1HvseIw336LdhKP%2F%2F%2Fw%3D%3Dsmd8zBqMJQLjellaiFGSaxelHjPrOWjZx0d%2BfAbCirfJS0MlE9Zhp0ZdexlLGrR6%2FG7G5RJJUxF5j92Eo1iXTsoZdhCE9OcMVyJIwnPrYIuQK0ziEfw2%2FX1n2sRb2GAYeWMkho%2FmboYur%2B7CUmxZLTajOJSVeDOqmhhiLTyntJojsKmspbOhG%2FGtr4%2BjWpEHRk0fslUNwKgdBS2XuRI8B%2FmFlt2KhtP8s9zz%2BA3JAKu%2BMHnypgMYOj%2BppYy8krfLQOruYZ0qvXRqoWGVrNJGunLEI7IotpuxDsxMpzOX3afg%2FWIA9jvcPh7wp%2BthoC3OXTe2y1de4HCKa0h%2BewmwyypLQb09RkuxvU%2BjHfVGNPZwtjqcXCzC1FizX6ay%2Fh7BEkx4l8RCJzfjJ%2BC4jkL61qg5gt5OZSSTa1bTrGdP2nEmp8N5cFPiKvpvtZFiNlkFvH1tr48jd38sf%2FwsniUivIMJcHPKFQ2tSety36FwoxA3xy6wk9tqCpriFgsyVT5q7C7V67rfH3iNtVAxlGmuIM8HHzJajka3ac7jqzvjlu2p%2FOnYGuJ7aS5gkCprihO57Xlycpep0qsMgsOYv%2FbhZfXH24bSfM4oagza7GbmlT1A%3D,https://shopping-phinf.pstatic.net/main_8554383/85543837753.95.jpg?type=f450,2026-06-01,네이버쇼핑-건강식품-많이구매한BEST-주간-2026-06-01-12-03-53.xlsx,그레인온 골드 카무트 효소,44900,,,94485,4.9
naver_shopping,건강식품,naver_buy_weekly,많이구매한BEST_주간,3,"고려은단 메가도스C 비타민C 3000mg X 100포 (300g), 2개",고려은단 메가도스c 비타민c 3000mg x 300g,고려은단몰,49900,,0,,,99999,4.9,11.512925464970229,high_price,high_review,mid_price,high_review,True,False,True,True,True,https://adcr.shopping.naver.com/adclk.nhn?x=bBgMNThjnbSCIHT%2FiTb5FP%2F%2F%2Fw%3D%3Dsmd8zBqMJQLjellaiFGSaxelHjPrOWjZx0d%2BfAbCirfJS0MlE9Zhp0ZdexlLGrR6%2FG7G5RJJUxF5j92Eo1iXTsoZdhCE9OcMVyJIwnPrYIuQK0ziEfw2%2FX1n2sRb2GAYeWMkho%2FmboYur%2B7CUmxZLTajOJSVeDOqmhhiLTyntJojtqDPkE1nJmgXaiCZRfbFG0LdOz%2B%2FrNOPDmHS%2BwPE%2BAJTvi%2Bnhl%2FtbxOu%2FVHnvzUWMHnypgMYOj%2BppYy8krfLQOruYZ0qvXRqoWGVrNJGunLEI7IotpuxDsxMpzOX3afg%2FWIA9jvcPh7wp%2BthoC3OXTe2y1de4HCKa0h%2BewmwyypLQb09RkuxvU%2BjHfVGNPZwtjqcXCzC1FizX6ay%2Fh7BEFPDef%2Frl61HZqNgvob9CZ6MAxIaLe2Om6OZmhHIxpb6p8N5cFPiKvpvtZFiNlkFvaIgsxeP8wT6vqGLK9U87CYl3LyYP%2Bj1jgVC%2B%2F27e4VTeR8zBmM440dMpUsYv5AwRC7V67rfH3iNtVAxlGmuIM8HHzJajka3ac7jqzvjlu2p%2FOnYGuJ7aS5gkCprihO57Xlycpep0qsMgsOYv%2FbhZfXH24bSfM4oagza7GbmlT1A%3D,https://shopping-phinf.pstatic.net/main_8341102/83411023793.16.jpg?type=f450,2026-06-01,네이버쇼핑-건강식품-많이구매한BEST-주간-2026-06-01-12-03-53.xlsx,고려은단 메가도스c 비타민c 3000mg x 300g,49900,,,99999,4.9
naver_shopping,건강식품,naver_buy_weekly,많이구매한BEST_주간,4,고려은단 비타민C 1000 600정 X 1개 (20개월분),고려은단 비타민c 1000 x,고려은단비타민C,42900,,0,,,99999,4.9,11.512925464970229,mid_price,high_review,low_price,high_review,True,False,False,True,True,https://adcr.shopping.naver.com/adclk.nhn?x=zhUnFxKQhODSUmq7bWnTMv%2F%2F%2Fw%3D%3Dsmd8zBqMJQLjellaiFGSaxelHjPrOWjZx0d%2BfAbCirfJS0MlE9Zhp0ZdexlLGrR6%2FG7G5RJJUxF5j92Eo1iXTsoZdhCE9OcMVyJIwnPrYIuQK0ziEfw2%2FX1n2sRb2GAYeWMkho%2FmboYur%2B7CUmxZLTajOJSVeDOqmhhiLTyntJoiNZmwX1WKHvAQhsdBg9cwQB1N%2F4xybAg8jR5UAXDkG51ouOZLnQ1Qb5Ir%2Buak6wmyMHnypgMYOj%2BppYy8krfLQOruYZ0qvXRqoWGVrNJGunLEI7IotpuxDsxMpzOX3afg%2FWIA9jvcPh7wp%2BthoC3OXTe2y1de4HCKa0h%2BewmwyypLQb09RkuxvU%2BjHfVGNPZwtjqcXCzC1FizX6ay%2Fh7BEcIvboqEQMmf2cze5uGRUVW3frn14MugMct2ibbL1fGyp8N5cFPiKvpvtZFiNlkFvSOndU8lhxbYgjZZa9EMZUxVbApyR9cwgBamTGnGTjiIat%2FayWeoCSuqHWsdVx5g8C7V67rfH3iNtVAxlGmuIM8HHzJajka3ac7jqzvjlu2p%2FOnYGuJ7aS5gkCprihO57Xlycpep0qsMgsOYv%2FbhZfXH24bSfM4oagza7GbmlT1A%3D,https://shopping-phinf.pstatic.net/main_1149665/11496658484.28.jpg?type=f450,2026-06-01,네이버쇼핑-건강식품-많이구매한BEST-주간-2026-06-01-12-03-53.xlsx,고려은단 비타민c 1000 x,42900,,,99999,4.9
naver_shopping,건강식품,naver_buy_weekly,많이구매한BEST_주간,5,"고려은단 식물성 퓨어 알티지 오메가3 60캡슐, 3개 (6개월분)",고려은단 식물성 퓨어 알티지 오메가3,고려은단몰,49900,,0,,,99999,4.9,11.512925464970229,high_price,high_review,mid_price,high_review,True,False,False,True,True,https://adcr.shopping.naver.com/adclk.nhn?x=fuWPdFMKhlYF2Bgo5nBGHP%2F%2F%2Fw%3D%3Dsmd8zBqMJQLjellaiFGSaxelHjPrOWjZx0d%2BfAbCirfJS0MlE9Zhp0ZdexlLGrR6%2FG7G5RJJUxF5j92Eo1iXTsoZdhCE9OcMVyJIwnPrYIuQK0ziEfw2%2FX1n2sRb2GAYeWMkho%2FmboYur%2B7CUmxZLTajOJSVeDOqmhhiLTyntJojBOIPUGLPnB5f1%2FvmONrWu2pCy%2BO89TYhoGOZKg1zjVa9Va9xLFT%2B8HmySb1szWemMHnypgMYOj%2BppYy8krfLQOruYZ0qvXRqoWGVrNJGunLEI7IotpuxDsxMpzOX3afg%2FWIA9jvcPh7wp%2BthoC3OXTe2y1de4HCKa0h%2BewmwyypLQb09RkuxvU%2BjHfVGNPZwtjqcXCzC1FizX6ay%2Fh7BEgs3C3nLuu05jMJBXC08Q8VQ19%2ByFRa6EWKrlbfD1EG2p8N5cFPiKvpvtZFiNlkFvJYEN7TKfnpB5vaaD6k3c2WjFhDHz37lue21OhuzUQKeNsqGC%2FcQLwdZN2A9k3Bj4C7V67rfH3iNtVAxlGmuIM8HHzJajka3ac7jqzvjlu2p%2FOnYGuJ7aS5gkCprihO57Xlycpep0qsMgsOYv%2FbhZfXH24bSfM4oagza7GbmlT1A%3D,https://shopping-phinf.pstatic.net/main_8721432/87214323301.15.jpg?type=f450,2026-06-01,네이버쇼핑-건강식품-많이구매한BEST-주간-2026-06-01-12-03-53.xlsx,고려은단 식물성 퓨어 알티지 오메가3,49900,,,99999,4.9
naver_shopping,건강식품,naver_buy_weekly,많이구매한BEST_주간,6,주영엔에스 관절엔 콘드로이친 1200,주영엔에스 관절엔 콘드로이친 1200,주영엔에스,175000,,0,,,99999,4.9,11.512925464970229,high_price,high_review,high_price,high_review,True,False,True,True,True,https://adcr.shopping.naver.com/adclk.nhn?x=HmDe8Qkd51mmRiHiAMQbU%2F%2F%2F%2Fw%3D%3Dsmd8zBqMJQLjellaiFGSaxelHjPrOWjZx0d%2BfAbCirfJS0MlE9Zhp0ZdexlLGrR6%2FG7G5RJJUxF5j92Eo1iXTsoZdhCE9OcMVyJIwnPrYIuQK0ziEfw2%2FX1n2sRb2GAYeWMkho%2FmboYur%2B7CUmxZLTajOJSVeDOqmhhiLTyntJog5FVYRXANlv729TAEf%2BSYBo%2FKko1O4nMjIgDImo18YILGWIkOiVcxRCo8Rhq7fyxGMHnypgMYOj%2BppYy8krfLQOruYZ0qvXRqoWGVrNJGunLEI7IotpuxDsxMpzOX3afg%2FWIA9jvcPh7wp%2BthoC3OXTe2y1de4HCKa0h%2BewmwyypLQb09RkuxvU%2BjHfVGNPZwtjqcXCzC1FizX6ay%2Fh7BEXi8zdZY5sXm93JRyAz8kCJ%2BXih%2FDXlC%2FDAwlqfsg%2Bhyp8N5cFPiKvpvtZFiNlkFvnbRX6GBYQX%2BZeNczAUlJvIIrHOmJ31NWFBaZmGNTqLNvdWCUQUPo544pRMdEdeZ3C7V67rfH3iNtVAxlGmuIM8HHzJajka3ac7jqzvjlu2p%2FOnYGuJ7aS5gkCprihO57Xlycpep0qsMgsOYv%2FbhZfXH24bSfM4oagza7GbmlT1A%3D,https://shopping-phinf.pstatic.net/main_8411181/84111819427.24.jpg?type=f450,2026-06-01,네이버쇼핑-건강식품-많이구매한BEST-주간-2026-06-01-12-03-53.xlsx,주영엔에스 관절엔 콘드로이친 1200,175000,,,99999,4.9
naver_shopping,건강식품,naver_buy_weekly,많이구매한BEST_주간,7,배석철의 아미나 고용량 비타민B3 500mg 미국산 니코틴산아미드,배석철의 아미나 고용량 비타민b3 500mg 미국산 니코틴산아미드,배석철의 아미나,48000,,0,,,9136,4.8,9.120087382998621,high_price,mid_review,mid_price,mid_review,True,False,True,True,True,https://adcr.shopping.naver.com/adclk.nhn?x=3enLGqWGFPMJ3eSXjsS4rP%2F%2F%2Fw%3D%3Dsmd8zBqMJQLjellaiFGSaxelHjPrOWjZx0d%2BfAbCirfJS0MlE9Zhp0ZdexlLGrR6%2FG7G5RJJUxF5j92Eo1iXTsoZdhCE9OcMVyJIwnPrYIuQK0ziEfw2%2FX1n2sRb2GAYeWMkho%2FmboYur%2B7CUmxZLTajOJSVeDOqmhhiLTyntJogAEzRBkTp0oLWN3V7g7fR7JlLGlNELm%2BuTlfHgtRkCUGY3%2FkQ0FfNXFeZDNTc%2FP4iMHnypgMYOj%2BppYy8krfLQOruYZ0qvXRqoWGVrNJGunLEI7IotpuxDsxMpzOX3afg%2FWIA9jvcPh7wp%2BthoC3OXTe2y1de4HCKa0h%2BewmwyypLQb09RkuxvU%2BjHfVGNPZwtjqcXCzC1FizX6ay%2Fh7BEX8U2xV98uPaE0J%2B1LAQVi4ftmll1g2LgdG0FF%2F39vVqp8N5cFPiKvpvtZFiNlkFvLeCwgqJrxLukamObgDt9JoUbdXubw9pnzkyMuyL3yRgYwSXpEM0TMU%2FHrpREjOQcC7V67rfH3iNtVAxlGmuIM8HHzJajka3ac7jqzvjlu2p%2FOnYGuJ7aS5gkCprihO57Xlycpep0qsMgsOYv%2FbhZfXH24bSfM4oagza7GbmlT1A%3D,https://shopping-phinf.pstatic.net/main_8883763/88837633834.4.jpg?type=f450,2026-06-01,네이버쇼핑-건강식품-많이구매한BEST-주간-2026-06-01-12-03-53.xlsx,배석철의 아미나 고용량 비타민b3 500mg 미국산 니코틴산아미드,48000,,,9136,4.8
naver_shopping,건강식품,naver_buy_weekly,많이구매한BEST_주간,8,"고려은단 루테인 지아잔틴 아스타잔틴 60캡슐, 3개 (6개월분)",고려은단 루테인 지아잔틴 아스타잔틴,고려은단몰,64900,,0,,,61974,4.9,11.034486356903392,high_price,high_review,mid_price,high_review,True,False,False,True,True,https://adcr.shopping.naver.com/adclk.nhn?x=vm5Khg0Kg5kLpBzBvOdtjf%2F%2F%2Fw%3D%3Dsmd8zBqMJQLjellaiFGSaxelHjPrOWjZx0d%2BfAbCirfJS0MlE9Zhp0ZdexlLGrR6%2FG7G5RJJUxF5j92Eo1iXTsoZdhCE9OcMVyJIwnPrYIuQK0ziEfw2%2FX1n2sRb2GAYeWMkho%2FmboYur%2B7CUmxZLTajOJSVeDOqmhhiLTyntJoj%2BiUqU9ykgo13PmpQUPUJArJgtvtv6hbE2iz4mOOv8vijLAOT02unNeMmEVaAlpWKMHnypgMYOj%2BppYy8krfLQOruYZ0qvXRqoWGVrNJGunLEI7IotpuxDsxMpzOX3afg%2FWIA9jvcPh7wp%2BthoC3OXTe2y1de4HCKa0h%2BewmwyypLQb09RkuxvU%2BjHfVGNPZwtjqcXCzC1FizX6ay%2Fh7BESOiSMPCj20KVm4Y0Y5OfaJaAQnaP6u77goqmMr7hNfmp8N5cFPiKvpvtZFiNlkFveeBnUNL3q7Jf2e1AQHN6TDwxdGCL16bN1qlXlEh8pAOfSY6ngq%2BY2yz23OMLiqk8C7V67rfH3iNtVAxlGmuIM8HHzJajka3ac7jqzvjlu2p%2FOnYGuJ7aS5gkCprihO57Xlycpep0qsMgsOYv%2FbhZfXH24bSfM4oagza7GbmlT1A%3D,https://shopping-phinf.pstatic.net/main_8694075/86940759706.7.jpg?type=f450,2026-06-01,네이버쇼핑-건강식품-많이구매한BEST-주간-2026-06-01-12-03-53.xlsx,고려은단 루테인 지아잔틴 아스타잔틴,64900,,,61974,4.9
naver_shopping,건강식품,naver_buy_weekly,많이구매한BEST_주간,9,덴마크 유산균이야기,덴마크 유산균이야기,덴프스,157000,,0,,,99999,4.9,11.512925464970229,high_price,high_review,high_price,high_review,True,False,False,True,True,https://adcr.shopping.naver.com/adclk.nhn?x=jr%2Bjz0nu3EFiaX5Ng9K74f%2F%2F%2Fw%3D%3Dsmd8zBqMJQLjellaiFGSaxelHjPrOWjZx0d%2BfAbCirfJS0MlE9Zhp0ZdexlLGrR6%2FG7G5RJJUxF5j92Eo1iXTsoZdhCE9OcMVyJIwnPrYIuQK0ziEfw2%2FX1n2sRb2GAYeWMkho%2FmboYur%2B7CUmxZLTajOJSVeDOqmhhiLTyntJohsd0xu%2FxjS4MZFN9ckOVLh2IxsagPUf3RoFNGp6ukOpFmKjvTntrWGcGRIx%2FJ6DZeMHnypgMYOj%2BppYy8krfLQOruYZ0qvXRqoWGVrNJGunLEI7IotpuxDsxMpzOX3afg%2FWIA9jvcPh7wp%2BthoC3OXTe2y1de4HCKa0h%2BewmwyypLQb09RkuxvU%2BjHfVGNPZwtjqcXCzC1FizX6ay%2Fh7BEWRfHDcwJF%2F0FIQuSk3fOfB8VY8xvhitk93pGlHBTpYyp8N5cFPiKvpvtZFiNlkFvbIeJH5j%2BMM35sPWqFdigvNdYwb0nuaptvTkAzv3B8pSu7PgwwTJAmsfgqEYlEE6kC7V67rfH3iNtVAxlGmuIM8HHzJajka3ac7jqzvjlu2p%2FOnYGuJ7aS5gkCprihO57Xlycpep0qsMgsOYv%2FbhZfXH24bSfM4oagza7GbmlT1A%3D,https://shopping-phinf.pstatic.net/main_8649545/86495455281.106.jpg?type=f450,2026-06-01,네이버쇼핑-건강식품-많이구매한BEST-주간-2026-06-01-12-03-53.xlsx,덴마크 유산균이야기,157000,,,99999,4.9
naver_shopping,건강식품,naver_buy_weekly,많이구매한BEST_주간,10,[장사의신 장신몰] 홍삼진액 6년근 국산 홍삼 농축액 스틱 선물세트 활력의신 12g 30포,장사의신 장신몰 홍삼진액 6년근 국산 홍삼 농축액 스틱 선물세트 활력의신 12g,장사의신몰,21900,,0,,,2188,4.9,7.691200097522863,mid_price,low_review,low_price,low_review,True,False,False,False,False,https://adcr.shopping.naver.com/adclk.nhn?x=k%2Bvb0sniy62MVGxYDxpjPP%2F%2F%2Fw%3D%3Dsmd8zBqMJQLjellaiFGSaxelHjPrOWjZx0d%2BfAbCirfJS0MlE9Zhp0ZdexlLGrR6%2FG7G5RJJUxF5j92Eo1iXTsoZdhCE9OcMVyJIwnPrYIuQK0ziEfw2%2FX1n2sRb2GAYeWMkho%2FmboYur%2B7CUmxZLTajOJSVeDOqmhhiLTyntJogV1WfE6qRpjqIrjP%2BGHbuhQCu24BYL3IU5b977ODU0ffKNJntCvv0LnSo3xmDe5eCMHnypgMYOj%2BppYy8krfLQOruYZ0qvXRqoWGVrNJGunLEI7IotpuxDsxMpzOX3afg%2FWIA9jvcPh7wp%2BthoC3OXTe2y1de4HCKa0h%2BewmwyypLQb09RkuxvU%2BjHfVGNPZwtjqcXCzC1FizX6ay%2Fh7BEc%2FLnsSE1x8M5hpHF7Zs%2FrYcNiPi%2BqPtKsO7Ogx6F8ryp8N5cFPiKvpvtZFiNlkFvIb7aMGqhaTrbZt7aIMxNREci%2FJ8iVvOdCsnqoyFCtgLDqvefq73GyKmTtS51lh%2BQC7V67rfH3iNtVAxlGmuIM8HHzJajka3ac7jqzvjlu2p%2FOnYGuJ7aS5gkCprihO57Xlycpep0qsMgsOYv%2FbhZfXH24bSfM4oagza7GbmlT1A%3D,https://shopping-phinf.pstatic.net/main_9104408/91044086493.jpg?type=f450,2026-06-01,네이버쇼핑-건강식품-많이구매한BEST-주간-2026-06-01-12-03-53.xlsx,장사의신 장신몰 홍삼진액 6년근 국산 홍삼 농축액 스틱 선물세트 활력의신 12g,21900,,,2188,4.9
naver_shopping,건강식품,naver_buy_weekly,많이구매한BEST_주간,11,종근당건강 락토핏 코어 360 기획세트(360일분),종근당건강 락토핏 코어,종근당건강,69900,,0,,,46072,4.9,10.7379823741081,high_price,high_review,mid_price,high_review,True,False,False,True,True,https://adcr.shopping.naver.com/adclk.nhn?x=jtY1OA8pFFLjppv0%2FLr9J%2F%2F%2F%2Fw%3D%3Dsmd8zBqMJQLjellaiFGSaxelHjPrOWjZx0d%2BfAbCirfJS0MlE9Zhp0ZdexlLGrR6%2FG7G5RJJUxF5j92Eo1iXTsoZdhCE9OcMVyJIwnPrYIuQK0ziEfw2%2FX1n2sRb2GAYeWMkho%2FmboYur%2B7CUmxZLTajOJSVeDOqmhhiLTyntJogQVfCZbqzl7z7kKcjuRl6sDdJ3N90sHTyCO4YDSJc66Llnlz3QB3zvma6HyK5cByiMHnypgMYOj%2BppYy8krfLQOruYZ0qvXRqoWGVrNJGunLEI7IotpuxDsxMpzOX3afg%2FWIA9jvcPh7wp%2BthoC3OXTe2y1de4HCKa0h%2BewmwyypLQb09RkuxvU%2BjHfVGNPZwtjqcXCzC1FizX6ay%2Fh7BEV2wl15K%2BmnM1A%2FPXPyac93TLJKvTKjeitQgHpj4Ae4Sp8N5cFPiKvpvtZFiNlkFvBH0vUwyZIGeln1KXQk7ub0BoJQpf76dJY4UeXYwFyutAdpOVQqd5HI1mgPmjlMw8C7V67rfH3iNtVAxlGmuIM8HHzJajka3ac7jqzvjlu2p%2FOnYGuJ7aS5gkCprihO57Xlycpep0qsMgsOYv%2FbhZfXH24bSfM4oagza7GbmlT1A%3D,https://shopping-phinf.pstatic.net/main_8929834/89298345880.18.jpg?type=f450,2026-06-01,네이버쇼핑-건강식품-많이구매한BEST-주간-2026-06-01-12-03-53.xlsx,종근당건강 락토핏 코어,69900,,,46072,4.9
naver_shopping,건강식품,naver_buy_weekly,많이구매한BEST_주간,12,[네이버단독] 정관장 에브리타임 소프트 10ml 50포,정관장 에브리타임 소프트 10ml,정관장브랜드스토어,110000,,0,,,46372,4.9,10.744472672295117,high_price,high_review,high_price,high_review,True,False,False,True,True,https://adcr.shopping.naver.com/adclk.nhn?x=R3TxfTaI3ENSYBUHq%2BpcKv%2F%2F%2Fw%3D%3Dsmd8zBqMJQLjellaiFGSaxelHjPrOWjZx0d%2BfAbCirfJS0MlE9Zhp0ZdexlLGrR6%2FG7G5RJJUxF5j92Eo1iXTsoZdhCE9OcMVyJIwnPrYIuQK0ziEfw2%2FX1n2sRb2GAYeWMkho%2FmboYur%2B7CUmxZLTajOJSVeDOqmhhiLTyntJoid3kwA7UtCMH%2Fzs4r8mgtW%2B9LKgy8b4ru5FE9PyEUucD31%2FwD0AgSdwHVlebgxlLmMHnypgMYOj%2BppYy8krfLQOruYZ0qvXRqoWGVrNJGunLEI7IotpuxDsxMpzOX3afg%2FWIA9jvcPh7wp%2BthoC3OXTe2y1de4HCKa0h%2BewmwyypLQb09RkuxvU%2BjHfVGNPZwtjqcXCzC1FizX6ay%2Fh7BE%2BQhf68tNhYBsDYcXeXy6vSkbrYs7E%2F0ggryfS1cW6Vip8N5cFPiKvpvtZFiNlkFvtgPvYqrMj9OLi0WlRp4mAABz935P%2BbgAD%2BQI38h0comyHsjRNiaHxENaq%2F9alXgKC7V67rfH3iNtVAxlGmuIM8HHzJajka3ac7jqzvjlu2p%2FOnYGuJ7aS5gkCprihO57Xlycpep0qsMgsOYv%2FbhZfXH24bSfM4oagza7GbmlT1A%3D,https://shopping-phinf.pstatic.net/main_8810105/88101053268.91.jpg?type=f450,2026-06-01,네이버쇼핑-건강식품-많이구매한BEST-주간-2026-06-01-12-03-53.xlsx,네이버단독 정관장 에브리타임 소프트 10ml,110000,,,46372,4.9
naver_shopping,건강식품,naver_buy_weekly,많이구매한BEST_주간,13,애터미 헤모힘 효능 헤모임 해모임 해모힘 성분 20ml x 60포,애터미 헤모힘 효능 헤모임 해모임 해모힘 성분 20ml x,2 4 7,57460,,0,,,774,4.8,6.652863029353347,high_price,low_review,mid_price,low_review,True,False,False,True,True,https://adcr.shopping.naver.com/adclk.nhn?x=f6Honj8qhSyalDeaDob9n%2F%2F%2F%2Fw%3D%3Dsmd8zBqMJQLjellaiFGSaxelHjPrOWjZx0d%2BfAbCirfJS0MlE9Zhp0ZdexlLGrR6%2FG7G5RJJUxF5j92Eo1iXTsoZdhCE9OcMVyJIwnPrYIuQK0ziEfw2%2FX1n2sRb2GAYeWMkho%2FmboYur%2B7CUmxZLTajOJSVeDOqmhhiLTyntJohFgesSYSdHHyTIaCN2cOoXxKe7G7IkOdBqxhcjbH4oBCKn7hCTaSJNNRQJgFOm8RKMHnypgMYOj%2BppYy8krfLQOruYZ0qvXRqoWGVrNJGunLEI7IotpuxDsxMpzOX3afg%2FWIA9jvcPh7wp%2BthoC3OXTe2y1de4HCKa0h%2BewmwyypLQb09RkuxvU%2BjHfVGNPZwtjqcXCzC1FizX6ay%2Fh7BEUcGAn%2FqQ95EXDPB9yBLR2uHAgE0ciuYSmsPekYsa%2BZGp8N5cFPiKvpvtZFiNlkFvJ2ain0QwDwIyTFfRQtNVoQUEb%2FgnKg4wimlis%2BpWcqZo%2Bc4pySgfLvjtGIuDODCkC7V67rfH3iNtVAxlGmuIM8HHzJajka3ac7jqzvjlu2p%2FOnYGuJ7aS5gkCprihO57Xlycpep0qsMgsOYv%2FbhZfXH24bSfM4oagza7GbmlT1A%3D,https://shopping-phinf.pstatic.net/main_8730702/87307020719.2.jpg?type=f450,2026-06-01,네이버쇼핑-건강식품-많이구매한BEST-주간-2026-06-01-12-03-53.xlsx,애터미 헤모힘 효능 헤모임 해모임 해모힘 성분 20ml x,57460,,,774,4.8
naver_shopping,건강식품,naver_buy_weekly,많이구매한BEST_주간,14,고려은단 비타민C 1000 영국산 고함량 비타민씨 600정,고려은단 비타민c 1000 영국산 고함량 비타민씨,비시스,41900,,0,,,9952,4.9,9.205629292246064,mid_price,mid_review,low_price,mid_review,True,False,False,True,True,https://adcr.shopping.naver.com/adclk.nhn?x=VUnE%2F23YrFnpsR3fk58C4v%2F%2F%2Fw%3D%3Dsmd8zBqMJQLjellaiFGSaxelHjPrOWjZx0d%2BfAbCirfJS0MlE9Zhp0ZdexlLGrR6%2FG7G5RJJUxF5j92Eo1iXTsoZdhCE9OcMVyJIwnPrYIuQK0ziEfw2%2FX1n2sRb2GAYeWMkho%2FmboYur%2B7CUmxZLTajOJSVeDOqmhhiLTyntJojcWKWBkOx8Ukr2s188JFUBFJ%2FqhFVhXGvaaBI%2BW%2B0lENUxUWHNNWHAfYD%2FjwTBxTuMHnypgMYOj%2BppYy8krfLQOruYZ0qvXRqoWGVrNJGunLEI7IotpuxDsxMpzOX3afg%2FWIA9jvcPh7wp%2BthoC3OXTe2y1de4HCKa0h%2BewmwyypLQb09RkuxvU%2BjHfVGNPZwtjqcXCzC1FizX6ay%2Fh7BEg0pA0MFIuW0647Mu%2BaXDfinbxgGbXAzmMgaOTDZAvA%2Bp8N5cFPiKvpvtZFiNlkFvG5mWyH7jeIVrkXXhL9ZYR3Tpz3PZxeiV3nirqeOpdmpYUcMZ8Vod5W7Niy6G3j2vC7V67rfH3iNtVAxlGmuIM8HHzJajka3ac7jqzvjlu2p%2FOnYGuJ7aS5gkCprihO57Xlycpep0qsMgsOYv%2FbhZfXH24bSfM4oagza7GbmlT1A%3D,https://shopping-phinf.pstatic.net/main_8678527/86785276085.4.jpg?type=f450,2026-06-01,네이버쇼핑-건강식품-많이구매한BEST-주간-2026-06-01-12-03-53.xlsx,고려은단 비타민c 1000 영국산 고함량 비타민씨,41900,,,9952,4.9
naver_shopping,건강식품,naver_buy_weekly,많이구매한BEST_주간,15,Granny Salad 그래니 샐러드,granny salad 그래니 샐러드,헬스네이처스토어,22900,,0,,,2929,4.7,7.982757702011113,mid_price,low_review,low_price,low_review,True,False,False,True,True,https://adcr.shopping.naver.com/adclk.nhn?x=9thVGEg7o707cIvdvuqrB%2F%2F%2F%2Fw%3D%3Dsmd8zBqMJQLjellaiFGSaxelHjPrOWjZx0d%2BfAbCirfJS0MlE9Zhp0ZdexlLGrR6%2FG7G5RJJUxF5j92Eo1iXTsoZdhCE9OcMVyJIwnPrYIuQK0ziEfw2%2FX1n2sRb2GAYeWMkho%2FmboYur%2B7CUmxZLTajOJSVeDOqmhhiLTyntJoitd05MlY0%2Bn4LoBuQq1U1Rant%2B5twdeo3jKX4qdJMLq%2BYsRb8FtJzQMRDZtLycSQGMHnypgMYOj%2BppYy8krfLQOruYZ0qvXRqoWGVrNJGunLEI7IotpuxDsxMpzOX3afg%2FWIA9jvcPh7wp%2BthoC3OXTe2y1de4HCKa0h%2BewmwyypLQb09RkuxvU%2BjHfVGNPZwtjqcXCzC1FizX6ay%2Fh7BEfq76T60taSBefrLAMHV6t48NTV%2FWEpkq80POta19jSCp8N5cFPiKvpvtZFiNlkFvwvG8E%2BqmAPiXR0aueVwZGiCqNiWLWpVUPE07b8V9BZBkX2qEEDkRTnTIRvpUP%2BDiC7V67rfH3iNtVAxlGmuIM8HHzJajka3ac7jqzvjlu2p%2FOnYGuJ7aS5gkCprihO57Xlycpep0qsMgsOYv%2FbhZfXH24bSfM4oagza7GbmlT1A%3D,https://shopping-phinf.pstatic.net/main_8982039/89820391433.jpg?type=f450,2026-06-01,네이버쇼핑-건강식품-많이구매한BEST-주간-2026-06-01-12-03-53.xlsx,granny salad 그래니 샐러드,22900,,,2929,4.7
naver_shopping,건강식품,naver_buy_weekly,많이구매한BEST_주간,16,GNM 조정석 건강한 간 밀크씨슬 5박스(총 5개월분) / 간건강 실리마린 비타민B,gnm 조정석 건강한 간 밀크씨슬 총 간건강 실리마린 비타민b,GNM 자연의품격,21900,,0,,,99999,4.8,11.512925464970229,mid_price,high_review,low_price,high_review,True,False,False,True,True,https://adcr.shopping.naver.com/adclk.nhn?x=j5Qw6%2B4ZBoC8vjQuEo0Nh%2F%2F%2F%2Fw%3D%3Dsmd8zBqMJQLjellaiFGSaxelHjPrOWjZx0d%2BfAbCirfJS0MlE9Zhp0ZdexlLGrR6%2FG7G5RJJUxF5j92Eo1iXTsoZdhCE9OcMVyJIwnPrYIuQK0ziEfw2%2FX1n2sRb2GAYeWMkho%2FmboYur%2B7CUmxZLTajOJSVeDOqmhhiLTyntJohGRVW%2BHo6UopLR4KH%2BI4LHht2mBTzGudvJofHwtaXPkrqDW6r2ndqRroPZTJitWsuMHnypgMYOj%2BppYy8krfLQOruYZ0qvXRqoWGVrNJGunLEI7IotpuxDsxMpzOX3afg%2FWIA9jvcPh7wp%2BthoC3OXTe2y1de4HCKa0h%2BewmwyypLQb09RkuxvU%2BjHfVGNPZwtjqcXCzC1FizX6ay%2Fh7BEDFph5JWPcyHLgM5Sln3698Ol90m7lE0BPKsLvpn%2B4vT3NzxB%2FH8SyabXl13YkrzFvSqSa6XvmXyj0IzJzOZoCYz2MpqzH2YugEOGPE6GHSXl6BQcefWWxFfFhYA7CaWzS1WPF79kIPgJCige0Wle7uEHXqI5Rs3dlO%2B14TEQ9QVHeJplKhmLX7lN1rAB8GNjNgWeAEA53541%2FqG3%2BJBPzv4jrI28GptzmhOUn%2BMmKZk%3D,https://shopping-phinf.pstatic.net/main_7725926/7725926557.106.jpg?type=f450,2026-06-01,네이버쇼핑-건강식품-많이구매한BEST-주간-2026-06-01-12-03-53.xlsx,gnm 조정석 건강한 간 밀크씨슬 총 간건강 실리마린 비타민b,21900,,,99999,4.8
naver_shopping,건강식품,naver_buy_weekly,많이구매한BEST_주간,17,"고려은단 프로바이오틱스 유산균 스페셜핏 100억 유산균 30캡슐, 3개",고려은단 프로바이오틱스 유산균 스페셜핏 100억 유산균,고려은단몰,45900,,0,,,47316,4.9,10.764624917942255,mid_price,high_review,mid_price,high_review,True,False,False,True,True,https://adcr.shopping.naver.com/adclk.nhn?x=SHWAf8HSF781EtT9RUDLx%2F%2F%2F%2Fw%3D%3Dsmd8zBqMJQLjellaiFGSaxelHjPrOWjZx0d%2BfAbCirfJS0MlE9Zhp0ZdexlLGrR6%2FG7G5RJJUxF5j92Eo1iXTsoZdhCE9OcMVyJIwnPrYIuQK0ziEfw2%2FX1n2sRb2GAYeWMkho%2FmboYur%2B7CUmxZLTajOJSVeDOqmhhiLTyntJohfAaKqulvkH%2BKU8YY0dk20nDK1Fy00Eduj1BHHWbcCwyqGhlxsFmCs%2FCnPlH1cibyMHnypgMYOj%2BppYy8krfLQOruYZ0qvXRqoWGVrNJGunLEI7IotpuxDsxMpzOX3afg%2FWIA9jvcPh7wp%2BthoC3OXTe2y1de4HCKa0h%2BewmwyypLQb09RkuxvU%2BjHfVGNPZwtjqcXCzC1FizX6ay%2Fh7BE73ug4u1zHHw7QyPePNurdZu%2Fg9cd5SFgAqWG2njVUd%2Bp8N5cFPiKvpvtZFiNlkFvqhog6jvP7j0T%2B5RL8J0EeoJjS1vZjZRZ%2F8ECHVT58kasrGNYS59FzIr8mppnr5PgC7V67rfH3iNtVAxlGmuIM8HHzJajka3ac7jqzvjlu2p%2FOnYGuJ7aS5gkCprihO57Xlycpep0qsMgsOYv%2FbhZfXH24bSfM4oagza7GbmlT1A%3D,https://shopping-phinf.pstatic.net/main_8528293/85282935667.6.jpg?type=f450,2026-06-01,네이버쇼핑-건강식품-많이구매한BEST-주간-2026-06-01-12-03-53.xlsx,고려은단 프로바이오틱스 유산균 스페셜핏 100억 유산균,45900,,,47316,4.9
naver_shopping,건강식품,naver_buy_weekly,많이구매한BEST_주간,18,GNM 올리브오일 1000mg 30캡슐 5박스 / 유기농 엑스트라버진 올리브유,gnm 올리브오일 1000mg 유기농 엑스트라버진 올리브유,GNM 자연의품격,25900,,0,,,14482,4.9,9.580730826800856,mid_price,mid_review,low_price,mid_review,True,False,False,True,True,https://adcr.shopping.naver.com/adclk.nhn?x=4jwwV7VDyuiOSO9qc49pYv%2F%2F%2Fw%3D%3Dsmd8zBqMJQLjellaiFGSaxelHjPrOWjZx0d%2BfAbCirfJS0MlE9Zhp0ZdexlLGrR6%2FG7G5RJJUxF5j92Eo1iXTsoZdhCE9OcMVyJIwnPrYIuQK0ziEfw2%2FX1n2sRb2GAYeWMkho%2FmboYur%2B7CUmxZLTajOJSVeDOqmhhiLTyntJoi9agCYB%2FnBdT5cXNb%2F7KJ3QlKKnBCV6ct0Ub196BHOOMbF16K3RwDWUg%2Fh8S9VOk6MHnypgMYOj%2BppYy8krfLQOruYZ0qvXRqoWGVrNJGunLEI7IotpuxDsxMpzOX3afg%2FWIA9jvcPh7wp%2BthoC3OXTe2y1de4HCKa0h%2BewmwyypLQb09RkuxvU%2BjHfVGNPZwtjqcXCzC1FizX6ay%2Fh7BE7OlAPROyE2qvMVlF%2B3y1DqfRAB2GZUyXHl%2FqwJLZEhqp8N5cFPiKvpvtZFiNlkFvfa1%2Bew%2BmV1CivShWongs9ybMH5AJ%2BdWFOaaCE%2BHwshikwqiVWURUxRqun40JSdpsC7V67rfH3iNtVAxlGmuIM8HHzJajka3ac7jqzvjlu2p%2FOnYGuJ7aS5gkCprihO57Xlycpep0qsMgsOYv%2FbhZfXH24bSfM4oagza7GbmlT1A%3D,https://shopping-phinf.pstatic.net/main_8960322/89603221625.7.jpg?type=f450,2026-06-01,네이버쇼핑-건강식품-많이구매한BEST-주간-2026-06-01-12-03-53.xlsx,gnm 올리브오일 1000mg 유기농 엑스트라버진 올리브유,25900,,,14482,4.9
naver_shopping,건강식품,naver_buy_weekly,많이구매한BEST_주간,19,종근당건강 프로메가 알티지 오메가3 듀얼 비타민D 4000IU,종근당건강 프로메가 알티지 오메가3 듀얼 비타민d 4000iu,종근당건강,67000,,0,,,6370,4.9,8.759511722116487,high_price,mid_review,mid_price,low_review,True,False,False,True,True,https://adcr.shopping.naver.com/adclk.nhn?x=5qJMcUXqHBRk2clQCWz2UP%2F%2F%2Fw%3D%3Dsmd8zBqMJQLjellaiFGSaxelHjPrOWjZx0d%2BfAbCirfJS0MlE9Zhp0ZdexlLGrR6%2FG7G5RJJUxF5j92Eo1iXTsoZdhCE9OcMVyJIwnPrYIuQK0ziEfw2%2FX1n2sRb2GAYeWMkho%2FmboYur%2B7CUmxZLTajOJSVeDOqmhhiLTyntJojyCHQ7CvBnGdrY6JTqTWANjrOaoqj%2FBLjEc68xkoCcXhub26hmXJs23aQf2VuDwZCMHnypgMYOj%2BppYy8krfLQOruYZ0qvXRqoWGVrNJGunLEI7IotpuxDsxMpzOX3afg%2FWIA9jvcPh7wp%2BthoC3OXTe2y1de4HCKa0h%2BewmwyypLQb09RkuxvU%2BjHfVGNPZwtjqcXCzC1FizX6ay%2Fh7BEgviOmJczbkzwo3aG0sAFzr1IogWWyP6gUX4z65mYqkSp8N5cFPiKvpvtZFiNlkFvxHcknleO8RPqs259IdgktSd0tLER6Lr1CA9tLq%2FaZ6efem1d0MB2oGGk%2BP6Ky%2FXDC7V67rfH3iNtVAxlGmuIM8HHzJajka3ac7jqzvjlu2p%2FOnYGuJ7aS5gkCprihO57Xlycpep0qsMgsOYv%2FbhZfXH24bSfM4oagza7GbmlT1A%3D,https://shopping-phinf.pstatic.net/main_8978089/89780890469.15.jpg?type=f450,2026-06-01,네이버쇼핑-건강식품-많이구매한BEST-주간-2026-06-01-12-03-53.xlsx,종근당건강 프로메가 알티지 오메가3 듀얼 비타민d 4000iu,67000,,,6370,4.9
naver_shopping,건강식품,naver_buy_weekly,많이구매한BEST_주간,20,본사직영몰 신애라 PICK 더파인프리미엄 100% 솔잎증류농축액 혈당케어,몰 신애라 pick 더파인프리미엄 100 솔잎증류농축액 혈당케어,더 파인 프리미엄,308000,,0,,,1122,4.7,7.023758954738443,high_price,low_review,high_price,low_review,True,False,False,True,True,https://adcr.shopping.naver.com/adclk.nhn?x=KYRbuOLmnjZ%2BP2hNl%2B7AB%2F%2F%2F%2Fw%3D%3Dsmd8zBqMJQLjellaiFGSaxelHjPrOWjZx0d%2BfAbCirfJS0MlE9Zhp0ZdexlLGrR6%2FG7G5RJJUxF5j92Eo1iXTsoZdhCE9OcMVyJIwnPrYIuQK0ziEfw2%2FX1n2sRb2GAYeWMkho%2FmboYur%2B7CUmxZLTajOJSVeDOqmhhiLTyntJogN2vgOJ2%2FgHq09BiPlLLwlotrcE3K%2FglfTVQeALNCf0pAytIhTyszgevHyR03RqwiMHnypgMYOj%2BppYy8krfLQOruYZ0qvXRqoWGVrNJGunLEI7IotpuxDsxMpzOX3afg%2FWIA9jvcPh7wp%2BthoC3OXTe2y1de4HCKa0h%2BewmwyypLQb09RkuxvU%2BjHfVGNPZwtjqcXCzC1FizX6ay%2Fh7BEY%2F6J6AIuJpu8LHGFlvC%2FFzTtRtrZO0FGCHkR%2FDx7dT2p8N5cFPiKvpvtZFiNlkFvmx73HU03PgsnuWGRtF1CWe8rs9UdeFQk6GSqGHFnupBKcy0H6P1c3guGUEDz6pA8C7V67rfH3iNtVAxlGmuIM8HHzJajka3ac7jqzvjlu2p%2FOnYGuJ7aS5gkCprihO57Xlycpep0qsMgsOYv%2FbhZfXH24bSfM4oagza7GbmlT1A%3D,https://shopping-phinf.pstatic.net/main_8892659/88926592257.17.jpg?type=f450,2026-06-01,네이버쇼핑-건강식품-많이구매한BEST-주간-2026-06-01-12-03-53.xlsx,몰 신애라 pick 더파인프리미엄 100 솔잎증류농축액 혈당케어,308000,,,1122,4.7
naver_shopping,건강식품,naver_buy_weekly,많이구매한BEST_주간,21,조선비책 침향환 초고함량 발효 침향 효능 침향단 체내흡수2.5배 침향원 1박스60환,조선비책 침향환 초고함량 발효 침향 효능 침향단 체내흡수2 5배 침향원 1박스60환,조선비책,99000,,0,,,70956,4.9,11.169829338750404,high_price,high_review,high_price,high_review,False,False,False,True,True,https://adcr.shopping.naver.com/adclk.nhn?x=ivcNAZ7NkIiCGpsCHseNgf%2F%2F%2Fw%3D%3Dsmd8zBqMJQLjellaiFGSaxelHjPrOWjZx0d%2BfAbCirfJS0MlE9Zhp0ZdexlLGrR6%2FG7G5RJJUxF5j92Eo1iXTsoZdhCE9OcMVyJIwnPrYIuQK0ziEfw2%2FX1n2sRb2GAYeWMkho%2FmboYur%2B7CUmxZLTajOJSVeDOqmhhiLTyntJojW2moOkYM%2FbxqkVDBkLXDECWh8vmUD3qS69qtRKYRrhZDJZzxi9qmJZL4W850zYleMHnypgMYOj%2BppYy8krfLQOruYZ0qvXRqoWGVrNJGunLEI7IotpuxDsxMpzOX3afg%2FWIA9jvcPh7wp%2BthoC3OXTe2y1de4HCKa0h%2BewmwyypLQb09RkuxvU%2BjHfVGNPZwtjqcXCzC1FizX6ay%2Fh7BEQkxDoewe5mF98ef4zEUsvhAkZPKZ0Gd%2FLmpcOTXGNWep8N5cFPiKvpvtZFiNlkFvZTmDND8ijHinqPuP9KbNzO3m9Ouw4l71xhEyh0m2Id2gyoLok4c67vgUlo1Czs9zC7V67rfH3iNtVAxlGmuIM8HHzJajka3ac7jqzvjlu2p%2FOnYGuJ7aS5gkCprihO57Xlycpep0qsMgsOYv%2FbhZfXH24bSfM4oagza7GbmlT1A%3D,https://shopping-phinf.pstatic.net/main_8253352/82533525363.37.jpg?type=f450,2026-06-01,네이버쇼핑-건강식품-많이구매한BEST-주간-2026-06-01-12-03-53.xlsx,조선비책 침향환 초고함량 발효 침향 효능 침향단 체내흡수2 5배 침향원 1박스60환,99000,,,70956,4.9
naver_shopping,건강식품,naver_buy_weekly,많이구매한BEST_주간,22,[6개월분] 메디트리 유산균 100억 장까지 살아가는 캡슐 알약 모유유래유산균,메디트리 유산균 100억 장까지 살아가는 캡슐 알약 모유유래유산균,메디트리 공식 스토어,55900,,0,,,9598,4.9,9.169414205363537,high_price,mid_review,mid_price,mid_review,False,False,False,True,True,https://adcr.shopping.naver.com/adclk.nhn?x=NvQ10XWfzCMW7DXhxyw%2BMP%2F%2F%2Fw%3D%3Dsmd8zBqMJQLjellaiFGSaxelHjPrOWjZx0d%2BfAbCirfJS0MlE9Zhp0ZdexlLGrR6%2FG7G5RJJUxF5j92Eo1iXTsoZdhCE9OcMVyJIwnPrYIuQK0ziEfw2%2FX1n2sRb2GAYeWMkho%2FmboYur%2B7CUmxZLTajOJSVeDOqmhhiLTyntJohkOFQ7P546QM5eyP22qE%2FrNBil67cw81zmBe175q9xndm%2FVN0%2BL9ytI%2FKCWDUBmsmMHnypgMYOj%2BppYy8krfLQOruYZ0qvXRqoWGVrNJGunLEI7IotpuxDsxMpzOX3afg%2FWIA9jvcPh7wp%2BthoC3OXTe2y1de4HCKa0h%2BewmwyypLQb09RkuxvU%2BjHfVGNPZwtjqcXCzC1FizX6ay%2Fh7BEwNroiODlPWUClO%2FEGDGstD31oJ3xB9Y8tXmQT%2Frp59ep8N5cFPiKvpvtZFiNlkFv5uJTq91NQ6KTgCnHuYEAPLw93WzY1cXLaM5KCTHp%2Fz5icw5hwhBar92jqHegcaBGC7V67rfH3iNtVAxlGmuIM8HHzJajka3ac7jqzvjlu2p%2FOnYGuJ7aS5gkCprihO57Xlycpep0qsMgsOYv%2FbhZfXH24bSfM4oagza7GbmlT1A%3D,https://shopping-phinf.pstatic.net/main_8300535/83005354395.27.jpg?type=f450,2026-06-01,네이버쇼핑-건강식품-많이구매한BEST-주간-2026-06-01-12-03-53.xlsx,메디트리 유산균 100억 장까지 살아가는 캡슐 알약 모유유래유산균,55900,,,9598,4.9
naver_shopping,건강식품,naver_buy_weekly,많이구매한BEST_주간,23,"[네이버 단독]고려은단 메가도스D 비타민D3 4000IU 180정, 2개 (1년분)",고려은단 메가도스d 비타민d3 4000iu 1년분,고려은단몰,31900,,0,,,28669,4.9,10.263606558877415,mid_price,high_review,low_price,mid_review,False,False,False,True,True,https://adcr.shopping.naver.com/adclk.nhn?x=yXg19OCquZvRrgttqhQTlf%2F%2F%2Fw%3D%3Dsmd8zBqMJQLjellaiFGSaxelHjPrOWjZx0d%2BfAbCirfJS0MlE9Zhp0ZdexlLGrR6%2FG7G5RJJUxF5j92Eo1iXTsoZdhCE9OcMVyJIwnPrYIuQK0ziEfw2%2FX1n2sRb2GAYeWMkho%2FmboYur%2B7CUmxZLTajOJSVeDOqmhhiLTyntJogqq6Eua4UkwxMwzWQdt7OeMxgrDNDYCXqyfA7tyvtdZf7Nk6daZhI%2BPLHVQC08XiGMHnypgMYOj%2BppYy8krfLQOruYZ0qvXRqoWGVrNJGunLEI7IotpuxDsxMpzOX3afg%2FWIA9jvcPh7wp%2BthoC3OXTe2y1de4HCKa0h%2BewmwyypLQb09RkuxvU%2BjHfVGNPZwtjqcXCzC1FizX6ay%2Fh7BEsibuPVSlzckKEFWFQBjMvN5BKikGB%2FU9k5CLQ324BWyp8N5cFPiKvpvtZFiNlkFvHoSx44QjXJSmsrH%2BM8lGlMj3NndawKQLRCGkFWyaLwDPdNo0QiJgw0d%2FOpoCyfbAC7V67rfH3iNtVAxlGmuIM8HHzJajka3ac7jqzvjlu2p%2FOnYGuJ7aS5gkCprihO57Xlycpep0qsMgsOYv%2FbhZfXH24bSfM4oagza7GbmlT1A%3D,https://shopping-phinf.pstatic.net/main_8912974/89129744624.4.jpg?type=f450,2026-06-01,네이버쇼핑-건강식품-많이구매한BEST-주간-2026-06-01-12-03-53.xlsx,네이버 단독 고려은단 메가도스d 비타민d3 4000iu 1년분,31900,,,28669,4.9
naver_shopping,건강식품,naver_buy_weekly,많이구매한BEST_주간,24,[슈퍼적립 / 6개월분] CJ 바이오코어 500억 보장 부자 화사 유산균 상온보관 프로바이오틱스,슈퍼적립 cj 바이오코어 500억 보장 부자 화사 유산균 상온보관 프로바이오틱스,CJ웰케어 스토어,169000,,0,,,57040,4.9,10.951525586491304,high_price,high_review,high_price,high_review,False,False,False,False,False,https://adcr.shopping.naver.com/adclk.nhn?x=7UziNpH1%2BAgkcsh2gIPDgP%2F%2F%2Fw%3D%3Dsmd8zBqMJQLjellaiFGSaxelHjPrOWjZx0d%2BfAbCirfJS0MlE9Zhp0ZdexlLGrR6%2FG7G5RJJUxF5j92Eo1iXTsoZdhCE9OcMVyJIwnPrYIuQK0ziEfw2%2FX1n2sRb2GAYeWMkho%2FmboYur%2B7CUmxZLTajOJSVeDOqmhhiLTyntJoifNWLZHULaWJnTp5UDbdxP0TbPMH7sglC1Q%2FewNukMMUthK0B4NuA%2FA6FFRfch7fOMHnypgMYOj%2BppYy8krfLQOruYZ0qvXRqoWGVrNJGunLEI7IotpuxDsxMpzOX3afg%2FWIA9jvcPh7wp%2BthoC3OXTe2y1de4HCKa0h%2BewmwyypLQb09RkuxvU%2BjHfVGNPZwtjqcXCzC1FizX6ay%2Fh7BERIPremtNStOcM7gjgg%2F%2BH8YHtXhB14v46yDT%2FIKQJ0Wp8N5cFPiKvpvtZFiNlkFvlEofNLoV5mYbY538WXkQOgg5xI1xgQ9IPPDQhH156LNkuI5u7g6mniWlAeoEzF4uC7V67rfH3iNtVAxlGmuIM8HHzJajka3ac7jqzvjlu2p%2FOnYGuJ7aS5gkCprihO57Xlycpep0qsMgsOYv%2FbhZfXH24bSfM4oagza7GbmlT1A%3D,https://shopping-phinf.pstatic.net/main_8969863/89698638121.17.jpg?type=f450,2026-06-01,네이버쇼핑-건강식품-많이구매한BEST-주간-2026-06-01-12-03-53.xlsx,슈퍼적립 cj 바이오코어 500억 보장 부자 화사 유산균 상온보관 프로바이오틱스,169000,,,57040,4.9
naver_shopping,건강식품,naver_buy_weekly,많이구매한BEST_주간,25,여에스더 유산균 골드 Pro,여에스더 유산균 골드 pro,에스더포뮬러,89000,,0,,,8866,4.8,9.090091799380007,high_price,mid_review,high_price,mid_review,False,False,False,True,True,https://adcr.shopping.naver.com/adclk.nhn?x=zjz6FMYHiJZXi64kv29bff%2F%2F%2Fw%3D%3Dsmd8zBqMJQLjellaiFGSaxelHjPrOWjZx0d%2BfAbCirfJS0MlE9Zhp0ZdexlLGrR6%2FG7G5RJJUxF5j92Eo1iXTsoZdhCE9OcMVyJIwnPrYIuQK0ziEfw2%2FX1n2sRb2GAYeWMkho%2FmboYur%2B7CUmxZLTajOJSVeDOqmhhiLTyntJojkn55w35NKAqaKlOZr3kX9AJAfelApJ06Gi5t6ir6rlQ9oHWAOKsXQLQ7UFuHEICOMHnypgMYOj%2BppYy8krfLQOruYZ0qvXRqoWGVrNJGunLEI7IotpuxDsxMpzOX3afg%2FWIA9jvcPh7wp%2BthoC3OXTe2y1de4HCKa0h%2BewmwyypLQb09RkuxvU%2BjHfVGNPZwtjqcXCzC1FizX6ay%2Fh7BEYO%2FIfptZd3UTlscQVv1eXcxN6dmkPjRvh7Kj%2BlAJby6p8N5cFPiKvpvtZFiNlkFvxAToFRh1W%2FpVgw6B6FiC18jjdIPadRrpzt4NjfpqTD%2B%2BW3pR4Zsd%2BlAhGrFwMH5IC7V67rfH3iNtVAxlGmuIM8HHzJajka3ac7jqzvjlu2p%2FOnYGuJ7aS5gkCprihO57Xlycpep0qsMgsOYv%2FbhZfXH24bSfM4oagza7GbmlT1A%3D,https://shopping-phinf.pstatic.net/main_9057598/90575982118.3.jpg?type=f450,2026-06-01,네이버쇼핑-건강식품-많이구매한BEST-주간-2026-06-01-12-03-53.xlsx,여에스더 유산균 골드 pro,89000,,,8866,4.8
naver_shopping,건강식품,naver_buy_weekly,많이구매한BEST_주간,26,피에이치365 아기유산균 프로바이오틱스 베이비 돌 유아 아이,피에이치365 아기유산균 프로바이오틱스 베이비 돌 유아 아이,피에이치365,39000,,0,,,99999,4.9,11.512925464970229,mid_price,high_review,low_price,high_review,False,False,False,True,True,https://adcr.shopping.naver.com/adclk.nhn?x=EByrmQIc68b0TvYAbRFOFv%2F%2F%2Fw%3D%3Dsmd8zBqMJQLjellaiFGSaxelHjPrOWjZx0d%2BfAbCirfJS0MlE9Zhp0ZdexlLGrR6%2FG7G5RJJUxF5j92Eo1iXTsoZdhCE9OcMVyJIwnPrYIuQK0ziEfw2%2FX1n2sRb2GAYeWMkho%2FmboYur%2B7CUmxZLTajOJSVeDOqmhhiLTyntJoh6Mgfa6ktfxNcNCK5fZBS%2F0Iml%2B8HHUbOrURAgHyciIGLyzeATK2t6bFaJqQemSWKMHnypgMYOj%2BppYy8krfLQOruYZ0qvXRqoWGVrNJGunLEI7IotpuxDsxMpzOX3afg%2FWIA9jvcPh7wp%2BthoC3OXTe2y1de4HCKa0h%2BewmwyypLQb09RkuxvU%2BjHfVGNPZwtjqcXCzC1FizX6ay%2Fh7BEZQmTzwHtmPomh9wD1dh2OBlmJIG%2F0bCFdazjTk%2B8WU6p8N5cFPiKvpvtZFiNlkFvQVxH1zJmMj0oxA%2BXVU8RKBs3rvous8kAxYqPTEN49Iou1nAD3SAG9kS1iA%2BG413zC7V67rfH3iNtVAxlGmuIM8HHzJajka3ac7jqzvjlu2p%2FOnYGuJ7aS5gkCprihO57Xlycpep0qsMgsOYv%2FbhZfXH24bSfM4oagza7GbmlT1A%3D,https://shopping-phinf.pstatic.net/main_8230718/82307182893.3.jpg?type=f450,2026-06-01,네이버쇼핑-건강식품-많이구매한BEST-주간-2026-06-01-12-03-53.xlsx,피에이치365 아기유산균 프로바이오틱스 베이비 돌 유아 아이,39000,,,99999,4.9
naver_shopping,건강식품,naver_buy_weekly,많이구매한BEST_주간,27,덴프스 덴마크 유산균 이야기 170mg 6박스 (12개월분),덴프스 덴마크 유산균 이야기 170mg,BNKnet,122500,,0,,,9474,4.9,9.156412029950626,high_price,mid_review,high_price,mid_review,False,False,False,True,True,https://adcr.shopping.naver.com/adclk.nhn?x=7d7HotrqjaKzrfoARl01a%2F%2F%2F%2Fw%3D%3Dsmd8zBqMJQLjellaiFGSaxelHjPrOWjZx0d%2BfAbCirfJS0MlE9Zhp0ZdexlLGrR6%2FG7G5RJJUxF5j92Eo1iXTsoZdhCE9OcMVyJIwnPrYIuQK0ziEfw2%2FX1n2sRb2GAYeWMkho%2FmboYur%2B7CUmxZLTajOJSVeDOqmhhiLTyntJoi%2BsfQ0ezNaYVWcjf5xCURdLDRqHU2fzOfidHe1lBJcEpljWFyAqjQSw%2BvSXc%2BczsOMHnypgMYOj%2BppYy8krfLQOruYZ0qvXRqoWGVrNJGunLEI7IotpuxDsxMpzOX3afg%2FWIA9jvcPh7wp%2BthoC3OXTe2y1de4HCKa0h%2BewmwyypLQb09RkuxvU%2BjHfVGNPZwtjqcXCzC1FizX6ay%2Fh7BEGa0XzfAIMhBjm6FkajgWk4ANSsX%2FAFXCzK3blKTItMGp8N5cFPiKvpvtZFiNlkFveAy3A8s2zi%2B7a7T2Cfvr8Sr8J7F9XXTZe0%2FUJYWapTHyjZTqsc2IYDG4d9swvKX8C7V67rfH3iNtVAxlGmuIM8HHzJajka3ac7jqzvjlu2p%2FOnYGuJ7aS5gkCprihO57Xlycpep0qsMgsOYv%2FbhZfXH24bSfM4oagza7GbmlT1A%3D,https://shopping-phinf.pstatic.net/main_8744333/87443332951.3.jpg?type=f450,2026-06-01,네이버쇼핑-건강식품-많이구매한BEST-주간-2026-06-01-12-03-53.xlsx,덴프스 덴마크 유산균 이야기 170mg,122500,,,9474,4.9
naver_shopping,건강식품,naver_buy_weekly,많이구매한BEST_주간,28,주영엔에스 뼈엔 엠비피MBP,주영엔에스 뼈엔 엠비피mbp,주영엔에스,123000,,0,,,99999,4.9,11.512925464970229,high_price,high_review,high_price,high_review,False,False,False,True,True,https://adcr.shopping.naver.com/adclk.nhn?x=xJApCqgWvf5YLZAMfNvBNf%2F%2F%2Fw%3D%3Dsmd8zBqMJQLjellaiFGSaxelHjPrOWjZx0d%2BfAbCirfJS0MlE9Zhp0ZdexlLGrR6%2FG7G5RJJUxF5j92Eo1iXTsoZdhCE9OcMVyJIwnPrYIuQK0ziEfw2%2FX1n2sRb2GAYeWMkho%2FmboYur%2B7CUmxZLTajOJSVeDOqmhhiLTyntJogCzEr5SyzHWezBbI9bFSjLv%2BCvkWfebm4zL%2BYLb9lbmdlQ4DrUsEuh7ried2E2XtuMHnypgMYOj%2BppYy8krfLQOruYZ0qvXRqoWGVrNJGunLEI7IotpuxDsxMpzOX3afg%2FWIA9jvcPh7wp%2BthoC3OXTe2y1de4HCKa0h%2BewmwyypLQb09RkuxvU%2BjHfVGNPZwtjqcXCzC1FizX6ay%2Fh7BEw2hTQAe%2BieimTmqb%2BJp1%2F8GiQ9g444WxV6fRXYqUa7Gp8N5cFPiKvpvtZFiNlkFvJ%2FOVR18OrKlJXl6yfY3d%2BmS9aFsR0mRTH15go9ulidI%2BjG8t3kDmBrw2Pin8nCBOC7V67rfH3iNtVAxlGmuIM8HHzJajka3ac7jqzvjlu2p%2FOnYGuJ7aS5gkCprihO57Xlycpep0qsMgsOYv%2FbhZfXH24bSfM4oagza7GbmlT1A%3D,https://shopping-phinf.pstatic.net/main_8426590/84265901101.26.jpg?type=f450,2026-06-01,네이버쇼핑-건강식품-많이구매한BEST-주간-2026-06-01-12-03-53.xlsx,주영엔에스 뼈엔 엠비피mbp,123000,,,99999,4.9
naver_shopping,건강식품,naver_buy_weekly,많이구매한BEST_주간,29,뉴케어 균형영양식 구수한맛 200ml 외 5종 (10팩+10팩),뉴케어 균형영양식 구수한맛 200ml 외 5종,대상웰라이프 본사쇼핑몰,39000,,0,,,3153,4.9,8.056426767522984,mid_price,low_review,low_price,low_review,False,False,False,True,True,https://adcr.shopping.naver.com/adclk.nhn?x=ibXlaJbdQwy0mFPZ3D75M%2F%2F%2F%2Fw%3D%3Dsmd8zBqMJQLjellaiFGSaxelHjPrOWjZx0d%2BfAbCirfJS0MlE9Zhp0ZdexlLGrR6%2FG7G5RJJUxF5j92Eo1iXTsoZdhCE9OcMVyJIwnPrYIuQK0ziEfw2%2FX1n2sRb2GAYeWMkho%2FmboYur%2B7CUmxZLTajOJSVeDOqmhhiLTyntJoja6LE%2FHIFldp7JVmu1%2Fcnw%2F4AYKyMMK1ZFCKg97kzmpyjJ7IOn06kmXLus6BJGj1SMHnypgMYOj%2BppYy8krfLQOruYZ0qvXRqoWGVrNJGunLEI7IotpuxDsxMpzOX3afg%2FWIA9jvcPh7wp%2BthoC3OXTe2y1de4HCKa0h%2BewmwyypLQb09RkuxvU%2BjHfVGNPZwtjqcXCzC1FizX6ay%2Fh7BEn0YJ3P1M7mPkUYshLmOZ2FRjFxa36KS3Os5lzca13eWp8N5cFPiKvpvtZFiNlkFvjADOSMPUYrepYfuxTpNIiWtrhzf1l7sIZTlZfPlaWxfOCtX%2F9laj03sGt0MMRgbaC7V67rfH3iNtVAxlGmuIM8HHzJajka3ac7jqzvjlu2p%2FOnYGuJ7aS5gkCprihO57Xlycpep0qsMgsOYv%2FbhZfXH24bSfM4oagza7GbmlT1A%3D,https://shopping-phinf.pstatic.net/main_9061277/90612776652.1.jpg?type=f450,2026-06-01,네이버쇼핑-건강식품-많이구매한BEST-주간-2026-06-01-12-03-53.xlsx,뉴케어 균형영양식 구수한맛 200ml 외 5종,39000,,,3153,4.9
naver_shopping,건강식품,naver_buy_weekly,많이구매한BEST_주간,30,[본사 정식 스토어] 김용건이 선택한 청정 울릉도 마가보감 프리미엄 1개월 마가목 열매 엉겅퀴 마가목즙[N배송],정식 스토어 김용건이 선택한 청정 울릉도 마가보감 프리미엄 1개월 마가목 열매 엉겅퀴 마가목즙 n배송,워너비인,349000,,0,,,795,4.8,6.679599185844383,high_price,low_review,high_price,low_review,False,False,False,True,True,https://adcr.shopping.naver.com/adclk.nhn?x=L1DGtIvAlNl8QWT1EmibL%2F%2F%2F%2Fw%3D%3Dsmd8zBqMJQLjellaiFGSaxelHjPrOWjZx0d%2BfAbCirfJS0MlE9Zhp0ZdexlLGrR6%2FG7G5RJJUxF5j92Eo1iXTsoZdhCE9OcMVyJIwnPrYIuQK0ziEfw2%2FX1n2sRb2GAYeWMkho%2FmboYur%2B7CUmxZLTajOJSVeDOqmhhiLTyntJoh4GpvpmgiYU7cLhKbJEnQbYQOPynpufgZ9aD9ZQAe%2BLP6rsjKaFketFJ4KOmWqDyuMHnypgMYOj%2BppYy8krfLQOruYZ0qvXRqoWGVrNJGunLEI7IotpuxDsxMpzOX3afg%2FWIA9jvcPh7wp%2BthoC3OXTe2y1de4HCKa0h%2BewmwyypLQb09RkuxvU%2BjHfVGNPZwtjqcXCzC1FizX6ay%2Fh7BE3gZM5SjAiwBeuMow2F9FUiYJLfXAASej8EuiAaAFeEWp8N5cFPiKvpvtZFiNlkFvOKHzJdUdXeL37IP6lapYZFPzEPBDtw3AepSp501ZoFSvZfkFt46u4UCWLCJAzbUuC7V67rfH3iNtVAxlGmuIM8HHzJajka3ac7jqzvjlu2p%2FOnYGuJ7aS5gkCprihO57Xlycpep0qsMgsOYv%2FbhZfXH24bSfM4oagza7GbmlT1A%3D,https://shopping-phinf.pstatic.net/main_8686359/86863591874.6.jpg?type=f450,2026-06-01,네이버쇼핑-건강식품-많이구매한BEST-주간-2026-06-01-12-03-53.xlsx,정식 스토어 김용건이 선택한 청정 울릉도 마가보감 프리미엄 1개월 마가목 열매 엉겅퀴 마가목즙 n배송,349000,,,795,4.8
naver_shopping,건강식품,naver_buy_weekly,많이구매한BEST_주간,31,멀티비타민 오쏘몰 이뮨 비타민 30일분 + 쇼핑백 이뮨샷,멀티비타민 오쏘몰 이뮨 비타민 쇼핑백 이뮨샷,동아제약,104000,,0,,,87972,4.9,11.384785228200197,high_price,high_review,high_price,high_review,False,False,False,False,False,https://adcr.shopping.naver.com/adclk.nhn?x=2ROAl7Mm5KAFu%2BjpGDTp%2Ff%2F%2F%2Fw%3D%3Dsmd8zBqMJQLjellaiFGSaxelHjPrOWjZx0d%2BfAbCirfJS0MlE9Zhp0ZdexlLGrR6%2FG7G5RJJUxF5j92Eo1iXTsoZdhCE9OcMVyJIwnPrYIuQK0ziEfw2%2FX1n2sRb2GAYeWMkho%2FmboYur%2B7CUmxZLTajOJSVeDOqmhhiLTyntJoglHqbmKXth9fObN5zyBGtBivNfPWkcBrHzXxkDp5icUdVpOaHo6tO%2Faaoe3HhzG5qMHnypgMYOj%2BppYy8krfLQOruYZ0qvXRqoWGVrNJGunLEI7IotpuxDsxMpzOX3afg%2FWIA9jvcPh7wp%2BthoC3OXTe2y1de4HCKa0h%2BewmwyypLQb09RkuxvU%2BjHfVGNPZwtjqcXCzC1FizX6ay%2Fh7BE1hndNpOJ9DABpiXNdhv0CzL%2BXjtpaPbNg%2BrwmmAJQOWp8N5cFPiKvpvtZFiNlkFvIZWptZsfAjs7zpSohUXzUA5Gsb80oFr3XPPDwMpj23QhWYEPsiRC6WP3wfrgyH6rC7V67rfH3iNtVAxlGmuIM8HHzJajka3ac7jqzvjlu2p%2FOnYGuJ7aS5gkCprihO57Xlycpep0qsMgsOYv%2FbhZfXH24bSfM4oagza7GbmlT1A%3D,https://shopping-phinf.pstatic.net/main_8322867/83228672878.86.jpg?type=f450,2026-06-01,네이버쇼핑-건강식품-많이구매한BEST-주간-2026-06-01-12-03-53.xlsx,멀티비타민 오쏘몰 이뮨 비타민 쇼핑백 이뮨샷,104000,,,87972,4.9
naver_shopping,건강식품,naver_buy_weekly,많이구매한BEST_주간,32,"고려은단 비타민C 1000 이지+비타민D 180정, 2개 (6개월분)",고려은단 비타민c 1000 이지 비타민d,고려은단몰,29900,,0,,,99999,4.9,11.512925464970229,mid_price,high_review,low_price,high_review,False,False,False,True,True,https://adcr.shopping.naver.com/adclk.nhn?x=oq8DIc1sPKq4qsxr1%2FivNP%2F%2F%2Fw%3D%3Dsmd8zBqMJQLjellaiFGSaxelHjPrOWjZx0d%2BfAbCirfJS0MlE9Zhp0ZdexlLGrR6%2FG7G5RJJUxF5j92Eo1iXTsoZdhCE9OcMVyJIwnPrYIuQK0ziEfw2%2FX1n2sRb2GAYeWMkho%2FmboYur%2B7CUmxZLTajOJSVeDOqmhhiLTyntJogzzAFB%2BL5P6B%2FSwteYExsEf%2FTYmNEUMKikz8X9sW1NK2R2gFvT6ZmHgtqoMCA9lBeMHnypgMYOj%2BppYy8krfLQOruYZ0qvXRqoWGVrNJGunLEI7IotpuxDsxMpzOX3afg%2FWIA9jvcPh7wp%2BthoC3OXTe2y1de4HCKa0h%2BewmwyypLQb09RkuxvU%2BjHfVGNPZwtjqcXCzC1FizX6ay%2Fh7BELRS%2BDadWcJ4meHtQBT9NUdI%2Bk%2FCAtfe4EfpsqsU%2BBISp8N5cFPiKvpvtZFiNlkFvZ4a%2BAVjKf%2F3rctpa3EYodWDUyhphI4TZi1Zylh9Ba4Luh%2FQsN79hLMkO5nCsGEpXC7V67rfH3iNtVAxlGmuIM8HHzJajka3ac7jqzvjlu2p%2FOnYGuJ7aS5gkCprihO57Xlycpep0qsMgsOYv%2FbhZfXH24bSfM4oagza7GbmlT1A%3D,https://shopping-phinf.pstatic.net/main_8272869/82728691294.11.jpg?type=f450,2026-06-01,네이버쇼핑-건강식품-많이구매한BEST-주간-2026-06-01-12-03-53.xlsx,고려은단 비타민c 1000 이지 비타민d,29900,,,99999,4.9
naver_shopping,건강식품,naver_buy_weekly,많이구매한BEST_주간,33,종근당 비타민d 2000iu 임산부 성인 비타민d3 3개월분,종근당 비타민d 2000iu 임산부 성인 비타민d3,비타헬스,11900,,0,,,15234,4.9,9.63135069141981,low_price,mid_review,low_price,mid_review,False,False,False,True,True,https://adcr.shopping.naver.com/adclk.nhn?x=9FJlSTnU3MBOjwuQhhcuEP%2F%2F%2Fw%3D%3Dsmd8zBqMJQLjellaiFGSaxelHjPrOWjZx0d%2BfAbCirfJS0MlE9Zhp0ZdexlLGrR6%2FG7G5RJJUxF5j92Eo1iXTsoZdhCE9OcMVyJIwnPrYIuQK0ziEfw2%2FX1n2sRb2GAYeWMkho%2FmboYur%2B7CUmxZLTajOJSVeDOqmhhiLTyntJog5B%2BK7R8TYcfOg36G4dvXk%2FpBF5l07cmquw4HNz89woxozgIMk9PfeF6TDd5TgCQCMHnypgMYOj%2BppYy8krfLQOruYZ0qvXRqoWGVrNJGunLEI7IotpuxDsxMpzOX3afg%2FWIA9jvcPh7wp%2BthoC3OXTe2y1de4HCKa0h%2BewmwyypLQb09RkuxvU%2BjHfVGNPZwtjqcXCzC1FizX6ay%2Fh7BEEzvPtS%2F82k6HsBycSkhx69U7ryEwhq5hHmHSlglz3DWp8N5cFPiKvpvtZFiNlkFvutWRfydSa%2BWLLEhF5prslH8Mc%2BVZ4J%2FQal%2FziiiFoJSyDcdaIT%2B6OELge7IEfN7AC7V67rfH3iNtVAxlGmuIM8HHzJajka3ac7jqzvjlu2p%2FOnYGuJ7aS5gkCprihO57Xlycpep0qsMgsOYv%2FbhZfXH24bSfM4oagza7GbmlT1A%3D,https://shopping-phinf.pstatic.net/main_8578290/85782904066.3.jpg?type=f450,2026-06-01,네이버쇼핑-건강식품-많이구매한BEST-주간-2026-06-01-12-03-53.xlsx,종근당 비타민d 2000iu 임산부 성인 비타민d3,11900,,,15234,4.9
naver_shopping,건강식품,naver_buy_weekly,많이구매한BEST_주간,34,"고려은단 메가도스C 비타민C 2000mg X 100포 (200g), 2개",고려은단 메가도스c 비타민c 2000mg x 200g,고려은단몰,35900,,0,,,31970,4.9,10.372584520889065,mid_price,high_review,low_price,high_review,False,False,False,True,True,https://adcr.shopping.naver.com/adclk.nhn?x=lFlAoVHu989hXZXbvhxcpv%2F%2F%2Fw%3D%3Dsmd8zBqMJQLjellaiFGSaxelHjPrOWjZx0d%2BfAbCirfJS0MlE9Zhp0ZdexlLGrR6%2FG7G5RJJUxF5j92Eo1iXTsoZdhCE9OcMVyJIwnPrYIuQK0ziEfw2%2FX1n2sRb2GAYeWMkho%2FmboYur%2B7CUmxZLTajOJSVeDOqmhhiLTyntJoi6yKRoGz5MtF7PidsvWHPm5mxHrEfL3FxyxWiapcdTaEaugTi0HB4ggkKY%2B91jphmMHnypgMYOj%2BppYy8krfLQOruYZ0qvXRqoWGVrNJGunLEI7IotpuxDsxMpzOX3afg%2FWIA9jvcPh7wp%2BthoC3OXTe2y1de4HCKa0h%2BewmwyypLQb09RkuxvU%2BjHfVGNPZwtjqcXCzC1FizX6ay%2Fh7BEcXQI7ap6E6d5QMIok7UbQGJdi7%2FNI7V3sR3iMe85pdGp8N5cFPiKvpvtZFiNlkFvqk%2B%2B5q3hpvwih7iIKW5b3oCg0%2B6bacWXvkfyXD1eg8I36EZGR75LskHu7DDz71IHC7V67rfH3iNtVAxlGmuIM8HHzJajka3ac7jqzvjlu2p%2FOnYGuJ7aS5gkCprihO57Xlycpep0qsMgsOYv%2FbhZfXH24bSfM4oagza7GbmlT1A%3D,https://shopping-phinf.pstatic.net/main_8858310/88583100379.5.jpg?type=f450,2026-06-01,네이버쇼핑-건강식품-많이구매한BEST-주간-2026-06-01-12-03-53.xlsx,고려은단 메가도스c 비타민c 2000mg x 200g,35900,,,31970,4.9
naver_shopping,건강식품,naver_buy_weekly,많이구매한BEST_주간,35,[신신제약] 미야리산U 낙산균 프로바이오틱스,신신제약 미야리산u 낙산균 프로바이오틱스,신신제약 신신HL몰,45000,,0,,,27878,4.8,10.235628996225449,mid_price,high_review,mid_price,mid_review,False,False,False,True,True,https://adcr.shopping.naver.com/adclk.nhn?x=h2fT%2FBdloVPG%2BDjTM6%2BXdv%2F%2F%2Fw%3D%3Dsmd8zBqMJQLjellaiFGSaxelHjPrOWjZx0d%2BfAbCirfJS0MlE9Zhp0ZdexlLGrR6%2FG7G5RJJUxF5j92Eo1iXTsoZdhCE9OcMVyJIwnPrYIuQK0ziEfw2%2FX1n2sRb2GAYeWMkho%2FmboYur%2B7CUmxZLTajOJSVeDOqmhhiLTyntJog256PrdO%2BFqkXaz7ANGYIwVV9sBAAnJutMRKv8RDYYzXJ%2BBxTPv%2FJn5Qa6H1Lv2TWMHnypgMYOj%2BppYy8krfLQOruYZ0qvXRqoWGVrNJGunLEI7IotpuxDsxMpzOX3afg%2FWIA9jvcPh7wp%2BthoC3OXTe2y1de4HCKa0h%2BewmwyypLQb09RkuxvU%2BjHfVGNPZwtjqcXCzC1FizX6ay%2Fh7BEvtTJTvm89UM7VNTUQ6pLSTO5Z4k%2FZezF7AtFNI8jt1Kp8N5cFPiKvpvtZFiNlkFvlxggxUIRD%2FaTsdQtjYbMIXrjzlnPisULWNP7JwnpCcYumdvvv4FCq72DxVC709XnC7V67rfH3iNtVAxlGmuIM8HHzJajka3ac7jqzvjlu2p%2FOnYGuJ7aS5gkCprihO57Xlycpep0qsMgsOYv%2FbhZfXH24bSfM4oagza7GbmlT1A%3D,https://shopping-phinf.pstatic.net/main_8898579/88985790615.18.jpg?type=f450,2026-06-01,네이버쇼핑-건강식품-많이구매한BEST-주간-2026-06-01-12-03-53.xlsx,신신제약 미야리산u 낙산균 프로바이오틱스,45000,,,27878,4.8
naver_shopping,건강식품,naver_buy_weekly,많이구매한BEST_주간,36,[6개입] 닥터린 송중기 철갑상어 콘드로이친 1200 맥스 저분자 뮤코다당단백,닥터린 송중기 철갑상어 콘드로이친 1200 맥스 저분자 뮤코다당단백,닥터린 공식스토어,99000,,0,,,27727,4.8,10.230198011955387,high_price,high_review,high_price,mid_review,False,False,False,True,True,https://adcr.shopping.naver.com/adclk.nhn?x=TsyGPzLXQ8PF3yNDeVNkAf%2F%2F%2Fw%3D%3Dsmd8zBqMJQLjellaiFGSaxelHjPrOWjZx0d%2BfAbCirfJS0MlE9Zhp0ZdexlLGrR6%2FG7G5RJJUxF5j92Eo1iXTsoZdhCE9OcMVyJIwnPrYIuQK0ziEfw2%2FX1n2sRb2GAYeWMkho%2FmboYur%2B7CUmxZLTajOJSVeDOqmhhiLTyntJojfY6MXbACtY5btbDEX%2BUpjD8AiBHlZ1F4sVohkz2UYDk4V3mJd1PR8fJLeda92x3SMHnypgMYOj%2BppYy8krfLQOruYZ0qvXRqoWGVrNJGunLEI7IotpuxDsxMpzOX3afg%2FWIA9jvcPh7wp%2BthoC3OXTe2y1de4HCKa0h%2BewmwyypLQb09RkuxvU%2BjHfVGNPZwtjqcXCzC1FizX6ay%2Fh7BEhrzk2tSm3lxo%2FCd2EG78wR6txlWkQnFD%2Bt6sgXql%2B3qp8N5cFPiKvpvtZFiNlkFvRzGLfIJkQPMTMbINcfscPY1OLeDSm7zqg44lPCfEdSAXe015jS%2BBewT2nA7lIxtQC7V67rfH3iNtVAxlGmuIM8HHzJajka3ac7jqzvjlu2p%2FOnYGuJ7aS5gkCprihO57Xlycpep0qsMgsOYv%2FbhZfXH24bSfM4oagza7GbmlT1A%3D,https://shopping-phinf.pstatic.net/main_8554228/85542288263.49.jpg?type=f450,2026-06-01,네이버쇼핑-건강식품-많이구매한BEST-주간-2026-06-01-12-03-53.xlsx,닥터린 송중기 철갑상어 콘드로이친 1200 맥스 저분자 뮤코다당단백,99000,,,27727,4.8
naver_shopping,건강식품,naver_buy_weekly,많이구매한BEST_주간,37,"로킷아메리카 NMN 프테로스틸벤 고순도 엔엠엔, 60캡슐, 3병",로킷아메리카 nmn 프테로스틸벤 고순도 엔엠엔,로킷아메리카,189570,,0,,,10373,4.9,9.247057954911346,high_price,mid_review,high_price,mid_review,False,False,False,True,True,https://adcr.shopping.naver.com/adclk.nhn?x=myH7HqZo5nDQ4aRvLmeewP%2F%2F%2Fw%3D%3Dsmd8zBqMJQLjellaiFGSaxelHjPrOWjZx0d%2BfAbCirfJS0MlE9Zhp0ZdexlLGrR6%2FG7G5RJJUxF5j92Eo1iXTsoZdhCE9OcMVyJIwnPrYIuQK0ziEfw2%2FX1n2sRb2GAYeWMkho%2FmboYur%2B7CUmxZLTajOJSVeDOqmhhiLTyntJoiNTZRvvsMfGntUYbTHsCDlTy5nrxLfIaThNteJd8Gi786EsusMTaGbNAU0KtMzEImMHnypgMYOj%2BppYy8krfLQOruYZ0qvXRqoWGVrNJGunLEI7IotpuxDsxMpzOX3afg%2FWIA9jvcPh7wp%2BthoC3OXTe2y1de4HCKa0h%2BewmwyypLQb09RkuxvU%2BjHfVGNPZwtjqcXCzC1FizX6ay%2Fh7BE%2BEw6QffvvKZPxZY%2B0yIRcEg6ILkKMXS02l6Lf%2B%2Br7PCp8N5cFPiKvpvtZFiNlkFvIjgEwpwg4cvaIg72lB0pl9gF4O%2FLsttld3R4TU36t8gMUTTDZoqdQj%2BhCUeC7zTVC7V67rfH3iNtVAxlGmuIM8HHzJajka3ac7jqzvjlu2p%2FOnYGuJ7aS5gkCprihO57Xlycpep0qsMgsOYv%2FbhZfXH24bSfM4oagza7GbmlT1A%3D,https://shopping-phinf.pstatic.net/main_8358819/83588194991.15.jpg?type=f450,2026-06-01,네이버쇼핑-건강식품-많이구매한BEST-주간-2026-06-01-12-03-53.xlsx,로킷아메리카 nmn 프테로스틸벤 고순도 엔엠엔,189570,,,10373,4.9
naver_shopping,건강식품,naver_buy_weekly,많이구매한BEST_주간,38,"고려은단 식물성 퓨어 알티지 오메가3 기억력+ 60캡슐, 3개",고려은단 식물성 퓨어 알티지 오메가3 기억력,고려은단몰,44900,,0,,,71385,4.9,11.175857050670414,mid_price,high_review,low_price,high_review,False,False,False,True,True,https://adcr.shopping.naver.com/adclk.nhn?x=5%2BLDJuBECSypjtapSPc5e%2F%2F%2F%2Fw%3D%3Dsmd8zBqMJQLjellaiFGSaxelHjPrOWjZx0d%2BfAbCirfJS0MlE9Zhp0ZdexlLGrR6%2FG7G5RJJUxF5j92Eo1iXTsoZdhCE9OcMVyJIwnPrYIuQK0ziEfw2%2FX1n2sRb2GAYeWMkho%2FmboYur%2B7CUmxZLTajOJSVeDOqmhhiLTyntJoj9jMkNNqmiea5fbQCXJqACuEOgLZylEUJ8saz7uveMIl5VmNedLK8knznnifOuCf2MHnypgMYOj%2BppYy8krfLQOruYZ0qvXRqoWGVrNJGunLEI7IotpuxDsxMpzOX3afg%2FWIA9jvcPh7wp%2BthoC3OXTe2y1de4HCKa0h%2BewmwyypLQb09RkuxvU%2BjHfVGNPZwtjqcXCzC1FizX6ay%2Fh7BE4F0%2FdhqEm5Q6%2BjLvOGevWZV0AI7x2sAYb1MCgNOZ1V2p8N5cFPiKvpvtZFiNlkFvK%2FlfgM9%2Bv7alZnKLmHopajRiNkCu4Es6eipIcU4hCN6wDUActgOxGNiEwLdOdbcOC7V67rfH3iNtVAxlGmuIM8HHzJajka3ac7jqzvjlu2p%2FOnYGuJ7aS5gkCprihO57Xlycpep0qsMgsOYv%2FbhZfXH24bSfM4oagza7GbmlT1A%3D,https://shopping-phinf.pstatic.net/main_8744561/87445617656.5.jpg?type=f450,2026-06-01,네이버쇼핑-건강식품-많이구매한BEST-주간-2026-06-01-12-03-53.xlsx,고려은단 식물성 퓨어 알티지 오메가3 기억력,44900,,,71385,4.9
naver_shopping,건강식품,naver_buy_weekly,많이구매한BEST_주간,39,주영엔에스 관절엔 콘드로이친 1200,주영엔에스 관절엔 콘드로이친 1200,주영엔에스,283000,,0,,,99999,4.9,11.512925464970229,high_price,high_review,high_price,high_review,False,False,True,True,True,https://adcr.shopping.naver.com/adclk.nhn?x=F9XZN%2FAv7UqaTF21ybZp6v%2F%2F%2Fw%3D%3Dsmd8zBqMJQLjellaiFGSaxelHjPrOWjZx0d%2BfAbCirfJS0MlE9Zhp0ZdexlLGrR6%2FG7G5RJJUxF5j92Eo1iXTsoZdhCE9OcMVyJIwnPrYIuQK0ziEfw2%2FX1n2sRb2GAYeWMkho%2FmboYur%2B7CUmxZLTajOJSVeDOqmhhiLTyntJoiQIBi1gyiA2E4MFI3iWnRJtPQYwZFDU%2FCCsx4veGBWoIXMp5A8Pi97fG9qS6ftWEeMHnypgMYOj%2BppYy8krfLQOruYZ0qvXRqoWGVrNJGunLEI7IotpuxDsxMpzOX3afg%2FWIA9jvcPh7wp%2BthoC3OXTe2y1de4HCKa0h%2BewmwyypLQb09RkuxvU%2BjHfVGNPZwtjqcXCzC1FizX6ay%2Fh7BEdzIFELa35I7%2F3QZA1w5QhIcJ8J0EYz5wdgoWz2HZZrep8N5cFPiKvpvtZFiNlkFvvd%2BbVfYtLtYQB7XoelKkesr6y6hOZLaKJadCqVHihWVhkysVazrAgop9eHUHgW3%2FC7V67rfH3iNtVAxlGmuIM8HHzJajka3ac7jqzvjlu2p%2FOnYGuJ7aS5gkCprihO57Xlycpep0qsMgsOYv%2FbhZfXH24bSfM4oagza7GbmlT1A%3D,https://shopping-phinf.pstatic.net/main_8412138/84121387304.38.jpg?type=f450,2026-06-01,네이버쇼핑-건강식품-많이구매한BEST-주간-2026-06-01-12-03-53.xlsx,주영엔에스 관절엔 콘드로이친 1200,283000,,,99999,4.9
naver_shopping,건강식품,naver_buy_weekly,많이구매한BEST_주간,40,"고려은단 멀티비타민 올인원 60정 (4종 택2), 2개",고려은단 멀티비타민 올인원 4종 택2,고려은단몰,42900,,0,,,6597,4.9,8.794521851788527,mid_price,mid_review,low_price,low_review,False,False,False,True,True,https://adcr.shopping.naver.com/adclk.nhn?x=6RnJXtjW7s2Sgti0H2J04P%2F%2F%2Fw%3D%3Dsmd8zBqMJQLjellaiFGSaxelHjPrOWjZx0d%2BfAbCirfJS0MlE9Zhp0ZdexlLGrR6%2FG7G5RJJUxF5j92Eo1iXTsoZdhCE9OcMVyJIwnPrYIuQK0ziEfw2%2FX1n2sRb2GAYeWMkho%2FmboYur%2B7CUmxZLTajOJSVeDOqmhhiLTyntJoiDhf9osTP47t7COJEGWtPp3ud70rZ%2BUsF%2F3hAygrlpvL12mQKAZ05iCoU%2BASMeU42MHnypgMYOj%2BppYy8krfLQOruYZ0qvXRqoWGVrNJGunLEI7IotpuxDsxMpzOX3afg%2FWIA9jvcPh7wp%2BthoC3OXTe2y1de4HCKa0h%2BewmwyypLQb09RkuxvU%2BjHfVGNPZwtjqcXCzC1FizX6ay%2Fh7BEwwSj3sFJExRdDoZZZsoDpaXATIl7WA12dWXYekCsvbip8N5cFPiKvpvtZFiNlkFvzwMig2hPcK1qq6yZquq9yAr0%2BLfMkynSOH2jkMrRyTTIidbo6oZ0jVeYAk1B8GrOC7V67rfH3iNtVAxlGmuIM8HHzJajka3ac7jqzvjlu2p%2FOnYGuJ7aS5gkCprihO57Xlycpep0qsMgsOYv%2FbhZfXH24bSfM4oagza7GbmlT1A%3D,https://shopping-phinf.pstatic.net/main_9024961/90249614966.3.jpg?type=f450,2026-06-01,네이버쇼핑-건강식품-많이구매한BEST-주간-2026-06-01-12-03-53.xlsx,고려은단 멀티비타민 올인원 4종 택2,42900,,,6597,4.9
naver_shopping,건강식품,naver_buy_weekly,많이구매한BEST_주간,41,[식물성캡슐] GNM 코엔자임Q10 비타민 미네랄 10종 4박스 / 코큐텐,식물성캡슐 gnm 코엔자임q10 비타민 미네랄 10종 코큐텐,GNM 자연의품격,29800,,0,,,82818,4.8,11.324412782648492,mid_price,high_review,low_price,high_review,False,False,False,False,False,https://adcr.shopping.naver.com/adclk.nhn?x=%2B72ZZP5HiQvM0a50%2Bs9tiP%2F%2F%2Fw%3D%3Dsmd8zBqMJQLjellaiFGSaxelHjPrOWjZx0d%2BfAbCirfJS0MlE9Zhp0ZdexlLGrR6%2FG7G5RJJUxF5j92Eo1iXTsoZdhCE9OcMVyJIwnPrYIuQK0ziEfw2%2FX1n2sRb2GAYeWMkho%2FmboYur%2B7CUmxZLTajOJSVeDOqmhhiLTyntJoh%2BDp33AvkfJOlwPb6s3uXrYit436EvblPdDfPukgKeD11XypHxQJK%2FaEZJ1%2F0iuJOMHnypgMYOj%2BppYy8krfLQOruYZ0qvXRqoWGVrNJGunLEI7IotpuxDsxMpzOX3afg%2FWIA9jvcPh7wp%2BthoC3OXTe2y1de4HCKa0h%2BewmwyypLQb09RkuxvU%2BjHfVGNPZwtjqcXCzC1FizX6ay%2Fh7BEEU2LycDWADjMK05fUPONAKfbEXGd%2FVq79sHahw50xsep8N5cFPiKvpvtZFiNlkFvU%2BEJjsn7c2fsJ21sul%2B4ZKhr4VerElU7ptIcVX0uTiLct6tpiQLzpaAiYESrRhyuC7V67rfH3iNtVAxlGmuIM8HHzJajka3ac7jqzvjlu2p%2FOnYGuJ7aS5gkCprihO57Xlycpep0qsMgsOYv%2FbhZfXH24bSfM4oagza7GbmlT1A%3D,https://shopping-phinf.pstatic.net/main_1002834/10028349825.88.jpg?type=f450,2026-06-01,네이버쇼핑-건강식품-많이구매한BEST-주간-2026-06-01-12-03-53.xlsx,식물성캡슐 gnm 코엔자임q10 비타민 미네랄 10종 코큐텐,29800,,,82818,4.8
naver_shopping,건강식품,naver_buy_weekly,많이구매한BEST_주간,42,센트룸 실버 포 우먼 종합 멀티 비타민 영양제 112정 비타민B12 대용량,센트룸 실버 포 우먼 종합 멀티 비타민 영양제 비타민b12,티에스shop,35690,,0,,,10957,4.8,9.301825062098361,mid_price,mid_review,low_price,mid_review,False,False,False,True,True,https://adcr.shopping.naver.com/adclk.nhn?x=BwIVeTXit01tEjdGBgoBz%2F%2F%2F%2Fw%3D%3Dsmd8zBqMJQLjellaiFGSaxelHjPrOWjZx0d%2BfAbCirfJS0MlE9Zhp0ZdexlLGrR6%2FG7G5RJJUxF5j92Eo1iXTsoZdhCE9OcMVyJIwnPrYIuQK0ziEfw2%2FX1n2sRb2GAYeWMkho%2FmboYur%2B7CUmxZLTajOJSVeDOqmhhiLTyntJoiuR27heLrknWLf%2FE7tUbBR82gN6U7vEkFfKM%2FzgUK0usWxswCS92g2gVl4n4FVgmqMHnypgMYOj%2BppYy8krfLQOruYZ0qvXRqoWGVrNJGunLEI7IotpuxDsxMpzOX3afg%2FWIA9jvcPh7wp%2BthoC3OXTe2y1de4HCKa0h%2BewmwyypLQb09RkuxvU%2BjHfVGNPZwtjqcXCzC1FizX6ay%2Fh7BEd6P6y%2FlaxyaFayD5RBLwdu9Ak5xxilUUXVP6mcWoR9%2Bp8N5cFPiKvpvtZFiNlkFvuR7nwtZKtuuMoQVqGAvkbRYU0RrTW1GbXSYVmzTg9a43MFRKK8YHxeZe3DyygaEmC7V67rfH3iNtVAxlGmuIM8HHzJajka3ac7jqzvjlu2p%2FOnYGuJ7aS5gkCprihO57Xlycpep0qsMgsOYv%2FbhZfXH24bSfM4oagza7GbmlT1A%3D,https://shopping-phinf.pstatic.net/main_8678780/86787803460.9.jpg?type=f450,2026-06-01,네이버쇼핑-건강식품-많이구매한BEST-주간-2026-06-01-12-03-53.xlsx,센트룸 실버 포 우먼 종합 멀티 비타민 영양제 비타민b12,35690,,,10957,4.8
naver_shopping,건강식품,naver_buy_weekly,많이구매한BEST_주간,43,마켓오래 유케어 200ml x 24팩 (완전균형영양식),마켓오래 유케어 200ml x 완전균형영양식,마켓오래,49000,,0,,,615,4.8,6.423246963533519,high_price,low_review,mid_price,low_review,False,False,False,True,True,https://adcr.shopping.naver.com/adclk.nhn?x=9RxQTkXlxoemAefbOBzx9v%2F%2F%2Fw%3D%3Dsmd8zBqMJQLjellaiFGSaxelHjPrOWjZx0d%2BfAbCirfJS0MlE9Zhp0ZdexlLGrR6%2FG7G5RJJUxF5j92Eo1iXTsoZdhCE9OcMVyJIwnPrYIuQK0ziEfw2%2FX1n2sRb2GAYeWMkho%2FmboYur%2B7CUmxZLTajOJSVeDOqmhhiLTyntJogkDxyiN4OawfMe5YUnk7Lq%2Fny%2BAsAJi6sinMuMWZYXfh5vhYifX4iUZL%2Bmg0UiUX6MHnypgMYOj%2BppYy8krfLQOruYZ0qvXRqoWGVrNJGunLEI7IotpuxDsxMpzOX3afg%2FWIA9jvcPh7wp%2BthoC3OXTe2y1de4HCKa0h%2BewmwyypLQb09RkuxvU%2BjHfVGNPZwtjqcXCzC1FizX6ay%2Fh7BEx3bwpobvNApCn%2FQxUHXsv026zz5wwjSKN8NKH4%2BdQOqp8N5cFPiKvpvtZFiNlkFvSe70A00haRjLuOomCofrdjd2YRl7L5ob6ESWhmx7QpbZiT09IL%2FDEnhjVp61rhn2C7V67rfH3iNtVAxlGmuIM8HHzJajka3ac7jqzvjlu2p%2FOnYGuJ7aS5gkCprihO57Xlycpep0qsMgsOYv%2FbhZfXH24bSfM4oagza7GbmlT1A%3D,https://shopping-phinf.pstatic.net/main_9100676/91006766683.1.jpg?type=f450,2026-06-01,네이버쇼핑-건강식품-많이구매한BEST-주간-2026-06-01-12-03-53.xlsx,마켓오래 유케어 200ml x 완전균형영양식,49000,,,615,4.8
naver_shopping,건강식품,naver_buy_weekly,많이구매한BEST_주간,44,"고려은단 코엔자임Q10 90캡슐, 2개 (6개월분)",고려은단 코엔자임q10,고려은단몰,33900,,0,,,15459,4.9,9.646011322141414,mid_price,mid_review,low_price,mid_review,False,False,False,True,True,https://adcr.shopping.naver.com/adclk.nhn?x=4TJWkGrFMzgCRXH5M6zMmf%2F%2F%2Fw%3D%3Dsmd8zBqMJQLjellaiFGSaxelHjPrOWjZx0d%2BfAbCirfJS0MlE9Zhp0ZdexlLGrR6%2FG7G5RJJUxF5j92Eo1iXTsoZdhCE9OcMVyJIwnPrYIuQK0ziEfw2%2FX1n2sRb2GAYeWMkho%2FmboYur%2B7CUmxZLTajOJSVeDOqmhhiLTyntJohft7OUvhpcq4AiKjGaeFlSYq1hdZG0HaEPrs4aWO9V8gfrhMMC5Q1jUx0uzlIBAU2MHnypgMYOj%2BppYy8krfLQOruYZ0qvXRqoWGVrNJGunLEI7IotpuxDsxMpzOX3afg%2FWIA9jvcPh7wp%2BthoC3OXTe2y1de4HCKa0h%2BewmwyypLQb09RkuxvU%2BjHfVGNPZwtjqcXCzC1FizX6ay%2Fh7BE6OYYGAatV29HT%2FpZX2f15mDyquH7mm4ZRbrdEpPANG%2Bp8N5cFPiKvpvtZFiNlkFvh2AkM%2BIBPR%2BGqkZagZ0N7z2p5vNUMur0W8bkXa8wtvf%2F4UzxkqlExwLOsjBUHJgbC7V67rfH3iNtVAxlGmuIM8HHzJajka3ac7jqzvjlu2p%2FOnYGuJ7aS5gkCprihO57Xlycpep0qsMgsOYv%2FbhZfXH24bSfM4oagza7GbmlT1A%3D,https://shopping-phinf.pstatic.net/main_8988244/89882447441.jpg?type=f450,2026-06-01,네이버쇼핑-건강식품-많이구매한BEST-주간-2026-06-01-12-03-53.xlsx,고려은단 코엔자임q10,33900,,,15459,4.9
naver_shopping,건강식품,naver_buy_weekly,많이구매한BEST_주간,45,"GNM 올인원 뉴트리션 멀티비타민 30개입, 1개 / 종합비타민",gnm 올인원 뉴트리션 멀티비타민 종합비타민,GNM 자연의품격,36900,,0,,,42115,4.9,10.64818299497665,mid_price,high_review,low_price,high_review,False,False,False,False,False,https://adcr.shopping.naver.com/adclk.nhn?x=qJ9Iw2qaKOuzbNufwjNKif%2F%2F%2Fw%3D%3Dsmd8zBqMJQLjellaiFGSaxelHjPrOWjZx0d%2BfAbCirfJS0MlE9Zhp0ZdexlLGrR6%2FG7G5RJJUxF5j92Eo1iXTsoZdhCE9OcMVyJIwnPrYIuQK0ziEfw2%2FX1n2sRb2GAYeWMkho%2FmboYur%2B7CUmxZLTajOJSVeDOqmhhiLTyntJoj0Fnzn7q%2FQO82bvucBp9OPu3Xufw3A6CJ4%2Fqdk%2BzTj4tIKDIv7kGqr9hNdHiTP60aMHnypgMYOj%2BppYy8krfLQOruYZ0qvXRqoWGVrNJGunLEI7IotpuxDsxMpzOX3afg%2FWIA9jvcPh7wp%2BthoC3OXTe2y1de4HCKa0h%2BewmwyypLQb09RkuxvU%2BjHfVGNPZwtjqcXCzC1FizX6ay%2Fh7BEtnqsenOW7eUzZ%2BCLCW7WSfLixL2h5XRvRSzMrgLr3jWp8N5cFPiKvpvtZFiNlkFvv61JW2GM5UzTdsH5TVxAKvVSqLM2SZR2wPeeZREoT9pCVSENLaeysnR59GZGd7W8C7V67rfH3iNtVAxlGmuIM8HHzJajka3ac7jqzvjlu2p%2FOnYGuJ7aS5gkCprihO57Xlycpep0qsMgsOYv%2FbhZfXH24bSfM4oagza7GbmlT1A%3D,https://shopping-phinf.pstatic.net/main_8543336/85433366277.77.jpg?type=f450,2026-06-01,네이버쇼핑-건강식품-많이구매한BEST-주간-2026-06-01-12-03-53.xlsx,gnm 올인원 뉴트리션 멀티비타민 종합비타민,36900,,,42115,4.9
naver_shopping,건강식품,naver_buy_weekly,많이구매한BEST_주간,46,서울대 위바이옴 두뇌엔 닥터PS 맥스 순도80% 포스파티딜세린 분말,서울대 위바이옴 두뇌엔 닥터ps 맥스 순도80 포스파티딜세린 분말,위바이옴,199000,,0,,,7687,4.9,8.947415950650129,high_price,mid_review,high_price,low_review,False,False,False,True,True,https://adcr.shopping.naver.com/adclk.nhn?x=m9PlAYGzjdq5EWA39LSBxf%2F%2F%2Fw%3D%3Dsmd8zBqMJQLjellaiFGSaxelHjPrOWjZx0d%2BfAbCirfJS0MlE9Zhp0ZdexlLGrR6%2FG7G5RJJUxF5j92Eo1iXTsoZdhCE9OcMVyJIwnPrYIuQK0ziEfw2%2FX1n2sRb2GAYeWMkho%2FmboYur%2B7CUmxZLTajOJSVeDOqmhhiLTyntJojFCWSHoFQPwsJ73pT8jk80woD0oWtv8nFNIaVPPpjw6oWIqyJZdEq%2BA%2B7A2k6DEQOMHnypgMYOj%2BppYy8krfLQOruYZ0qvXRqoWGVrNJGunLEI7IotpuxDsxMpzOX3afg%2FWIA9jvcPh7wp%2BthoC3OXTe2y1de4HCKa0h%2BewmwyypLQb09RkuxvU%2BjHfVGNPZwtjqcXCzC1FizX6ay%2Fh7BE4VJu7QVfaJAch1%2BfwMxBbjzzzE4UYR3CXP3PRUWK4cap8N5cFPiKvpvtZFiNlkFvzSRb5KpcS2lM4hvbag%2Bf3TeIfbPsTur7XxZGlVGZ6jQAWtG8upq4YYxR2HN%2Fz05eC7V67rfH3iNtVAxlGmuIM8HHzJajka3ac7jqzvjlu2p%2FOnYGuJ7aS5gkCprihO57Xlycpep0qsMgsOYv%2FbhZfXH24bSfM4oagza7GbmlT1A%3D,https://shopping-phinf.pstatic.net/main_8885630/88856303044.50.jpg?type=f450,2026-06-01,네이버쇼핑-건강식품-많이구매한BEST-주간-2026-06-01-12-03-53.xlsx,서울대 위바이옴 두뇌엔 닥터ps 맥스 순도80 포스파티딜세린 분말,199000,,,7687,4.9
naver_shopping,건강식품,naver_buy_weekly,많이구매한BEST_주간,47,[5개월] 뉴트리코어 WCS 포스파티딜세린 PS 순도 85% 피에스,5개월 뉴트리코어 wcs 포스파티딜세린 ps 순도 85 피에스,뉴트리코어,236000,,0,,,20205,4.8,9.913734868987678,high_price,mid_review,high_price,mid_review,False,False,False,True,True,https://adcr.shopping.naver.com/adclk.nhn?x=%2BdrIQ7avFElREaIvglz3%2Bf%2F%2F%2Fw%3D%3Dsmd8zBqMJQLjellaiFGSaxelHjPrOWjZx0d%2BfAbCirfJS0MlE9Zhp0ZdexlLGrR6%2FG7G5RJJUxF5j92Eo1iXTsoZdhCE9OcMVyJIwnPrYIuQK0ziEfw2%2FX1n2sRb2GAYeWMkho%2FmboYur%2B7CUmxZLTajOJSVeDOqmhhiLTyntJoiHyIvzM%2FHTgTqO5juWn50D%2BImI%2FWQLcd0CiXrXJ67J5TPoTOdCg9GUpSXw3yruJ2mMHnypgMYOj%2BppYy8krfLQOruYZ0qvXRqoWGVrNJGunLEI7IotpuxDsxMpzOX3afg%2FWIA9jvcPh7wp%2BthoC3OXTe2y1de4HCKa0h%2BewmwyypLQb09RkuxvU%2BjHfVGNPZwtjqcXCzC1FizX6ay%2Fh7BE4E9CxP%2BDHjPGzYY6Hkg0U89BHIHrurWbmwh9vR9UY%2Fyp8N5cFPiKvpvtZFiNlkFvQroT49WzzQV26w0TNebrc0WJ0x6%2BhKjowyHjyG%2Bj0IMw%2FeDe2%2BmLauw9U8s8w4ZfC7V67rfH3iNtVAxlGmuIM8HHzJajka3ac7jqzvjlu2p%2FOnYGuJ7aS5gkCprihO57Xlycpep0qsMgsOYv%2FbhZfXH24bSfM4oagza7GbmlT1A%3D,https://shopping-phinf.pstatic.net/main_8749776/87497762900.15.jpg?type=f450,2026-06-01,네이버쇼핑-건강식품-많이구매한BEST-주간-2026-06-01-12-03-53.xlsx,5개월 뉴트리코어 wcs 포스파티딜세린 ps 순도 85 피에스,236000,,,20205,4.8
naver_shopping,건강식품,naver_buy_weekly,많이구매한BEST_주간,48,고려은단 메가도스 비타민C 3000 고함량 비타민씨 영국산비타민c 가루 2개월,고려은단 메가도스 비타민c 3000 고함량 비타민씨 영국산비타민c 가루 2개월,영양닷컴,19430,,0,,,3124,4.9,8.047189562170502,low_price,low_review,low_price,low_review,False,False,False,True,True,https://adcr.shopping.naver.com/adclk.nhn?x=k1%2FM0q%2B6JLSae64Hw2Xtrv%2F%2F%2Fw%3D%3Dsmd8zBqMJQLjellaiFGSaxelHjPrOWjZx0d%2BfAbCirfJS0MlE9Zhp0ZdexlLGrR6%2FG7G5RJJUxF5j92Eo1iXTsoZdhCE9OcMVyJIwnPrYIuQK0ziEfw2%2FX1n2sRb2GAYeWMkho%2FmboYur%2B7CUmxZLTajOJSVeDOqmhhiLTyntJoiyW8NYr9zOifUVlPcyiFGwLgQIWoLv1VM0W1orLcxqlp%2FmES63DMD4VcYyQQwcxCCMHnypgMYOj%2BppYy8krfLQOruYZ0qvXRqoWGVrNJGunLEI7IotpuxDsxMpzOX3afg%2FWIA9jvcPh7wp%2BthoC3OXTe2y1de4HCKa0h%2BewmwyypLQb09RkuxvU%2BjHfVGNPZwtjqcXCzC1FizX6ay%2Fh7BEF3778WPxQ8Wt2PYbIDmuZ%2F4GYzwDXS9Cp3J7uL4Jql2p8N5cFPiKvpvtZFiNlkFvIAsHv6GNcJ30IiH41RgF8WOkTACxwHNnkuzD%2Fbpz8EYQ8WGVjs1Cx3ucSLsVQVbJC7V67rfH3iNtVAxlGmuIM8HHzJajka3ac7jqzvjlu2p%2FOnYGuJ7aS5gkCprihO57Xlycpep0qsMgsOYv%2FbhZfXH24bSfM4oagza7GbmlT1A%3D,https://shopping-phinf.pstatic.net/main_8763755/87637557272.5.jpg?type=f450,2026-06-01,네이버쇼핑-건강식품-많이구매한BEST-주간-2026-06-01-12-03-53.xlsx,고려은단 메가도스 비타민c 3000 고함량 비타민씨 영국산비타민c 가루 2개월,19430,,,3124,4.9
naver_shopping,건강식품,naver_buy_weekly,많이구매한BEST_주간,49,[6개월분] 락티브 식물성 멜라토닌 2mg 함유 멜라드림,락티브 식물성 멜라토닌 2mg 함유 멜라드림,락티브,49000,,0,,,41629,4.7,10.636576340189022,high_price,high_review,mid_price,high_review,False,False,False,True,True,https://adcr.shopping.naver.com/adclk.nhn?x=vFEx2BXgRoZp%2Fv7gKSNmNv%2F%2F%2Fw%3D%3Dsmd8zBqMJQLjellaiFGSaxelHjPrOWjZx0d%2BfAbCirfJS0MlE9Zhp0ZdexlLGrR6%2FG7G5RJJUxF5j92Eo1iXTsoZdhCE9OcMVyJIwnPrYIuQK0ziEfw2%2FX1n2sRb2GAYeWMkho%2FmboYur%2B7CUmxZLTajOJSVeDOqmhhiLTyntJoiJnDRBowhXgFbYfZVRpL0E3VEMZ3BEsmmqtKTqp%2FSpRsxxqKRyk3Sj3N7pmiMMjJWMHnypgMYOj%2BppYy8krfLQOruYZ0qvXRqoWGVrNJGunLEI7IotpuxDsxMpzOX3afg%2FWIA9jvcPh7wp%2BthoC3OXTe2y1de4HCKa0h%2BewmwyypLQb09RkuxvU%2BjHfVGNPZwtjqcXCzC1FizX6ay%2Fh7BEpdLXRUhGLmv5liGvkVNzr99kUjql45iR99Twaw%2BIglCp8N5cFPiKvpvtZFiNlkFvaUcOBOB54DPTyt7hnlkdyAIkWRhAfoqtGJX0zDgi1GvIokG6bpHWAUFbGtxzPdz%2BC7V67rfH3iNtVAxlGmuIM8HHzJajka3ac7jqzvjlu2p%2FOnYGuJ7aS5gkCprihO57Xlycpep0qsMgsOYv%2FbhZfXH24bSfM4oagza7GbmlT1A%3D,https://shopping-phinf.pstatic.net/main_8869089/88690890132.10.jpg?type=f450,2026-06-01,네이버쇼핑-건강식품-많이구매한BEST-주간-2026-06-01-12-03-53.xlsx,락티브 식물성 멜라토닌 2mg 함유 멜라드림,49000,,,41629,4.7
naver_shopping,건강식품,naver_buy_weekly,많이구매한BEST_주간,50,종근당 락토핏 생유산균 골드 150포 5개월분 20억 50포 x 3통,종근당 락토핏 생유산균 골드 20억 x,우북이,28900,,0,,,3371,4.9,8.123261319121745,mid_price,low_review,low_price,low_review,False,False,False,True,True,https://adcr.shopping.naver.com/adclk.nhn?x=yXlHVWspbtq6rBt5X4tV4P%2F%2F%2Fw%3D%3Dsmd8zBqMJQLjellaiFGSaxelHjPrOWjZx0d%2BfAbCirfJS0MlE9Zhp0ZdexlLGrR6%2FG7G5RJJUxF5j92Eo1iXTsoZdhCE9OcMVyJIwnPrYIuQK0ziEfw2%2FX1n2sRb2GAYeWMkho%2FmboYur%2B7CUmxZLTajOJSVeDOqmhhiLTyntJojt0QberxlsUFMcwuvXf3ZAulsCY3V6iPhjzYbHRzxfNhu1NOYqg3301qVV5AsMQV%2BMHnypgMYOj%2BppYy8krfLQOruYZ0qvXRqoWGVrNJGunLEI7IotpuxDsxMpzOX3afg%2FWIA9jvcPh7wp%2BthoC3OXTe2y1de4HCKa0h%2BewmwyypLQb09RkuxvU%2BjHfVGNPZwtjqcXCzC1FizX6ay%2Fh7BEU%2FsJuuZ%2F2kkAJ0LYA%2B%2FwW2T7rp6KwYWtjGALiZfjQWip8N5cFPiKvpvtZFiNlkFvLeRQebYWRVAIN%2BsLo%2BYqyt3lV4HAekGU9vHUr6Pv85pKane7EgSqizI7VUoGbPnbC7V67rfH3iNtVAxlGmuIM8HHzJajka3ac7jqzvjlu2p%2FOnYGuJ7aS5gkCprihO57Xlycpep0qsMgsOYv%2FbhZfXH24bSfM4oagza7GbmlT1A%3D,https://shopping-phinf.pstatic.net/main_8911853/89118530092.3.jpg?type=f450,2026-06-01,네이버쇼핑-건강식품-많이구매한BEST-주간-2026-06-01-12-03-53.xlsx,종근당 락토핏 생유산균 골드 20억 x,28900,,,3371,4.9
naver_shopping,건강식품,naver_buy_weekly,많이구매한BEST_주간,51,[총 9개월분] GNM 칼슘 마그네슘 아연 비타민D 90정 x 3병 / 칼마디,총 gnm 칼슘 마그네슘 아연 비타민d x 칼마디,GNM 자연의품격,33900,,0,,,58056,4.9,10.969180565558148,mid_price,high_review,low_price,high_review,False,False,False,True,True,https://adcr.shopping.naver.com/adclk.nhn?x=VVnISA2JrCq6TbZbkKO4t%2F%2F%2F%2Fw%3D%3Dsmd8zBqMJQLjellaiFGSaxelHjPrOWjZx0d%2BfAbCirfJS0MlE9Zhp0ZdexlLGrR6%2FG7G5RJJUxF5j92Eo1iXTsoZdhCE9OcMVyJIwnPrYIuQK0ziEfw2%2FX1n2sRb2GAYeWMkho%2FmboYur%2B7CUmxZLTajOJSVeDOqmhhiLTyntJojfh0oYKQ6GJwKWJ22A7qtNd%2FhGUW8C4T0Br7S%2FvI5FCZWQVYQCNkUJ6mMuO26FVYaMHnypgMYOj%2BppYy8krfLQOruYZ0qvXRqoWGVrNJGunLEI7IotpuxDsxMpzOX3afg%2FWIA9jvcPh7wp%2BthoC3OXTe2y1de4HCKa0h%2BewmwyypLQb09RkuxvU%2BjHfVGNPZwtjqcXCzC1FizX6ay%2Fh7BEaUscrLHzu0eTTprcxfFrhqnzq70IxcbOw%2BPs%2BkVC5smp8N5cFPiKvpvtZFiNlkFv1EoacKbqlbJy1oFLHbsepTYE8bJHnZIvexvt365OqzO3RDefIVR4BIB0Lm5072H3C7V67rfH3iNtVAxlGmuIM8HHzJajka3ac7jqzvjlu2p%2FOnYGuJ7aS5gkCprihO57Xlycpep0qsMgsOYv%2FbhZfXH24bSfM4oagza7GbmlT1A%3D,https://shopping-phinf.pstatic.net/main_8312377/83123776638.43.jpg?type=f450,2026-06-01,네이버쇼핑-건강식품-많이구매한BEST-주간-2026-06-01-12-03-53.xlsx,총 gnm 칼슘 마그네슘 아연 비타민d x 칼마디,33900,,,58056,4.9
naver_shopping,건강식품,naver_buy_weekly,많이구매한BEST_주간,52,드시모네 캡슐 플러스 (120캡슐) x 2박스 (총 240캡슐) (+슈퍼적립),드시모네 캡슐 플러스 x 총 슈퍼적립,드시모네 스토어,196000,,0,,,8563,4.9,9.055322649709574,high_price,mid_review,high_price,mid_review,False,False,False,True,True,https://adcr.shopping.naver.com/adclk.nhn?x=5sKUUDgXhxbT1eSA5rxoBP%2F%2F%2Fw%3D%3Dsmd8zBqMJQLjellaiFGSaxelHjPrOWjZx0d%2BfAbCirfJS0MlE9Zhp0ZdexlLGrR6%2FG7G5RJJUxF5j92Eo1iXTsoZdhCE9OcMVyJIwnPrYIuQK0ziEfw2%2FX1n2sRb2GAYeWMkho%2FmboYur%2B7CUmxZLTajOJSVeDOqmhhiLTyntJoiSq%2FgMq9XYJDlsLNrJLx60y67TZQq8CELJ%2BtatAtf7BoYNtd9sxVud1YyuvDzF2M2MHnypgMYOj%2BppYy8krfLQOruYZ0qvXRqoWGVrNJGunLEI7IotpuxDsxMpzOX3afg%2FWIA9jvcPh7wp%2BthoC3OXTe2y1de4HCKa0h%2BewmwyypLQb09RkuxvU%2BjHfVGNPZwtjqcXCzC1FizX6ay%2Fh7BEkQVcYbobzWvsMPp7NcwfegSBcAkhIkEhKASmBR8aJJqp8N5cFPiKvpvtZFiNlkFv1QJiQbgvu6Oy%2BDM%2FCy7JVTL%2BtnNJaxT8sEvs4RhWjTPu2R3etrGDEq5zqCVIBC92C7V67rfH3iNtVAxlGmuIM8HHzJajka3ac7jqzvjlu2p%2FOnYGuJ7aS5gkCprihO57Xlycpep0qsMgsOYv%2FbhZfXH24bSfM4oagza7GbmlT1A%3D,https://shopping-phinf.pstatic.net/main_8935464/89354643551.2.jpg?type=f450,2026-06-01,네이버쇼핑-건강식품-많이구매한BEST-주간-2026-06-01-12-03-53.xlsx,드시모네 캡슐 플러스 x 총 슈퍼적립,196000,,,8563,4.9
naver_shopping,건강식품,naver_buy_weekly,많이구매한BEST_주간,53,서울대 위바이옴 두뇌엔 닥터PS 70 포스파티딜세린 분말 세린에이드,서울대 위바이옴 두뇌엔 닥터ps 70 포스파티딜세린 분말 세린에이드,위바이옴,118000,,0,,,19015,4.8,9.85303600904003,high_price,mid_review,high_price,mid_review,False,False,False,True,True,https://adcr.shopping.naver.com/adclk.nhn?x=Zodc7PqMrlHQbXAlhz6N7%2F%2F%2F%2Fw%3D%3Dsmd8zBqMJQLjellaiFGSaxelHjPrOWjZx0d%2BfAbCirfJS0MlE9Zhp0ZdexlLGrR6%2FG7G5RJJUxF5j92Eo1iXTsoZdhCE9OcMVyJIwnPrYIuQK0ziEfw2%2FX1n2sRb2GAYeWMkho%2FmboYur%2B7CUmxZLTajOJSVeDOqmhhiLTyntJogv7TrGqiBJMYF%2FRr3VUJhy3Qc8%2BSmBb9cZW8OKukZmAlTzrxyGZQwrjlcjc2ufS02MHnypgMYOj%2BppYy8krfLQOruYZ0qvXRqoWGVrNJGunLEI7IotpuxDsxMpzOX3afg%2FWIA9jvcPh7wp%2BthoC3OXTe2y1de4HCKa0h%2BewmwyypLQb09RkuxvU%2BjHfVGNPZwtjqcXCzC1FizX6ay%2Fh7BEao4XWphduSsoAg8qe%2BRzaUNev3yWzYYnwAk%2FVi1lKlqp8N5cFPiKvpvtZFiNlkFvQeq8hDim%2BdsYqSHSWpdjiKFUZvjlJmAIpxRE5Pgfxr4uYXf3x26q6phmNF0Ext%2FcC7V67rfH3iNtVAxlGmuIM8HHzJajka3ac7jqzvjlu2p%2FOnYGuJ7aS5gkCprihO57Xlycpep0qsMgsOYv%2FbhZfXH24bSfM4oagza7GbmlT1A%3D,https://shopping-phinf.pstatic.net/main_8428125/84281255661.73.jpg?type=f450,2026-06-01,네이버쇼핑-건강식품-많이구매한BEST-주간-2026-06-01-12-03-53.xlsx,서울대 위바이옴 두뇌엔 닥터ps 70 포스파티딜세린 분말 세린에이드,118000,,,19015,4.8
naver_shopping,건강식품,naver_buy_weekly,많이구매한BEST_주간,54,킹 프리미엄 프로바이오틱스 모유 생 유산균 500mg x 60캡슐 2개월분,킹 프리미엄 프로바이오틱스 모유 생 유산균 500mg x,샵인터내셔널,24800,,0,,,99999,4.8,11.512925464970229,mid_price,high_review,low_price,high_review,False,False,False,False,False,https://adcr.shopping.naver.com/adclk.nhn?x=r7Ff%2BX73Fd20%2FvZTDMmeB%2F%2F%2F%2Fw%3D%3Dsmd8zBqMJQLjellaiFGSaxelHjPrOWjZx0d%2BfAbCirfJS0MlE9Zhp0ZdexlLGrR6%2FG7G5RJJUxF5j92Eo1iXTsoZdhCE9OcMVyJIwnPrYIuQK0ziEfw2%2FX1n2sRb2GAYeWMkho%2FmboYur%2B7CUmxZLTajOJSVeDOqmhhiLTyntJohU3fZq7Z%2FaGg1PGaFNduCKnobSFUxjxDg9EWNKECvagkkOgrKhm3WuFKYgMKrT%2FNWMHnypgMYOj%2BppYy8krfLQOruYZ0qvXRqoWGVrNJGunLEI7IotpuxDsxMpzOX3afg%2FWIA9jvcPh7wp%2BthoC3OXTe2y1de4HCKa0h%2BewmwyypLQb09RkuxvU%2BjHfVGNPZwtjqcXCzC1FizX6ay%2Fh7BECsGdLdGPzCFIErdsY7DpenaiD55rtJYLNheXcp6tKdWp8N5cFPiKvpvtZFiNlkFvZ5rT9Q7JYyxCxu5oyvuTdVGLchh%2B66Cvolne%2BQs0ykaCSWsD2xCDG52iGoSuTL9zC7V67rfH3iNtVAxlGmuIM8HHzJajka3ac7jqzvjlu2p%2FOnYGuJ7aS5gkCprihO57Xlycpep0qsMgsOYv%2FbhZfXH24bSfM4oagza7GbmlT1A%3D,https://shopping-phinf.pstatic.net/main_8205124/82051248708.21.jpg?type=f450,2026-06-01,네이버쇼핑-건강식품-많이구매한BEST-주간-2026-06-01-12-03-53.xlsx,킹 프리미엄 프로바이오틱스 모유 생 유산균 500mg x,24800,,,99999,4.8
naver_shopping,건강식품,naver_buy_weekly,많이구매한BEST_주간,55,유한양행 엘레나 질유산균 임산부 수유부 프로바이오틱스,유한양행 엘레나 질유산균 임산부 수유부 프로바이오틱스,유한양행 본사직영몰,70000,,0,,,99999,4.9,11.512925464970229,high_price,high_review,mid_price,high_review,False,False,False,False,False,https://adcr.shopping.naver.com/adclk.nhn?x=296prpRUpR8C2n5cFK3XrP%2F%2F%2Fw%3D%3Dsmd8zBqMJQLjellaiFGSaxelHjPrOWjZx0d%2BfAbCirfJS0MlE9Zhp0ZdexlLGrR6%2FG7G5RJJUxF5j92Eo1iXTsoZdhCE9OcMVyJIwnPrYIuQK0ziEfw2%2FX1n2sRb2GAYeWMkho%2FmboYur%2B7CUmxZLTajOJSVeDOqmhhiLTyntJohIy3gjm%2FFv5gFjSWM62Ner1kSXPoIaZxXsRincjkFpPFt6UtVpA9JqArOEG%2Bf3ETGMHnypgMYOj%2BppYy8krfLQOruYZ0qvXRqoWGVrNJGunLEI7IotpuxDsxMpzOX3afg%2FWIA9jvcPh7wp%2BthoC3OXTe2y1de4HCKa0h%2BewmwyypLQb09RkuxvU%2BjHfVGNPZwtjqcXCzC1FizX6ay%2Fh7BEh18lNeQ2Zi%2BBLF3UqpgSePLhmuf%2FTgl%2Fqsc2RRjy8a2p8N5cFPiKvpvtZFiNlkFvJHGKP9HWRmLIyPxMQfMXVRXTbZ7KWG5C2otFXPqPB8CQrVTdB8Uxy2EWp%2Fa%2F5tKQC7V67rfH3iNtVAxlGmuIM8HHzJajka3ac7jqzvjlu2p%2FOnYGuJ7aS5gkCprihO57Xlycpep0qsMgsOYv%2FbhZfXH24bSfM4oagza7GbmlT1A%3D,https://shopping-phinf.pstatic.net/main_8601761/86017615037.18.jpg?type=f450,2026-06-01,네이버쇼핑-건강식품-많이구매한BEST-주간-2026-06-01-12-03-53.xlsx,유한양행 엘레나 질유산균 임산부 수유부 프로바이오틱스,70000,,,99999,4.9
naver_shopping,건강식품,naver_buy_weekly,많이구매한BEST_주간,56,그레인온 골드 카무트 효소,그레인온 골드 카무트 효소,그레인온,72900,,0,,,94485,4.9,11.456206954358665,high_price,high_review,mid_price,high_review,False,False,True,True,True,https://adcr.shopping.naver.com/adclk.nhn?x=GnTdFebKBT36VI1GTw4pcf%2F%2F%2Fw%3D%3Dsmd8zBqMJQLjellaiFGSaxelHjPrOWjZx0d%2BfAbCirfJS0MlE9Zhp0ZdexlLGrR6%2FG7G5RJJUxF5j92Eo1iXTsoZdhCE9OcMVyJIwnPrYIuQK0ziEfw2%2FX1n2sRb2GAYeWMkho%2FmboYur%2B7CUmxZLTajOJSVeDOqmhhiLTyntJogEV7ERsR2GEEGW%2BjP%2F5atQnE%2F6aj%2BZBaB7w87fWKydkmPx6cQRybj71NmpG9Ys%2FI6MHnypgMYOj%2BppYy8krfLQOruYZ0qvXRqoWGVrNJGunLEI7IotpuxDsxMpzOX3afg%2FWIA9jvcPh7wp%2BthoC3OXTe2y1de4HCKa0h%2BewmwyypLQb09RkuxvU%2BjHfVGNPZwtjqcXCzC1FizX6ay%2Fh7BEleZ06ZuIjjnCd%2F1BFTeNDj05MPPN9sAeWSEEY9iuTuup8N5cFPiKvpvtZFiNlkFvFftJfECNqIQuOx4vIx5%2FZyZsKS9%2FeAF9ht7W5LQe4b2xjCQz%2FXoZTtVN%2BvzNMw7AC7V67rfH3iNtVAxlGmuIM8HHzJajka3ac7jqzvjlu2p%2FOnYGuJ7aS5gkCprihO57Xlycpep0qsMgsOYv%2FbhZfXH24bSfM4oagza7GbmlT1A%3D,https://shopping-phinf.pstatic.net/main_8582183/85821831111.81.jpg?type=f450,2026-06-01,네이버쇼핑-건강식품-많이구매한BEST-주간-2026-06-01-12-03-53.xlsx,그레인온 골드 카무트 효소,72900,,,94485,4.9
naver_shopping,건강식품,naver_buy_weekly,많이구매한BEST_주간,57,배석철의 아미나 고용량 비타민B3 500mg 미국산 니코틴산아미드,배석철의 아미나 고용량 비타민b3 500mg 미국산 니코틴산아미드,파미나,45000,,0,,,922,4.8,6.827629234502852,mid_price,low_review,mid_price,low_review,False,False,True,True,True,https://adcr.shopping.naver.com/adclk.nhn?x=HWJJIBVrDonQ2dxD0gaWI%2F%2F%2F%2Fw%3D%3Dsmd8zBqMJQLjellaiFGSaxelHjPrOWjZx0d%2BfAbCirfJS0MlE9Zhp0ZdexlLGrR6%2FG7G5RJJUxF5j92Eo1iXTsoZdhCE9OcMVyJIwnPrYIuQK0ziEfw2%2FX1n2sRb2GAYeWMkho%2FmboYur%2B7CUmxZLTajOJSVeDOqmhhiLTyntJoiUZR5aalCvmAWY%2BMJgazL6CXAbcG4Q9NdZAWcKklFrAgnWrkxIMh%2BtMZi%2BZgDf50CMHnypgMYOj%2BppYy8krfLQOruYZ0qvXRqoWGVrNJGunLEI7IotpuxDsxMpzOX3afg%2FWIA9jvcPh7wp%2BthoC3OXTe2y1de4HCKa0h%2BewmwyypLQb09RkuxvU%2BjHfVGNPZwtjqcXCzC1FizX6ay%2Fh7BEWLL%2Bwt06jshAM38kWwl98L7hkk7SVs2ylhzCmumXVjSp8N5cFPiKvpvtZFiNlkFvLkfewrK65Xcw4W%2Bh0OeGV%2FBKty6p0VfymaGWFNi1THXYWDJi0nAsShrNTDNy9KUMC7V67rfH3iNtVAxlGmuIM8HHzJajka3ac7jqzvjlu2p%2FOnYGuJ7aS5gkCprihO57Xlycpep0qsMgsOYv%2FbhZfXH24bSfM4oagza7GbmlT1A%3D,https://shopping-phinf.pstatic.net/main_8924980/89249807316.2.jpg?type=f450,2026-06-01,네이버쇼핑-건강식품-많이구매한BEST-주간-2026-06-01-12-03-53.xlsx,배석철의 아미나 고용량 비타민b3 500mg 미국산 니코틴산아미드,45000,,,922,4.8
naver_shopping,건강식품,naver_buy_weekly,많이구매한BEST_주간,58,(본사공식) 아이뮨랩 루마큐라 3개월,아이뮨랩 루마큐라 3개월,아이뮨랩,119100,,0,,,420,4.7,6.042632833682381,high_price,low_review,high_price,low_review,False,False,False,True,True,https://adcr.shopping.naver.com/adclk.nhn?x=kx%2BtY8rn%2FrEcpQrL%2Ft0adv%2F%2F%2Fw%3D%3Dsmd8zBqMJQLjellaiFGSaxelHjPrOWjZx0d%2BfAbCirfJS0MlE9Zhp0ZdexlLGrR6%2FG7G5RJJUxF5j92Eo1iXTsoZdhCE9OcMVyJIwnPrYIuQK0ziEfw2%2FX1n2sRb2GAYeWMkho%2FmboYur%2B7CUmxZLTajOJSVeDOqmhhiLTyntJognLlLfV%2BJ7xMOmAUnp8KRPyg%2B%2FA2sa0aeDbcJhDh59yyHtXOauQz48UMe9Dm5%2BMdWMHnypgMYOj%2BppYy8krfLQOruYZ0qvXRqoWGVrNJGunLEI7IotpuxDsxMpzOX3afg%2FWIA9jvcPh7wp%2BthoC3OXTe2y1de4HCKa0h%2BewmwyypLQb09RkuxvU%2BjHfVGNPZwtjqcXCzC1FizX6ay%2Fh7BE9H5tgTiNu6S%2FkBV29cpTFybbJ8pBR6fj3E%2FL%2BK4P6Lyp8N5cFPiKvpvtZFiNlkFvSFMtZ3NgznhjGlfda5ffKl3WcEisfh601uq1Qa7idC3YeqV5CrAj9MCZhOgDiKEiC7V67rfH3iNtVAxlGmuIM8HHzJajka3ac7jqzvjlu2p%2FOnYGuJ7aS5gkCprihO57Xlycpep0qsMgsOYv%2FbhZfXH24bSfM4oagza7GbmlT1A%3D,https://shopping-phinf.pstatic.net/main_9003631/90036316069.jpg?type=f450,2026-06-01,네이버쇼핑-건강식품-많이구매한BEST-주간-2026-06-01-12-03-53.xlsx,아이뮨랩 루마큐라 3개월,119100,,,420,4.7
naver_shopping,건강식품,naver_buy_weekly,많이구매한BEST_주간,59,비에날씬 BNR17 비엔날씬 유산균 BMR17 김희선 다이어트 유산균,비에날씬 bnr17 비엔날씬 유산균 bmr17 김희선 다이어트 유산균,뉴트라이트,45800,,0,,,2434,4.8,7.79770203551669,mid_price,low_review,mid_price,low_review,False,False,False,True,True,https://adcr.shopping.naver.com/adclk.nhn?x=eB1XiEPreKK9bzTcR6sF3%2F%2F%2F%2Fw%3D%3Dsmd8zBqMJQLjellaiFGSaxelHjPrOWjZx0d%2BfAbCirfJS0MlE9Zhp0ZdexlLGrR6%2FG7G5RJJUxF5j92Eo1iXTsoZdhCE9OcMVyJIwnPrYIuQK0ziEfw2%2FX1n2sRb2GAYeWMkho%2FmboYur%2B7CUmxZLTajOJSVeDOqmhhiLTyntJoj%2BonJyvkWzz%2FWWRREwLFjqmSOtbLV74ySOAQGpxiYjzUUfSt67gZEMLIXYUxvQswKMHnypgMYOj%2BppYy8krfLQOruYZ0qvXRqoWGVrNJGunLEI7IotpuxDsxMpzOX3afg%2FWIA9jvcPh7wp%2BthoC3OXTe2y1de4HCKa0h%2BewmwyypLQb09RkuxvU%2BjHfVGNPZwtjqcXCzC1FizX6ay%2Fh7BEqcwZoZanhESC%2Ffnk%2FpSgRTo2MNtDM%2F7YruwBoYqLQeKp8N5cFPiKvpvtZFiNlkFvDTbIvaWiEy1TTI%2Ftqc0I8MWfhz40HtfmKMaceZt%2Flu%2BH8bl%2BVntuuiKCqy7nA778C7V67rfH3iNtVAxlGmuIM8HHzJajka3ac7jqzvjlu2p%2FOnYGuJ7aS5gkCprihO57Xlycpep0qsMgsOYv%2FbhZfXH24bSfM4oagza7GbmlT1A%3D,https://shopping-phinf.pstatic.net/main_8745936/87459366397.2.jpg?type=f450,2026-06-01,네이버쇼핑-건강식품-많이구매한BEST-주간-2026-06-01-12-03-53.xlsx,비에날씬 bnr17 비엔날씬 유산균 bmr17 김희선 다이어트 유산균,45800,,,2434,4.8
naver_shopping,건강식품,naver_buy_weekly,많이구매한BEST_주간,60,[8개월분] 락티브 활성형 엽산 800 non-GMO 임산부 수유부 오은영 성분배합,락티브 활성형 엽산 800 non gmo 임산부 수유부 오은영 성분배합,락티브,72000,,0,,,12476,4.9,9.431642228411022,high_price,mid_review,mid_price,mid_review,False,False,False,True,True,https://adcr.shopping.naver.com/adclk.nhn?x=bZ0MRrFcSILUZQEhs4n%2FZf%2F%2F%2Fw%3D%3Dsmd8zBqMJQLjellaiFGSaxelHjPrOWjZx0d%2BfAbCirfJS0MlE9Zhp0ZdexlLGrR6%2FG7G5RJJUxF5j92Eo1iXTsoZdhCE9OcMVyJIwnPrYIuQK0ziEfw2%2FX1n2sRb2GAYeWMkho%2FmboYur%2B7CUmxZLTajOJSVeDOqmhhiLTyntJoiNHqPvEb8La5QcrjAIrr4o2HjKVg%2BDVx6fAoe54nnQn8Im6htKpEGDk1mvvtLpSIaMHnypgMYOj%2BppYy8krfLQOruYZ0qvXRqoWGVrNJGunLEI7IotpuxDsxMpzOX3afg%2FWIA9jvcPh7wp%2BthoC3OXTe2y1de4HCKa0h%2BewmwyypLQb09RkuxvU%2BjHfVGNPZwtjqcXCzC1FizX6ay%2Fh7BEhJ55o%2BA7dVG3rxLaekiTICzdUdUYZcygKXtdARUOG%2FCp8N5cFPiKvpvtZFiNlkFvi%2BEfPY92%2B8pk87USPAAL%2Fz0MGQb9KPYqO4VTT%2B8AAyT5asZdWR3PUDsgyY9J1qryC7V67rfH3iNtVAxlGmuIM8HHzJajka3ac7jqzvjlu2p%2FOnYGuJ7aS5gkCprihO57Xlycpep0qsMgsOYv%2FbhZfXH24bSfM4oagza7GbmlT1A%3D,https://shopping-phinf.pstatic.net/main_8826332/88263321378.23.jpg?type=f450,2026-06-01,네이버쇼핑-건강식품-많이구매한BEST-주간-2026-06-01-12-03-53.xlsx,락티브 활성형 엽산 800 non gmo 임산부 수유부 오은영 성분배합,72000,,,12476,4.9
naver_shopping,건강식품,naver_buy_weekly,많이구매한BEST_주간,61,더리얼 캐나다 알티지 rTG 오메가3 맥스 1400 초임계 2개월 EPA DHA,더리얼 캐나다 알티지 rtg 오메가3 맥스 1400 초임계 2개월 epa dha,The Real,35900,,0,,,99999,4.8,11.512925464970229,mid_price,high_review,low_price,high_review,False,False,False,True,True,https://adcr.shopping.naver.com/adclk.nhn?x=9HiB6qDRrwPR1avpX88uzP%2F%2F%2Fw%3D%3Dsmd8zBqMJQLjellaiFGSaxelHjPrOWjZx0d%2BfAbCirfJS0MlE9Zhp0ZdexlLGrR6%2FG7G5RJJUxF5j92Eo1iXTsoZdhCE9OcMVyJIwnPrYIuQK0ziEfw2%2FX1n2sRb2GAYeWMkho%2FmboYur%2B7CUmxZLTajOJSVeDOqmhhiLTyntJogGVDlv70OJKJxR%2FzcJNyO6va4NNHhSBPejYcHUA0ap1ADuiXFu5lTJPPUwy3Y1FICMHnypgMYOj%2BppYy8krfLQOruYZ0qvXRqoWGVrNJGunLEI7IotpuxDsxMpzOX3afg%2FWIA9jvcPh7wp%2BthoC3OXTe2y1de4HCKa0h%2BewmwyypLQb09RkuxvU%2BjHfVGNPZwtjqcXCzC1FizX6ay%2Fh7BEtcfH%2FFWzqECNVFBlQQES45%2FT9%2FZnKGDAzhDnEi2QRyup8N5cFPiKvpvtZFiNlkFvXnBVubtDfdskQst%2BQXevBg1u%2FgqW9%2BKOnGwzoI2tzSrBSKU4gHf80HPbtZjc%2B0IVC7V67rfH3iNtVAxlGmuIM8HHzJajka3ac7jqzvjlu2p%2FOnYGuJ7aS5gkCprihO57Xlycpep0qsMgsOYv%2FbhZfXH24bSfM4oagza7GbmlT1A%3D,https://shopping-phinf.pstatic.net/main_1143994/11439949685.52.jpg?type=f450,2026-06-01,네이버쇼핑-건강식품-많이구매한BEST-주간-2026-06-01-12-03-53.xlsx,더리얼 캐나다 알티지 rtg 오메가3 맥스 1400 초임계 2개월 epa dha,35900,,,99999,4.8
naver_shopping,건강식품,naver_buy_weekly,많이구매한BEST_주간,62,오쏘몰 이뮨 멀티비타민 30일분 동아제약 국내배송 고급 쇼핑백,오쏘몰 이뮨 멀티비타민 동아제약 고급 쇼핑백,JUNE.MARKET,77900,,0,,,696,4.9,6.546785410760524,high_price,low_review,mid_price,low_review,False,False,False,True,True,https://adcr.shopping.naver.com/adclk.nhn?x=BKx0TliAxBJLJxzqz%2FnGB%2F%2F%2F%2Fw%3D%3Dsmd8zBqMJQLjellaiFGSaxelHjPrOWjZx0d%2BfAbCirfJS0MlE9Zhp0ZdexlLGrR6%2FG7G5RJJUxF5j92Eo1iXTsoZdhCE9OcMVyJIwnPrYIuQK0ziEfw2%2FX1n2sRb2GAYeWMkho%2FmboYur%2B7CUmxZLTajOJSVeDOqmhhiLTyntJoiwB6OStH7jBnKNnx%2FDy4kiDOPNbNaq0Y2FPkLyyWYYRP5RDoer913cKG3P63bFc3eMHnypgMYOj%2BppYy8krfLQOruYZ0qvXRqoWGVrNJGunLEI7IotpuxDsxMpzOX3afg%2FWIA9jvcPh7wp%2BthoC3OXTe2y1de4HCKa0h%2BewmwyypLQb09RkuxvU%2BjHfVGNPZwtjqcXCzC1FizX6ay%2Fh7BEijYCBuB%2BfKlaP%2F%2FyrF94bRKzzWQl%2BGG8cWVPG6CX9cyp8N5cFPiKvpvtZFiNlkFv9WS6SxUnGBLbofbxOAwesH412ArjP%2BrbbjOReRYTgAzFehqaPUHxvLIHZM6Ohx5nC7V67rfH3iNtVAxlGmuIM8HHzJajka3ac7jqzvjlu2p%2FOnYGuJ7aS5gkCprihO57Xlycpep0qsMgsOYv%2FbhZfXH24bSfM4oagza7GbmlT1A%3D,https://shopping-phinf.pstatic.net/main_8962989/89629896545.4.jpg?type=f450,2026-06-01,네이버쇼핑-건강식품-많이구매한BEST-주간-2026-06-01-12-03-53.xlsx,오쏘몰 이뮨 멀티비타민 동아제약 고급 쇼핑백,77900,,,696,4.9
naver_shopping,건강식품,naver_buy_weekly,많이구매한BEST_주간,63,그레인온 골드카무트효소G,그레인온 골드카무트효소g,그레인온,24900,,0,,,29081,4.8,10.277874705073431,mid_price,high_review,low_price,mid_review,False,False,False,True,True,https://adcr.shopping.naver.com/adclk.nhn?x=jdp79Jv5HEORFXq94NZuw%2F%2F%2F%2Fw%3D%3Dsmd8zBqMJQLjellaiFGSaxelHjPrOWjZx0d%2BfAbCirfJS0MlE9Zhp0ZdexlLGrR6%2FG7G5RJJUxF5j92Eo1iXTsoZdhCE9OcMVyJIwnPrYIuQK0ziEfw2%2FX1n2sRb2GAYeWMkho%2FmboYur%2B7CUmxZLTajOJSVeDOqmhhiLTyntJoiCRIg%2FMHNeD6ZFE083OIZOkzb8r7hv1g0pbiye%2FbrPwZoMcsJRnonqqX239ATPNhmMHnypgMYOj%2BppYy8krfLQOruYZ0qvXRqoWGVrNJGunLEI7IotpuxDsxMpzOX3afg%2FWIA9jvcPh7wp%2BthoC3OXTe2y1de4HCKa0h%2BewmwyypLQb09RkuxvU%2BjHfVGNPZwtjqcXCzC1FizX6ay%2Fh7BE7MgVRnQcrEKpKFlYSE0bNMfudEkl%2F0vFRZuzEE%2BDtCWp8N5cFPiKvpvtZFiNlkFvECBU2mz4pDgCrHCT%2B9c6I7flsS5zMo54z23w%2BxFrKokaR2MeTXFgn%2FBOVqw4hcwEC7V67rfH3iNtVAxlGmuIM8HHzJajka3ac7jqzvjlu2p%2FOnYGuJ7aS5gkCprihO57Xlycpep0qsMgsOYv%2FbhZfXH24bSfM4oagza7GbmlT1A%3D,https://shopping-phinf.pstatic.net/main_8687235/86872356039.38.jpg?type=f450,2026-06-01,네이버쇼핑-건강식품-많이구매한BEST-주간-2026-06-01-12-03-53.xlsx,그레인온 골드카무트효소g,24900,,,29081,4.8
naver_shopping,건강식품,naver_buy_weekly,많이구매한BEST_주간,64,"속편한 고려은단 비타민C 1000 중성비타민C 120정, 2개 (8개월분)",속편한 고려은단 비타민c 1000 중성비타민c,고려은단몰,33900,,0,,,67529,4.9,11.120327222568887,mid_price,high_review,low_price,high_review,False,False,False,True,True,https://adcr.shopping.naver.com/adclk.nhn?x=MfJxSY1R3PlI66qqgow8aP%2F%2F%2Fw%3D%3Dsmd8zBqMJQLjellaiFGSaxelHjPrOWjZx0d%2BfAbCirfJS0MlE9Zhp0ZdexlLGrR6%2FG7G5RJJUxF5j92Eo1iXTsoZdhCE9OcMVyJIwnPrYIuQK0ziEfw2%2FX1n2sRb2GAYeWMkho%2FmboYur%2B7CUmxZLTajOJSVeDOqmhhiLTyntJojx1zdyBHZb0451XDkEcUGMyDesaVk5GKS6AF6yUVVFvpp6efUUCQQ5NAeUUL00vz6MHnypgMYOj%2BppYy8krfLQOruYZ0qvXRqoWGVrNJGunLEI7IotpuxDsxMpzOX3afg%2FWIA9jvcPh7wp%2BthoC3OXTe2y1de4HCKa0h%2BewmwyypLQb09RkuxvU%2BjHfVGNPZwtjqcXCzC1FizX6ay%2Fh7BEPqN6IxzSSNeDtoFyE4pKJaqiaPrgVysiInzz3RS2Qpep8N5cFPiKvpvtZFiNlkFvJENvjP%2BRVdrwW7eLa4LeYBH7p3vg4yzfWvVyHpmkwR4TVRfAnFYHsZhiuYDUqELlC7V67rfH3iNtVAxlGmuIM8HHzJajka3ac7jqzvjlu2p%2FOnYGuJ7aS5gkCprihO57Xlycpep0qsMgsOYv%2FbhZfXH24bSfM4oagza7GbmlT1A%3D,https://shopping-phinf.pstatic.net/main_8295494/82954947300.14.jpg?type=f450,2026-06-01,네이버쇼핑-건강식품-많이구매한BEST-주간-2026-06-01-12-03-53.xlsx,속편한 고려은단 비타민c 1000 중성비타민c,33900,,,67529,4.9
naver_shopping,건강식품,naver_buy_weekly,많이구매한BEST_주간,65,종근당건강 아이클리어 루테인 지아잔틴 아스타잔틴,종근당건강 아이클리어 루테인 지아잔틴 아스타잔틴,종근당건강,75000,,0,,,7841,4.9,8.967249182852276,high_price,mid_review,mid_price,mid_review,False,False,False,True,True,https://adcr.shopping.naver.com/adclk.nhn?x=x4z1HpFNwYSyurZuyQWKJ%2F%2F%2F%2Fw%3D%3Dsmd8zBqMJQLjellaiFGSaxelHjPrOWjZx0d%2BfAbCirfJS0MlE9Zhp0ZdexlLGrR6%2FG7G5RJJUxF5j92Eo1iXTsoZdhCE9OcMVyJIwnPrYIuQK0ziEfw2%2FX1n2sRb2GAYeWMkho%2FmboYur%2B7CUmxZLTajOJSVeDOqmhhiLTyntJoj9hQW%2FpPS5BFFsyIEP%2ByHNEg5v%2FRzLgS15Nit7fOJuzCVzX8hxnGDPe30rBED8JvmMHnypgMYOj%2BppYy8krfLQOruYZ0qvXRqoWGVrNJGunLEI7IotpuxDsxMpzOX3afg%2FWIA9jvcPh7wp%2BthoC3OXTe2y1de4HCKa0h%2BewmwyypLQb09RkuxvU%2BjHfVGNPZwtjqcXCzC1FizX6ay%2Fh7BEshKIYYUzqEj%2FHMufZ3i7%2BX0AeEVYtsoa8yyK22h2d%2Byp8N5cFPiKvpvtZFiNlkFvqL7NRk1aNIo2F9nN%2B9%2FnGrJOv%2BZbU1Rio7MlfvA0Q15cQ%2BUUAfeAxKPV7O3JTr5xC7V67rfH3iNtVAxlGmuIM8HHzJajka3ac7jqzvjlu2p%2FOnYGuJ7aS5gkCprihO57Xlycpep0qsMgsOYv%2FbhZfXH24bSfM4oagza7GbmlT1A%3D,https://shopping-phinf.pstatic.net/main_8795180/87951801816.12.jpg?type=f450,2026-06-01,네이버쇼핑-건강식품-많이구매한BEST-주간-2026-06-01-12-03-53.xlsx,종근당건강 아이클리어 루테인 지아잔틴 아스타잔틴,75000,,,7841,4.9
naver_shopping,건강식품,naver_buy_weekly,많이구매한BEST_주간,66,[네이버 단독]고려은단 메가도스 이뮨샷 30병 종합멀티비타민+아미노산+아르기닌,고려은단 메가도스 이뮨샷 종합멀티비타민 아미노산 아르기닌,고려은단몰,54900,,0,,,30859,4.9,10.337216125917152,high_price,high_review,mid_price,mid_review,False,False,False,True,True,https://adcr.shopping.naver.com/adclk.nhn?x=18LUQDt55OP2M2jW1c4tlf%2F%2F%2Fw%3D%3Dsmd8zBqMJQLjellaiFGSaxelHjPrOWjZx0d%2BfAbCirfJS0MlE9Zhp0ZdexlLGrR6%2FG7G5RJJUxF5j92Eo1iXTsoZdhCE9OcMVyJIwnPrYIuQK0ziEfw2%2FX1n2sRb2GAYeWMkho%2FmboYur%2B7CUmxZLTajOJSVeDOqmhhiLTyntJoiI%2FeSKd1WVwquvxNhmcUUlaKtd6f1eV7SzOb5JRJ%2B7Sy2TfbPgbg54BvzuWtwOWjmMHnypgMYOj%2BppYy8krfLQOruYZ0qvXRqoWGVrNJGunLEI7IotpuxDsxMpzOX3afg%2FWIA9jvcPh7wp%2BthoC3OXTe2y1de4HCKa0h%2BewmwyypLQb09RkuxvU%2BjHfVGNPZwtjqcXCzC1FizX6ay%2Fh7BEmO%2FCpHG70XqgqeUV7MIJaoxGq8TvkSZoi10monO1x6%2Bp8N5cFPiKvpvtZFiNlkFvV2R%2F%2F8rglWhj9WoZ9HV5WGzlijjrypb7VVxlV4GjNMREOWrZplQjHp3e1z82dpX5C7V67rfH3iNtVAxlGmuIM8HHzJajka3ac7jqzvjlu2p%2FOnYGuJ7aS5gkCprihO57Xlycpep0qsMgsOYv%2FbhZfXH24bSfM4oagza7GbmlT1A%3D,https://shopping-phinf.pstatic.net/main_8929534/89295346847.4.jpg?type=f450,2026-06-01,네이버쇼핑-건강식품-많이구매한BEST-주간-2026-06-01-12-03-53.xlsx,네이버 단독 고려은단 메가도스 이뮨샷 종합멀티비타민 아미노산 아르기닌,54900,,,30859,4.9
naver_shopping,건강식품,naver_buy_weekly,많이구매한BEST_주간,67,유니시티 바이오스 라이프 이에너지 E 에너지 멀티비타민 9g,유니시티 바이오스 라이프 이에너지 e 에너지 멀티비타민 9g,헬스네이션,90900,,0,,,11943,4.8,9.387984339219026,high_price,mid_review,high_price,mid_review,False,False,False,False,False,https://adcr.shopping.naver.com/adclk.nhn?x=oH0rd2yHiPU4oeiOnqFqvf%2F%2F%2Fw%3D%3Dsmd8zBqMJQLjellaiFGSaxelHjPrOWjZx0d%2BfAbCirfJS0MlE9Zhp0ZdexlLGrR6%2FG7G5RJJUxF5j92Eo1iXTsoZdhCE9OcMVyJIwnPrYIuQK0ziEfw2%2FX1n2sRb2GAYeWMkho%2FmboYur%2B7CUmxZLTajOJSVeDOqmhhiLTyntJohITj3qcg6gpwLKi55MK1o3XldmfgP6gFW6Ml5vYwZlWEL%2F%2BDoO4CD3C2zEhZTsXJOMHnypgMYOj%2BppYy8krfLQOruYZ0qvXRqoWGVrNJGunLEI7IotpuxDsxMpzOX3afg%2FWIA9jvcPh7wp%2BthoC3OXTe2y1de4HCKa0h%2BewmwyypLQb09RkuxvU%2BjHfVGNPZwtjqcXCzC1FizX6ay%2Fh7BECdjLlvqr%2FR9e7%2FTjcbUEOwX6EusrMDmMLeZ%2BGuPF74ap8N5cFPiKvpvtZFiNlkFvKYjbZ74QpH679PvaI6pXH8g6pKd3VDZvNeJa3SEGOGi%2F%2BricqFFXAwPOz7pAHgBQC7V67rfH3iNtVAxlGmuIM8HHzJajka3ac7jqzvjlu2p%2FOnYGuJ7aS5gkCprihO57Xlycpep0qsMgsOYv%2FbhZfXH24bSfM4oagza7GbmlT1A%3D,https://shopping-phinf.pstatic.net/main_8224457/82244574004.2.jpg?type=f450,2026-06-01,네이버쇼핑-건강식품-많이구매한BEST-주간-2026-06-01-12-03-53.xlsx,유니시티 바이오스 라이프 이에너지 e 에너지 멀티비타민 9g,90900,,,11943,4.8
naver_shopping,건강식품,naver_buy_weekly,많이구매한BEST_주간,68,바이오크로스 남진 쏘팔코사놀 레드 4개월분 옥타코사놀 쏘팔메토 골드,바이오크로스 남진 쏘팔코사놀 레드 옥타코사놀 쏘팔메토 골드,쏘팔코사놀,120000,,0,,,13338,4.8,9.498447354141044,high_price,mid_review,high_price,mid_review,False,False,False,True,True,https://adcr.shopping.naver.com/adclk.nhn?x=lr6VmnH%2BPVBHEJJ4DkDRM%2F%2F%2F%2Fw%3D%3Dsmd8zBqMJQLjellaiFGSaxelHjPrOWjZx0d%2BfAbCirfJS0MlE9Zhp0ZdexlLGrR6%2FG7G5RJJUxF5j92Eo1iXTsoZdhCE9OcMVyJIwnPrYIuQK0ziEfw2%2FX1n2sRb2GAYeWMkho%2FmboYur%2B7CUmxZLTajOJSVeDOqmhhiLTyntJogysJSIbuU%2FlgACv0598T3t%2F7js93ukulJrOegNhRkQXI5DSN4wdj3AyvEmsE7LNLuMHnypgMYOj%2BppYy8krfLQOruYZ0qvXRqoWGVrNJGunLEI7IotpuxDsxMpzOX3afg%2FWIA9jvcPh7wp%2BthoC3OXTe2y1de4HCKa0h%2BewmwyypLQb09RkuxvU%2BjHfVGNPZwtjqcXCzC1FizX6ay%2Fh7BEpqHOg1zWKL2UQE2rJgDwZaLzRbStINAOgT1rIYmfAYWp8N5cFPiKvpvtZFiNlkFvZz1iK5L%2BSUDf%2B0oCBDyPZ2IsRHRKhVCf5IyPPIBzEQrVcC1Ser7ZnVa7KDd2bLy5C7V67rfH3iNtVAxlGmuIM8HHzJajka3ac7jqzvjlu2p%2FOnYGuJ7aS5gkCprihO57Xlycpep0qsMgsOYv%2FbhZfXH24bSfM4oagza7GbmlT1A%3D,https://shopping-phinf.pstatic.net/main_8387801/83878019656.6.jpg?type=f450,2026-06-01,네이버쇼핑-건강식품-많이구매한BEST-주간-2026-06-01-12-03-53.xlsx,바이오크로스 남진 쏘팔코사놀 레드 옥타코사놀 쏘팔메토 골드,120000,,,13338,4.8
naver_shopping,건강식품,naver_buy_weekly,많이구매한BEST_주간,69,[손흥민 PICK] 하루틴 리포좀 비타민C,손흥민 pick 하루틴 리포좀 비타민c,하루틴 공식스토어,62900,,0,,,38515,4.8,10.558829018360175,high_price,high_review,mid_price,high_review,False,False,False,True,True,https://adcr.shopping.naver.com/adclk.nhn?x=BZSeoAs%2FCckc6k%2BEWGFsOP%2F%2F%2Fw%3D%3Dsmd8zBqMJQLjellaiFGSaxelHjPrOWjZx0d%2BfAbCirfJS0MlE9Zhp0ZdexlLGrR6%2FG7G5RJJUxF5j92Eo1iXTsoZdhCE9OcMVyJIwnPrYIuQK0ziEfw2%2FX1n2sRb2GAYeWMkho%2FmboYur%2B7CUmxZLTajOJSVeDOqmhhiLTyntJoiKDIzYl3b%2FjiZdRT1FgZ80QSqu%2B%2BOwQrSu%2BlhWsWmPn2IEd3%2FvC41tVJXznWct5iCMHnypgMYOj%2BppYy8krfLQOruYZ0qvXRqoWGVrNJGunLEI7IotpuxDsxMpzOX3afg%2FWIA9jvcPh7wp%2BthoC3OXTe2y1de4HCKa0h%2BewmwyypLQb09RkuxvU%2BjHfVGNPZwtjqcXCzC1FizX6ay%2Fh7BE4DayOXXnUqX1W25VK3Q2mpOCLAtGaqyljcRVDN7ZH4%2Bp8N5cFPiKvpvtZFiNlkFvrqlqoztDwmWk0hRnH9Xc3NbWF8QYjrqgbf5xhCU7tMGtHXAN3QXq88Cg3pDxNgizC7V67rfH3iNtVAxlGmuIM8HHzJajka3ac7jqzvjlu2p%2FOnYGuJ7aS5gkCprihO57Xlycpep0qsMgsOYv%2FbhZfXH24bSfM4oagza7GbmlT1A%3D,https://shopping-phinf.pstatic.net/main_9069924/90699246210.5.jpg?type=f450,2026-06-01,네이버쇼핑-건강식품-많이구매한BEST-주간-2026-06-01-12-03-53.xlsx,손흥민 pick 하루틴 리포좀 비타민c,62900,,,38515,4.8
naver_shopping,건강식품,naver_buy_weekly,많이구매한BEST_주간,70,뉴케어 구수한맛 클래식 1BOX + 영양간식,뉴케어 구수한맛 클래식 영양간식,대상웰라이프 본사쇼핑몰,44990,,0,,,24238,4.9,10.095718185206863,mid_price,mid_review,mid_price,mid_review,False,False,False,True,True,https://adcr.shopping.naver.com/adclk.nhn?x=VtUCm0ZiWylTsbxvPQwgx%2F%2F%2F%2Fw%3D%3Dsmd8zBqMJQLjellaiFGSaxelHjPrOWjZx0d%2BfAbCirfJS0MlE9Zhp0ZdexlLGrR6%2FG7G5RJJUxF5j92Eo1iXTsoZdhCE9OcMVyJIwnPrYIuQK0ziEfw2%2FX1n2sRb2GAYeWMkho%2FmboYur%2B7CUmxZLTajOJSVeDOqmhhiLTyntJohFmQQfMGNx0MHdLwNSTuIFK%2F86p3yLYsON%2FuQ9Vwq57TIUmCZU%2BbgAUDS6hBeUJ1SMHnypgMYOj%2BppYy8krfLQOruYZ0qvXRqoWGVrNJGunLEI7IotpuxDsxMpzOX3afg%2FWIA9jvcPh7wp%2BthoC3OXTe2y1de4HCKa0h%2BewmwyypLQb09RkuxvU%2BjHfVGNPZwtjqcXCzC1FizX6ay%2Fh7BEiG5mz87Y%2BIIZVIO%2BkezNrLO1mauzWR%2FmGLnqL9TkUUqp8N5cFPiKvpvtZFiNlkFvfmbWx4uDIZFUwUbQHMPCK9vqsYgrFt%2Bwvwch4rfTSxUP0wxW81RipD82d3By2obGC7V67rfH3iNtVAxlGmuIM8HHzJajka3ac7jqzvjlu2p%2FOnYGuJ7aS5gkCprihO57Xlycpep0qsMgsOYv%2FbhZfXH24bSfM4oagza7GbmlT1A%3D,https://shopping-phinf.pstatic.net/main_8886993/88869931074.12.jpg?type=f450,2026-06-01,네이버쇼핑-건강식품-많이구매한BEST-주간-2026-06-01-12-03-53.xlsx,뉴케어 구수한맛 클래식 영양간식,44990,,,24238,4.9
naver_shopping,건강식품,naver_buy_weekly,많이구매한BEST_주간,71,락토핏 플러스 듀얼바이오틱스 생유산균 200포 코스트코 종근당 프로바이오틱스 장 대용량,락토핏 플러스 듀얼바이오틱스 생유산균 코스트코 종근당 프로바이오틱스 장,티에스shop,31200,,0,,,9550,4.8,9.164401140034737,mid_price,mid_review,low_price,mid_review,False,False,False,True,True,https://adcr.shopping.naver.com/adclk.nhn?x=38xGeMkRW2RU1UDvsIsmUv%2F%2F%2Fw%3D%3Dsmd8zBqMJQLjellaiFGSaxelHjPrOWjZx0d%2BfAbCirfJS0MlE9Zhp0ZdexlLGrR6%2FG7G5RJJUxF5j92Eo1iXTsoZdhCE9OcMVyJIwnPrYIuQK0ziEfw2%2FX1n2sRb2GAYeWMkho%2FmboYur%2B7CUmxZLTajOJSVeDOqmhhiLTyntJogczt%2FGapjwuvOYkQR8c1rBydZ2ssOZIXPXlChVPhneUi3AJUUGdzPjsdO1zhFrHQeMHnypgMYOj%2BppYy8krfLQOruYZ0qvXRqoWGVrNJGunLEI7IotpuxDsxMpzOX3afg%2FWIA9jvcPh7wp%2BthoC3OXTe2y1de4HCKa0h%2BewmwyypLQb09RkuxvU%2BjHfVGNPZwtjqcXCzC1FizX6ay%2Fh7BEt7UhhM0XQfD3oOM5x0OibzhCgZqpCF78EWtnIrnFi9mp8N5cFPiKvpvtZFiNlkFv9UHMvUoBSrxOQsjf39KtSC5bKMadGIi7ckVoKFLcWSzuw%2FmIdb%2Bg%2BNJ9Zt5zG09%2FC7V67rfH3iNtVAxlGmuIM8HHzJajka3ac7jqzvjlu2p%2FOnYGuJ7aS5gkCprihO57Xlycpep0qsMgsOYv%2FbhZfXH24bSfM4oagza7GbmlT1A%3D,https://shopping-phinf.pstatic.net/main_8212468/82124681819.8.jpg?type=f450,2026-06-01,네이버쇼핑-건강식품-많이구매한BEST-주간-2026-06-01-12-03-53.xlsx,락토핏 플러스 듀얼바이오틱스 생유산균 코스트코 종근당 프로바이오틱스 장,31200,,,9550,4.8
naver_shopping,건강식품,naver_buy_weekly,많이구매한BEST_주간,72,순담록 녹용 진액 30포 직장인 노인 청소년 아이 어린이 녹용 즙,순담록 녹용 진액 직장인 노인 청소년 아이 어린이 녹용 즙,다모아백화점,139000,,0,,,3560,4.8,8.177796683277778,high_price,low_review,high_price,low_review,False,False,False,False,False,https://adcr.shopping.naver.com/adclk.nhn?x=OzymJPGutWjOI%2FQ61owVrf%2F%2F%2Fw%3D%3Dsmd8zBqMJQLjellaiFGSaxelHjPrOWjZx0d%2BfAbCirfJS0MlE9Zhp0ZdexlLGrR6%2FG7G5RJJUxF5j92Eo1iXTsoZdhCE9OcMVyJIwnPrYIuQK0ziEfw2%2FX1n2sRb2GAYeWMkho%2FmboYur%2B7CUmxZLTajOJSVeDOqmhhiLTyntJoj9c%2FHQOS1v6cDJk%2FlPXPnzwSE6dJdHH7UEn%2BxbJs5GiCYHVX2CfUc%2FZEfcX1Xfux%2BMHnypgMYOj%2BppYy8krfLQOruYZ0qvXRqoWGVrNJGunLEI7IotpuxDsxMpzOX3afg%2FWIA9jvcPh7wp%2BthoC3OXTe2y1de4HCKa0h%2BewmwyypLQb09RkuxvU%2BjHfVGNPZwtjqcXCzC1FizX6ay%2Fh7BE%2BRL1qxbyYklZm3dpGmB0DegAuZxfRl%2BzN6ET4LU80vWp8N5cFPiKvpvtZFiNlkFvaAQlG0%2BSQP4g4HsqsWDvplVEo%2F%2BdZnE%2BpeKrwLYM6CqwAhKrOIrGpO5LMKmXIpU3C7V67rfH3iNtVAxlGmuIM8HHzJajka3ac7jqzvjlu2p%2FOnYGuJ7aS5gkCprihO57Xlycpep0qsMgsOYv%2FbhZfXH24bSfM4oagza7GbmlT1A%3D,https://shopping-phinf.pstatic.net/main_8731805/87318055520.jpg?type=f450,2026-06-01,네이버쇼핑-건강식품-많이구매한BEST-주간-2026-06-01-12-03-53.xlsx,순담록 녹용 진액 직장인 노인 청소년 아이 어린이 녹용 즙,139000,,,3560,4.8
naver_shopping,건강식품,naver_buy_weekly,많이구매한BEST_주간,73,압타민C 비타민C 1000mg 플러스,압타민c 비타민c 1000mg 플러스,반가운 웰니스 스토어,50000,,0,,,16823,4.8,9.730561717382535,high_price,mid_review,mid_price,mid_review,False,False,False,True,True,https://adcr.shopping.naver.com/adclk.nhn?x=VyTjTRm9gtre2eebtvdVo%2F%2F%2F%2Fw%3D%3Dsmd8zBqMJQLjellaiFGSaxelHjPrOWjZx0d%2BfAbCirfJS0MlE9Zhp0ZdexlLGrR6%2FG7G5RJJUxF5j92Eo1iXTsoZdhCE9OcMVyJIwnPrYIuQK0ziEfw2%2FX1n2sRb2GAYeWMkho%2FmboYur%2B7CUmxZLTajOJSVeDOqmhhiLTyntJog%2FVxTXEuyK%2FoavyY1aiAv4pMoNteV1S%2FyhWH9Culz7jL%2FfRK1dyFG7X607Fnu5DACMHnypgMYOj%2BppYy8krfLQOruYZ0qvXRqoWGVrNJGunLEI7IotpuxDsxMpzOX3afg%2FWIA9jvcPh7wp%2BthoC3OXTe2y1de4HCKa0h%2BewmwyypLQb09RkuxvU%2BjHfVGNPZwtjqcXCzC1FizX6ay%2Fh7BEhLz00g9qE%2FxEyC4Gm87P7S%2FImBdrZ%2BQIBi04%2FvRq6KKp8N5cFPiKvpvtZFiNlkFvubtuQ84pBsvBxL9kkidMvBQ0ce0glCJviIL832wWqgpbRyfx%2BDl3GQje71qk7qkZC7V67rfH3iNtVAxlGmuIM8HHzJajka3ac7jqzvjlu2p%2FOnYGuJ7aS5gkCprihO57Xlycpep0qsMgsOYv%2FbhZfXH24bSfM4oagza7GbmlT1A%3D,https://shopping-phinf.pstatic.net/main_8851642/88516429697.4.jpg?type=f450,2026-06-01,네이버쇼핑-건강식품-많이구매한BEST-주간-2026-06-01-12-03-53.xlsx,압타민c 비타민c 1000mg 플러스,50000,,,16823,4.8
naver_shopping,건강식품,naver_buy_weekly,많이구매한BEST_주간,74,종근당 눈 루테인 지아잔틴 아스타잔틴 영양제 2개월분,종근당 눈 루테인 지아잔틴 아스타잔틴 영양제,비타헬스,28500,,0,,,1797,4.8,7.494430215031565,mid_price,low_review,low_price,low_review,False,False,False,False,False,https://adcr.shopping.naver.com/adclk.nhn?x=qPaQnurzkZ5qDz4bcB%2BBRP%2F%2F%2Fw%3D%3Dsmd8zBqMJQLjellaiFGSaxelHjPrOWjZx0d%2BfAbCirfJS0MlE9Zhp0ZdexlLGrR6%2FG7G5RJJUxF5j92Eo1iXTsoZdhCE9OcMVyJIwnPrYIuQK0ziEfw2%2FX1n2sRb2GAYeWMkho%2FmboYur%2B7CUmxZLTajOJSVeDOqmhhiLTyntJoidsQyB00Vv2fTPAtfyeBRMfKuUWqO%2F8rD3qEcoilQ9EVOQJCbkXkTZalr66z9np%2F2MHnypgMYOj%2BppYy8krfLQOruYZ0qvXRqoWGVrNJGunLEI7IotpuxDsxMpzOX3afg%2FWIA9jvcPh7wp%2BthoC3OXTe2y1de4HCKa0h%2BewmwyypLQb09RkuxvU%2BjHfVGNPZwtjqcXCzC1FizX6ay%2Fh7BEJsQDTTnfLSbj6CupjbJyf%2BVz0ddIWpuM64OC6pxyzsSp8N5cFPiKvpvtZFiNlkFvW86jI4iGh4vov5Q62dFt1KTkqagVbuNO1VcwPRPJV9EbO%2B65mQRG%2BhtHcU7DmBsKC7V67rfH3iNtVAxlGmuIM8HHzJajka3ac7jqzvjlu2p%2FOnYGuJ7aS5gkCprihO57Xlycpep0qsMgsOYv%2FbhZfXH24bSfM4oagza7GbmlT1A%3D,https://shopping-phinf.pstatic.net/main_8887959/88879592651.2.jpg?type=f450,2026-06-01,네이버쇼핑-건강식품-많이구매한BEST-주간-2026-06-01-12-03-53.xlsx,종근당 눈 루테인 지아잔틴 아스타잔틴 영양제,28500,,,1797,4.8
naver_shopping,건강식품,naver_buy_weekly,많이구매한BEST_주간,75,(최신제조) 독일PM쥬스 파워칵테일 리스토레이트 액티바이즈 피트라인 3종세트,최신제조 독일pm쥬스 파워칵테일 리스토레이트 액티바이즈 피트라인 3종세트,순수를더하다,123400,,0,,,3995,4.9,8.293049139768444,high_price,low_review,high_price,low_review,False,False,False,True,True,https://adcr.shopping.naver.com/adclk.nhn?x=lbs8M4sHNcZ6vTqQfpHFUv%2F%2F%2Fw%3D%3Dsmd8zBqMJQLjellaiFGSaxelHjPrOWjZx0d%2BfAbCirfJS0MlE9Zhp0ZdexlLGrR6%2FG7G5RJJUxF5j92Eo1iXTsoZdhCE9OcMVyJIwnPrYIuQK0ziEfw2%2FX1n2sRb2GAYeWMkho%2FmboYur%2B7CUmxZLTajOJSVeDOqmhhiLTyntJogmTbarLfz5bdhAw7riJkley%2FdnZ%2BMvUOGqRkWZm3YOltZuzd7q1Bg7X%2FRafIRL1xuMHnypgMYOj%2BppYy8krfLQOruYZ0qvXRqoWGVrNJGunLEI7IotpuxDsxMpzOX3afg%2FWIA9jvcPh7wp%2BthoC3OXTe2y1de4HCKa0h%2BewmwyypLQb09RkuxvU%2BjHfVGNPZwtjqcXCzC1FizX6ay%2Fh7BEyB8jzlVLJj59%2FgQ7NdtLV0dFGqQAY05ndnM5YBHFgMSp8N5cFPiKvpvtZFiNlkFvLJX8yJYBEkk0xwObsSEOJAXrHwy0ZNj6zaZN8cvTyUZ3WV6W0yK8i2x%2BfQXDg7VEC7V67rfH3iNtVAxlGmuIM8HHzJajka3ac7jqzvjlu2p%2FOnYGuJ7aS5gkCprihO57Xlycpep0qsMgsOYv%2FbhZfXH24bSfM4oagza7GbmlT1A%3D,https://shopping-phinf.pstatic.net/main_8712394/87123941626.18.jpg?type=f450,2026-06-01,네이버쇼핑-건강식품-많이구매한BEST-주간-2026-06-01-12-03-53.xlsx,최신제조 독일pm쥬스 파워칵테일 리스토레이트 액티바이즈 피트라인 3종세트,123400,,,3995,4.9
naver_shopping,건강식품,naver_buy_weekly,많이구매한BEST_주간,76,[네이버 단독 100일분] 닥터린 송중기 하이퍼셀 대마종자유 알파 햄프씨드오일 카나비노이드,닥터린 송중기 하이퍼셀 대마종자유 알파 햄프씨드오일 카나비노이드,닥터린 공식스토어,56900,,0,,,3856,4.8,8.257644958208228,high_price,low_review,mid_price,low_review,False,False,False,True,True,https://adcr.shopping.naver.com/adclk.nhn?x=7dtenEt27R21Nrw0HAj0fP%2F%2F%2Fw%3D%3Dsmd8zBqMJQLjellaiFGSaxelHjPrOWjZx0d%2BfAbCirfJS0MlE9Zhp0ZdexlLGrR6%2FG7G5RJJUxF5j92Eo1iXTsoZdhCE9OcMVyJIwnPrYIuQK0ziEfw2%2FX1n2sRb2GAYeWMkho%2FmboYur%2B7CUmxZLTajOJSVeDOqmhhiLTyntJojt%2F9aiN5Ef5WqKSHP%2B8pyz7LhNSeyGEbIfHWr1FcY2%2FvGsVokfrNqczBr8%2B7tCY4qMHnypgMYOj%2BppYy8krfLQOruYZ0qvXRqoWGVrNJGunLEI7IotpuxDsxMpzOX3afg%2FWIA9jvcPh7wp%2BthoC3OXTe2y1de4HCKa0h%2BewmwyypLQb09RkuxvU%2BjHfVGNPZwtjqcXCzC1FizX6ay%2Fh7BEbxyp3XnT%2FeAA6bYqtCQFx0R5G8HCoQgLkQXrFhJrC7up8N5cFPiKvpvtZFiNlkFvLtJh0MaSCoa%2Brw5Jm%2FvSfMPooYcGQ1QQRelcdO%2F1nCWunTxaPuILT1ioTjtDbDp7C7V67rfH3iNtVAxlGmuIM8HHzJajka3ac7jqzvjlu2p%2FOnYGuJ7aS5gkCprihO57Xlycpep0qsMgsOYv%2FbhZfXH24bSfM4oagza7GbmlT1A%3D,https://shopping-phinf.pstatic.net/main_9045848/90458480388.6.jpg?type=f450,2026-06-01,네이버쇼핑-건강식품-많이구매한BEST-주간-2026-06-01-12-03-53.xlsx,네이버 단독 닥터린 송중기 하이퍼셀 대마종자유 알파 햄프씨드오일 카나비노이드,56900,,,3856,4.8
naver_shopping,건강식품,naver_buy_weekly,많이구매한BEST_주간,77,"[휴온스N] 김정난 갱년기유산균YT1 메노락토 프로바이오틱스 3개월분, 90캡슐 1박스+프리미엄 징코 12일분",휴온스n 김정난 갱년기유산균yt1 메노락토 프로바이오틱스 프리미엄 징코,휴온스N,128000,,0,,,41442,4.8,10.632074268135453,high_price,high_review,high_price,high_review,False,False,False,True,True,https://adcr.shopping.naver.com/adclk.nhn?x=1sRi759dd4vzcnuXWi%2FV2v%2F%2F%2Fw%3D%3Dsmd8zBqMJQLjellaiFGSaxelHjPrOWjZx0d%2BfAbCirfJS0MlE9Zhp0ZdexlLGrR6%2FG7G5RJJUxF5j92Eo1iXTsoZdhCE9OcMVyJIwnPrYIuQK0ziEfw2%2FX1n2sRb2GAYeWMkho%2FmboYur%2B7CUmxZLTajOJSVeDOqmhhiLTyntJogEEvYGkE3am5N7RfXBf3HnytQ4KkEHd8EnxihtsyFpS8fLt991f3Tr8bIKJYA8rS2MHnypgMYOj%2BppYy8krfLQOruYZ0qvXRqoWGVrNJGunLEI7IotpuxDsxMpzOX3afg%2FWIA9jvcPh7wp%2BthoC3OXTe2y1de4HCKa0h%2BewmwyypLQb09RkuxvU%2BjHfVGNPZwtjqcXCzC1FizX6ay%2Fh7BESVhXPE98hfS1kgH6cFvP9yIdIHcvPTQoVYdfFZlDYr6p8N5cFPiKvpvtZFiNlkFvTzAaWb%2BNeYOA2%2BNgBiep%2Frzpm0afQEj9UjGPCHQpD8SUrf%2F2F%2B%2FonwCS3sG7cvMQC7V67rfH3iNtVAxlGmuIM8HHzJajka3ac7jqzvjlu2p%2FOnYGuJ7aS5gkCprihO57Xlycpep0qsMgsOYv%2FbhZfXH24bSfM4oagza7GbmlT1A%3D,https://shopping-phinf.pstatic.net/main_8254149/82541499411.77.jpg?type=f450,2026-06-01,네이버쇼핑-건강식품-많이구매한BEST-주간-2026-06-01-12-03-53.xlsx,휴온스n 김정난 갱년기유산균yt1 메노락토 프로바이오틱스 프리미엄 징코,128000,,,41442,4.8
naver_shopping,건강식품,naver_buy_weekly,많이구매한BEST_주간,78,"GNM 루테인 지아잔틴 아스타잔틴 30캡슐, 3개",gnm 루테인 지아잔틴 아스타잔틴,GNM 자연의품격,36900,,0,,,47431,4.9,10.767052385387204,mid_price,high_review,low_price,high_review,False,False,False,True,True,https://adcr.shopping.naver.com/adclk.nhn?x=Buyn33R%2FAabCUbpxn4PxTv%2F%2F%2Fw%3D%3Dsmd8zBqMJQLjellaiFGSaxelHjPrOWjZx0d%2BfAbCirfJS0MlE9Zhp0ZdexlLGrR6%2FG7G5RJJUxF5j92Eo1iXTsoZdhCE9OcMVyJIwnPrYIuQK0ziEfw2%2FX1n2sRb2GAYeWMkho%2FmboYur%2B7CUmxZLTajOJSVeDOqmhhiLTyntJoiNH08mmIpsAZSIInFWkktpT%2BXB41R3z1fG%2B6lXR%2FW1%2F0QLMQxqc%2BHJeE%2B1g8rHvy6MHnypgMYOj%2BppYy8krfLQOruYZ0qvXRqoWGVrNJGunLEI7IotpuxDsxMpzOX3afg%2FWIA9jvcPh7wp%2BthoC3OXTe2y1de4HCKa0h%2BewmwyypLQb09RkuxvU%2BjHfVGNPZwtjqcXCzC1FizX6ay%2Fh7BEE0p3uOOMzxLZVj7cmqN8uvSuq9wXHxhJbM2m44kUImap8N5cFPiKvpvtZFiNlkFvPnO01g3Us5uZkCMxAoM1kwTcgSIL0dOMdxDIf0Z7XEuC2i%2F1wHOtSeeIXF2s7%2BOvC7V67rfH3iNtVAxlGmuIM8HHzJajka3ac7jqzvjlu2p%2FOnYGuJ7aS5gkCprihO57Xlycpep0qsMgsOYv%2FbhZfXH24bSfM4oagza7GbmlT1A%3D,https://shopping-phinf.pstatic.net/main_8270424/82704246773.63.jpg?type=f450,2026-06-01,네이버쇼핑-건강식품-많이구매한BEST-주간-2026-06-01-12-03-53.xlsx,gnm 루테인 지아잔틴 아스타잔틴,36900,,,47431,4.9
naver_shopping,건강식품,naver_buy_weekly,많이구매한BEST_주간,79,"고려은단 메가도스B 비타민B 컴플렉스 60정, 3개 (6개월분)",고려은단 메가도스b 비타민b 컴플렉스,고려은단몰,47900,,0,,,34838,4.9,10.458492727913868,high_price,high_review,mid_price,high_review,False,False,False,True,True,https://adcr.shopping.naver.com/adclk.nhn?x=HG%2BBN77N2RCZf9PA8hT4sf%2F%2F%2Fw%3D%3Dsmd8zBqMJQLjellaiFGSaxelHjPrOWjZx0d%2BfAbCirfJS0MlE9Zhp0ZdexlLGrR6%2FG7G5RJJUxF5j92Eo1iXTsoZdhCE9OcMVyJIwnPrYIuQK0ziEfw2%2FX1n2sRb2GAYeWMkho%2FmboYur%2B7CUmxZLTajOJSVeDOqmhhiLTyntJogjeGJzshHpLttQviUxIhv0mnMxCUM0cFkFwn057uRF56hGIZ8pA8IfZ%2FGjPqsS%2BteMHnypgMYOj%2BppYy8krfLQOruYZ0qvXRqoWGVrNJGunLEI7IotpuxDsxMpzOX3afg%2FWIA9jvcPh7wp%2BthoC3OXTe2y1de4HCKa0h%2BewmwyypLQb09RkuxvU%2BjHfVGNPZwtjqcXCzC1FizX6ay%2Fh7BEiqIUi72oWfN5ge5Vy2xBzWEyCjh3SBFkBxchBVuJiaWp8N5cFPiKvpvtZFiNlkFvluugc211bgE7Du40KJc%2FpXLZ%2Fio3F%2BkpJPFU4A4%2Bjfx0f24E0eDZ4wG1C5KCJnSzC7V67rfH3iNtVAxlGmuIM8HHzJajka3ac7jqzvjlu2p%2FOnYGuJ7aS5gkCprihO57Xlycpep0qsMgsOYv%2FbhZfXH24bSfM4oagza7GbmlT1A%3D,https://shopping-phinf.pstatic.net/main_8555626/85556265656.10.jpg?type=f450,2026-06-01,네이버쇼핑-건강식품-많이구매한BEST-주간-2026-06-01-12-03-53.xlsx,고려은단 메가도스b 비타민b 컴플렉스,47900,,,34838,4.9
naver_shopping,건강식품,naver_buy_weekly,많이구매한BEST_주간,80,[4개월분] 락티브 미오이노시톨 앤 콜린 엽산 비타민c 비타민d,락티브 미오이노시톨 앤 콜린 엽산 비타민c 비타민d,락티브,117000,,0,,,31488,4.9,10.357393557477783,high_price,high_review,high_price,mid_review,False,False,False,False,False,https://adcr.shopping.naver.com/adclk.nhn?x=NmKCKg7snMx2RfzvrBPUFP%2F%2F%2Fw%3D%3Dsmd8zBqMJQLjellaiFGSaxelHjPrOWjZx0d%2BfAbCirfJS0MlE9Zhp0ZdexlLGrR6%2FG7G5RJJUxF5j92Eo1iXTsoZdhCE9OcMVyJIwnPrYIuQK0ziEfw2%2FX1n2sRb2GAYeWMkho%2FmboYur%2B7CUmxZLTajOJSVeDOqmhhiLTyntJojwCEEL1LSNW5lJVnGwrTWhZ6SBGuG4LmAljmRrAfnuhhIuIOfufIazL1bNXKfkQ0GMHnypgMYOj%2BppYy8krfLQOruYZ0qvXRqoWGVrNJGunLEI7IotpuxDsxMpzOX3afg%2FWIA9jvcPh7wp%2BthoC3OXTe2y1de4HCKa0h%2BewmwyypLQb09RkuxvU%2BjHfVGNPZwtjqcXCzC1FizX6ay%2Fh7BEpf2Z3Z6GWcb2do81HjXiSpCXHwW9XBm%2BNxuOL8cXEeqp8N5cFPiKvpvtZFiNlkFvKimX5fUu990af9NYfzL6jZTQj%2Bq%2BCiEFlT16VIVGGsRRsa1phhlG6kf2xPgRvCh7C7V67rfH3iNtVAxlGmuIM8HHzJajka3ac7jqzvjlu2p%2FOnYGuJ7aS5gkCprihO57Xlycpep0qsMgsOYv%2FbhZfXH24bSfM4oagza7GbmlT1A%3D,https://shopping-phinf.pstatic.net/main_8826315/88263152972.25.jpg?type=f450,2026-06-01,네이버쇼핑-건강식품-많이구매한BEST-주간-2026-06-01-12-03-53.xlsx,락티브 미오이노시톨 앤 콜린 엽산 비타민c 비타민d,117000,,,31488,4.9
naver_shopping,건강식품,naver_buy_weekly,많이구매한BEST_주간,81,종근당건강 프로메가 오메가3 트리플,종근당건강 프로메가 오메가3 트리플,종근당건강,58900,,0,,,30644,4.9,10.330224795919833,high_price,high_review,mid_price,mid_review,False,False,False,True,True,https://adcr.shopping.naver.com/adclk.nhn?x=Mvzu%2BG%2F6ccdOV33L2C%2BBsf%2F%2F%2Fw%3D%3Dsmd8zBqMJQLjellaiFGSaxelHjPrOWjZx0d%2BfAbCirfJS0MlE9Zhp0ZdexlLGrR6%2FG7G5RJJUxF5j92Eo1iXTsoZdhCE9OcMVyJIwnPrYIuQK0ziEfw2%2FX1n2sRb2GAYeWMkho%2FmboYur%2B7CUmxZLTajOJSVeDOqmhhiLTyntJoi3xmG%2FcghUpJQlXN2zmWHqz9xjJJx7%2FmGqOVuuSj7F02IFD0ZKwChVJidhx1bi%2FgCMHnypgMYOj%2BppYy8krfLQOruYZ0qvXRqoWGVrNJGunLEI7IotpuxDsxMpzOX3afg%2FWIA9jvcPh7wp%2BthoC3OXTe2y1de4HCKa0h%2BewmwyypLQb09RkuxvU%2BjHfVGNPZwtjqcXCzC1FizX6ay%2Fh7BE9hVErQqYKX6OqqxRD9%2FmlFvBDrOJjFQceG%2BA90LCL0Kp8N5cFPiKvpvtZFiNlkFvLFGATrrn4FF6grQLxf6Upy4cohVgTXkQVAdJ9596vf0Y5yg8Z4OAbaDnqt5P5N3oC7V67rfH3iNtVAxlGmuIM8HHzJajka3ac7jqzvjlu2p%2FOnYGuJ7aS5gkCprihO57Xlycpep0qsMgsOYv%2FbhZfXH24bSfM4oagza7GbmlT1A%3D,https://shopping-phinf.pstatic.net/main_8584722/85847228315.70.jpg?type=f450,2026-06-01,네이버쇼핑-건강식품-많이구매한BEST-주간-2026-06-01-12-03-53.xlsx,종근당건강 프로메가 오메가3 트리플,58900,,,30644,4.9
naver_shopping,건강식품,naver_buy_weekly,많이구매한BEST_주간,82,비토노 이왕재박사 메가 비타민C 2000mg 고함량 영국산 분말 비타민씨,비토노 이왕재박사 메가 비타민c 2000mg 고함량 영국산 분말 비타민씨,비토노헬스케어,65900,,0,,,34075,4.9,10.436348603162731,high_price,high_review,mid_price,high_review,False,False,False,True,True,https://adcr.shopping.naver.com/adclk.nhn?x=%2BvKUEWJz0emBhtsEixdIOP%2F%2F%2Fw%3D%3Dsmd8zBqMJQLjellaiFGSaxelHjPrOWjZx0d%2BfAbCirfJS0MlE9Zhp0ZdexlLGrR6%2FG7G5RJJUxF5j92Eo1iXTsoZdhCE9OcMVyJIwnPrYIuQK0ziEfw2%2FX1n2sRb2GAYeWMkho%2FmboYur%2B7CUmxZLTajOJSVeDOqmhhiLTyntJogdSZBGYDGvyo4Y9fJij7uaWdRzdT7e6KxQsoJvUFmMoGGqCcHHQL8WqRWpR%2Ft0sJaMHnypgMYOj%2BppYy8krfLQOruYZ0qvXRqoWGVrNJGunLEI7IotpuxDsxMpzOX3afg%2FWIA9jvcPh7wp%2BthoC3OXTe2y1de4HCKa0h%2BewmwyypLQb09RkuxvU%2BjHfVGNPZwtjqcXCzC1FizX6ay%2Fh7BEsGxkl%2BLYoezztAKepV95wl4ueOKwGGA5w1nT5VX%2B9l2p8N5cFPiKvpvtZFiNlkFvPHFhhTF2T88h%2FxEq5Y7NR6nVQmDi70gblhp6P%2F0L54mlsM32%2BFqH4RaZV6iBf4tIC7V67rfH3iNtVAxlGmuIM8HHzJajka3ac7jqzvjlu2p%2FOnYGuJ7aS5gkCprihO57Xlycpep0qsMgsOYv%2FbhZfXH24bSfM4oagza7GbmlT1A%3D,https://shopping-phinf.pstatic.net/main_8713015/87130153554.4.jpg?type=f450,2026-06-01,네이버쇼핑-건강식품-많이구매한BEST-주간-2026-06-01-12-03-53.xlsx,비토노 이왕재박사 메가 비타민c 2000mg 고함량 영국산 분말 비타민씨,65900,,,34075,4.9
naver_shopping,건강식품,naver_buy_weekly,많이구매한BEST_주간,83,국내발송 자로우 펨 도피러스 업그레이드 60캡슐 여성 질유산균 팸 도필러스 재로우 임산부 변비,국내발송 자로우 펨 도피러스 업그레이드 여성 질유산균 팸 도필러스 재로우 임산부 변비,레이놀즈코리아,32900,,0,,,2656,4.9,7.884952945759814,mid_price,low_review,low_price,low_review,False,False,False,True,True,https://adcr.shopping.naver.com/adclk.nhn?x=Y826gcO4L4tlZSp%2FpMlsbf%2F%2F%2Fw%3D%3Dsmd8zBqMJQLjellaiFGSaxelHjPrOWjZx0d%2BfAbCirfJS0MlE9Zhp0ZdexlLGrR6%2FG7G5RJJUxF5j92Eo1iXTsoZdhCE9OcMVyJIwnPrYIuQK0ziEfw2%2FX1n2sRb2GAYeWMkho%2FmboYur%2B7CUmxZLTajOJSVeDOqmhhiLTyntJoiEyIUNNHod7w0o%2FIVz5KbGNhrlFzTSp5a7wfmOm%2F1Bz3DILi0CUEAcuspf67LQ9DCMHnypgMYOj%2BppYy8krfLQOruYZ0qvXRqoWGVrNJGunLEI7IotpuxDsxMpzOX3afg%2FWIA9jvcPh7wp%2BthoC3OXTe2y1de4HCKa0h%2BewmwyypLQb09RkuxvU%2BjHfVGNPZwtjqcXCzC1FizX6ay%2Fh7BEsBEvomlk7iLsLijvnemxvl8f8jbTasJMRXTSnhIuz9Sp8N5cFPiKvpvtZFiNlkFvPAC7skgrVus5m5cdn0ZFX8P4d1v6a2RwqXMzqagt89U0zg91As2ERF2xS%2FDqt9D0C7V67rfH3iNtVAxlGmuIM8HHzJajka3ac7jqzvjlu2p%2FOnYGuJ7aS5gkCprihO57Xlycpep0qsMgsOYv%2FbhZfXH24bSfM4oagza7GbmlT1A%3D,https://shopping-phinf.pstatic.net/main_8978621/89786217061.9.jpg?type=f450,2026-06-01,네이버쇼핑-건강식품-많이구매한BEST-주간-2026-06-01-12-03-53.xlsx,국내발송 자로우 펨 도피러스 업그레이드 여성 질유산균 팸 도필러스 재로우 임산부 변비,32900,,,2656,4.9
naver_shopping,건강식품,naver_buy_weekly,많이구매한BEST_주간,84,[5개월] 뉴트리코어 관절연골엔 철갑상어 콘드로이친K 뮤코다당단백 저분자 WCS,5개월 뉴트리코어 관절연골엔 철갑상어 콘드로이친k 뮤코다당단백 저분자 wcs,뉴트리코어,276000,,0,,,26658,4.8,10.19088208365186,high_price,high_review,high_price,mid_review,False,False,False,False,False,https://adcr.shopping.naver.com/adclk.nhn?x=yLRllFew73ZOPrWGt7l%2Fvf%2F%2F%2Fw%3D%3Dsmd8zBqMJQLjellaiFGSaxelHjPrOWjZx0d%2BfAbCirfJS0MlE9Zhp0ZdexlLGrR6%2FG7G5RJJUxF5j92Eo1iXTsoZdhCE9OcMVyJIwnPrYIuQK0ziEfw2%2FX1n2sRb2GAYeWMkho%2FmboYur%2B7CUmxZLTajOJSVeDOqmhhiLTyntJoikfkR39903ac3vXSpcmuR4doFF2we1LWnp0igKZyICLbsS%2FuDCYmnOcmnz6puPZOaMHnypgMYOj%2BppYy8krfLQOruYZ0qvXRqoWGVrNJGunLEI7IotpuxDsxMpzOX3afg%2FWIA9jvcPh7wp%2BthoC3OXTe2y1de4HCKa0h%2BewmwyypLQb09RkuxvU%2BjHfVGNPZwtjqcXCzC1FizX6ay%2Fh7BE6%2BgyQx%2BjEm1JpAn8l20k8qMDrVOqwuJEW8CTXwLpEAup8N5cFPiKvpvtZFiNlkFvpVi1clirpuLsvP6GeZcAqdQzDGYMM1R3w6SaIZxOIZakrlP5ik02NJXMK9uly73NC7V67rfH3iNtVAxlGmuIM8HHzJajka3ac7jqzvjlu2p%2FOnYGuJ7aS5gkCprihO57Xlycpep0qsMgsOYv%2FbhZfXH24bSfM4oagza7GbmlT1A%3D,https://shopping-phinf.pstatic.net/main_8749850/87498503173.21.jpg?type=f450,2026-06-01,네이버쇼핑-건강식품-많이구매한BEST-주간-2026-06-01-12-03-53.xlsx,5개월 뉴트리코어 관절연골엔 철갑상어 콘드로이친k 뮤코다당단백 저분자 wcs,276000,,,26658,4.8
naver_shopping,건강식품,naver_buy_weekly,많이구매한BEST_주간,85,활기담 풍천 장어즙 장어 잔액 엑기스 30포,활기담 풍천 장어즙 장어 잔액 엑기스,아몽제이,129000,,0,,,4876,4.9,8.492285555710053,high_price,low_review,high_price,low_review,False,False,False,False,False,https://adcr.shopping.naver.com/adclk.nhn?x=tiZgPNVe4bdYfBa6JYPx8P%2F%2F%2Fw%3D%3Dsmd8zBqMJQLjellaiFGSaxelHjPrOWjZx0d%2BfAbCirfJS0MlE9Zhp0ZdexlLGrR6%2FG7G5RJJUxF5j92Eo1iXTsoZdhCE9OcMVyJIwnPrYIuQK0ziEfw2%2FX1n2sRb2GAYeWMkho%2FmboYur%2B7CUmxZLTajOJSVeDOqmhhiLTyntJojmJhJfu2dm9Ht%2BUD35jl7CcEthTK%2Fy4b4vlBDeJjS3DhvRUXi2pGXGBL%2FOIMVYh0KMHnypgMYOj%2BppYy8krfLQOruYZ0qvXRqoWGVrNJGunLEI7IotpuxDsxMpzOX3afg%2FWIA9jvcPh7wp%2BthoC3OXTe2y1de4HCKa0h%2BewmwyypLQb09RkuxvU%2BjHfVGNPZwtjqcXCzC1FizX6ay%2Fh7BEbKe0m01aQoXd8q6Sxtavdpz2zHBt%2BgGpHTmvcOA19OOp8N5cFPiKvpvtZFiNlkFvZf7dUOmjIooQPKQYTyWXBdqI8E8shVjfhczFfehkCA2byVaKdz7Us%2Feyng4hVt5bC7V67rfH3iNtVAxlGmuIM8HHzJajka3ac7jqzvjlu2p%2FOnYGuJ7aS5gkCprihO57Xlycpep0qsMgsOYv%2FbhZfXH24bSfM4oagza7GbmlT1A%3D,https://shopping-phinf.pstatic.net/main_8371714/83717147453.12.jpg?type=f450,2026-06-01,네이버쇼핑-건강식품-많이구매한BEST-주간-2026-06-01-12-03-53.xlsx,활기담 풍천 장어즙 장어 잔액 엑기스,129000,,,4876,4.9
naver_shopping,건강식품,naver_buy_weekly,많이구매한BEST_주간,86,"고려은단 퓨어 밀크씨슬 180정, 1개 (6개월분)",고려은단 퓨어 밀크씨슬,고려은단몰,24900,,0,,,42551,4.9,10.658482136422153,mid_price,high_review,low_price,high_review,False,False,False,False,False,https://adcr.shopping.naver.com/adclk.nhn?x=WsVUGFgTvUagAigJpzoG8v%2F%2F%2Fw%3D%3Dsmd8zBqMJQLjellaiFGSaxelHjPrOWjZx0d%2BfAbCirfJS0MlE9Zhp0ZdexlLGrR6%2FG7G5RJJUxF5j92Eo1iXTsoZdhCE9OcMVyJIwnPrYIuQK0ziEfw2%2FX1n2sRb2GAYeWMkho%2FmboYur%2B7CUmxZLTajOJSVeDOqmhhiLTyntJoinH3fUJdLUJK7%2Fs4H9yhRFjzVEsqZifuD2iL4BcAZCnhjNcB8%2FWJ0QzwW031rEyRSMHnypgMYOj%2BppYy8krfLQOruYZ0qvXRqoWGVrNJGunLEI7IotpuxDsxMpzOX3afg%2FWIA9jvcPh7wp%2BthoC3OXTe2y1de4HCKa0h%2BewmwyypLQb09RkuxvU%2BjHfVGNPZwtjqcXCzC1FizX6ay%2Fh7BEpYF0DeucpDWE6zGnrmPYeKQEGOolssTDrh80K72vHQup8N5cFPiKvpvtZFiNlkFv48k6yNFy2JYUFOwk4niBVnMBjqc%2FKrGGPYIGNF%2BgeostZidr%2FHd4WpxGpnjsFrFUC7V67rfH3iNtVAxlGmuIM8HHzJajka3ac7jqzvjlu2p%2FOnYGuJ7aS5gkCprihO57Xlycpep0qsMgsOYv%2FbhZfXH24bSfM4oagza7GbmlT1A%3D,https://shopping-phinf.pstatic.net/main_8878752/88787528996.5.jpg?type=f450,2026-06-01,네이버쇼핑-건강식품-많이구매한BEST-주간-2026-06-01-12-03-53.xlsx,고려은단 퓨어 밀크씨슬,24900,,,42551,4.9
naver_shopping,건강식품,naver_buy_weekly,많이구매한BEST_주간,87,암웨이 더블엑스 리필 종합 비타민 무기질,암웨이 더블엑스 리필 종합 비타민 무기질,NATUREMARKET,67500,,0,,,4308,4.9,8.368461137615839,high_price,low_review,mid_price,low_review,False,False,False,True,True,https://adcr.shopping.naver.com/adclk.nhn?x=1o%2Bfl%2BffLmjhL29aS5a0kf%2F%2F%2Fw%3D%3Dsmd8zBqMJQLjellaiFGSaxelHjPrOWjZx0d%2BfAbCirfJS0MlE9Zhp0ZdexlLGrR6%2FG7G5RJJUxF5j92Eo1iXTsoZdhCE9OcMVyJIwnPrYIuQK0ziEfw2%2FX1n2sRb2GAYeWMkho%2FmboYur%2B7CUmxZLTajOJSVeDOqmhhiLTyntJoi%2BztwjG9GBbNJQv2s7CIOW9fp5ug9TtMvCunbWupH608JfU7uPfgahZ%2Fc9h2mqZ7KMHnypgMYOj%2BppYy8krfLQOruYZ0qvXRqoWGVrNJGunLEI7IotpuxDsxMpzOX3afg%2FWIA9jvcPh7wp%2BthoC3OXTe2y1de4HCKa0h%2BewmwyypLQb09RkuxvU%2BjHfVGNPZwtjqcXCzC1FizX6ay%2Fh7BEn5%2F8Wov5OY37SmqiAZdnL8OqH2m9fItZwUV%2BxxqeDq%2Bp8N5cFPiKvpvtZFiNlkFv1LHS1JNHhM0V4AJeeQ5fp7ak4KFC941fNVp7Tstzcv2aDWOR%2BzyOB4CYF6zDa%2F2nC7V67rfH3iNtVAxlGmuIM8HHzJajka3ac7jqzvjlu2p%2FOnYGuJ7aS5gkCprihO57Xlycpep0qsMgsOYv%2FbhZfXH24bSfM4oagza7GbmlT1A%3D,https://shopping-phinf.pstatic.net/main_8622001/86220013560.7.jpg?type=f450,2026-06-01,네이버쇼핑-건강식품-많이구매한BEST-주간-2026-06-01-12-03-53.xlsx,암웨이 더블엑스 리필 종합 비타민 무기질,67500,,,4308,4.9
naver_shopping,건강식품,naver_buy_weekly,많이구매한BEST_주간,88,사계명원 청명진액 BEST 4박스 60스틱 칼슘마그네슘비타민D 녹용 특허성분 킬슘진액,사계명원 청명진액 best 칼슘마그네슘비타민d 녹용 특허성분 킬슘진액,사계명원,106000,,0,,,523,4.7,6.261491684321042,high_price,low_review,high_price,low_review,False,False,False,True,True,https://adcr.shopping.naver.com/adclk.nhn?x=104Xfh%2Bx9GyqWzFuVnkdeP%2F%2F%2Fw%3D%3Dsmd8zBqMJQLjellaiFGSaxelHjPrOWjZx0d%2BfAbCirfJS0MlE9Zhp0ZdexlLGrR6%2FG7G5RJJUxF5j92Eo1iXTsoZdhCE9OcMVyJIwnPrYIuQK0ziEfw2%2FX1n2sRb2GAYeWMkho%2FmboYur%2B7CUmxZLTajOJSVeDOqmhhiLTyntJog14tXdjpbLRT2MIhzc5B42yN5wMq6EQTB8yAYN0kt7sBIyMJIvTTJc4XUnLFZAbyWMHnypgMYOj%2BppYy8krfLQOruYZ0qvXRqoWGVrNJGunLEI7IotpuxDsxMpzOX3afg%2FWIA9jvcPh7wp%2BthoC3OXTe2y1de4HCKa0h%2BewmwyypLQb09RkuxvU%2BjHfVGNPZwtjqcXCzC1FizX6ay%2Fh7BEyr07CuLO3uDyXnY5ZV%2FSxq6TrHkVbn4tSbvOSKxDOI6p8N5cFPiKvpvtZFiNlkFvvqDAGuFqyXY3kohjJYtFNaf7%2FHYcdkKVh3jyoVBdc2Vmc8GPbRUtILX82U5YuBILC7V67rfH3iNtVAxlGmuIM8HHzJajka3ac7jqzvjlu2p%2FOnYGuJ7aS5gkCprihO57Xlycpep0qsMgsOYv%2FbhZfXH24bSfM4oagza7GbmlT1A%3D,https://shopping-phinf.pstatic.net/main_8759216/87592169439.jpg?type=f450,2026-06-01,네이버쇼핑-건강식품-많이구매한BEST-주간-2026-06-01-12-03-53.xlsx,사계명원 청명진액 best 칼슘마그네슘비타민d 녹용 특허성분 킬슘진액,106000,,,523,4.7
naver_shopping,건강식품,naver_buy_weekly,많이구매한BEST_주간,89,솔티스 간 프로텍션 쉬잔세틴 개별인정원료,솔티스 간 프로텍션 쉬잔세틴 개별인정원료,Soltice,50700,,0,,,1145,4.7,7.044032897274685,high_price,low_review,mid_price,low_review,False,False,False,True,True,https://adcr.shopping.naver.com/adclk.nhn?x=MA%2FS%2B%2FelUV%2FNbc8GLDLbM%2F%2F%2F%2Fw%3D%3Dsmd8zBqMJQLjellaiFGSaxelHjPrOWjZx0d%2BfAbCirfJS0MlE9Zhp0ZdexlLGrR6%2FG7G5RJJUxF5j92Eo1iXTsoZdhCE9OcMVyJIwnPrYIuQK0ziEfw2%2FX1n2sRb2GAYeWMkho%2FmboYur%2B7CUmxZLTajOJSVeDOqmhhiLTyntJoj8Vucr9dww8BbKXU44IjCnJWaqkBf2ffdtqiWZZ3mQtvN14S9iw9EB6hvQtdBuHV%2BMHnypgMYOj%2BppYy8krfLQOruYZ0qvXRqoWGVrNJGunLEI7IotpuxDsxMpzOX3afg%2FWIA9jvcPh7wp%2BthoC3OXTe2y1de4HCKa0h%2BewmwyypLQb09RkuxvU%2BjHfVGNPZwtjqcXCzC1FizX6ay%2Fh7BEHg7HMW68Ww8BC%2BWg5HnoB6qspOuK4eoAAHlZ9w2GRmCp8N5cFPiKvpvtZFiNlkFvwqckPJIPU3Hg5bKasNZKNCxc0wd1NJWPKVecSfYibvJ78Nia8SlQmHDHX4l9mB56C7V67rfH3iNtVAxlGmuIM8HHzJajka3ac7jqzvjlu2p%2FOnYGuJ7aS5gkCprihO57Xlycpep0qsMgsOYv%2FbhZfXH24bSfM4oagza7GbmlT1A%3D,https://shopping-phinf.pstatic.net/main_9030398/90303989799.1.jpg?type=f450,2026-06-01,네이버쇼핑-건강식품-많이구매한BEST-주간-2026-06-01-12-03-53.xlsx,솔티스 간 프로텍션 쉬잔세틴 개별인정원료,50700,,,1145,4.7
naver_shopping,건강식품,naver_buy_weekly,많이구매한BEST_주간,90,안국약품 토비콤 루테인 지아잔틴 아스타잔틴 루지아,안국약품 토비콤 루테인 지아잔틴 아스타잔틴 루지아,안국약품,51000,,0,,,6328,4.8,8.752897524775305,high_price,mid_review,mid_price,low_review,False,False,False,True,True,https://adcr.shopping.naver.com/adclk.nhn?x=peBvCdHE1fuJlPqaoaLTEf%2F%2F%2Fw%3D%3Dsmd8zBqMJQLjellaiFGSaxelHjPrOWjZx0d%2BfAbCirfJS0MlE9Zhp0ZdexlLGrR6%2FG7G5RJJUxF5j92Eo1iXTsoZdhCE9OcMVyJIwnPrYIuQK0ziEfw2%2FX1n2sRb2GAYeWMkho%2FmboYur%2B7CUmxZLTajOJSVeDOqmhhiLTyntJohrUTB%2F%2Bda1qwT737HoZWFOj0L4elgFFrNXhNJ3G7BfMxB%2FzeDIiVoLPMyX1tSUj7SMHnypgMYOj%2BppYy8krfLQOruYZ0qvXRqoWGVrNJGunLEI7IotpuxDsxMpzOX3afg%2FWIA9jvcPh7wp%2BthoC3OXTe2y1de4HCKa0h%2BewmwyypLQb09RkuxvU%2BjHfVGNPZwtjqcXCzC1FizX6ay%2Fh7BEBQBNfeBhdcvSyZNoPWMb9YK%2B%2FMboGZDIt5d7Rb42F1ep8N5cFPiKvpvtZFiNlkFvnDC67jvUf0rOK4vxiUQXPnvW1T82vHsbr5ywTJZEqi0QFqrsP7q6HCVlcX1fGWrfC7V67rfH3iNtVAxlGmuIM8HHzJajka3ac7jqzvjlu2p%2FOnYGuJ7aS5gkCprihO57Xlycpep0qsMgsOYv%2FbhZfXH24bSfM4oagza7GbmlT1A%3D,https://shopping-phinf.pstatic.net/main_8953251/89532514985.18.jpg?type=f450,2026-06-01,네이버쇼핑-건강식품-많이구매한BEST-주간-2026-06-01-12-03-53.xlsx,안국약품 토비콤 루테인 지아잔틴 아스타잔틴 루지아,51000,,,6328,4.8
naver_shopping,건강식품,naver_buy_weekly,많이구매한BEST_주간,91,2+1 똑키즈 오메가3 어린이 아기 오메가3+맛보기 젤리 1680mgx30개,2 1 똑키즈 오메가3 어린이 아기 오메가3 맛보기 젤리 1680mgx30개,GOODing,80400,,0,,,12707,4.9,9.449986995389407,high_price,mid_review,high_price,mid_review,False,False,False,False,False,https://adcr.shopping.naver.com/adclk.nhn?x=KYvuNgpjiUy0T%2ByWouKjKf%2F%2F%2Fw%3D%3Dsmd8zBqMJQLjellaiFGSaxelHjPrOWjZx0d%2BfAbCirfJS0MlE9Zhp0ZdexlLGrR6%2FG7G5RJJUxF5j92Eo1iXTsoZdhCE9OcMVyJIwnPrYIuQK0ziEfw2%2FX1n2sRb2GAYeWMkho%2FmboYur%2B7CUmxZLTajOJSVeDOqmhhiLTyntJoii1fawd0w2x5BqZnFPRi8yLmjANC41yMiA4BXsQLjTH7lRSMZpIx4tDbYII4zIHq%2BMHnypgMYOj%2BppYy8krfLQOruYZ0qvXRqoWGVrNJGunLEI7IotpuxDsxMpzOX3afg%2FWIA9jvcPh7wp%2BthoC3OXTe2y1de4HCKa0h%2BewmwyypLQb09RkuxvU%2BjHfVGNPZwtjqcXCzC1FizX6ay%2Fh7BEAvONQic4Rn5E2Jmtee720tHWZG5QonCPJ4vsIkZ72FCp8N5cFPiKvpvtZFiNlkFvlAOxkQvFBtdAXP2SwQP5GbfshqBC6ywjl4m%2FXYxDrMuluqe%2FNyePPCMkMFy7StlzC7V67rfH3iNtVAxlGmuIM8HHzJajka3ac7jqzvjlu2p%2FOnYGuJ7aS5gkCprihO57Xlycpep0qsMgsOYv%2FbhZfXH24bSfM4oagza7GbmlT1A%3D,https://shopping-phinf.pstatic.net/main_8321817/83218175922.30.jpg?type=f450,2026-06-01,네이버쇼핑-건강식품-많이구매한BEST-주간-2026-06-01-12-03-53.xlsx,2 1 똑키즈 오메가3 어린이 아기 오메가3 맛보기 젤리 1680mgx30개,80400,,,12707,4.9
naver_shopping,건강식품,naver_buy_weekly,많이구매한BEST_주간,92,"닥터파이토 덴티백 구강유산균 BLIS M18 프로바이오틱스, 잇몸, 입속",닥터파이토 덴티백 구강유산균 blis m18 프로바이오틱스 잇몸 입속,닥터파이토,123000,,0,,,8821,4.8,9.085003880664885,high_price,mid_review,high_price,mid_review,False,False,False,False,False,https://adcr.shopping.naver.com/adclk.nhn?x=uORP%2Brr4WQjiUz1c6O5UqP%2F%2F%2Fw%3D%3Dsmd8zBqMJQLjellaiFGSaxelHjPrOWjZx0d%2BfAbCirfJS0MlE9Zhp0ZdexlLGrR6%2FG7G5RJJUxF5j92Eo1iXTsoZdhCE9OcMVyJIwnPrYIuQK0ziEfw2%2FX1n2sRb2GAYeWMkho%2FmboYur%2B7CUmxZLTajOJSVeDOqmhhiLTyntJojypvNj9tN9xAtlXZQ15i8HKAtt2V%2BO6kaLSfsA5zgL%2BIA7%2FuZL62uoYTGyceczKMOMHnypgMYOj%2BppYy8krfLQOruYZ0qvXRqoWGVrNJGunLEI7IotpuxDsxMpzOX3afg%2FWIA9jvcPh7wp%2BthoC3OXTe2y1de4HCKa0h%2BewmwyypLQb09RkuxvU%2BjHfVGNPZwtjqcXCzC1FizX6ay%2Fh7BEibqLW5%2FClel6ApFz3WpLtGyQzCKUVPwgudrFgAqtVGip8N5cFPiKvpvtZFiNlkFv9gPTZqDD1jrWbnfDWt%2B2pW11LJSFoziUWcUjtxyzbFxt0Kj0DFqUikwE9E4X23QZC7V67rfH3iNtVAxlGmuIM8HHzJajka3ac7jqzvjlu2p%2FOnYGuJ7aS5gkCprihO57Xlycpep0qsMgsOYv%2FbhZfXH24bSfM4oagza7GbmlT1A%3D,https://shopping-phinf.pstatic.net/main_8653516/86535169820.24.jpg?type=f450,2026-06-01,네이버쇼핑-건강식품-많이구매한BEST-주간-2026-06-01-12-03-53.xlsx,닥터파이토 덴티백 구강유산균 blis m18 프로바이오틱스 잇몸 입속,123000,,,8821,4.8
naver_shopping,건강식품,naver_buy_weekly,많이구매한BEST_주간,93,종근당 칼마디 칼슘 마그네슘 비타민d 아연 영양제 임산부 3개월분,종근당 칼마디 칼슘 마그네슘 비타민d 아연 영양제 임산부,비타헬스,15900,,0,,,4471,4.9,8.405591014834934,low_price,low_review,low_price,low_review,False,False,False,False,False,https://adcr.shopping.naver.com/adclk.nhn?x=c10GPuIxJvzOy2d%2Bi%2B215P%2F%2F%2Fw%3D%3Dsmd8zBqMJQLjellaiFGSaxelHjPrOWjZx0d%2BfAbCirfJS0MlE9Zhp0ZdexlLGrR6%2FG7G5RJJUxF5j92Eo1iXTsoZdhCE9OcMVyJIwnPrYIuQK0ziEfw2%2FX1n2sRb2GAYeWMkho%2FmboYur%2B7CUmxZLTajOJSVeDOqmhhiLTyntJoj%2BIKOTnB11Xdiscmv3aV7bbzWGQlIFBHu3zSAt%2B5JbnlUaiPYWidz0zHByZpmWjT%2BMHnypgMYOj%2BppYy8krfLQOruYZ0qvXRqoWGVrNJGunLEI7IotpuxDsxMpzOX3afg%2FWIA9jvcPh7wp%2BthoC3OXTe2y1de4HCKa0h%2BewmwyypLQb09RkuxvU%2BjHfVGNPZwtjqcXCzC1FizX6ay%2Fh7BEDaicLtG6EzX%2B5doJhQ4n7f5jk8B1hSLhKvZksZJTqZCp8N5cFPiKvpvtZFiNlkFv5fnYHb409gQy6QlT%2F%2FaRMc68MUh%2BT%2Ba7bRUK%2FhP%2FPeMYELjU2oxHKtJV4cR5%2FOsAC7V67rfH3iNtVAxlGmuIM8HHzJajka3ac7jqzvjlu2p%2FOnYGuJ7aS5gkCprihO57Xlycpep0qsMgsOYv%2FbhZfXH24bSfM4oagza7GbmlT1A%3D,https://shopping-phinf.pstatic.net/main_8427695/84276951229.5.jpg?type=f450,2026-06-01,네이버쇼핑-건강식품-많이구매한BEST-주간-2026-06-01-12-03-53.xlsx,종근당 칼마디 칼슘 마그네슘 비타민d 아연 영양제 임산부,15900,,,4471,4.9
naver_shopping,건강식품,naver_buy_weekly,많이구매한BEST_주간,94,[슈퍼적립] 솔티스 눈 프로텍션 프로S3 3박스 눈 건강,슈퍼적립 솔티스 눈 프로텍션 프로s3 눈 건강,Soltice,38700,,0,,,8809,4.7,9.083642718930225,mid_price,mid_review,low_price,mid_review,False,False,False,True,True,https://adcr.shopping.naver.com/adclk.nhn?x=AEbIuVPocs7yQpcs%2F98cuP%2F%2F%2Fw%3D%3Dsmd8zBqMJQLjellaiFGSaxelHjPrOWjZx0d%2BfAbCirfJS0MlE9Zhp0ZdexlLGrR6%2FG7G5RJJUxF5j92Eo1iXTsoZdhCE9OcMVyJIwnPrYIuQK0ziEfw2%2FX1n2sRb2GAYeWMkho%2FmboYur%2B7CUmxZLTajOJSVeDOqmhhiLTyntJogMa5IGesJHm3yOAHnHS86BC1JJMu4ELy9ydvMjdFQF4u0x4a0f5SmvmiXOp1cEl2aMHnypgMYOj%2BppYy8krfLQOruYZ0qvXRqoWGVrNJGunLEI7IotpuxDsxMpzOX3afg%2FWIA9jvcPh7wp%2BthoC3OXTe2y1de4HCKa0h%2BewmwyypLQb09RkuxvU%2BjHfVGNPZwtjqcXCzC1FizX6ay%2Fh7BE%2FRzdnshutF7r0C8d5nl8ImVm6Eh16g%2FvVWbuTVkQsLWp8N5cFPiKvpvtZFiNlkFvj5fD4TxnEYM0WqWnP9k9H0v29fzEbVbJldtILI4LrhGHrP%2BV4vjdYkC6IbWBIljqC7V67rfH3iNtVAxlGmuIM8HHzJajka3ac7jqzvjlu2p%2FOnYGuJ7aS5gkCprihO57Xlycpep0qsMgsOYv%2FbhZfXH24bSfM4oagza7GbmlT1A%3D,https://shopping-phinf.pstatic.net/main_8837397/88373978067.16.jpg?type=f450,2026-06-01,네이버쇼핑-건강식품-많이구매한BEST-주간-2026-06-01-12-03-53.xlsx,슈퍼적립 솔티스 눈 프로텍션 프로s3 눈 건강,38700,,,8809,4.7
naver_shopping,건강식품,naver_buy_weekly,많이구매한BEST_주간,95,"고려은단 메가도스C 비타민C 3000mg X 100포 (300g), 1개",고려은단 메가도스c 비타민c 3000mg x 300g,고려은단몰,25900,,0,,,99999,4.9,11.512925464970229,mid_price,high_review,low_price,high_review,False,False,True,True,True,https://adcr.shopping.naver.com/adclk.nhn?x=Ziaiwcb7RTfFwxpkIAqO7%2F%2F%2F%2Fw%3D%3Dsmd8zBqMJQLjellaiFGSaxelHjPrOWjZx0d%2BfAbCirfJS0MlE9Zhp0ZdexlLGrR6%2FG7G5RJJUxF5j92Eo1iXTsoZdhCE9OcMVyJIwnPrYIuQK0ziEfw2%2FX1n2sRb2GAYeWMkho%2FmboYur%2B7CUmxZLTajOJSVeDOqmhhiLTyntJogbA8JsUkwDT%2Fo22m5Fb1L70rNgvDnh0KYSE%2FDgzdhDhRJ6Mp1lX8ak5f%2BV9t%2F0rOqMHnypgMYOj%2BppYy8krfLQOruYZ0qvXRqoWGVrNJGunLEI7IotpuxDsxMpzOX3afg%2FWIA9jvcPh7wp%2BthoC3OXTe2y1de4HCKa0h%2BewmwyypLQb09RkuxvU%2BjHfVGNPZwtjqcXCzC1FizX6ay%2Fh7BEckGFJJFgYVn8tZraKvZ01Q1KSI7shY5N3grMPuh0VHmp8N5cFPiKvpvtZFiNlkFvU7mpNK8Nh%2Fjjiz94y9hAfqSq0i6DdfuZnEhtPKLHnfe4q6hk8EPYVtU2rJf8sLcnC7V67rfH3iNtVAxlGmuIM8HHzJajka3ac7jqzvjlu2p%2FOnYGuJ7aS5gkCprihO57Xlycpep0qsMgsOYv%2FbhZfXH24bSfM4oagza7GbmlT1A%3D,https://shopping-phinf.pstatic.net/main_8276527/82765277167.20.jpg?type=f450,2026-06-01,네이버쇼핑-건강식품-많이구매한BEST-주간-2026-06-01-12-03-53.xlsx,고려은단 메가도스c 비타민c 3000mg x 300g,25900,,,99999,4.9
naver_shopping,건강식품,naver_buy_weekly,많이구매한BEST_주간,96,[장사의신 장신몰] 올인원 영양제 칼슘 마그네슘 미네랄 멀티 비타민 23종 1450mg x 60정,장사의신 장신몰 올인원 영양제 칼슘 마그네슘 미네랄 멀티 비타민 23종 1450mg x,장사의신몰,11900,,0,,,4462,4.9,8.40357646462927,low_price,low_review,low_price,low_review,False,False,False,True,True,https://adcr.shopping.naver.com/adclk.nhn?x=Ns08ljPw84wkJxV5v3ZxN%2F%2F%2F%2Fw%3D%3Dsmd8zBqMJQLjellaiFGSaxelHjPrOWjZx0d%2BfAbCirfJS0MlE9Zhp0ZdexlLGrR6%2FG7G5RJJUxF5j92Eo1iXTsoZdhCE9OcMVyJIwnPrYIuQK0ziEfw2%2FX1n2sRb2GAYeWMkho%2FmboYur%2B7CUmxZLTajOJSVeDOqmhhiLTyntJoin5JD12%2BbO%2BoqF%2BBCki1swrA81uC0juiPzqrc8ESLg3rGfY6IuawIgvDbjVrxRN4GMHnypgMYOj%2BppYy8krfLQOruYZ0qvXRqoWGVrNJGunLEI7IotpuxDsxMpzOX3afg%2FWIA9jvcPh7wp%2BthoC3OXTe2y1de4HCKa0h%2BewmwyypLQb09RkuxvU%2BjHfVGNPZwtjqcXCzC1FizX6ay%2Fh7BEtTZ5qgh5vLFB2nSqenm4EjXb8MknnhJLO2b6vZfIDZep8N5cFPiKvpvtZFiNlkFvTGc27xYtt6lQ%2FRKDCllBolGyI8kVD6XrJPmBslqIhENmI66i9nM9iQN%2FEZYK2TUfC7V67rfH3iNtVAxlGmuIM8HHzJajka3ac7jqzvjlu2p%2FOnYGuJ7aS5gkCprihO57Xlycpep0qsMgsOYv%2FbhZfXH24bSfM4oagza7GbmlT1A%3D,https://shopping-phinf.pstatic.net/main_9072566/90725663778.jpg?type=f450,2026-06-01,네이버쇼핑-건강식품-많이구매한BEST-주간-2026-06-01-12-03-53.xlsx,장사의신 장신몰 올인원 영양제 칼슘 마그네슘 미네랄 멀티 비타민 23종 1450mg x,11900,,,4462,4.9
naver_shopping,건강식품,naver_buy_weekly,많이구매한BEST_주간,97,닥터린 관절엔 DEM 디이엠 플러스 1개월분 난막,닥터린 관절엔 dem 디이엠 플러스 난막,닥터린 공식스토어,63000,,0,,,35,4.8,3.58351893845611,high_price,low_review,mid_price,low_review,False,False,False,False,False,https://adcr.shopping.naver.com/adclk.nhn?x=KOoffrnuSBLUZ8RELhZYQv%2F%2F%2Fw%3D%3Dsmd8zBqMJQLjellaiFGSaxelHjPrOWjZx0d%2BfAbCirfJS0MlE9Zhp0ZdexlLGrR6%2FG7G5RJJUxF5j92Eo1iXTsoZdhCE9OcMVyJIwnPrYIuQK0ziEfw2%2FX1n2sRb2GAYeWMkho%2FmboYur%2B7CUmxZLTajOJSVeDOqmhhiLTyntJoiBOOyEMN3AqteRp%2FR5ON7bcX9KJE%2FS3jxJwowHrpfBlSa%2F8fT9LagzmR3KgNQKRlqMHnypgMYOj%2BppYy8krfLQOruYZ0qvXRqoWGVrNJGunLEI7IotpuxDsxMpzOX3afg%2FWIA9jvcPh7wp%2BthoC3OXTe2y1de4HCKa0h%2BewmwyypLQb09RkuxvU%2BjHfVGNPZwtjqcXCzC1FizX6ay%2Fh7BESYWL6O%2Fa4s1fVUOyqenVyIitWFL7Xg5UqoUcA3v%2FEUqp8N5cFPiKvpvtZFiNlkFvidsmwJ0%2B%2BJgEM%2B%2FkyYMZi0kjt8F9qaf15EWlAafRhHeJgYrhqFN2I6YNiuLI5rU2C7V67rfH3iNtVAxlGmuIM8HHzJajka3ac7jqzvjlu2p%2FOnYGuJ7aS5gkCprihO57Xlycpep0qsMgsOYv%2FbhZfXH24bSfM4oagza7GbmlT1A%3D,https://shopping-phinf.pstatic.net/main_9080815/90808156043.jpg?type=f450,2026-06-01,네이버쇼핑-건강식품-많이구매한BEST-주간-2026-06-01-12-03-53.xlsx,닥터린 관절엔 dem 디이엠 플러스 난막,63000,,,35,4.8
naver_shopping,건강식품,naver_buy_weekly,많이구매한BEST_주간,98,뉴트리원 이병헌 콘드로이친 맥스 1200 소 연골 유래,뉴트리원 이병헌 콘드로이친 맥스 1200 소 연골 유래,뉴트리원공식스토어,99000,,0,,,31621,4.8,10.36160835987009,high_price,high_review,high_price,mid_review,False,False,False,False,False,https://adcr.shopping.naver.com/adclk.nhn?x=3ERQeTQu6JhyPxWEccPuhP%2F%2F%2Fw%3D%3Dsmd8zBqMJQLjellaiFGSaxelHjPrOWjZx0d%2BfAbCirfJS0MlE9Zhp0ZdexlLGrR6%2FG7G5RJJUxF5j92Eo1iXTsoZdhCE9OcMVyJIwnPrYIuQK0ziEfw2%2FX1n2sRb2GAYeWMkho%2FmboYur%2B7CUmxZLTajOJSVeDOqmhhiLTyntJoiwE1qeJSKnREhNeujOfiVb8IBSKmi12w7AYm3DAIFsFgUFaJEGkkYtvx9bF3Js1siMHnypgMYOj%2BppYy8krfLQOruYZ0qvXRqoWGVrNJGunLEI7IotpuxDsxMpzOX3afg%2FWIA9jvcPh7wp%2BthoC3OXTe2y1de4HCKa0h%2BewmwyypLQb09RkuxvU%2BjHfVGNPZwtjqcXCzC1FizX6ay%2Fh7BEL8zaHFqqGocrXDb%2BLYSzU5SXUNOK04l99w3mw%2BcuqPGp8N5cFPiKvpvtZFiNlkFvHUg2JdqbW3tBCTimVxo2FQCq1JEcoO40br%2BvAbiFsE2lO5M38UkMG185nZZskX4aC7V67rfH3iNtVAxlGmuIM8HHzJajka3ac7jqzvjlu2p%2FOnYGuJ7aS5gkCprihO57Xlycpep0qsMgsOYv%2FbhZfXH24bSfM4oagza7GbmlT1A%3D,https://shopping-phinf.pstatic.net/main_8426507/84265072479.97.jpg?type=f450,2026-06-01,네이버쇼핑-건강식품-많이구매한BEST-주간-2026-06-01-12-03-53.xlsx,뉴트리원 이병헌 콘드로이친 맥스 1200 소 연골 유래,99000,,,31621,4.8
naver_shopping,건강식품,naver_buy_weekly,많이구매한BEST_주간,99,위드바인 비타민C 3000mg,위드바인 비타민c 3000mg,위드바인 스토어,46900,,0,,,7539,4.9,8.927977461002001,high_price,mid_review,mid_price,low_review,False,False,False,False,False,https://adcr.shopping.naver.com/adclk.nhn?x=EhtJNCSqn42MJqb%2BLp8xef%2F%2F%2Fw%3D%3Dsmd8zBqMJQLjellaiFGSaxelHjPrOWjZx0d%2BfAbCirfJS0MlE9Zhp0ZdexlLGrR6%2FG7G5RJJUxF5j92Eo1iXTsoZdhCE9OcMVyJIwnPrYIuQK0ziEfw2%2FX1n2sRb2GAYeWMkho%2FmboYur%2B7CUmxZLTajOJSVeDOqmhhiLTyntJoja1wOxK3ccp%2Bf7xt4r1NNWlBQgmlx0d6RhS1sNQKjfw3U2R0WgDzl%2BBk9SUPZzqbKMHnypgMYOj%2BppYy8krfLQOruYZ0qvXRqoWGVrNJGunLEI7IotpuxDsxMpzOX3afg%2FWIA9jvcPh7wp%2BthoC3OXTe2y1de4HCKa0h%2BewmwyypLQb09RkuxvU%2BjHfVGNPZwtjqcXCzC1FizX6ay%2Fh7BE%2FGA7qop25MY3TIboU9ML92JitpAg8xuRPR%2BWmXBUmeyp8N5cFPiKvpvtZFiNlkFvFAJMDyMVyZhVincSGDFwXh2WtSq%2FCKTKyv%2F6RgEwL8zIpVpX93JNmA81lDBwacBJC7V67rfH3iNtVAxlGmuIM8HHzJajka3ac7jqzvjlu2p%2FOnYGuJ7aS5gkCprihO57Xlycpep0qsMgsOYv%2FbhZfXH24bSfM4oagza7GbmlT1A%3D,https://shopping-phinf.pstatic.net/main_8735122/87351226723.3.jpg?type=f450,2026-06-01,네이버쇼핑-건강식품-많이구매한BEST-주간-2026-06-01-12-03-53.xlsx,위드바인 비타민c 3000mg,46900,,,7539,4.9
naver_shopping,건강식품,naver_buy_weekly,많이구매한BEST_주간,100,[3개월] 닥터린 관절엔 DEM 디이엠 플러스 난막,3개월 닥터린 관절엔 dem 디이엠 플러스 난막,닥터린 공식스토어,177000,,0,,,48,4.7,3.8918202981106265,high_price,low_review,high_price,low_review,False,False,False,False,False,https://adcr.shopping.naver.com/adclk.nhn?x=jVXDZ0DMcfDfwwXl0GB2mP%2F%2F%2Fw%3D%3Dsmd8zBqMJQLjellaiFGSaxelHjPrOWjZx0d%2BfAbCirfJS0MlE9Zhp0ZdexlLGrR6%2FG7G5RJJUxF5j92Eo1iXTsoZdhCE9OcMVyJIwnPrYIuQK0ziEfw2%2FX1n2sRb2GAYeWMkho%2FmboYur%2B7CUmxZLTajOJSVeDOqmhhiLTyntJog2L3wfKYXNT9spPZTTAKgaDg4NsefUMDTUompk3nXiriUtWKEtQikWl6cC7dRjVEiMHnypgMYOj%2BppYy8krfLQOruYZ0qvXRqoWGVrNJGunLEI7IotpuxDsxMpzOX3afg%2FWIA9jvcPh7wp%2BthoC3OXTe2y1de4HCKa0h%2BewmwyypLQb09RkuxvU%2BjHfVGNPZwtjqcXCzC1FizX6ay%2Fh7BEvTfXF8OXRE7e5Kvm%2Bzr6k048ZHwiTfw5Ggtcy3came%2Bp8N5cFPiKvpvtZFiNlkFvY351CSnBCGzzxdiWDjkPEOGilHZrDVGl%2Frsk6k%2BzDCR34aZiYyeqGkTUW8Opvd%2BAC7V67rfH3iNtVAxlGmuIM8HHzJajka3ac7jqzvjlu2p%2FOnYGuJ7aS5gkCprihO57Xlycpep0qsMgsOYv%2FbhZfXH24bSfM4oagza7GbmlT1A%3D,https://shopping-phinf.pstatic.net/main_9083745/90837454711.4.jpg?type=f450,2026-06-01,네이버쇼핑-건강식품-많이구매한BEST-주간-2026-06-01-12-03-53.xlsx,3개월 닥터린 관절엔 dem 디이엠 플러스 난막,177000,,,48,4.7
