event_id,user_id,event_time,event_name,service_category,provider_id,session_id,device,ab_group
E000001,U0001,2026-03-01 12:00:00,visit,이사,P002,SU0001_1,desktop,B
E000002,U0001,2026-03-01 12:01:00,search,이사,P002,SU0001_1,desktop,B
E000003,U0001,2026-03-01 12:02:00,view_provider,이사,P002,SU0001_1,desktop,B
E000004,U0001,2026-03-01 12:03:00,start_request,이사,P002,SU0001_1,desktop,B
E000005,U0002,2026-05-22 18:04:00,visit,사진촬영,P067,SU0002_1,mobile,A
E000006,U0002,2026-05-22 18:05:00,search,사진촬영,P067,SU0002_1,mobile,A
E000007,U0002,2026-05-22 18:06:00,view_provider,사진촬영,P067,SU0002_1,mobile,A
E000008,U0002,2026-05-22 18:00:00,start_request,사진촬영,P067,SU0002_1,mobile,A
E000009,U0002,2026-05-22 18:01:00,submit_request,사진촬영,P067,SU0002_1,mobile,A
E000010,U0002,2026-05-22 21:35:00,view_quote,사진촬영,P067,SU0002_1,mobile,A
E000011,U0003,2026-04-15 09:03:00,visit,운동,P003,SU0003_1,desktop,B
E000012,U0003,2026-04-15 09:04:00,search,운동,P003,SU0003_1,desktop,B
E000013,U0003,2026-04-15 09:05:00,view_provider,운동,P003,SU0003_1,desktop,B
E000014,U0003,2026-04-02 14:06:00,visit,운동,P028,SU0003_2,mobile,A
E000015,U0003,2026-03-13 19:00:00,visit,이사,P034,SU0003_3,mobile,A
E000016,U0003,2026-04-24 12:01:00,visit,사진촬영,P055,SU0003_4,desktop,B
E000017,U0004,2026-02-25 12:02:00,visit,운동,P018,SU0004_1,mobile,B
E000018,U0004,2026-02-25 12:03:00,search,운동,P018,SU0004_1,mobile,B
E000019,U0004,2026-02-25 12:04:00,view_provider,운동,P018,SU0004_1,mobile,B
E000020,U0004,2026-02-25 12:05:00,start_request,운동,P018,SU0004_1,mobile,B
E000021,U0004,2026-02-25 12:06:00,submit_request,운동,P018,SU0004_1,mobile,B
E000022,U0004,2026-02-25 15:22:00,view_quote,운동,P018,SU0004_1,mobile,B
E000023,U0004,2026-02-26 13:13:00,complete_transaction,운동,P018,SU0004_1,mobile,B
E000024,U0005,2026-04-03 17:02:00,visit,청소,P061,SU0005_1,mobile,A
E000025,U0005,2026-04-03 17:03:00,search,청소,P061,SU0005_1,mobile,A
E000026,U0005,2026-04-03 17:04:00,view_provider,청소,P061,SU0005_1,mobile,A
E000027,U0005,2026-04-03 17:05:00,start_request,청소,P061,SU0005_1,mobile,A
E000028,U0005,2026-04-03 17:06:00,submit_request,청소,P061,SU0005_1,mobile,A
E000029,U0005,2026-04-03 18:12:00,view_quote,청소,P061,SU0005_1,mobile,A
E000030,U0005,2026-02-14 17:01:00,visit,운동,P075,SU0005_2,mobile,B
E000031,U0005,2026-02-14 17:02:00,search,운동,P075,SU0005_2,mobile,B
E000032,U0005,2026-03-22 09:03:00,visit,청소,P033,SU0005_3,mobile,B
E000033,U0006,2026-04-27 16:04:00,visit,과외,P078,SU0006_1,mobile,B
E000034,U0006,2026-04-27 16:05:00,search,과외,P078,SU0006_1,mobile,B
E000035,U0006,2026-04-27 16:06:00,view_provider,과외,P078,SU0006_1,mobile,B
E000036,U0006,2026-04-27 16:00:00,start_request,과외,P078,SU0006_1,mobile,B
E000037,U0006,2026-04-27 16:01:00,submit_request,과외,P078,SU0006_1,mobile,B
E000038,U0006,2026-04-27 17:56:00,view_quote,과외,P078,SU0006_1,mobile,B
E000039,U0006,2026-04-27 23:14:00,complete_transaction,과외,P078,SU0006_1,mobile,B
E000040,U0006,2026-05-03 22:04:00,visit,이사,P033,SU0006_2,mobile,B
E000041,U0006,2026-05-03 22:05:00,search,이사,P033,SU0006_2,mobile,B
E000042,U0006,2026-05-03 22:06:00,view_provider,이사,P033,SU0006_2,mobile,B
E000043,U0007,2026-01-26 11:00:00,visit,사진촬영,P076,SU0007_1,desktop,B
E000044,U0008,2026-05-22 20:01:00,visit,이사,P059,SU0008_1,mobile,A
E000045,U0008,2026-05-22 20:02:00,search,이사,P059,SU0008_1,mobile,A
E000046,U0008,2026-05-22 20:03:00,view_provider,이사,P059,SU0008_1,mobile,A
E000047,U0008,2026-03-04 22:04:00,visit,청소,P043,SU0008_2,mobile,B
E000048,U0009,2026-02-13 11:05:00,visit,과외,P043,SU0009_1,desktop,A
E000049,U0009,2026-02-13 11:06:00,search,과외,P043,SU0009_1,desktop,A
E000050,U0009,2026-02-12 14:00:00,visit,사진촬영,P074,SU0009_2,desktop,B
E000051,U0009,2026-02-12 14:01:00,search,사진촬영,P074,SU0009_2,desktop,B
E000052,U0009,2026-02-12 14:02:00,view_provider,사진촬영,P074,SU0009_2,desktop,B
E000053,U0009,2026-01-25 16:03:00,visit,이사,P041,SU0009_3,mobile,A
E000054,U0009,2026-02-20 20:04:00,visit,과외,P034,SU0009_4,mobile,A
E000055,U0009,2026-02-20 20:05:00,search,과외,P034,SU0009_4,mobile,A
E000056,U0009,2026-04-07 14:06:00,visit,청소,P019,SU0009_5,desktop,B
E000057,U0009,2026-04-07 14:00:00,search,청소,P019,SU0009_5,desktop,B
E000058,U0009,2026-04-07 14:01:00,view_provider,청소,P019,SU0009_5,desktop,B
E000059,U0009,2026-04-07 14:02:00,start_request,청소,P019,SU0009_5,desktop,B
E000060,U0009,2026-04-07 14:03:00,submit_request,청소,P019,SU0009_5,desktop,B
E000061,U0009,2026-04-07 15:22:00,view_quote,청소,P019,SU0009_5,desktop,B
E000062,U0010,2026-03-14 08:05:00,visit,청소,P068,SU0010_1,mobile,B
E000063,U0010,2026-03-14 08:06:00,search,청소,P068,SU0010_1,mobile,B
E000064,U0010,2026-03-14 08:00:00,view_provider,청소,P068,SU0010_1,mobile,B
E000065,U0010,2026-03-14 08:01:00,start_request,청소,P068,SU0010_1,mobile,B
E000066,U0010,2026-02-26 17:02:00,visit,사진촬영,P011,SU0010_2,mobile,A
E000067,U0010,2026-02-04 16:03:00,visit,운동,P013,SU0010_3,mobile,B
E000068,U0011,2026-03-04 16:04:00,visit,사진촬영,P077,SU0011_1,mobile,B
E000069,U0011,2026-03-04 16:05:00,search,사진촬영,P077,SU0011_1,mobile,B
E000070,U0011,2026-03-04 16:06:00,view_provider,사진촬영,P077,SU0011_1,mobile,B
E000071,U0011,2026-03-04 16:00:00,start_request,사진촬영,P077,SU0011_1,mobile,B
E000072,U0011,2026-03-04 16:01:00,submit_request,사진촬영,P077,SU0011_1,mobile,B
E000073,U0011,2026-03-13 13:02:00,visit,청소,P027,SU0011_2,mobile,A
E000074,U0011,2026-03-13 13:03:00,search,청소,P027,SU0011_2,mobile,A
E000075,U0011,2026-03-30 20:04:00,visit,이사,P057,SU0011_3,mobile,B
E000076,U0011,2026-03-30 20:05:00,search,이사,P057,SU0011_3,mobile,B
E000077,U0011,2026-03-30 20:06:00,view_provider,이사,P057,SU0011_3,mobile,B
E000078,U0011,2026-03-30 20:00:00,start_request,이사,P057,SU0011_3,mobile,B
E000079,U0011,2026-03-30 20:01:00,submit_request,이사,P057,SU0011_3,mobile,B
E000080,U0011,2026-03-30 20:13:00,view_quote,이사,P057,SU0011_3,mobile,B
E000081,U0011,2026-03-27 16:03:00,visit,사진촬영,P035,SU0011_4,desktop,A
E000082,U0011,2026-03-27 16:04:00,search,사진촬영,P035,SU0011_4,desktop,A
E000083,U0012,2026-06-13 15:05:00,visit,청소,P070,SU0012_1,desktop,B
E000084,U0012,2026-04-16 22:06:00,visit,이사,P045,SU0012_2,mobile,A
E000085,U0012,2026-04-16 22:00:00,search,이사,P045,SU0012_2,mobile,A
E000086,U0012,2026-04-16 22:01:00,view_provider,이사,P045,SU0012_2,mobile,A
E000087,U0012,2026-04-16 22:02:00,start_request,이사,P045,SU0012_2,mobile,A
E000088,U0012,2026-04-16 22:03:00,submit_request,이사,P045,SU0012_2,mobile,A
E000089,U0012,2026-04-16 23:20:00,view_quote,이사,P045,SU0012_2,mobile,A
E000090,U0012,2026-06-04 10:05:00,visit,사진촬영,P042,SU0012_3,mobile,A
E000091,U0012,2026-06-04 10:06:00,search,사진촬영,P042,SU0012_3,mobile,A
E000092,U0013,2026-05-05 08:00:00,visit,과외,P078,SU0013_1,mobile,A
E000093,U0013,2026-05-05 08:01:00,search,과외,P078,SU0013_1,mobile,A
E000094,U0014,2026-05-07 09:02:00,visit,이사,P076,SU0014_1,mobile,B
E000095,U0014,2026-05-11 11:03:00,visit,인테리어,P050,SU0014_2,desktop,A
E000096,U0014,2026-05-11 11:04:00,search,인테리어,P050,SU0014_2,desktop,A
E000097,U0014,2026-03-30 16:05:00,visit,청소,P037,SU0014_3,mobile,A
E000098,U0014,2026-03-30 16:06:00,search,청소,P037,SU0014_3,mobile,A
E000099,U0014,2026-03-30 16:00:00,view_provider,청소,P037,SU0014_3,mobile,A
E000100,U0015,2026-05-05 10:01:00,visit,이사,P041,SU0015_1,desktop,A
E000101,U0015,2026-05-05 10:02:00,search,이사,P041,SU0015_1,desktop,A
E000102,U0015,2026-03-08 14:03:00,visit,운동,P077,SU0015_2,mobile,A
E000103,U0015,2026-03-15 18:04:00,visit,과외,P023,SU0015_3,mobile,A
E000104,U0015,2026-03-15 18:05:00,search,과외,P023,SU0015_3,mobile,A
E000105,U0015,2026-03-15 18:06:00,view_provider,과외,P023,SU0015_3,mobile,A
E000106,U0015,2026-03-15 18:00:00,start_request,과외,P023,SU0015_3,mobile,A
E000107,U0015,2026-03-15 18:01:00,submit_request,과외,P023,SU0015_3,mobile,A
E000108,U0015,2026-03-15 19:14:00,view_quote,과외,P023,SU0015_3,mobile,A
E000109,U0015,2026-03-16 05:32:00,complete_transaction,과외,P023,SU0015_3,mobile,A
E000110,U0015,2026-03-17 05:32:00,write_review,과외,P023,SU0015_3,mobile,A
E000111,U0015,2026-05-05 09:05:00,visit,과외,P002,SU0015_4,mobile,A
E000112,U0015,2026-05-05 09:06:00,search,과외,P002,SU0015_4,mobile,A
E000113,U0016,2026-03-12 13:00:00,visit,사진촬영,P043,SU0016_1,mobile,A
E000114,U0016,2026-03-12 13:01:00,search,사진촬영,P043,SU0016_1,mobile,A
E000115,U0016,2026-03-12 13:02:00,view_provider,사진촬영,P043,SU0016_1,mobile,A
E000116,U0016,2026-03-12 13:03:00,start_request,사진촬영,P043,SU0016_1,mobile,A
E000117,U0016,2026-03-12 13:04:00,submit_request,사진촬영,P043,SU0016_1,mobile,A
E000118,U0016,2026-03-13 12:05:00,visit,청소,P079,SU0016_2,desktop,B
E000119,U0016,2026-03-13 12:06:00,search,청소,P079,SU0016_2,desktop,B
E000120,U0016,2026-04-21 17:00:00,visit,이사,P075,SU0016_3,desktop,B
E000121,U0016,2026-04-21 17:01:00,search,이사,P075,SU0016_3,desktop,B
E000122,U0016,2026-04-21 17:02:00,view_provider,이사,P075,SU0016_3,desktop,B
E000123,U0016,2026-04-21 17:03:00,start_request,이사,P075,SU0016_3,desktop,B
E000124,U0016,2026-04-21 17:04:00,submit_request,이사,P075,SU0016_3,desktop,B
E000125,U0016,2026-04-21 19:47:00,view_quote,이사,P075,SU0016_3,desktop,B
E000126,U0017,2026-03-28 12:06:00,visit,청소,P039,SU0017_1,desktop,A
E000127,U0017,2026-03-28 12:00:00,search,청소,P039,SU0017_1,desktop,A
E000128,U0017,2026-03-28 12:01:00,view_provider,청소,P039,SU0017_1,desktop,A
E000129,U0018,2026-03-31 11:02:00,visit,운동,P041,SU0018_1,mobile,B
E000130,U0018,2026-02-14 18:03:00,visit,인테리어,P079,SU0018_2,mobile,B
E000131,U0018,2026-02-14 18:04:00,search,인테리어,P079,SU0018_2,mobile,B
E000132,U0018,2026-01-25 14:05:00,visit,청소,P023,SU0018_3,desktop,B
E000133,U0018,2026-01-25 14:06:00,search,청소,P023,SU0018_3,desktop,B
E000134,U0019,2026-04-04 10:00:00,visit,운동,P025,SU0019_1,mobile,A
E000135,U0019,2026-04-04 10:01:00,search,운동,P025,SU0019_1,mobile,A
E000136,U0019,2026-04-17 14:02:00,visit,이사,P041,SU0019_2,mobile,B
E000137,U0019,2026-04-17 14:03:00,search,이사,P041,SU0019_2,mobile,B
E000138,U0019,2026-04-17 14:04:00,view_provider,이사,P041,SU0019_2,mobile,B
E000139,U0020,2026-03-19 17:05:00,visit,과외,P009,SU0020_1,mobile,B
E000140,U0020,2026-03-19 17:06:00,search,과외,P009,SU0020_1,mobile,B
E000141,U0020,2026-03-16 13:00:00,visit,운동,P004,SU0020_2,mobile,B
E000142,U0020,2026-03-16 13:01:00,search,운동,P004,SU0020_2,mobile,B
E000143,U0020,2026-02-19 13:02:00,visit,청소,P024,SU0020_3,desktop,B
E000144,U0020,2026-02-19 13:03:00,search,청소,P024,SU0020_3,desktop,B
E000145,U0021,2026-04-13 18:04:00,visit,사진촬영,P040,SU0021_1,mobile,A
E000146,U0021,2026-04-13 18:05:00,search,사진촬영,P040,SU0021_1,mobile,A
E000147,U0021,2026-04-13 18:06:00,view_provider,사진촬영,P040,SU0021_1,mobile,A
E000148,U0021,2026-04-13 18:00:00,start_request,사진촬영,P040,SU0021_1,mobile,A
E000149,U0021,2026-04-13 18:01:00,submit_request,사진촬영,P040,SU0021_1,mobile,A
E000150,U0021,2026-04-04 11:02:00,visit,이사,P004,SU0021_2,mobile,B
E000151,U0021,2026-04-04 11:03:00,search,이사,P004,SU0021_2,mobile,B
E000152,U0021,2026-04-04 11:04:00,view_provider,이사,P004,SU0021_2,mobile,B
E000153,U0021,2026-04-04 11:05:00,start_request,이사,P004,SU0021_2,mobile,B
E000154,U0021,2026-04-04 11:06:00,submit_request,이사,P004,SU0021_2,mobile,B
E000155,U0021,2026-04-04 12:37:00,view_quote,이사,P004,SU0021_2,mobile,B
E000156,U0021,2026-04-04 18:30:00,complete_transaction,이사,P004,SU0021_2,mobile,B
E000157,U0021,2026-04-08 18:30:00,write_review,이사,P004,SU0021_2,mobile,B
E000158,U0021,2026-04-16 16:03:00,visit,사진촬영,P029,SU0021_3,mobile,B
E000159,U0021,2026-04-16 16:04:00,search,사진촬영,P029,SU0021_3,mobile,B
E000160,U0021,2026-04-16 16:05:00,view_provider,사진촬영,P029,SU0021_3,mobile,B
E000161,U0022,2026-04-05 19:06:00,visit,사진촬영,P039,SU0022_1,mobile,B
E000162,U0023,2026-03-22 19:00:00,visit,이사,P006,SU0023_1,mobile,B
E000163,U0023,2026-02-21 19:01:00,visit,청소,P008,SU0023_2,mobile,A
E000164,U0023,2026-01-19 19:02:00,visit,운동,P065,SU0023_3,desktop,B
E000165,U0023,2026-01-19 19:03:00,search,운동,P065,SU0023_3,desktop,B
E000166,U0023,2026-01-19 19:04:00,view_provider,운동,P065,SU0023_3,desktop,B
E000167,U0023,2026-01-19 19:05:00,start_request,운동,P065,SU0023_3,desktop,B
E000168,U0023,2026-01-19 19:06:00,submit_request,운동,P065,SU0023_3,desktop,B
E000169,U0023,2026-01-19 21:34:00,view_quote,운동,P065,SU0023_3,desktop,B
E000170,U0023,2026-01-20 21:01:00,visit,이사,P022,SU0023_4,desktop,B
E000171,U0023,2026-01-20 21:02:00,search,이사,P022,SU0023_4,desktop,B
E000172,U0023,2026-01-20 21:03:00,view_provider,이사,P022,SU0023_4,desktop,B
E000173,U0023,2026-01-20 21:04:00,start_request,이사,P022,SU0023_4,desktop,B
E000174,U0023,2026-01-20 21:05:00,submit_request,이사,P022,SU0023_4,desktop,B
E000175,U0023,2026-01-20 22:38:00,view_quote,이사,P022,SU0023_4,desktop,B
E000176,U0024,2026-05-08 14:00:00,visit,과외,P066,SU0024_1,mobile,B
E000177,U0024,2026-06-10 15:01:00,visit,사진촬영,P047,SU0024_2,mobile,B
E000178,U0024,2026-06-10 15:02:00,search,사진촬영,P047,SU0024_2,mobile,B
E000179,U0024,2026-06-10 15:03:00,view_provider,사진촬영,P047,SU0024_2,mobile,B
E000180,U0024,2026-04-18 16:04:00,visit,이사,P022,SU0024_3,desktop,B
E000181,U0024,2026-04-18 16:05:00,search,이사,P022,SU0024_3,desktop,B
E000182,U0025,2026-04-01 08:06:00,visit,과외,P048,SU0025_1,desktop,A
E000183,U0025,2026-04-01 08:00:00,search,과외,P048,SU0025_1,desktop,A
E000184,U0025,2026-04-01 08:01:00,view_provider,과외,P048,SU0025_1,desktop,A
E000185,U0026,2026-03-29 09:02:00,visit,과외,P075,SU0026_1,desktop,A
E000186,U0026,2026-03-29 09:03:00,search,과외,P075,SU0026_1,desktop,A
E000187,U0026,2026-03-29 09:04:00,view_provider,과외,P075,SU0026_1,desktop,A
E000188,U0027,2026-03-17 14:05:00,visit,과외,P013,SU0027_1,mobile,B
E000189,U0027,2026-03-17 14:06:00,search,과외,P013,SU0027_1,mobile,B
E000190,U0028,2026-04-05 15:00:00,visit,운동,P074,SU0028_1,mobile,B
E000191,U0028,2026-03-25 17:01:00,visit,사진촬영,P028,SU0028_2,mobile,A
E000192,U0028,2026-03-25 17:02:00,search,사진촬영,P028,SU0028_2,mobile,A
E000193,U0028,2026-03-25 17:03:00,view_provider,사진촬영,P028,SU0028_2,mobile,A
E000194,U0028,2026-03-25 17:04:00,start_request,사진촬영,P028,SU0028_2,mobile,A
E000195,U0028,2026-05-23 11:05:00,visit,과외,P057,SU0028_3,mobile,B
E000196,U0028,2026-05-23 11:06:00,search,과외,P057,SU0028_3,mobile,B
E000197,U0028,2026-05-23 11:00:00,view_provider,과외,P057,SU0028_3,mobile,B
E000198,U0028,2026-03-19 14:01:00,visit,청소,P064,SU0028_4,mobile,B
E000199,U0028,2026-04-24 10:02:00,visit,사진촬영,P026,SU0028_5,mobile,B
E000200,U0028,2026-04-24 10:03:00,search,사진촬영,P026,SU0028_5,mobile,B
E000201,U0028,2026-04-24 10:04:00,view_provider,사진촬영,P026,SU0028_5,mobile,B
E000202,U0028,2026-04-24 10:05:00,start_request,사진촬영,P026,SU0028_5,mobile,B
E000203,U0028,2026-04-24 10:06:00,submit_request,사진촬영,P026,SU0028_5,mobile,B
E000204,U0028,2026-04-24 11:50:00,view_quote,사진촬영,P026,SU0028_5,mobile,B
E000205,U0029,2026-03-17 13:01:00,visit,이사,P028,SU0029_1,mobile,B
E000206,U0029,2026-03-17 13:02:00,search,이사,P028,SU0029_1,mobile,B
E000207,U0029,2026-03-17 13:03:00,view_provider,이사,P028,SU0029_1,mobile,B
E000208,U0029,2026-04-21 12:04:00,visit,인테리어,P010,SU0029_2,desktop,B
E000209,U0029,2026-04-21 12:05:00,search,인테리어,P010,SU0029_2,desktop,B
E000210,U0029,2026-04-21 12:06:00,view_provider,인테리어,P010,SU0029_2,desktop,B
E000211,U0029,2026-04-03 22:00:00,visit,운동,P037,SU0029_3,mobile,A
E000212,U0029,2026-04-03 22:01:00,search,운동,P037,SU0029_3,mobile,A
E000213,U0030,2026-02-11 15:02:00,visit,청소,P058,SU0030_1,desktop,B
E000214,U0030,2026-02-11 15:03:00,search,청소,P058,SU0030_1,desktop,B
E000215,U0030,2026-03-31 16:04:00,visit,사진촬영,P042,SU0030_2,mobile,B
E000216,U0030,2026-03-31 16:05:00,search,사진촬영,P042,SU0030_2,mobile,B
E000217,U0030,2026-03-31 16:06:00,view_provider,사진촬영,P042,SU0030_2,mobile,B
E000218,U0030,2026-04-10 17:00:00,visit,과외,P034,SU0030_3,mobile,B
E000219,U0030,2026-04-10 17:01:00,search,과외,P034,SU0030_3,mobile,B
E000220,U0030,2026-04-10 17:02:00,view_provider,과외,P034,SU0030_3,mobile,B
E000221,U0030,2026-04-10 17:03:00,start_request,과외,P034,SU0030_3,mobile,B
E000222,U0031,2026-04-07 19:04:00,visit,청소,P016,SU0031_1,mobile,A
E000223,U0031,2026-04-07 19:05:00,search,청소,P016,SU0031_1,mobile,A
E000224,U0031,2026-04-07 19:06:00,view_provider,청소,P016,SU0031_1,mobile,A
E000225,U0031,2026-04-07 19:00:00,start_request,청소,P016,SU0031_1,mobile,A
E000226,U0031,2026-04-07 19:01:00,submit_request,청소,P016,SU0031_1,mobile,A
E000227,U0031,2026-04-07 20:02:00,view_quote,청소,P016,SU0031_1,mobile,A
E000228,U0031,2026-04-08 19:22:00,complete_transaction,청소,P016,SU0031_1,mobile,A
E000229,U0031,2026-03-07 19:04:00,visit,이사,P038,SU0031_2,mobile,B
E000230,U0031,2026-03-07 19:05:00,search,이사,P038,SU0031_2,mobile,B
E000231,U0031,2026-03-07 19:06:00,view_provider,이사,P038,SU0031_2,mobile,B
E000232,U0031,2026-03-07 19:00:00,start_request,이사,P038,SU0031_2,mobile,B
E000233,U0031,2026-03-07 19:01:00,submit_request,이사,P038,SU0031_2,mobile,B
E000234,U0032,2026-03-28 09:02:00,visit,과외,P031,SU0032_1,mobile,B
E000235,U0032,2026-03-28 09:03:00,search,과외,P031,SU0032_1,mobile,B
E000236,U0032,2026-03-28 09:04:00,view_provider,과외,P031,SU0032_1,mobile,B
E000237,U0032,2026-02-18 20:05:00,visit,과외,P050,SU0032_2,mobile,B
E000238,U0032,2026-02-18 20:06:00,search,과외,P050,SU0032_2,mobile,B
E000239,U0032,2026-02-18 20:00:00,view_provider,과외,P050,SU0032_2,mobile,B
E000240,U0032,2026-02-18 20:01:00,start_request,과외,P050,SU0032_2,mobile,B
E000241,U0032,2026-02-18 20:02:00,submit_request,과외,P050,SU0032_2,mobile,B
E000242,U0032,2026-02-18 20:13:00,view_quote,과외,P050,SU0032_2,mobile,B
E000243,U0032,2026-02-23 15:04:00,visit,운동,P047,SU0032_3,mobile,A
E000244,U0032,2026-02-23 15:05:00,search,운동,P047,SU0032_3,mobile,A
E000245,U0032,2026-02-23 15:06:00,view_provider,운동,P047,SU0032_3,mobile,A
E000246,U0033,2026-01-25 21:00:00,visit,운동,P030,SU0033_1,mobile,B
E000247,U0033,2026-01-25 21:01:00,search,운동,P030,SU0033_1,mobile,B
E000248,U0033,2026-01-25 21:02:00,view_provider,운동,P030,SU0033_1,mobile,B
E000249,U0033,2026-01-14 22:03:00,visit,이사,P001,SU0033_2,mobile,B
E000250,U0033,2026-03-06 20:04:00,visit,청소,P008,SU0033_3,mobile,B
E000251,U0033,2026-01-13 19:05:00,visit,이사,P038,SU0033_4,mobile,B
E000252,U0033,2026-03-20 15:06:00,visit,청소,P041,SU0033_5,desktop,A
E000253,U0034,2026-05-05 08:00:00,visit,이사,P039,SU0034_1,desktop,A
E000254,U0034,2026-05-05 08:01:00,search,이사,P039,SU0034_1,desktop,A
E000255,U0034,2026-05-05 08:02:00,view_provider,이사,P039,SU0034_1,desktop,A
E000256,U0034,2026-05-05 08:03:00,start_request,이사,P039,SU0034_1,desktop,A
E000257,U0034,2026-05-05 08:04:00,submit_request,이사,P039,SU0034_1,desktop,A
E000258,U0034,2026-05-05 09:23:00,view_quote,이사,P039,SU0034_1,desktop,A
E000259,U0034,2026-05-06 01:24:00,complete_transaction,이사,P039,SU0034_1,desktop,A
E000260,U0034,2026-05-17 01:24:00,write_review,이사,P039,SU0034_1,desktop,A
E000261,U0035,2026-04-06 17:01:00,visit,인테리어,P011,SU0035_1,mobile,B
E000262,U0035,2026-04-06 17:02:00,search,인테리어,P011,SU0035_1,mobile,B
E000263,U0035,2026-04-06 17:03:00,view_provider,인테리어,P011,SU0035_1,mobile,B
E000264,U0035,2026-04-06 17:04:00,start_request,인테리어,P011,SU0035_1,mobile,B
E000265,U0035,2026-04-06 17:05:00,submit_request,인테리어,P011,SU0035_1,mobile,B
E000266,U0035,2026-05-27 12:06:00,visit,청소,P027,SU0035_2,mobile,B
E000267,U0035,2026-05-27 12:00:00,search,청소,P027,SU0035_2,mobile,B
E000268,U0035,2026-05-27 13:01:00,visit,인테리어,P001,SU0035_3,mobile,A
E000269,U0035,2026-05-27 13:02:00,search,인테리어,P001,SU0035_3,mobile,A
E000270,U0035,2026-05-27 13:03:00,view_provider,인테리어,P001,SU0035_3,mobile,A
E000271,U0035,2026-05-27 13:04:00,start_request,인테리어,P001,SU0035_3,mobile,A
E000272,U0035,2026-05-27 13:05:00,submit_request,인테리어,P001,SU0035_3,mobile,A
E000273,U0035,2026-06-08 18:06:00,visit,운동,P038,SU0035_4,desktop,B
E000274,U0035,2026-06-08 18:00:00,search,운동,P038,SU0035_4,desktop,B
E000275,U0035,2026-06-08 18:01:00,view_provider,운동,P038,SU0035_4,desktop,B
E000276,U0035,2026-06-08 18:02:00,start_request,운동,P038,SU0035_4,desktop,B
E000277,U0035,2026-06-08 18:03:00,submit_request,운동,P038,SU0035_4,desktop,B
E000278,U0035,2026-06-01 22:04:00,visit,과외,P034,SU0035_5,mobile,B
E000279,U0035,2026-06-01 22:05:00,search,과외,P034,SU0035_5,mobile,B
E000280,U0035,2026-06-01 22:06:00,view_provider,과외,P034,SU0035_5,mobile,B
E000281,U0036,2026-01-16 09:00:00,visit,사진촬영,P075,SU0036_1,mobile,A
E000282,U0036,2026-01-21 20:01:00,visit,청소,P013,SU0036_2,mobile,B
E000283,U0036,2026-01-21 20:02:00,search,청소,P013,SU0036_2,mobile,B
E000284,U0036,2026-03-14 17:03:00,visit,이사,P061,SU0036_3,desktop,B
E000285,U0036,2026-03-14 17:04:00,search,이사,P061,SU0036_3,desktop,B
E000286,U0036,2026-03-14 17:05:00,view_provider,이사,P061,SU0036_3,desktop,B
E000287,U0037,2026-04-03 22:06:00,visit,청소,P048,SU0037_1,mobile,A
E000288,U0037,2026-04-22 13:00:00,visit,사진촬영,P040,SU0037_2,mobile,A
E000289,U0037,2026-04-22 13:01:00,search,사진촬영,P040,SU0037_2,mobile,A
E000290,U0037,2026-04-22 13:02:00,view_provider,사진촬영,P040,SU0037_2,mobile,A
E000291,U0037,2026-03-23 08:03:00,visit,과외,P033,SU0037_3,mobile,B
E000292,U0037,2026-03-23 08:04:00,search,과외,P033,SU0037_3,mobile,B
E000293,U0037,2026-05-04 10:05:00,visit,인테리어,P023,SU0037_4,mobile,B
E000294,U0037,2026-05-04 10:06:00,search,인테리어,P023,SU0037_4,mobile,B
E000295,U0037,2026-05-04 10:00:00,view_provider,인테리어,P023,SU0037_4,mobile,B
E000296,U0037,2026-05-04 10:01:00,start_request,인테리어,P023,SU0037_4,mobile,B
E000297,U0037,2026-05-04 10:02:00,submit_request,인테리어,P023,SU0037_4,mobile,B
E000298,U0038,2026-05-09 12:03:00,visit,청소,P032,SU0038_1,mobile,B
E000299,U0038,2026-05-26 20:04:00,visit,과외,P048,SU0038_2,mobile,A
E000300,U0038,2026-05-26 20:05:00,search,과외,P048,SU0038_2,mobile,A
E000301,U0038,2026-04-12 08:06:00,visit,운동,P030,SU0038_3,mobile,B
E000302,U0038,2026-04-12 08:00:00,search,운동,P030,SU0038_3,mobile,B
E000303,U0038,2026-04-12 08:01:00,view_provider,운동,P030,SU0038_3,mobile,B
E000304,U0038,2026-04-12 08:02:00,start_request,운동,P030,SU0038_3,mobile,B
E000305,U0038,2026-04-12 08:03:00,submit_request,운동,P030,SU0038_3,mobile,B
E000306,U0038,2026-04-12 09:05:00,view_quote,운동,P030,SU0038_3,mobile,B
E000307,U0038,2026-04-12 14:37:00,complete_transaction,운동,P030,SU0038_3,mobile,B
E000308,U0038,2026-04-17 14:37:00,write_review,운동,P030,SU0038_3,mobile,B
E000309,U0039,2026-03-30 16:00:00,visit,청소,P074,SU0039_1,desktop,B
E000310,U0039,2026-03-30 16:01:00,search,청소,P074,SU0039_1,desktop,B
E000311,U0039,2026-03-30 16:02:00,view_provider,청소,P074,SU0039_1,desktop,B
E000312,U0039,2026-04-09 21:03:00,visit,인테리어,P042,SU0039_2,mobile,B
E000313,U0039,2026-02-10 18:04:00,visit,과외,P016,SU0039_3,mobile,A
E000314,U0039,2026-03-05 20:05:00,visit,운동,P023,SU0039_4,mobile,B
E000315,U0039,2026-04-10 08:06:00,visit,인테리어,P063,SU0039_5,mobile,B
E000316,U0039,2026-04-10 08:00:00,search,인테리어,P063,SU0039_5,mobile,B
E000317,U0039,2026-04-10 08:01:00,view_provider,인테리어,P063,SU0039_5,mobile,B
E000318,U0039,2026-04-10 08:02:00,start_request,인테리어,P063,SU0039_5,mobile,B
E000319,U0039,2026-04-10 08:03:00,submit_request,인테리어,P063,SU0039_5,mobile,B
E000320,U0039,2026-04-10 08:21:00,view_quote,인테리어,P063,SU0039_5,mobile,B
E000321,U0040,2026-03-15 13:05:00,visit,청소,P032,SU0040_1,mobile,B
E000322,U0040,2026-03-15 13:06:00,search,청소,P032,SU0040_1,mobile,B
E000323,U0040,2026-04-01 10:00:00,visit,사진촬영,P074,SU0040_2,desktop,B
E000324,U0040,2026-04-01 10:01:00,search,사진촬영,P074,SU0040_2,desktop,B
E000325,U0040,2026-05-03 17:02:00,visit,인테리어,P042,SU0040_3,mobile,B
E000326,U0040,2026-05-09 16:03:00,visit,이사,P063,SU0040_4,mobile,A
E000327,U0040,2026-05-09 16:04:00,search,이사,P063,SU0040_4,mobile,A
E000328,U0040,2026-05-09 16:05:00,view_provider,이사,P063,SU0040_4,mobile,A
E000329,U0040,2026-05-09 16:06:00,start_request,이사,P063,SU0040_4,mobile,A
E000330,U0040,2026-05-09 16:00:00,submit_request,이사,P063,SU0040_4,mobile,A
E000331,U0040,2026-02-26 14:01:00,visit,이사,P050,SU0040_5,mobile,A
E000332,U0040,2026-02-26 14:02:00,search,이사,P050,SU0040_5,mobile,A
E000333,U0040,2026-02-26 14:03:00,view_provider,이사,P050,SU0040_5,mobile,A
E000334,U0041,2026-04-01 12:04:00,visit,이사,P044,SU0041_1,mobile,B
E000335,U0041,2026-04-01 12:05:00,search,이사,P044,SU0041_1,mobile,B
E000336,U0041,2026-04-01 12:06:00,view_provider,이사,P044,SU0041_1,mobile,B
E000337,U0041,2026-04-01 12:00:00,start_request,이사,P044,SU0041_1,mobile,B
E000338,U0041,2026-04-01 12:01:00,submit_request,이사,P044,SU0041_1,mobile,B
E000339,U0041,2026-02-03 15:02:00,visit,운동,P049,SU0041_2,mobile,A
E000340,U0041,2026-02-03 15:03:00,search,운동,P049,SU0041_2,mobile,A
E000341,U0041,2026-01-18 09:04:00,visit,사진촬영,P031,SU0041_3,mobile,A
E000342,U0041,2026-02-22 20:05:00,visit,과외,P044,SU0041_4,mobile,A
E000343,U0042,2026-05-23 09:06:00,visit,청소,P075,SU0042_1,mobile,A
E000344,U0042,2026-05-23 09:00:00,search,청소,P075,SU0042_1,mobile,A
E000345,U0042,2026-05-23 09:01:00,view_provider,청소,P075,SU0042_1,mobile,A
E000346,U0042,2026-05-23 09:02:00,start_request,청소,P075,SU0042_1,mobile,A
E000347,U0042,2026-05-23 09:03:00,submit_request,청소,P075,SU0042_1,mobile,A
E000348,U0042,2026-05-23 11:44:00,view_quote,청소,P075,SU0042_1,mobile,A
E000349,U0042,2026-05-15 20:05:00,visit,운동,P051,SU0042_2,mobile,B
E000350,U0042,2026-05-15 20:06:00,search,운동,P051,SU0042_2,mobile,B
E000351,U0042,2026-05-15 20:00:00,view_provider,운동,P051,SU0042_2,mobile,B
E000352,U0042,2026-04-18 09:01:00,visit,과외,P033,SU0042_3,desktop,B
E000353,U0042,2026-04-18 09:02:00,search,과외,P033,SU0042_3,desktop,B
E000354,U0042,2026-05-25 15:03:00,visit,과외,P057,SU0042_4,mobile,B
E000355,U0042,2026-05-25 15:04:00,search,과외,P057,SU0042_4,mobile,B
E000356,U0042,2026-05-25 15:05:00,view_provider,과외,P057,SU0042_4,mobile,B
E000357,U0042,2026-05-25 15:06:00,start_request,과외,P057,SU0042_4,mobile,B
E000358,U0042,2026-05-25 15:00:00,submit_request,과외,P057,SU0042_4,mobile,B
E000359,U0043,2026-05-09 15:01:00,visit,과외,P025,SU0043_1,mobile,B
E000360,U0043,2026-05-09 15:02:00,search,과외,P025,SU0043_1,mobile,B
E000361,U0043,2026-05-09 15:03:00,view_provider,과외,P025,SU0043_1,mobile,B
E000362,U0043,2026-04-18 20:04:00,visit,사진촬영,P073,SU0043_2,desktop,B
E000363,U0043,2026-04-18 20:05:00,search,사진촬영,P073,SU0043_2,desktop,B
E000364,U0043,2026-05-20 21:06:00,visit,인테리어,P012,SU0043_3,mobile,A
E000365,U0043,2026-05-20 21:00:00,search,인테리어,P012,SU0043_3,mobile,A
E000366,U0043,2026-05-20 21:01:00,view_provider,인테리어,P012,SU0043_3,mobile,A
E000367,U0043,2026-05-20 21:02:00,start_request,인테리어,P012,SU0043_3,mobile,A
E000368,U0043,2026-05-20 21:03:00,submit_request,인테리어,P012,SU0043_3,mobile,A
E000369,U0043,2026-04-17 17:04:00,visit,운동,P042,SU0043_4,mobile,A
E000370,U0043,2026-04-17 17:05:00,search,운동,P042,SU0043_4,mobile,A
E000371,U0043,2026-04-11 13:06:00,visit,이사,P058,SU0043_5,desktop,B
E000372,U0043,2026-04-11 13:00:00,search,이사,P058,SU0043_5,desktop,B
E000373,U0044,2026-02-24 20:01:00,visit,사진촬영,P028,SU0044_1,desktop,B
E000374,U0044,2026-02-24 20:02:00,search,사진촬영,P028,SU0044_1,desktop,B
E000375,U0044,2026-02-06 22:03:00,visit,이사,P034,SU0044_2,desktop,A
E000376,U0044,2026-02-06 22:04:00,search,이사,P034,SU0044_2,desktop,A
E000377,U0045,2026-01-23 13:05:00,visit,과외,P046,SU0045_1,mobile,B
E000378,U0045,2026-01-25 18:06:00,visit,과외,P073,SU0045_2,mobile,A
E000379,U0045,2026-01-25 18:00:00,search,과외,P073,SU0045_2,mobile,A
E000380,U0045,2026-02-07 21:01:00,visit,인테리어,P006,SU0045_3,mobile,A
E000381,U0045,2026-02-07 21:02:00,search,인테리어,P006,SU0045_3,mobile,A
E000382,U0045,2026-02-07 21:03:00,view_provider,인테리어,P006,SU0045_3,mobile,A
E000383,U0045,2026-02-07 21:04:00,start_request,인테리어,P006,SU0045_3,mobile,A
E000384,U0045,2026-02-07 21:05:00,submit_request,인테리어,P006,SU0045_3,mobile,A
E000385,U0045,2026-02-07 21:59:00,view_quote,인테리어,P006,SU0045_3,mobile,A
E000386,U0045,2026-02-13 18:00:00,visit,운동,P006,SU0045_4,desktop,A
E000387,U0046,2026-04-10 09:01:00,visit,인테리어,P054,SU0046_1,mobile,A
E000388,U0046,2026-04-10 09:02:00,search,인테리어,P054,SU0046_1,mobile,A
E000389,U0046,2026-04-11 11:03:00,visit,과외,P041,SU0046_2,desktop,A
E000390,U0047,2026-02-28 22:04:00,visit,과외,P070,SU0047_1,mobile,B
E000391,U0047,2026-02-28 22:05:00,search,과외,P070,SU0047_1,mobile,B
E000392,U0047,2026-02-28 22:06:00,view_provider,과외,P070,SU0047_1,mobile,B
E000393,U0047,2026-04-16 20:00:00,visit,운동,P054,SU0047_2,mobile,B
E000394,U0048,2026-05-17 08:01:00,visit,과외,P041,SU0048_1,mobile,B
E000395,U0048,2026-05-17 08:02:00,search,과외,P041,SU0048_1,mobile,B
E000396,U0048,2026-05-25 22:03:00,visit,청소,P020,SU0048_2,mobile,B
E000397,U0048,2026-04-02 22:04:00,visit,이사,P027,SU0048_3,desktop,B
E000398,U0048,2026-04-02 22:05:00,search,이사,P027,SU0048_3,desktop,B
E000399,U0048,2026-04-02 22:06:00,view_provider,이사,P027,SU0048_3,desktop,B
E000400,U0049,2026-05-06 11:00:00,visit,과외,P054,SU0049_1,mobile,A
E000401,U0049,2026-05-09 19:01:00,visit,이사,P011,SU0049_2,mobile,B
E000402,U0049,2026-05-09 19:02:00,search,이사,P011,SU0049_2,mobile,B
E000403,U0049,2026-05-09 19:03:00,view_provider,이사,P011,SU0049_2,mobile,B
E000404,U0049,2026-05-13 08:04:00,visit,과외,P045,SU0049_3,mobile,A
E000405,U0049,2026-05-13 08:05:00,search,과외,P045,SU0049_3,mobile,A
E000406,U0049,2026-05-13 08:06:00,view_provider,과외,P045,SU0049_3,mobile,A
E000407,U0049,2026-03-10 16:00:00,visit,사진촬영,P008,SU0049_4,desktop,B
E000408,U0049,2026-03-16 20:01:00,visit,과외,P038,SU0049_5,mobile,B
E000409,U0049,2026-03-16 20:02:00,search,과외,P038,SU0049_5,mobile,B
E000410,U0049,2026-03-16 20:03:00,view_provider,과외,P038,SU0049_5,mobile,B
E000411,U0049,2026-03-16 20:04:00,start_request,과외,P038,SU0049_5,mobile,B
E000412,U0049,2026-03-16 20:05:00,submit_request,과외,P038,SU0049_5,mobile,B
E000413,U0050,2026-03-18 16:06:00,visit,사진촬영,P033,SU0050_1,desktop,B
E000414,U0050,2026-03-18 16:00:00,search,사진촬영,P033,SU0050_1,desktop,B
E000415,U0051,2026-04-21 14:01:00,visit,인테리어,P061,SU0051_1,mobile,B
E000416,U0051,2026-04-21 14:02:00,search,인테리어,P061,SU0051_1,mobile,B
E000417,U0051,2026-04-21 14:03:00,view_provider,인테리어,P061,SU0051_1,mobile,B
E000418,U0051,2026-04-19 14:04:00,visit,청소,P055,SU0051_2,desktop,B
E000419,U0051,2026-04-19 14:05:00,search,청소,P055,SU0051_2,desktop,B
E000420,U0051,2026-05-28 11:06:00,visit,사진촬영,P013,SU0051_3,desktop,A
E000421,U0051,2026-05-28 11:00:00,search,사진촬영,P013,SU0051_3,desktop,A
E000422,U0052,2026-02-28 09:01:00,visit,이사,P043,SU0052_1,mobile,A
E000423,U0052,2026-02-28 09:02:00,search,이사,P043,SU0052_1,mobile,A
E000424,U0052,2026-02-04 13:03:00,visit,이사,P018,SU0052_2,mobile,A
E000425,U0052,2026-02-04 13:04:00,search,이사,P018,SU0052_2,mobile,A
E000426,U0052,2026-03-13 14:05:00,visit,과외,P044,SU0052_3,mobile,B
E000427,U0053,2026-04-22 20:06:00,visit,사진촬영,P007,SU0053_1,mobile,B
E000428,U0053,2026-04-22 20:00:00,search,사진촬영,P007,SU0053_1,mobile,B
E000429,U0053,2026-04-03 19:01:00,visit,과외,P080,SU0053_2,mobile,B
E000430,U0053,2026-04-03 19:02:00,search,과외,P080,SU0053_2,mobile,B
E000431,U0053,2026-04-03 19:03:00,view_provider,과외,P080,SU0053_2,mobile,B
E000432,U0053,2026-04-03 19:04:00,start_request,과외,P080,SU0053_2,mobile,B
E000433,U0053,2026-04-03 19:05:00,submit_request,과외,P080,SU0053_2,mobile,B
E000434,U0053,2026-04-03 21:49:00,view_quote,과외,P080,SU0053_2,mobile,B
E000435,U0053,2026-04-03 23:26:00,complete_transaction,과외,P080,SU0053_2,mobile,B
E000436,U0054,2026-02-15 14:01:00,visit,청소,P039,SU0054_1,mobile,B
E000437,U0054,2026-02-15 14:02:00,search,청소,P039,SU0054_1,mobile,B
E000438,U0054,2026-02-15 14:03:00,view_provider,청소,P039,SU0054_1,mobile,B
E000439,U0054,2026-04-13 12:04:00,visit,운동,P055,SU0054_2,mobile,B
E000440,U0054,2026-04-29 21:05:00,visit,운동,P005,SU0054_3,mobile,A
E000441,U0055,2026-04-13 09:06:00,visit,이사,P069,SU0055_1,mobile,A
E000442,U0055,2026-04-15 18:00:00,visit,과외,P052,SU0055_2,mobile,A
E000443,U0055,2026-04-15 18:01:00,search,과외,P052,SU0055_2,mobile,A
E000444,U0055,2026-04-15 18:02:00,view_provider,과외,P052,SU0055_2,mobile,A
E000445,U0055,2026-03-07 13:03:00,visit,과외,P044,SU0055_3,mobile,A
E000446,U0055,2026-03-07 13:04:00,search,과외,P044,SU0055_3,mobile,A
E000447,U0055,2026-03-07 13:05:00,view_provider,과외,P044,SU0055_3,mobile,A
E000448,U0055,2026-03-07 13:06:00,start_request,과외,P044,SU0055_3,mobile,A
E000449,U0055,2026-03-07 13:00:00,submit_request,과외,P044,SU0055_3,mobile,A
E000450,U0055,2026-03-07 14:45:00,view_quote,과외,P044,SU0055_3,mobile,A
E000451,U0056,2026-03-10 14:02:00,visit,이사,P043,SU0056_1,desktop,B
E000452,U0056,2026-03-10 14:03:00,search,이사,P043,SU0056_1,desktop,B
E000453,U0056,2026-03-10 14:04:00,view_provider,이사,P043,SU0056_1,desktop,B
E000454,U0056,2026-01-04 14:05:00,visit,사진촬영,P034,SU0056_2,mobile,A
E000455,U0056,2026-01-04 14:06:00,search,사진촬영,P034,SU0056_2,mobile,A
E000456,U0056,2026-01-04 14:00:00,view_provider,사진촬영,P034,SU0056_2,mobile,A
E000457,U0056,2026-01-04 14:01:00,start_request,사진촬영,P034,SU0056_2,mobile,A
E000458,U0056,2026-01-04 14:02:00,submit_request,사진촬영,P034,SU0056_2,mobile,A
E000459,U0057,2026-03-08 08:03:00,visit,운동,P050,SU0057_1,mobile,A
E000460,U0057,2026-03-08 08:04:00,search,운동,P050,SU0057_1,mobile,A
E000461,U0057,2026-03-08 08:05:00,view_provider,운동,P050,SU0057_1,mobile,A
E000462,U0057,2026-03-08 08:06:00,start_request,운동,P050,SU0057_1,mobile,A
E000463,U0057,2026-03-08 08:00:00,submit_request,운동,P050,SU0057_1,mobile,A
E000464,U0057,2026-03-08 09:14:00,view_quote,운동,P050,SU0057_1,mobile,A
E000465,U0057,2026-03-08 09:52:00,complete_transaction,운동,P050,SU0057_1,mobile,A
E000466,U0057,2026-03-15 09:52:00,write_review,운동,P050,SU0057_1,mobile,A
E000467,U0057,2026-04-03 12:04:00,visit,이사,P033,SU0057_2,desktop,A
E000468,U0057,2026-04-03 12:05:00,search,이사,P033,SU0057_2,desktop,A
E000469,U0057,2026-04-03 12:06:00,view_provider,이사,P033,SU0057_2,desktop,A
E000470,U0057,2026-04-03 12:00:00,start_request,이사,P033,SU0057_2,desktop,A
E000471,U0058,2026-03-04 17:01:00,visit,인테리어,P044,SU0058_1,mobile,B
E000472,U0058,2026-02-15 11:02:00,visit,사진촬영,P050,SU0058_2,mobile,A
E000473,U0058,2026-02-13 12:03:00,visit,청소,P035,SU0058_3,mobile,B
E000474,U0058,2026-02-13 12:04:00,search,청소,P035,SU0058_3,mobile,B
E000475,U0059,2026-03-12 14:05:00,visit,사진촬영,P032,SU0059_1,mobile,B
E000476,U0059,2026-03-12 14:06:00,search,사진촬영,P032,SU0059_1,mobile,B
E000477,U0059,2026-03-12 14:00:00,view_provider,사진촬영,P032,SU0059_1,mobile,B
E000478,U0059,2026-03-17 14:01:00,visit,이사,P013,SU0059_2,mobile,A
E000479,U0059,2026-03-17 14:02:00,search,이사,P013,SU0059_2,mobile,A
E000480,U0059,2026-05-15 19:03:00,visit,사진촬영,P045,SU0059_3,mobile,A
E000481,U0059,2026-05-15 19:04:00,search,사진촬영,P045,SU0059_3,mobile,A
E000482,U0059,2026-05-15 19:05:00,view_provider,사진촬영,P045,SU0059_3,mobile,A
E000483,U0060,2026-04-26 14:06:00,visit,인테리어,P038,SU0060_1,mobile,A
E000484,U0060,2026-04-26 14:00:00,search,인테리어,P038,SU0060_1,mobile,A
E000485,U0060,2026-04-26 14:01:00,view_provider,인테리어,P038,SU0060_1,mobile,A
E000486,U0060,2026-04-29 21:02:00,visit,사진촬영,P054,SU0060_2,mobile,B
E000487,U0060,2026-04-29 21:03:00,search,사진촬영,P054,SU0060_2,mobile,B
E000488,U0060,2026-04-29 21:04:00,view_provider,사진촬영,P054,SU0060_2,mobile,B
E000489,U0060,2026-04-29 21:05:00,start_request,사진촬영,P054,SU0060_2,mobile,B
E000490,U0061,2026-05-30 11:06:00,visit,청소,P066,SU0061_1,mobile,B
E000491,U0061,2026-05-30 11:00:00,search,청소,P066,SU0061_1,mobile,B
E000492,U0061,2026-05-30 11:01:00,view_provider,청소,P066,SU0061_1,mobile,B
E000493,U0061,2026-04-16 08:02:00,visit,사진촬영,P052,SU0061_2,mobile,B
E000494,U0062,2026-03-20 15:03:00,visit,사진촬영,P064,SU0062_1,mobile,B
E000495,U0062,2026-03-20 15:04:00,search,사진촬영,P064,SU0062_1,mobile,B
E000496,U0062,2026-03-20 15:05:00,view_provider,사진촬영,P064,SU0062_1,mobile,B
E000497,U0062,2026-03-20 15:06:00,start_request,사진촬영,P064,SU0062_1,mobile,B
E000498,U0063,2026-04-06 17:00:00,visit,사진촬영,P073,SU0063_1,mobile,A
E000499,U0063,2026-04-06 17:01:00,search,사진촬영,P073,SU0063_1,mobile,A
E000500,U0063,2026-04-06 17:02:00,view_provider,사진촬영,P073,SU0063_1,mobile,A
E000501,U0063,2026-04-06 17:03:00,start_request,사진촬영,P073,SU0063_1,mobile,A
E000502,U0063,2026-04-06 17:04:00,submit_request,사진촬영,P073,SU0063_1,mobile,A
E000503,U0063,2026-04-06 17:15:00,view_quote,사진촬영,P073,SU0063_1,mobile,A
E000504,U0064,2026-04-08 11:06:00,visit,사진촬영,P075,SU0064_1,desktop,B
E000505,U0064,2026-04-08 11:00:00,search,사진촬영,P075,SU0064_1,desktop,B
E000506,U0064,2026-04-15 18:01:00,visit,인테리어,P071,SU0064_2,mobile,B
E000507,U0064,2026-04-15 18:02:00,search,인테리어,P071,SU0064_2,mobile,B
E000508,U0064,2026-04-15 18:03:00,view_provider,인테리어,P071,SU0064_2,mobile,B
E000509,U0064,2026-04-15 18:04:00,start_request,인테리어,P071,SU0064_2,mobile,B
E000510,U0064,2026-04-15 18:05:00,submit_request,인테리어,P071,SU0064_2,mobile,B
E000511,U0064,2026-04-15 20:34:00,view_quote,인테리어,P071,SU0064_2,mobile,B
E000512,U0065,2026-03-26 19:00:00,visit,사진촬영,P066,SU0065_1,mobile,B
E000513,U0065,2026-03-26 19:01:00,search,사진촬영,P066,SU0065_1,mobile,B
E000514,U0065,2026-03-26 19:02:00,view_provider,사진촬영,P066,SU0065_1,mobile,B
E000515,U0065,2026-03-21 09:03:00,visit,이사,P069,SU0065_2,mobile,B
E000516,U0066,2026-03-18 15:04:00,visit,이사,P023,SU0066_1,mobile,B
E000517,U0066,2026-03-23 16:05:00,visit,인테리어,P009,SU0066_2,mobile,B
E000518,U0066,2026-03-23 16:06:00,search,인테리어,P009,SU0066_2,mobile,B
E000519,U0066,2026-03-31 15:00:00,visit,운동,P036,SU0066_3,mobile,B
E000520,U0066,2026-03-31 15:01:00,search,운동,P036,SU0066_3,mobile,B
E000521,U0066,2026-02-18 09:02:00,visit,인테리어,P027,SU0066_4,mobile,A
E000522,U0067,2026-05-09 15:03:00,visit,청소,P046,SU0067_1,mobile,A
E000523,U0067,2026-05-09 15:04:00,search,청소,P046,SU0067_1,mobile,A
E000524,U0067,2026-04-03 08:05:00,visit,인테리어,P052,SU0067_2,desktop,A
E000525,U0067,2026-04-03 08:06:00,search,인테리어,P052,SU0067_2,desktop,A
E000526,U0067,2026-04-03 08:00:00,view_provider,인테리어,P052,SU0067_2,desktop,A
E000527,U0067,2026-04-03 08:01:00,start_request,인테리어,P052,SU0067_2,desktop,A
E000528,U0068,2026-03-31 18:02:00,visit,인테리어,P073,SU0068_1,mobile,A
E000529,U0068,2026-03-31 18:03:00,search,인테리어,P073,SU0068_1,mobile,A
E000530,U0068,2026-03-31 18:04:00,view_provider,인테리어,P073,SU0068_1,mobile,A
E000531,U0069,2026-03-09 14:05:00,visit,과외,P032,SU0069_1,desktop,B
E000532,U0069,2026-03-09 14:06:00,search,과외,P032,SU0069_1,desktop,B
E000533,U0069,2026-03-02 21:00:00,visit,운동,P020,SU0069_2,desktop,A
E000534,U0069,2026-03-02 21:01:00,search,운동,P020,SU0069_2,desktop,A
E000535,U0069,2026-01-14 17:02:00,visit,인테리어,P070,SU0069_3,mobile,A
E000536,U0069,2026-01-14 17:03:00,search,인테리어,P070,SU0069_3,mobile,A
E000537,U0069,2026-01-14 17:04:00,view_provider,인테리어,P070,SU0069_3,mobile,A
E000538,U0069,2026-01-14 17:05:00,start_request,인테리어,P070,SU0069_3,mobile,A
E000539,U0069,2026-01-14 17:06:00,submit_request,인테리어,P070,SU0069_3,mobile,A
E000540,U0069,2026-01-14 19:18:00,view_quote,인테리어,P070,SU0069_3,mobile,A
E000541,U0069,2026-01-12 14:01:00,visit,사진촬영,P033,SU0069_4,mobile,A
E000542,U0069,2026-01-12 14:02:00,search,사진촬영,P033,SU0069_4,mobile,A
E000543,U0069,2026-01-12 14:03:00,view_provider,사진촬영,P033,SU0069_4,mobile,A
E000544,U0070,2026-02-17 20:04:00,visit,인테리어,P058,SU0070_1,desktop,A
E000545,U0070,2026-02-17 20:05:00,search,인테리어,P058,SU0070_1,desktop,A
E000546,U0070,2026-02-17 20:06:00,view_provider,인테리어,P058,SU0070_1,desktop,A
E000547,U0070,2026-04-25 19:00:00,visit,이사,P020,SU0070_2,mobile,A
E000548,U0070,2026-04-25 19:01:00,search,이사,P020,SU0070_2,mobile,A
E000549,U0070,2026-04-18 19:02:00,visit,인테리어,P026,SU0070_3,mobile,A
E000550,U0070,2026-04-18 19:03:00,search,인테리어,P026,SU0070_3,mobile,A
E000551,U0070,2026-03-20 13:04:00,visit,사진촬영,P014,SU0070_4,desktop,B
E000552,U0071,2026-04-19 21:05:00,visit,청소,P022,SU0071_1,mobile,A
E000553,U0071,2026-04-19 21:06:00,search,청소,P022,SU0071_1,mobile,A
E000554,U0071,2026-04-19 21:00:00,view_provider,청소,P022,SU0071_1,mobile,A
E000555,U0072,2026-02-02 08:01:00,visit,사진촬영,P057,SU0072_1,mobile,B
E000556,U0072,2026-02-02 08:02:00,search,사진촬영,P057,SU0072_1,mobile,B
E000557,U0072,2026-02-02 08:03:00,view_provider,사진촬영,P057,SU0072_1,mobile,B
E000558,U0072,2026-02-22 10:04:00,visit,청소,P076,SU0072_2,mobile,B
E000559,U0072,2026-02-22 10:05:00,search,청소,P076,SU0072_2,mobile,B
E000560,U0073,2026-02-11 14:06:00,visit,과외,P051,SU0073_1,mobile,B
E000561,U0073,2026-02-11 14:00:00,search,과외,P051,SU0073_1,mobile,B
E000562,U0073,2026-02-11 14:01:00,view_provider,과외,P051,SU0073_1,mobile,B
E000563,U0073,2026-02-11 14:02:00,start_request,과외,P051,SU0073_1,mobile,B
E000564,U0073,2026-02-11 14:03:00,submit_request,과외,P051,SU0073_1,mobile,B
E000565,U0073,2026-02-11 16:33:00,view_quote,과외,P051,SU0073_1,mobile,B
E000566,U0073,2026-02-12 08:45:00,complete_transaction,과외,P051,SU0073_1,mobile,B
E000567,U0073,2026-02-22 08:45:00,write_review,과외,P051,SU0073_1,mobile,B
E000568,U0073,2026-04-27 09:00:00,visit,과외,P019,SU0073_2,mobile,B
E000569,U0073,2026-04-27 09:01:00,search,과외,P019,SU0073_2,mobile,B
E000570,U0074,2026-03-13 16:02:00,visit,사진촬영,P046,SU0074_1,desktop,A
E000571,U0074,2026-03-13 16:03:00,search,사진촬영,P046,SU0074_1,desktop,A
E000572,U0074,2026-03-13 16:04:00,view_provider,사진촬영,P046,SU0074_1,desktop,A
E000573,U0074,2026-03-13 16:05:00,start_request,사진촬영,P046,SU0074_1,desktop,A
E000574,U0074,2026-01-17 08:06:00,visit,이사,P067,SU0074_2,mobile,A
E000575,U0074,2026-01-17 08:00:00,search,이사,P067,SU0074_2,mobile,A
E000576,U0074,2026-03-11 12:01:00,visit,이사,P027,SU0074_3,mobile,A
E000577,U0074,2026-03-11 12:02:00,search,이사,P027,SU0074_3,mobile,A
E000578,U0074,2026-03-11 12:03:00,view_provider,이사,P027,SU0074_3,mobile,A
E000579,U0074,2026-03-11 12:04:00,start_request,이사,P027,SU0074_3,mobile,A
E000580,U0074,2026-03-11 12:05:00,submit_request,이사,P027,SU0074_3,mobile,A
E000581,U0074,2026-03-11 13:53:00,view_quote,이사,P027,SU0074_3,mobile,A
E000582,U0074,2026-03-12 08:33:00,complete_transaction,이사,P027,SU0074_3,mobile,A
E000583,U0074,2026-03-25 08:33:00,write_review,이사,P027,SU0074_3,mobile,A
E000584,U0075,2026-04-20 08:02:00,visit,운동,P019,SU0075_1,mobile,A
E000585,U0075,2026-04-20 08:03:00,search,운동,P019,SU0075_1,mobile,A
E000586,U0075,2026-04-20 08:04:00,view_provider,운동,P019,SU0075_1,mobile,A
E000587,U0076,2026-04-06 10:05:00,visit,운동,P045,SU0076_1,mobile,B
E000588,U0076,2026-04-06 10:06:00,search,운동,P045,SU0076_1,mobile,B
E000589,U0076,2026-04-12 13:00:00,visit,운동,P001,SU0076_2,mobile,B
E000590,U0076,2026-04-12 13:01:00,search,운동,P001,SU0076_2,mobile,B
E000591,U0076,2026-04-12 13:02:00,view_provider,운동,P001,SU0076_2,mobile,B
E000592,U0076,2026-04-12 13:03:00,start_request,운동,P001,SU0076_2,mobile,B
E000593,U0076,2026-04-12 13:04:00,submit_request,운동,P001,SU0076_2,mobile,B
E000594,U0076,2026-04-27 10:05:00,visit,사진촬영,P012,SU0076_3,mobile,A
E000595,U0076,2026-04-27 10:06:00,search,사진촬영,P012,SU0076_3,mobile,A
E000596,U0076,2026-04-27 10:00:00,view_provider,사진촬영,P012,SU0076_3,mobile,A
E000597,U0076,2026-03-22 18:01:00,visit,이사,P052,SU0076_4,mobile,A
E000598,U0076,2026-03-22 18:02:00,search,이사,P052,SU0076_4,mobile,A
E000599,U0076,2026-03-22 18:03:00,view_provider,이사,P052,SU0076_4,mobile,A
E000600,U0077,2026-03-13 19:04:00,visit,이사,P074,SU0077_1,desktop,B
E000601,U0077,2026-03-22 20:05:00,visit,과외,P007,SU0077_2,mobile,A
E000602,U0077,2026-03-22 20:06:00,search,과외,P007,SU0077_2,mobile,A
E000603,U0077,2026-03-22 20:00:00,view_provider,과외,P007,SU0077_2,mobile,A
E000604,U0077,2026-03-22 20:01:00,start_request,과외,P007,SU0077_2,mobile,A
E000605,U0077,2026-03-22 20:02:00,submit_request,과외,P007,SU0077_2,mobile,A
E000606,U0077,2026-03-22 22:12:00,view_quote,과외,P007,SU0077_2,mobile,A
E000607,U0077,2026-02-19 13:04:00,visit,인테리어,P002,SU0077_3,mobile,A
E000608,U0077,2026-02-19 13:05:00,search,인테리어,P002,SU0077_3,mobile,A
E000609,U0078,2026-01-23 19:06:00,visit,이사,P056,SU0078_1,mobile,B
E000610,U0078,2026-01-23 19:00:00,search,이사,P056,SU0078_1,mobile,B
E000611,U0078,2026-01-23 19:01:00,view_provider,이사,P056,SU0078_1,mobile,B
E000612,U0078,2026-03-26 13:02:00,visit,과외,P014,SU0078_2,mobile,A
E000613,U0078,2026-03-26 13:03:00,search,과외,P014,SU0078_2,mobile,A
E000614,U0078,2026-03-26 13:04:00,view_provider,과외,P014,SU0078_2,mobile,A
E000615,U0078,2026-03-26 13:05:00,start_request,과외,P014,SU0078_2,mobile,A
E000616,U0078,2026-03-26 13:06:00,submit_request,과외,P014,SU0078_2,mobile,A
E000617,U0078,2026-03-26 15:12:00,view_quote,과외,P014,SU0078_2,mobile,A
E000618,U0078,2026-03-27 07:02:00,complete_transaction,과외,P014,SU0078_2,mobile,A
E000619,U0079,2026-04-23 12:02:00,visit,청소,P010,SU0079_1,mobile,A
E000620,U0079,2026-03-19 17:03:00,visit,사진촬영,P025,SU0079_2,desktop,A
E000621,U0079,2026-03-19 17:04:00,search,사진촬영,P025,SU0079_2,desktop,A
E000622,U0079,2026-03-19 17:05:00,view_provider,사진촬영,P025,SU0079_2,desktop,A
E000623,U0079,2026-04-14 08:06:00,visit,이사,P065,SU0079_3,mobile,B
E000624,U0079,2026-04-14 08:00:00,search,이사,P065,SU0079_3,mobile,B
E000625,U0079,2026-04-14 08:01:00,view_provider,이사,P065,SU0079_3,mobile,B
E000626,U0079,2026-04-14 08:02:00,start_request,이사,P065,SU0079_3,mobile,B
E000627,U0079,2026-04-14 08:03:00,submit_request,이사,P065,SU0079_3,mobile,B
E000628,U0079,2026-04-14 08:56:00,view_quote,이사,P065,SU0079_3,mobile,B
E000629,U0079,2026-04-14 16:27:00,complete_transaction,이사,P065,SU0079_3,mobile,B
E000630,U0079,2026-03-19 22:06:00,visit,이사,P012,SU0079_4,desktop,A
E000631,U0079,2026-03-19 22:00:00,search,이사,P012,SU0079_4,desktop,A
E000632,U0079,2026-04-08 16:01:00,visit,운동,P045,SU0079_5,mobile,B
E000633,U0079,2026-04-08 16:02:00,search,운동,P045,SU0079_5,mobile,B
E000634,U0079,2026-04-08 16:03:00,view_provider,운동,P045,SU0079_5,mobile,B
E000635,U0079,2026-04-08 16:04:00,start_request,운동,P045,SU0079_5,mobile,B
E000636,U0079,2026-04-08 16:05:00,submit_request,운동,P045,SU0079_5,mobile,B
E000637,U0079,2026-04-08 18:08:00,view_quote,운동,P045,SU0079_5,mobile,B
E000638,U0079,2026-04-09 14:17:00,complete_transaction,운동,P045,SU0079_5,mobile,B
E000639,U0079,2026-04-18 14:17:00,write_review,운동,P045,SU0079_5,mobile,B
E000640,U0080,2026-04-05 14:02:00,visit,과외,P050,SU0080_1,mobile,B
E000641,U0080,2026-04-05 14:03:00,search,과외,P050,SU0080_1,mobile,B
E000642,U0080,2026-04-05 14:04:00,view_provider,과외,P050,SU0080_1,mobile,B
E000643,U0081,2026-05-25 22:05:00,visit,과외,P069,SU0081_1,mobile,A
E000644,U0081,2026-05-03 12:06:00,visit,과외,P021,SU0081_2,desktop,A
E000645,U0081,2026-05-03 12:00:00,search,과외,P021,SU0081_2,desktop,A
E000646,U0081,2026-05-03 12:01:00,view_provider,과외,P021,SU0081_2,desktop,A
E000647,U0081,2026-05-03 12:02:00,start_request,과외,P021,SU0081_2,desktop,A
E000648,U0081,2026-05-03 12:03:00,submit_request,과외,P021,SU0081_2,desktop,A
E000649,U0082,2026-04-14 22:04:00,visit,인테리어,P044,SU0082_1,mobile,A
E000650,U0082,2026-04-14 22:05:00,search,인테리어,P044,SU0082_1,mobile,A
E000651,U0082,2026-03-04 21:06:00,visit,청소,P008,SU0082_2,mobile,A
E000652,U0082,2026-03-04 21:00:00,search,청소,P008,SU0082_2,mobile,A
E000653,U0082,2026-03-04 21:01:00,view_provider,청소,P008,SU0082_2,mobile,A
E000654,U0082,2026-02-20 20:02:00,visit,인테리어,P049,SU0082_3,desktop,B
E000655,U0082,2026-03-13 21:03:00,visit,인테리어,P047,SU0082_4,desktop,A
E000656,U0082,2026-03-13 21:04:00,search,인테리어,P047,SU0082_4,desktop,A
E000657,U0082,2026-03-13 21:05:00,view_provider,인테리어,P047,SU0082_4,desktop,A
E000658,U0082,2026-03-13 21:06:00,start_request,인테리어,P047,SU0082_4,desktop,A
E000659,U0082,2026-03-13 21:00:00,submit_request,인테리어,P047,SU0082_4,desktop,A
E000660,U0082,2026-03-13 21:47:00,view_quote,인테리어,P047,SU0082_4,desktop,A
E000661,U0082,2026-03-14 19:27:00,complete_transaction,인테리어,P047,SU0082_4,desktop,A
E000662,U0083,2026-02-13 10:03:00,visit,이사,P009,SU0083_1,mobile,A
E000663,U0083,2026-03-09 10:04:00,visit,인테리어,P071,SU0083_2,mobile,B
E000664,U0083,2026-03-09 10:05:00,search,인테리어,P071,SU0083_2,mobile,B
E000665,U0083,2026-03-09 10:06:00,view_provider,인테리어,P071,SU0083_2,mobile,B
E000666,U0083,2026-03-09 10:00:00,start_request,인테리어,P071,SU0083_2,mobile,B
E000667,U0083,2026-03-09 10:01:00,submit_request,인테리어,P071,SU0083_2,mobile,B
E000668,U0083,2026-03-09 10:13:00,view_quote,인테리어,P071,SU0083_2,mobile,B
E000669,U0083,2026-03-01 18:03:00,visit,이사,P054,SU0083_3,mobile,A
E000670,U0083,2026-03-01 18:04:00,search,이사,P054,SU0083_3,mobile,A
E000671,U0083,2026-03-01 18:05:00,view_provider,이사,P054,SU0083_3,mobile,A
E000672,U0083,2026-03-01 18:06:00,start_request,이사,P054,SU0083_3,mobile,A
E000673,U0083,2026-03-01 18:00:00,submit_request,이사,P054,SU0083_3,mobile,A
E000674,U0083,2026-03-01 18:38:00,view_quote,이사,P054,SU0083_3,mobile,A
E000675,U0084,2026-03-16 21:02:00,visit,인테리어,P003,SU0084_1,desktop,A
E000676,U0084,2026-03-16 21:03:00,search,인테리어,P003,SU0084_1,desktop,A
E000677,U0084,2026-03-16 21:04:00,view_provider,인테리어,P003,SU0084_1,desktop,A
E000678,U0084,2026-03-16 21:05:00,start_request,인테리어,P003,SU0084_1,desktop,A
E000679,U0084,2026-03-29 15:06:00,visit,과외,P024,SU0084_2,mobile,B
E000680,U0085,2026-05-10 17:00:00,visit,인테리어,P042,SU0085_1,mobile,A
E000681,U0085,2026-05-10 17:01:00,search,인테리어,P042,SU0085_1,mobile,A
E000682,U0085,2026-04-08 14:02:00,visit,청소,P022,SU0085_2,mobile,A
E000683,U0085,2026-04-22 17:03:00,visit,청소,P020,SU0085_3,desktop,B
E000684,U0085,2026-04-22 17:04:00,search,청소,P020,SU0085_3,desktop,B
E000685,U0085,2026-04-22 17:05:00,view_provider,청소,P020,SU0085_3,desktop,B
E000686,U0086,2026-04-25 20:06:00,visit,청소,P043,SU0086_1,mobile,B
E000687,U0086,2026-03-08 21:00:00,visit,운동,P066,SU0086_2,mobile,A
E000688,U0086,2026-03-08 21:01:00,search,운동,P066,SU0086_2,mobile,A
E000689,U0086,2026-03-08 21:02:00,view_provider,운동,P066,SU0086_2,mobile,A
E000690,U0086,2026-03-25 22:03:00,visit,청소,P044,SU0086_3,mobile,B
E000691,U0086,2026-03-25 22:04:00,search,청소,P044,SU0086_3,mobile,B
E000692,U0086,2026-03-25 22:05:00,view_provider,청소,P044,SU0086_3,mobile,B
E000693,U0087,2026-03-12 18:06:00,visit,청소,P006,SU0087_1,desktop,B
E000694,U0087,2026-03-12 18:00:00,search,청소,P006,SU0087_1,desktop,B
E000695,U0088,2026-03-02 13:01:00,visit,청소,P029,SU0088_1,mobile,B
E000696,U0089,2026-05-23 14:02:00,visit,운동,P059,SU0089_1,mobile,B
E000697,U0089,2026-04-15 11:03:00,visit,운동,P007,SU0089_2,mobile,B
E000698,U0089,2026-04-15 11:04:00,search,운동,P007,SU0089_2,mobile,B
E000699,U0089,2026-04-15 11:05:00,view_provider,운동,P007,SU0089_2,mobile,B
E000700,U0089,2026-04-06 12:06:00,visit,이사,P061,SU0089_3,mobile,A
E000701,U0089,2026-04-06 12:00:00,search,이사,P061,SU0089_3,mobile,A
E000702,U0089,2026-03-22 13:01:00,visit,청소,P055,SU0089_4,desktop,A
E000703,U0090,2026-03-18 18:02:00,visit,운동,P045,SU0090_1,mobile,A
E000704,U0090,2026-03-18 17:03:00,visit,운동,P024,SU0090_2,desktop,B
E000705,U0090,2026-03-18 17:04:00,search,운동,P024,SU0090_2,desktop,B
E000706,U0091,2026-03-17 15:05:00,visit,운동,P028,SU0091_1,mobile,A
E000707,U0091,2026-02-16 19:06:00,visit,청소,P050,SU0091_2,mobile,A
E000708,U0092,2026-05-18 14:00:00,visit,인테리어,P036,SU0092_1,mobile,A
E000709,U0092,2026-05-18 14:01:00,search,인테리어,P036,SU0092_1,mobile,A
E000710,U0092,2026-05-18 14:02:00,view_provider,인테리어,P036,SU0092_1,mobile,A
E000711,U0092,2026-04-15 14:03:00,visit,사진촬영,P014,SU0092_2,mobile,B
E000712,U0092,2026-04-15 14:04:00,search,사진촬영,P014,SU0092_2,mobile,B
E000713,U0093,2026-05-23 21:05:00,visit,인테리어,P044,SU0093_1,mobile,B
E000714,U0093,2026-05-23 21:06:00,search,인테리어,P044,SU0093_1,mobile,B
E000715,U0094,2026-02-20 17:00:00,visit,과외,P024,SU0094_1,mobile,B
E000716,U0094,2026-03-18 17:01:00,visit,과외,P011,SU0094_2,desktop,A
E000717,U0094,2026-04-02 13:02:00,visit,과외,P034,SU0094_3,mobile,B
E000718,U0094,2026-04-02 13:03:00,search,과외,P034,SU0094_3,mobile,B
E000719,U0094,2026-04-02 13:04:00,view_provider,과외,P034,SU0094_3,mobile,B
E000720,U0094,2026-04-22 18:05:00,visit,청소,P046,SU0094_4,mobile,A
E000721,U0094,2026-04-22 18:06:00,search,청소,P046,SU0094_4,mobile,A
E000722,U0094,2026-04-22 18:00:00,view_provider,청소,P046,SU0094_4,mobile,A
E000723,U0095,2026-05-09 18:01:00,visit,청소,P080,SU0095_1,desktop,A
E000724,U0095,2026-06-03 21:02:00,visit,인테리어,P068,SU0095_2,mobile,A
E000725,U0095,2026-05-03 15:03:00,visit,인테리어,P070,SU0095_3,mobile,B
E000726,U0095,2026-05-03 15:04:00,search,인테리어,P070,SU0095_3,mobile,B
E000727,U0095,2026-05-03 15:05:00,view_provider,인테리어,P070,SU0095_3,mobile,B
E000728,U0095,2026-05-03 15:06:00,start_request,인테리어,P070,SU0095_3,mobile,B
E000729,U0095,2026-05-03 15:00:00,submit_request,인테리어,P070,SU0095_3,mobile,B
E000730,U0095,2026-05-03 16:14:00,view_quote,인테리어,P070,SU0095_3,mobile,B
E000731,U0095,2026-05-04 01:28:00,complete_transaction,인테리어,P070,SU0095_3,mobile,B
E000732,U0095,2026-05-08 01:28:00,write_review,인테리어,P070,SU0095_3,mobile,B
E000733,U0095,2026-05-24 17:04:00,visit,이사,P057,SU0095_4,mobile,B
E000734,U0095,2026-05-24 17:05:00,search,이사,P057,SU0095_4,mobile,B
E000735,U0095,2026-05-19 16:06:00,visit,인테리어,P071,SU0095_5,mobile,A
E000736,U0095,2026-05-19 16:00:00,search,인테리어,P071,SU0095_5,mobile,A
E000737,U0095,2026-05-19 16:01:00,view_provider,인테리어,P071,SU0095_5,mobile,A
E000738,U0096,2026-02-07 09:02:00,visit,이사,P069,SU0096_1,desktop,B
E000739,U0096,2026-02-07 09:03:00,search,이사,P069,SU0096_1,desktop,B
E000740,U0096,2026-02-07 09:04:00,view_provider,이사,P069,SU0096_1,desktop,B
E000741,U0096,2026-02-07 09:05:00,start_request,이사,P069,SU0096_1,desktop,B
E000742,U0096,2026-03-11 22:06:00,visit,과외,P043,SU0096_2,mobile,B
E000743,U0096,2026-03-11 22:00:00,search,과외,P043,SU0096_2,mobile,B
E000744,U0097,2026-03-03 09:01:00,visit,사진촬영,P072,SU0097_1,desktop,A
E000745,U0097,2026-03-25 20:02:00,visit,청소,P039,SU0097_2,desktop,A
E000746,U0097,2026-02-15 22:03:00,visit,청소,P019,SU0097_3,mobile,A
E000747,U0097,2026-02-15 22:04:00,search,청소,P019,SU0097_3,mobile,A
E000748,U0097,2026-02-15 22:05:00,view_provider,청소,P019,SU0097_3,mobile,A
E000749,U0097,2026-02-24 11:06:00,visit,운동,P060,SU0097_4,mobile,A
E000750,U0098,2026-04-22 14:00:00,visit,인테리어,P058,SU0098_1,desktop,B
E000751,U0098,2026-04-22 14:01:00,search,인테리어,P058,SU0098_1,desktop,B
E000752,U0098,2026-04-22 14:02:00,view_provider,인테리어,P058,SU0098_1,desktop,B
E000753,U0098,2026-05-06 13:03:00,visit,이사,P036,SU0098_2,mobile,B
E000754,U0098,2026-04-09 09:04:00,visit,이사,P004,SU0098_3,desktop,B
E000755,U0098,2026-05-11 12:05:00,visit,사진촬영,P020,SU0098_4,mobile,A
E000756,U0098,2026-05-11 12:06:00,search,사진촬영,P020,SU0098_4,mobile,A
E000757,U0098,2026-05-11 12:00:00,view_provider,사진촬영,P020,SU0098_4,mobile,A
E000758,U0098,2026-05-11 12:01:00,start_request,사진촬영,P020,SU0098_4,mobile,A
E000759,U0099,2026-02-27 15:02:00,visit,청소,P020,SU0099_1,mobile,A
E000760,U0099,2026-02-27 15:03:00,search,청소,P020,SU0099_1,mobile,A
E000761,U0099,2026-03-30 12:04:00,visit,인테리어,P050,SU0099_2,desktop,B
E000762,U0099,2026-03-30 12:05:00,search,인테리어,P050,SU0099_2,desktop,B
E000763,U0099,2026-03-30 12:06:00,view_provider,인테리어,P050,SU0099_2,desktop,B
E000764,U0099,2026-03-30 12:00:00,start_request,인테리어,P050,SU0099_2,desktop,B
E000765,U0099,2026-03-30 12:01:00,submit_request,인테리어,P050,SU0099_2,desktop,B
E000766,U0099,2026-03-30 12:19:00,view_quote,인테리어,P050,SU0099_2,desktop,B
E000767,U0099,2026-03-31 02:50:00,complete_transaction,인테리어,P050,SU0099_2,desktop,B
E000768,U0099,2026-03-26 16:04:00,visit,운동,P071,SU0099_3,mobile,B
E000769,U0099,2026-03-26 16:05:00,search,운동,P071,SU0099_3,mobile,B
E000770,U0099,2026-03-26 16:06:00,view_provider,운동,P071,SU0099_3,mobile,B
E000771,U0099,2026-04-19 15:00:00,visit,인테리어,P062,SU0099_4,mobile,A
E000772,U0099,2026-04-19 15:01:00,search,인테리어,P062,SU0099_4,mobile,A
E000773,U0100,2026-01-30 11:02:00,visit,운동,P041,SU0100_1,mobile,B
E000774,U0100,2026-01-30 11:03:00,search,운동,P041,SU0100_1,mobile,B
E000775,U0101,2026-03-30 14:04:00,visit,청소,P054,SU0101_1,mobile,B
E000776,U0101,2026-03-30 14:05:00,search,청소,P054,SU0101_1,mobile,B
E000777,U0101,2026-03-30 14:06:00,view_provider,청소,P054,SU0101_1,mobile,B
E000778,U0101,2026-05-16 12:00:00,visit,사진촬영,P017,SU0101_2,mobile,B
E000779,U0101,2026-05-16 12:01:00,search,사진촬영,P017,SU0101_2,mobile,B
E000780,U0101,2026-05-16 12:02:00,view_provider,사진촬영,P017,SU0101_2,mobile,B
E000781,U0101,2026-05-16 12:03:00,start_request,사진촬영,P017,SU0101_2,mobile,B
E000782,U0101,2026-05-16 12:04:00,submit_request,사진촬영,P017,SU0101_2,mobile,B
E000783,U0101,2026-05-16 13:37:00,view_quote,사진촬영,P017,SU0101_2,mobile,B
E000784,U0101,2026-04-01 15:06:00,visit,사진촬영,P020,SU0101_3,mobile,B
E000785,U0101,2026-04-01 15:00:00,search,사진촬영,P020,SU0101_3,mobile,B
E000786,U0101,2026-04-01 15:01:00,view_provider,사진촬영,P020,SU0101_3,mobile,B
E000787,U0101,2026-04-01 15:02:00,start_request,사진촬영,P020,SU0101_3,mobile,B
E000788,U0101,2026-04-01 15:03:00,submit_request,사진촬영,P020,SU0101_3,mobile,B
E000789,U0101,2026-04-01 16:58:00,view_quote,사진촬영,P020,SU0101_3,mobile,B
E000790,U0101,2026-04-01 18:00:00,complete_transaction,사진촬영,P020,SU0101_3,mobile,B
E000791,U0101,2026-04-12 13:06:00,visit,이사,P075,SU0101_4,mobile,B
E000792,U0101,2026-04-12 13:00:00,search,이사,P075,SU0101_4,mobile,B
E000793,U0102,2026-01-31 22:01:00,visit,과외,P059,SU0102_1,mobile,A
E000794,U0102,2026-01-31 22:02:00,search,과외,P059,SU0102_1,mobile,A
E000795,U0102,2026-01-31 22:03:00,view_provider,과외,P059,SU0102_1,mobile,A
E000796,U0103,2026-05-02 13:04:00,visit,과외,P055,SU0103_1,mobile,A
E000797,U0103,2026-05-02 13:05:00,search,과외,P055,SU0103_1,mobile,A
E000798,U0103,2026-05-02 13:06:00,view_provider,과외,P055,SU0103_1,mobile,A
E000799,U0103,2026-06-01 14:00:00,visit,이사,P024,SU0103_2,mobile,A
E000800,U0103,2026-06-01 14:01:00,search,이사,P024,SU0103_2,mobile,A
E000801,U0103,2026-03-15 09:02:00,visit,이사,P034,SU0103_3,mobile,B
E000802,U0103,2026-03-15 09:03:00,search,이사,P034,SU0103_3,mobile,B
E000803,U0103,2026-03-15 09:04:00,view_provider,이사,P034,SU0103_3,mobile,B
E000804,U0103,2026-03-15 09:05:00,start_request,이사,P034,SU0103_3,mobile,B
E000805,U0103,2026-03-15 09:06:00,submit_request,이사,P034,SU0103_3,mobile,B
E000806,U0103,2026-03-15 10:02:00,view_quote,이사,P034,SU0103_3,mobile,B
E000807,U0103,2026-05-29 22:01:00,visit,인테리어,P061,SU0103_4,desktop,B
E000808,U0104,2026-02-02 20:02:00,visit,운동,P075,SU0104_1,mobile,A
E000809,U0104,2026-02-02 20:03:00,search,운동,P075,SU0104_1,mobile,A
E000810,U0104,2026-02-21 10:04:00,visit,과외,P058,SU0104_2,desktop,B
E000811,U0104,2026-02-18 11:05:00,visit,인테리어,P057,SU0104_3,desktop,B
E000812,U0104,2026-03-16 14:06:00,visit,인테리어,P053,SU0104_4,mobile,B
E000813,U0104,2026-01-18 11:00:00,visit,과외,P058,SU0104_5,desktop,B
E000814,U0104,2026-01-18 11:01:00,search,과외,P058,SU0104_5,desktop,B
E000815,U0104,2026-01-18 11:02:00,view_provider,과외,P058,SU0104_5,desktop,B
E000816,U0105,2026-05-16 15:03:00,visit,청소,P008,SU0105_1,mobile,A
E000817,U0105,2026-04-02 19:04:00,visit,이사,P047,SU0105_2,mobile,A
E000818,U0105,2026-04-02 19:05:00,search,이사,P047,SU0105_2,mobile,A
E000819,U0105,2026-04-02 19:06:00,view_provider,이사,P047,SU0105_2,mobile,A
E000820,U0105,2026-05-02 14:00:00,visit,과외,P028,SU0105_3,mobile,A
E000821,U0106,2026-03-30 10:01:00,visit,청소,P080,SU0106_1,mobile,A
E000822,U0106,2026-03-30 10:02:00,search,청소,P080,SU0106_1,mobile,A
E000823,U0106,2026-03-30 10:03:00,view_provider,청소,P080,SU0106_1,mobile,A
E000824,U0106,2026-03-19 20:04:00,visit,인테리어,P018,SU0106_2,mobile,A
E000825,U0106,2026-03-19 20:05:00,search,인테리어,P018,SU0106_2,mobile,A
E000826,U0107,2026-05-27 14:06:00,visit,운동,P053,SU0107_1,desktop,B
E000827,U0107,2026-05-27 14:00:00,search,운동,P053,SU0107_1,desktop,B
E000828,U0107,2026-04-30 09:01:00,visit,운동,P061,SU0107_2,desktop,B
E000829,U0108,2026-03-23 21:02:00,visit,과외,P019,SU0108_1,mobile,B
E000830,U0109,2026-03-26 09:03:00,visit,사진촬영,P028,SU0109_1,mobile,A
E000831,U0109,2026-03-26 09:04:00,search,사진촬영,P028,SU0109_1,mobile,A
E000832,U0109,2026-03-26 09:05:00,view_provider,사진촬영,P028,SU0109_1,mobile,A
E000833,U0109,2026-03-26 09:06:00,start_request,사진촬영,P028,SU0109_1,mobile,A
E000834,U0109,2026-03-26 09:00:00,submit_request,사진촬영,P028,SU0109_1,mobile,A
E000835,U0109,2026-03-26 10:31:00,view_quote,사진촬영,P028,SU0109_1,mobile,A
E000836,U0109,2026-03-01 08:02:00,visit,이사,P011,SU0109_2,mobile,A
E000837,U0109,2026-03-01 08:03:00,search,이사,P011,SU0109_2,mobile,A
E000838,U0109,2026-03-01 08:04:00,view_provider,이사,P011,SU0109_2,mobile,A
E000839,U0109,2026-03-01 08:05:00,start_request,이사,P011,SU0109_2,mobile,A
E000840,U0109,2026-03-01 08:06:00,submit_request,이사,P011,SU0109_2,mobile,A
E000841,U0109,2026-03-01 09:56:00,view_quote,이사,P011,SU0109_2,mobile,A
E000842,U0109,2026-04-27 16:01:00,visit,사진촬영,P012,SU0109_3,mobile,A
E000843,U0109,2026-04-27 16:02:00,search,사진촬영,P012,SU0109_3,mobile,A
E000844,U0109,2026-04-27 16:03:00,view_provider,사진촬영,P012,SU0109_3,mobile,A
E000845,U0109,2026-04-27 16:04:00,start_request,사진촬영,P012,SU0109_3,mobile,A
E000846,U0109,2026-04-27 16:05:00,submit_request,사진촬영,P012,SU0109_3,mobile,A
E000847,U0109,2026-02-16 17:06:00,visit,운동,P034,SU0109_4,mobile,B
E000848,U0109,2026-02-16 17:00:00,search,운동,P034,SU0109_4,mobile,B
E000849,U0109,2026-03-13 16:01:00,visit,이사,P022,SU0109_5,mobile,B
E000850,U0109,2026-03-13 16:02:00,search,이사,P022,SU0109_5,mobile,B
E000851,U0109,2026-03-13 16:03:00,view_provider,이사,P022,SU0109_5,mobile,B
E000852,U0110,2026-05-06 14:04:00,visit,인테리어,P038,SU0110_1,mobile,A
E000853,U0110,2026-05-06 14:05:00,search,인테리어,P038,SU0110_1,mobile,A
E000854,U0110,2026-05-06 14:06:00,view_provider,인테리어,P038,SU0110_1,mobile,A
E000855,U0110,2026-04-09 14:00:00,visit,이사,P029,SU0110_2,mobile,B
E000856,U0110,2026-04-09 14:01:00,search,이사,P029,SU0110_2,mobile,B
E000857,U0110,2026-04-09 14:02:00,view_provider,이사,P029,SU0110_2,mobile,B
E000858,U0110,2026-05-15 15:03:00,visit,과외,P059,SU0110_3,mobile,B
E000859,U0110,2026-05-15 15:04:00,search,과외,P059,SU0110_3,mobile,B
E000860,U0110,2026-05-15 15:05:00,view_provider,과외,P059,SU0110_3,mobile,B
E000861,U0110,2026-05-15 15:06:00,start_request,과외,P059,SU0110_3,mobile,B
E000862,U0110,2026-05-15 15:00:00,submit_request,과외,P059,SU0110_3,mobile,B
E000863,U0110,2026-05-15 16:36:00,view_quote,과외,P059,SU0110_3,mobile,B
E000864,U0110,2026-03-23 10:02:00,visit,과외,P054,SU0110_4,mobile,B
E000865,U0110,2026-03-23 10:03:00,search,과외,P054,SU0110_4,mobile,B
E000866,U0110,2026-03-23 10:04:00,view_provider,과외,P054,SU0110_4,mobile,B
E000867,U0110,2026-03-05 13:05:00,visit,이사,P076,SU0110_5,mobile,A
E000868,U0110,2026-03-05 13:06:00,search,이사,P076,SU0110_5,mobile,A
E000869,U0111,2026-03-19 15:00:00,visit,청소,P030,SU0111_1,mobile,A
E000870,U0111,2026-03-19 15:01:00,search,청소,P030,SU0111_1,mobile,A
E000871,U0111,2026-02-02 17:02:00,visit,과외,P017,SU0111_2,desktop,A
E000872,U0111,2026-02-02 17:03:00,search,과외,P017,SU0111_2,desktop,A
E000873,U0111,2026-02-02 17:04:00,view_provider,과외,P017,SU0111_2,desktop,A
E000874,U0111,2026-03-07 21:05:00,visit,과외,P058,SU0111_3,mobile,A
E000875,U0111,2026-03-07 21:06:00,search,과외,P058,SU0111_3,mobile,A
E000876,U0112,2026-03-18 20:00:00,visit,운동,P075,SU0112_1,mobile,B
E000877,U0112,2026-03-18 20:01:00,search,운동,P075,SU0112_1,mobile,B
E000878,U0112,2026-03-18 20:02:00,view_provider,운동,P075,SU0112_1,mobile,B
E000879,U0112,2026-03-23 20:03:00,visit,사진촬영,P076,SU0112_2,mobile,B
E000880,U0112,2026-03-23 20:04:00,search,사진촬영,P076,SU0112_2,mobile,B
E000881,U0112,2026-03-23 20:05:00,view_provider,사진촬영,P076,SU0112_2,mobile,B
E000882,U0112,2026-03-23 20:06:00,start_request,사진촬영,P076,SU0112_2,mobile,B
E000883,U0112,2026-03-23 20:00:00,submit_request,사진촬영,P076,SU0112_2,mobile,B
E000884,U0112,2026-03-23 21:21:00,view_quote,사진촬영,P076,SU0112_2,mobile,B
E000885,U0112,2026-04-21 18:02:00,visit,청소,P066,SU0112_3,desktop,B
E000886,U0112,2026-04-24 10:03:00,visit,인테리어,P003,SU0112_4,desktop,A
E000887,U0112,2026-04-24 10:04:00,search,인테리어,P003,SU0112_4,desktop,A
E000888,U0112,2026-04-24 10:05:00,view_provider,인테리어,P003,SU0112_4,desktop,A
E000889,U0112,2026-04-24 10:06:00,start_request,인테리어,P003,SU0112_4,desktop,A
E000890,U0112,2026-04-24 10:00:00,submit_request,인테리어,P003,SU0112_4,desktop,A
E000891,U0112,2026-05-12 14:01:00,visit,과외,P018,SU0112_5,desktop,A
E000892,U0113,2026-02-25 11:02:00,visit,이사,P045,SU0113_1,mobile,B
E000893,U0113,2026-02-25 11:03:00,search,이사,P045,SU0113_1,mobile,B
E000894,U0113,2026-04-27 17:04:00,visit,인테리어,P064,SU0113_2,mobile,B
E000895,U0113,2026-04-27 17:05:00,search,인테리어,P064,SU0113_2,mobile,B
E000896,U0113,2026-04-27 17:06:00,view_provider,인테리어,P064,SU0113_2,mobile,B
E000897,U0113,2026-04-27 17:00:00,start_request,인테리어,P064,SU0113_2,mobile,B
E000898,U0113,2026-04-27 17:01:00,submit_request,인테리어,P064,SU0113_2,mobile,B
E000899,U0113,2026-04-27 18:34:00,view_quote,인테리어,P064,SU0113_2,mobile,B
E000900,U0113,2026-04-28 16:50:00,complete_transaction,인테리어,P064,SU0113_2,mobile,B
E000901,U0113,2026-05-01 16:50:00,write_review,인테리어,P064,SU0113_2,mobile,B
E000902,U0114,2026-04-22 12:05:00,visit,이사,P060,SU0114_1,desktop,A
E000903,U0114,2026-04-22 12:06:00,search,이사,P060,SU0114_1,desktop,A
E000904,U0114,2026-04-22 12:00:00,view_provider,이사,P060,SU0114_1,desktop,A
E000905,U0114,2026-04-02 22:01:00,visit,운동,P058,SU0114_2,mobile,A
E000906,U0115,2026-02-25 22:02:00,visit,운동,P009,SU0115_1,mobile,A
E000907,U0115,2026-02-25 22:03:00,search,운동,P009,SU0115_1,mobile,A
E000908,U0115,2026-03-12 22:04:00,visit,이사,P075,SU0115_2,mobile,A
E000909,U0115,2026-03-12 22:05:00,search,이사,P075,SU0115_2,mobile,A
E000910,U0115,2026-03-12 22:06:00,view_provider,이사,P075,SU0115_2,mobile,A
E000911,U0115,2026-03-12 22:00:00,start_request,이사,P075,SU0115_2,mobile,A
E000912,U0115,2026-03-12 22:01:00,submit_request,이사,P075,SU0115_2,mobile,A
E000913,U0115,2026-03-12 22:21:00,view_quote,이사,P075,SU0115_2,mobile,A
E000914,U0115,2026-03-13 12:18:00,complete_transaction,이사,P075,SU0115_2,mobile,A
E000915,U0115,2026-03-14 12:18:00,write_review,이사,P075,SU0115_2,mobile,A
E000916,U0115,2026-04-10 15:05:00,visit,사진촬영,P053,SU0115_3,mobile,B
E000917,U0115,2026-04-10 15:06:00,search,사진촬영,P053,SU0115_3,mobile,B
E000918,U0115,2026-04-10 15:00:00,view_provider,사진촬영,P053,SU0115_3,mobile,B
E000919,U0115,2026-04-10 15:01:00,start_request,사진촬영,P053,SU0115_3,mobile,B
E000920,U0115,2026-04-10 15:02:00,submit_request,사진촬영,P053,SU0115_3,mobile,B
E000921,U0115,2026-04-10 17:17:00,view_quote,사진촬영,P053,SU0115_3,mobile,B
E000922,U0116,2026-05-02 22:04:00,visit,인테리어,P034,SU0116_1,mobile,B
E000923,U0116,2026-05-02 22:05:00,search,인테리어,P034,SU0116_1,mobile,B
E000924,U0116,2026-05-02 22:06:00,view_provider,인테리어,P034,SU0116_1,mobile,B
E000925,U0116,2026-05-02 22:00:00,start_request,인테리어,P034,SU0116_1,mobile,B
E000926,U0116,2026-05-02 22:01:00,submit_request,인테리어,P034,SU0116_1,mobile,B
E000927,U0116,2026-05-02 22:13:00,view_quote,인테리어,P034,SU0116_1,mobile,B
E000928,U0116,2026-05-03 06:05:00,complete_transaction,인테리어,P034,SU0116_1,mobile,B
E000929,U0116,2026-05-11 06:05:00,write_review,인테리어,P034,SU0116_1,mobile,B
E000930,U0116,2026-03-07 08:05:00,visit,과외,P064,SU0116_2,mobile,A
E000931,U0116,2026-03-07 08:06:00,search,과외,P064,SU0116_2,mobile,A
E000932,U0116,2026-03-07 08:00:00,view_provider,과외,P064,SU0116_2,mobile,A
E000933,U0116,2026-03-07 08:01:00,start_request,과외,P064,SU0116_2,mobile,A
E000934,U0116,2026-04-06 08:02:00,visit,과외,P046,SU0116_3,mobile,B
E000935,U0116,2026-04-06 08:03:00,search,과외,P046,SU0116_3,mobile,B
E000936,U0116,2026-04-06 08:04:00,view_provider,과외,P046,SU0116_3,mobile,B
E000937,U0117,2026-03-16 11:05:00,visit,사진촬영,P016,SU0117_1,mobile,A
E000938,U0117,2026-03-17 11:06:00,visit,사진촬영,P035,SU0117_2,mobile,B
E000939,U0117,2026-03-17 11:00:00,search,사진촬영,P035,SU0117_2,mobile,B
E000940,U0118,2026-02-22 10:01:00,visit,과외,P062,SU0118_1,mobile,B
E000941,U0118,2026-02-22 10:02:00,search,과외,P062,SU0118_1,mobile,B
E000942,U0118,2026-02-22 10:03:00,view_provider,과외,P062,SU0118_1,mobile,B
E000943,U0118,2026-02-22 10:04:00,start_request,과외,P062,SU0118_1,mobile,B
E000944,U0118,2026-02-24 13:05:00,visit,청소,P066,SU0118_2,mobile,B
E000945,U0118,2026-02-24 13:06:00,search,청소,P066,SU0118_2,mobile,B
E000946,U0119,2026-03-24 15:00:00,visit,인테리어,P021,SU0119_1,mobile,A
E000947,U0119,2026-03-24 15:01:00,search,인테리어,P021,SU0119_1,mobile,A
E000948,U0119,2026-02-13 14:02:00,visit,사진촬영,P015,SU0119_2,mobile,B
E000949,U0119,2026-02-13 14:03:00,search,사진촬영,P015,SU0119_2,mobile,B
E000950,U0119,2026-02-17 20:04:00,visit,이사,P024,SU0119_3,desktop,A
E000951,U0119,2026-02-23 15:05:00,visit,사진촬영,P060,SU0119_4,mobile,B
E000952,U0119,2026-02-23 15:06:00,search,사진촬영,P060,SU0119_4,mobile,B
E000953,U0119,2026-02-23 15:00:00,view_provider,사진촬영,P060,SU0119_4,mobile,B
E000954,U0120,2026-02-02 19:01:00,visit,운동,P066,SU0120_1,mobile,B
E000955,U0120,2026-02-02 19:02:00,search,운동,P066,SU0120_1,mobile,B
E000956,U0120,2026-02-28 14:03:00,visit,사진촬영,P014,SU0120_2,mobile,B
E000957,U0120,2026-02-28 14:04:00,search,사진촬영,P014,SU0120_2,mobile,B
E000958,U0120,2026-02-28 14:05:00,view_provider,사진촬영,P014,SU0120_2,mobile,B
E000959,U0120,2026-02-28 14:06:00,start_request,사진촬영,P014,SU0120_2,mobile,B
E000960,U0120,2026-02-28 14:00:00,submit_request,사진촬영,P014,SU0120_2,mobile,B
E000961,U0120,2026-02-28 14:32:00,view_quote,사진촬영,P014,SU0120_2,mobile,B
E000962,U0120,2026-03-01 00:23:00,complete_transaction,사진촬영,P014,SU0120_2,mobile,B
E000963,U0120,2026-02-03 16:03:00,visit,청소,P050,SU0120_3,mobile,B
E000964,U0120,2026-02-03 16:04:00,search,청소,P050,SU0120_3,mobile,B
E000965,U0120,2026-01-25 16:05:00,visit,사진촬영,P035,SU0120_4,mobile,A
E000966,U0120,2026-01-25 16:06:00,search,사진촬영,P035,SU0120_4,mobile,A
E000967,U0120,2026-01-25 16:00:00,view_provider,사진촬영,P035,SU0120_4,mobile,A
E000968,U0121,2026-04-04 15:01:00,visit,사진촬영,P036,SU0121_1,mobile,A
E000969,U0121,2026-04-04 15:02:00,search,사진촬영,P036,SU0121_1,mobile,A
E000970,U0121,2026-04-04 15:03:00,view_provider,사진촬영,P036,SU0121_1,mobile,A
E000971,U0121,2026-04-04 09:04:00,visit,사진촬영,P057,SU0121_2,mobile,B
E000972,U0121,2026-04-04 09:05:00,search,사진촬영,P057,SU0121_2,mobile,B
E000973,U0121,2026-04-04 09:06:00,view_provider,사진촬영,P057,SU0121_2,mobile,B
E000974,U0122,2026-05-12 19:00:00,visit,인테리어,P041,SU0122_1,desktop,A
E000975,U0122,2026-05-12 19:01:00,search,인테리어,P041,SU0122_1,desktop,A
E000976,U0122,2026-03-23 22:02:00,visit,이사,P042,SU0122_2,desktop,A
E000977,U0122,2026-04-18 21:03:00,visit,과외,P031,SU0122_3,desktop,B
E000978,U0122,2026-04-18 21:04:00,search,과외,P031,SU0122_3,desktop,B
E000979,U0122,2026-04-18 21:05:00,view_provider,과외,P031,SU0122_3,desktop,B
E000980,U0122,2026-03-14 15:06:00,visit,사진촬영,P052,SU0122_4,mobile,B
E000981,U0122,2026-03-14 15:00:00,search,사진촬영,P052,SU0122_4,mobile,B
E000982,U0122,2026-03-14 15:01:00,view_provider,사진촬영,P052,SU0122_4,mobile,B
E000983,U0122,2026-03-29 08:02:00,visit,청소,P041,SU0122_5,desktop,B
E000984,U0123,2026-04-19 13:03:00,visit,청소,P043,SU0123_1,mobile,A
E000985,U0123,2026-04-19 13:04:00,search,청소,P043,SU0123_1,mobile,A
E000986,U0123,2026-04-19 13:05:00,view_provider,청소,P043,SU0123_1,mobile,A
E000987,U0123,2026-04-19 13:06:00,start_request,청소,P043,SU0123_1,mobile,A
E000988,U0123,2026-04-19 13:00:00,submit_request,청소,P043,SU0123_1,mobile,A
E000989,U0123,2026-04-19 15:14:00,view_quote,청소,P043,SU0123_1,mobile,A
E000990,U0123,2026-03-30 18:02:00,visit,인테리어,P005,SU0123_2,desktop,A
E000991,U0123,2026-03-30 18:03:00,search,인테리어,P005,SU0123_2,desktop,A
E000992,U0123,2026-03-30 18:04:00,view_provider,인테리어,P005,SU0123_2,desktop,A
E000993,U0123,2026-03-30 18:05:00,start_request,인테리어,P005,SU0123_2,desktop,A
E000994,U0123,2026-03-30 18:06:00,submit_request,인테리어,P005,SU0123_2,desktop,A
E000995,U0123,2026-03-25 13:00:00,visit,청소,P052,SU0123_3,mobile,B
E000996,U0123,2026-03-25 13:01:00,search,청소,P052,SU0123_3,mobile,B
E000997,U0123,2026-03-25 13:02:00,view_provider,청소,P052,SU0123_3,mobile,B
E000998,U0123,2026-03-25 13:03:00,start_request,청소,P052,SU0123_3,mobile,B
E000999,U0123,2026-03-01 11:04:00,visit,운동,P025,SU0123_4,mobile,B
E001000,U0124,2026-03-28 13:05:00,visit,인테리어,P045,SU0124_1,mobile,B
E001001,U0125,2026-05-15 19:06:00,visit,청소,P071,SU0125_1,mobile,B
E001002,U0126,2026-04-25 17:00:00,visit,청소,P074,SU0126_1,mobile,A
E001003,U0126,2026-04-25 17:01:00,search,청소,P074,SU0126_1,mobile,A
E001004,U0126,2026-04-25 17:02:00,view_provider,청소,P074,SU0126_1,mobile,A
E001005,U0126,2026-05-10 16:03:00,visit,인테리어,P067,SU0126_2,mobile,B
E001006,U0126,2026-05-10 16:04:00,search,인테리어,P067,SU0126_2,mobile,B
E001007,U0126,2026-04-02 18:05:00,visit,이사,P072,SU0126_3,mobile,A
E001008,U0126,2026-04-28 09:06:00,visit,청소,P050,SU0126_4,mobile,B
E001009,U0126,2026-04-28 09:00:00,search,청소,P050,SU0126_4,mobile,B
E001010,U0126,2026-04-28 09:01:00,view_provider,청소,P050,SU0126_4,mobile,B
E001011,U0126,2026-04-28 09:02:00,start_request,청소,P050,SU0126_4,mobile,B
E001012,U0126,2026-04-28 09:03:00,submit_request,청소,P050,SU0126_4,mobile,B
E001013,U0126,2026-04-28 09:51:00,view_quote,청소,P050,SU0126_4,mobile,B
E001014,U0126,2026-04-29 03:55:00,complete_transaction,청소,P050,SU0126_4,mobile,B
E001015,U0126,2026-05-04 03:55:00,write_review,청소,P050,SU0126_4,mobile,B
E001016,U0126,2026-02-25 10:00:00,visit,사진촬영,P021,SU0126_5,mobile,B
E001017,U0126,2026-02-25 10:01:00,search,사진촬영,P021,SU0126_5,mobile,B
E001018,U0126,2026-02-25 10:02:00,view_provider,사진촬영,P021,SU0126_5,mobile,B
E001019,U0126,2026-02-25 10:03:00,start_request,사진촬영,P021,SU0126_5,mobile,B
E001020,U0126,2026-02-25 10:04:00,submit_request,사진촬영,P021,SU0126_5,mobile,B
E001021,U0126,2026-02-25 10:41:00,view_quote,사진촬영,P021,SU0126_5,mobile,B
E001022,U0127,2026-01-28 19:06:00,visit,사진촬영,P056,SU0127_1,mobile,A
E001023,U0127,2026-03-05 09:00:00,visit,인테리어,P014,SU0127_2,mobile,B
E001024,U0127,2026-03-05 09:01:00,search,인테리어,P014,SU0127_2,mobile,B
E001025,U0127,2026-03-18 17:02:00,visit,운동,P079,SU0127_3,mobile,B
E001026,U0127,2026-03-18 17:03:00,search,운동,P079,SU0127_3,mobile,B
E001027,U0128,2026-03-31 14:04:00,visit,사진촬영,P025,SU0128_1,mobile,A
E001028,U0128,2026-03-31 13:05:00,visit,이사,P012,SU0128_2,mobile,A
E001029,U0128,2026-04-21 18:06:00,visit,청소,P068,SU0128_3,mobile,A
E001030,U0129,2026-03-15 16:00:00,visit,사진촬영,P059,SU0129_1,mobile,B
E001031,U0129,2026-05-06 18:01:00,visit,운동,P041,SU0129_2,mobile,A
E001032,U0129,2026-04-27 08:02:00,visit,운동,P041,SU0129_3,mobile,B
E001033,U0129,2026-04-18 20:03:00,visit,청소,P017,SU0129_4,mobile,B
E001034,U0129,2026-03-25 21:04:00,visit,이사,P048,SU0129_5,mobile,B
E001035,U0129,2026-03-25 21:05:00,search,이사,P048,SU0129_5,mobile,B
E001036,U0129,2026-03-25 21:06:00,view_provider,이사,P048,SU0129_5,mobile,B
E001037,U0129,2026-03-25 21:00:00,start_request,이사,P048,SU0129_5,mobile,B
E001038,U0130,2026-03-11 21:01:00,visit,사진촬영,P080,SU0130_1,desktop,A
E001039,U0130,2026-03-11 21:02:00,search,사진촬영,P080,SU0130_1,desktop,A
E001040,U0130,2026-03-11 21:03:00,view_provider,사진촬영,P080,SU0130_1,desktop,A
E001041,U0130,2026-03-11 21:04:00,start_request,사진촬영,P080,SU0130_1,desktop,A
E001042,U0130,2026-03-11 21:05:00,submit_request,사진촬영,P080,SU0130_1,desktop,A
E001043,U0130,2026-03-31 14:06:00,visit,이사,P036,SU0130_2,mobile,B
E001044,U0130,2026-03-31 14:00:00,search,이사,P036,SU0130_2,mobile,B
E001045,U0130,2026-03-31 14:01:00,view_provider,이사,P036,SU0130_2,mobile,B
E001046,U0130,2026-04-10 10:02:00,visit,사진촬영,P026,SU0130_3,mobile,A
E001047,U0130,2026-04-10 10:03:00,search,사진촬영,P026,SU0130_3,mobile,A
E001048,U0130,2026-04-10 10:04:00,view_provider,사진촬영,P026,SU0130_3,mobile,A
E001049,U0130,2026-04-10 10:05:00,start_request,사진촬영,P026,SU0130_3,mobile,A
E001050,U0130,2026-02-28 17:06:00,visit,청소,P042,SU0130_4,desktop,A
E001051,U0130,2026-03-19 12:00:00,visit,청소,P036,SU0130_5,desktop,B
E001052,U0131,2026-04-29 19:01:00,visit,과외,P048,SU0131_1,mobile,B
E001053,U0131,2026-04-29 19:02:00,search,과외,P048,SU0131_1,mobile,B
E001054,U0131,2026-04-29 19:03:00,view_provider,과외,P048,SU0131_1,mobile,B
E001055,U0131,2026-04-29 19:04:00,start_request,과외,P048,SU0131_1,mobile,B
E001056,U0131,2026-04-29 19:05:00,submit_request,과외,P048,SU0131_1,mobile,B
E001057,U0131,2026-04-29 21:03:00,view_quote,과외,P048,SU0131_1,mobile,B
E001058,U0132,2026-02-27 17:00:00,visit,사진촬영,P026,SU0132_1,mobile,A
E001059,U0132,2026-04-14 09:01:00,visit,이사,P002,SU0132_2,mobile,B
E001060,U0132,2026-03-31 21:02:00,visit,청소,P002,SU0132_3,mobile,A
E001061,U0132,2026-03-31 21:03:00,search,청소,P002,SU0132_3,mobile,A
E001062,U0132,2026-03-18 22:04:00,visit,사진촬영,P062,SU0132_4,desktop,B
E001063,U0132,2026-04-01 16:05:00,visit,이사,P080,SU0132_5,mobile,A
E001064,U0132,2026-04-01 16:06:00,search,이사,P080,SU0132_5,mobile,A
E001065,U0133,2026-03-05 20:00:00,visit,사진촬영,P042,SU0133_1,mobile,A
E001066,U0133,2026-03-06 11:01:00,visit,운동,P044,SU0133_2,mobile,B
E001067,U0134,2026-04-08 09:02:00,visit,과외,P039,SU0134_1,mobile,A
E001068,U0134,2026-04-08 09:03:00,search,과외,P039,SU0134_1,mobile,A
E001069,U0134,2026-04-08 09:04:00,view_provider,과외,P039,SU0134_1,mobile,A
E001070,U0134,2026-04-08 09:05:00,start_request,과외,P039,SU0134_1,mobile,A
E001071,U0134,2026-04-08 09:06:00,submit_request,과외,P039,SU0134_1,mobile,A
E001072,U0134,2026-04-08 09:23:00,view_quote,과외,P039,SU0134_1,mobile,A
E001073,U0134,2026-03-03 18:01:00,visit,이사,P059,SU0134_2,mobile,B
E001074,U0134,2026-03-03 18:02:00,search,이사,P059,SU0134_2,mobile,B
E001075,U0134,2026-03-03 18:03:00,view_provider,이사,P059,SU0134_2,mobile,B
E001076,U0134,2026-03-03 18:04:00,start_request,이사,P059,SU0134_2,mobile,B
E001077,U0134,2026-03-03 18:05:00,submit_request,이사,P059,SU0134_2,mobile,B
E001078,U0134,2026-04-01 12:06:00,visit,인테리어,P013,SU0134_3,mobile,A
E001079,U0134,2026-04-01 12:00:00,search,인테리어,P013,SU0134_3,mobile,A
E001080,U0134,2026-04-07 11:01:00,visit,인테리어,P020,SU0134_4,mobile,B
E001081,U0134,2026-04-07 11:02:00,search,인테리어,P020,SU0134_4,mobile,B
E001082,U0134,2026-04-07 11:03:00,view_provider,인테리어,P020,SU0134_4,mobile,B
E001083,U0134,2026-03-18 10:04:00,visit,사진촬영,P063,SU0134_5,desktop,B
E001084,U0134,2026-03-18 10:05:00,search,사진촬영,P063,SU0134_5,desktop,B
E001085,U0134,2026-03-18 10:06:00,view_provider,사진촬영,P063,SU0134_5,desktop,B
E001086,U0135,2026-05-24 16:00:00,visit,인테리어,P074,SU0135_1,mobile,A
E001087,U0135,2026-05-24 16:01:00,search,인테리어,P074,SU0135_1,mobile,A
E001088,U0135,2026-05-24 16:02:00,view_provider,인테리어,P074,SU0135_1,mobile,A
E001089,U0135,2026-05-24 16:03:00,start_request,인테리어,P074,SU0135_1,mobile,A
E001090,U0135,2026-05-24 16:04:00,submit_request,인테리어,P074,SU0135_1,mobile,A
E001091,U0135,2026-05-24 17:59:00,view_quote,인테리어,P074,SU0135_1,mobile,A
E001092,U0135,2026-05-25 15:00:00,complete_transaction,인테리어,P074,SU0135_1,mobile,A
E001093,U0135,2026-06-03 15:00:00,write_review,인테리어,P074,SU0135_1,mobile,A
E001094,U0135,2026-03-27 15:01:00,visit,인테리어,P020,SU0135_2,mobile,A
E001095,U0135,2026-03-27 15:02:00,search,인테리어,P020,SU0135_2,mobile,A
E001096,U0135,2026-03-27 15:03:00,view_provider,인테리어,P020,SU0135_2,mobile,A
E001097,U0135,2026-03-27 15:04:00,start_request,인테리어,P020,SU0135_2,mobile,A
E001098,U0135,2026-03-27 15:05:00,submit_request,인테리어,P020,SU0135_2,mobile,A
E001099,U0135,2026-03-27 16:13:00,view_quote,인테리어,P020,SU0135_2,mobile,A
E001100,U0135,2026-03-21 13:00:00,visit,운동,P047,SU0135_3,mobile,B
E001101,U0135,2026-03-21 13:01:00,search,운동,P047,SU0135_3,mobile,B
E001102,U0135,2026-03-21 13:02:00,view_provider,운동,P047,SU0135_3,mobile,B
E001103,U0135,2026-03-21 13:03:00,start_request,운동,P047,SU0135_3,mobile,B
E001104,U0135,2026-03-21 13:04:00,submit_request,운동,P047,SU0135_3,mobile,B
E001105,U0135,2026-05-18 18:05:00,visit,사진촬영,P045,SU0135_4,mobile,A
E001106,U0135,2026-05-18 18:06:00,search,사진촬영,P045,SU0135_4,mobile,A
E001107,U0135,2026-05-18 18:00:00,view_provider,사진촬영,P045,SU0135_4,mobile,A
E001108,U0136,2026-01-29 09:01:00,visit,사진촬영,P046,SU0136_1,mobile,B
E001109,U0136,2026-01-29 09:02:00,search,사진촬영,P046,SU0136_1,mobile,B
E001110,U0136,2026-01-29 09:03:00,view_provider,사진촬영,P046,SU0136_1,mobile,B
E001111,U0136,2026-01-29 09:04:00,start_request,사진촬영,P046,SU0136_1,mobile,B
E001112,U0136,2026-01-29 09:05:00,submit_request,사진촬영,P046,SU0136_1,mobile,B
E001113,U0136,2026-01-29 09:13:00,view_quote,사진촬영,P046,SU0136_1,mobile,B
E001114,U0136,2026-01-30 00:57:00,complete_transaction,사진촬영,P046,SU0136_1,mobile,B
E001115,U0136,2026-03-02 17:01:00,visit,이사,P070,SU0136_2,mobile,A
E001116,U0136,2026-03-02 17:02:00,search,이사,P070,SU0136_2,mobile,A
E001117,U0136,2026-04-09 11:03:00,visit,청소,P073,SU0136_3,mobile,A
E001118,U0136,2026-04-09 11:04:00,search,청소,P073,SU0136_3,mobile,A
E001119,U0136,2026-04-09 11:05:00,view_provider,청소,P073,SU0136_3,mobile,A
E001120,U0136,2026-03-20 13:06:00,visit,인테리어,P072,SU0136_4,desktop,A
E001121,U0137,2026-04-01 21:00:00,visit,인테리어,P070,SU0137_1,mobile,B
E001122,U0137,2026-04-14 12:01:00,visit,이사,P063,SU0137_2,mobile,B
E001123,U0137,2026-04-14 12:02:00,search,이사,P063,SU0137_2,mobile,B
E001124,U0137,2026-04-14 12:03:00,view_provider,이사,P063,SU0137_2,mobile,B
E001125,U0137,2026-03-19 11:04:00,visit,사진촬영,P060,SU0137_3,mobile,A
E001126,U0137,2026-03-19 11:05:00,search,사진촬영,P060,SU0137_3,mobile,A
E001127,U0137,2026-03-19 11:06:00,view_provider,사진촬영,P060,SU0137_3,mobile,A
E001128,U0138,2026-03-12 09:00:00,visit,운동,P036,SU0138_1,mobile,A
E001129,U0138,2026-03-12 09:01:00,search,운동,P036,SU0138_1,mobile,A
E001130,U0138,2026-03-12 09:02:00,view_provider,운동,P036,SU0138_1,mobile,A
E001131,U0138,2026-03-12 09:03:00,start_request,운동,P036,SU0138_1,mobile,A
E001132,U0138,2026-03-12 09:04:00,submit_request,운동,P036,SU0138_1,mobile,A
E001133,U0138,2026-03-12 09:58:00,view_quote,운동,P036,SU0138_1,mobile,A
E001134,U0138,2026-03-13 04:03:00,complete_transaction,운동,P036,SU0138_1,mobile,A
E001135,U0138,2026-02-19 22:00:00,visit,청소,P048,SU0138_2,mobile,A
E001136,U0138,2026-02-19 22:01:00,search,청소,P048,SU0138_2,mobile,A
E001137,U0138,2026-02-19 22:02:00,view_provider,청소,P048,SU0138_2,mobile,A
E001138,U0139,2026-02-20 19:03:00,visit,청소,P044,SU0139_1,desktop,A
E001139,U0139,2026-03-05 19:04:00,visit,청소,P045,SU0139_2,mobile,B
E001140,U0139,2026-03-05 19:05:00,search,청소,P045,SU0139_2,mobile,B
E001141,U0139,2026-03-05 19:06:00,view_provider,청소,P045,SU0139_2,mobile,B
E001142,U0139,2026-03-27 17:00:00,visit,이사,P049,SU0139_3,mobile,B
E001143,U0139,2026-03-27 17:01:00,search,이사,P049,SU0139_3,mobile,B
E001144,U0139,2026-03-27 17:02:00,view_provider,이사,P049,SU0139_3,mobile,B
E001145,U0139,2026-03-06 20:03:00,visit,운동,P012,SU0139_4,mobile,B
E001146,U0139,2026-03-06 20:04:00,search,운동,P012,SU0139_4,mobile,B
E001147,U0139,2026-02-04 18:05:00,visit,과외,P012,SU0139_5,mobile,A
E001148,U0140,2026-03-01 09:06:00,visit,운동,P037,SU0140_1,mobile,A
E001149,U0140,2026-03-01 09:00:00,search,운동,P037,SU0140_1,mobile,A
E001150,U0140,2026-03-01 09:01:00,view_provider,운동,P037,SU0140_1,mobile,A
E001151,U0140,2026-03-08 11:02:00,visit,청소,P060,SU0140_2,desktop,B
E001152,U0140,2026-03-08 11:03:00,search,청소,P060,SU0140_2,desktop,B
E001153,U0141,2026-05-20 22:04:00,visit,사진촬영,P020,SU0141_1,mobile,B
E001154,U0141,2026-05-20 22:05:00,search,사진촬영,P020,SU0141_1,mobile,B
E001155,U0141,2026-06-03 22:06:00,visit,운동,P017,SU0141_2,mobile,A
E001156,U0141,2026-06-03 22:00:00,search,운동,P017,SU0141_2,mobile,A
E001157,U0141,2026-06-03 22:01:00,view_provider,운동,P017,SU0141_2,mobile,A
E001158,U0141,2026-06-04 10:02:00,visit,운동,P030,SU0141_3,desktop,B
E001159,U0141,2026-04-14 21:03:00,visit,청소,P067,SU0141_4,mobile,A
E001160,U0141,2026-04-14 21:04:00,search,청소,P067,SU0141_4,mobile,A
E001161,U0142,2026-03-28 19:05:00,visit,사진촬영,P054,SU0142_1,desktop,B
E001162,U0142,2026-03-28 19:06:00,search,사진촬영,P054,SU0142_1,desktop,B
E001163,U0142,2026-01-25 17:00:00,visit,이사,P071,SU0142_2,mobile,B
E001164,U0142,2026-02-28 08:01:00,visit,이사,P033,SU0142_3,desktop,A
E001165,U0142,2026-02-28 08:02:00,search,이사,P033,SU0142_3,desktop,A
E001166,U0142,2026-02-28 08:03:00,view_provider,이사,P033,SU0142_3,desktop,A
E001167,U0142,2026-02-28 08:04:00,start_request,이사,P033,SU0142_3,desktop,A
E001168,U0142,2026-02-28 08:05:00,submit_request,이사,P033,SU0142_3,desktop,A
E001169,U0142,2026-03-12 22:06:00,visit,과외,P053,SU0142_4,mobile,B
E001170,U0142,2026-02-14 21:00:00,visit,이사,P058,SU0142_5,desktop,A
E001171,U0143,2026-02-18 09:01:00,visit,운동,P058,SU0143_1,mobile,A
E001172,U0143,2026-02-18 09:02:00,search,운동,P058,SU0143_1,mobile,A
E001173,U0143,2026-02-18 09:03:00,view_provider,운동,P058,SU0143_1,mobile,A
E001174,U0143,2026-03-10 14:04:00,visit,인테리어,P041,SU0143_2,mobile,B
E001175,U0143,2026-03-10 14:05:00,search,인테리어,P041,SU0143_2,mobile,B
E001176,U0143,2026-04-10 15:06:00,visit,청소,P051,SU0143_3,desktop,B
E001177,U0143,2026-04-10 15:00:00,search,청소,P051,SU0143_3,desktop,B
E001178,U0143,2026-04-10 15:01:00,view_provider,청소,P051,SU0143_3,desktop,B
E001179,U0143,2026-04-10 15:02:00,start_request,청소,P051,SU0143_3,desktop,B
E001180,U0143,2026-04-10 15:03:00,submit_request,청소,P051,SU0143_3,desktop,B
E001181,U0143,2026-04-10 17:42:00,view_quote,청소,P051,SU0143_3,desktop,B
E001182,U0144,2026-02-10 20:05:00,visit,과외,P006,SU0144_1,mobile,B
E001183,U0144,2026-02-10 20:06:00,search,과외,P006,SU0144_1,mobile,B
E001184,U0144,2026-02-10 20:00:00,view_provider,과외,P006,SU0144_1,mobile,B
E001185,U0144,2026-02-10 20:01:00,start_request,과외,P006,SU0144_1,mobile,B
E001186,U0144,2026-02-10 20:02:00,submit_request,과외,P006,SU0144_1,mobile,B
E001187,U0144,2026-02-10 20:45:00,view_quote,과외,P006,SU0144_1,mobile,B
E001188,U0144,2026-02-21 11:04:00,visit,운동,P025,SU0144_2,mobile,A
E001189,U0144,2026-04-14 14:05:00,visit,청소,P055,SU0144_3,mobile,A
E001190,U0144,2026-03-10 21:06:00,visit,청소,P009,SU0144_4,mobile,A
E001191,U0144,2026-03-10 21:00:00,search,청소,P009,SU0144_4,mobile,A
E001192,U0144,2026-02-18 14:01:00,visit,과외,P014,SU0144_5,mobile,A
E001193,U0144,2026-02-18 14:02:00,search,과외,P014,SU0144_5,mobile,A
E001194,U0145,2026-04-27 13:03:00,visit,사진촬영,P056,SU0145_1,mobile,A
E001195,U0145,2026-04-27 13:04:00,search,사진촬영,P056,SU0145_1,mobile,A
E001196,U0145,2026-04-27 13:05:00,view_provider,사진촬영,P056,SU0145_1,mobile,A
E001197,U0145,2026-04-27 13:06:00,start_request,사진촬영,P056,SU0145_1,mobile,A
E001198,U0145,2026-04-27 13:00:00,submit_request,사진촬영,P056,SU0145_1,mobile,A
E001199,U0145,2026-04-27 14:47:00,view_quote,사진촬영,P056,SU0145_1,mobile,A
E001200,U0145,2026-04-28 09:45:00,complete_transaction,사진촬영,P056,SU0145_1,mobile,A
E001201,U0145,2026-05-10 09:45:00,write_review,사진촬영,P056,SU0145_1,mobile,A
E001202,U0145,2026-04-27 19:04:00,visit,운동,P080,SU0145_2,mobile,A
E001203,U0145,2026-04-27 19:05:00,search,운동,P080,SU0145_2,mobile,A
E001204,U0145,2026-04-22 19:06:00,visit,운동,P001,SU0145_3,mobile,A
E001205,U0145,2026-06-02 20:00:00,visit,과외,P032,SU0145_4,mobile,A
E001206,U0145,2026-06-02 20:01:00,search,과외,P032,SU0145_4,mobile,A
E001207,U0145,2026-06-02 20:02:00,view_provider,과외,P032,SU0145_4,mobile,A
E001208,U0145,2026-05-02 15:03:00,visit,사진촬영,P079,SU0145_5,mobile,A
E001209,U0145,2026-05-02 15:04:00,search,사진촬영,P079,SU0145_5,mobile,A
E001210,U0145,2026-05-02 15:05:00,view_provider,사진촬영,P079,SU0145_5,mobile,A
E001211,U0145,2026-05-02 15:06:00,start_request,사진촬영,P079,SU0145_5,mobile,A
E001212,U0145,2026-05-02 15:00:00,submit_request,사진촬영,P079,SU0145_5,mobile,A
E001213,U0145,2026-05-02 16:54:00,view_quote,사진촬영,P079,SU0145_5,mobile,A
E001214,U0146,2026-05-29 14:02:00,visit,인테리어,P006,SU0146_1,mobile,A
E001215,U0146,2026-05-29 14:03:00,search,인테리어,P006,SU0146_1,mobile,A
E001216,U0146,2026-05-29 14:04:00,view_provider,인테리어,P006,SU0146_1,mobile,A
E001217,U0146,2026-05-29 14:05:00,start_request,인테리어,P006,SU0146_1,mobile,A
E001218,U0146,2026-05-29 14:06:00,submit_request,인테리어,P006,SU0146_1,mobile,A
E001219,U0146,2026-05-29 15:33:00,view_quote,인테리어,P006,SU0146_1,mobile,A
E001220,U0146,2026-05-30 10:00:00,complete_transaction,인테리어,P006,SU0146_1,mobile,A
E001221,U0146,2026-06-04 10:00:00,write_review,인테리어,P006,SU0146_1,mobile,A
E001222,U0146,2026-05-18 14:03:00,visit,청소,P026,SU0146_2,desktop,A
E001223,U0146,2026-05-18 14:04:00,search,청소,P026,SU0146_2,desktop,A
E001224,U0146,2026-04-14 13:05:00,visit,운동,P061,SU0146_3,mobile,B
E001225,U0146,2026-04-14 13:06:00,search,운동,P061,SU0146_3,mobile,B
E001226,U0147,2026-01-20 08:00:00,visit,이사,P037,SU0147_1,mobile,B
E001227,U0147,2026-01-20 08:01:00,search,이사,P037,SU0147_1,mobile,B
E001228,U0147,2026-01-20 08:02:00,view_provider,이사,P037,SU0147_1,mobile,B
E001229,U0147,2026-01-20 08:03:00,start_request,이사,P037,SU0147_1,mobile,B
E001230,U0147,2026-01-20 08:04:00,submit_request,이사,P037,SU0147_1,mobile,B
E001231,U0147,2026-01-20 08:13:00,view_quote,이사,P037,SU0147_1,mobile,B
E001232,U0147,2026-01-06 13:06:00,visit,이사,P039,SU0147_2,desktop,A
E001233,U0147,2026-01-06 13:00:00,search,이사,P039,SU0147_2,desktop,A
E001234,U0147,2026-02-16 14:01:00,visit,청소,P074,SU0147_3,mobile,B
E001235,U0147,2026-02-16 14:02:00,search,청소,P074,SU0147_3,mobile,B
E001236,U0148,2026-03-03 10:03:00,visit,과외,P055,SU0148_1,mobile,A
E001237,U0148,2026-03-03 10:04:00,search,과외,P055,SU0148_1,mobile,A
E001238,U0148,2026-03-03 10:05:00,view_provider,과외,P055,SU0148_1,mobile,A
E001239,U0148,2026-01-25 17:06:00,visit,이사,P032,SU0148_2,mobile,A
E001240,U0148,2026-01-25 17:00:00,search,이사,P032,SU0148_2,mobile,A
E001241,U0148,2026-01-25 17:01:00,view_provider,이사,P032,SU0148_2,mobile,A
E001242,U0148,2026-01-25 17:02:00,start_request,이사,P032,SU0148_2,mobile,A
E001243,U0148,2026-01-25 17:03:00,submit_request,이사,P032,SU0148_2,mobile,A
E001244,U0148,2026-01-25 18:18:00,view_quote,이사,P032,SU0148_2,mobile,A
E001245,U0148,2026-02-26 21:05:00,visit,사진촬영,P018,SU0148_3,desktop,B
E001246,U0148,2026-02-04 12:06:00,visit,운동,P060,SU0148_4,mobile,A
E001247,U0148,2026-02-04 12:00:00,search,운동,P060,SU0148_4,mobile,A
E001248,U0148,2026-02-04 12:01:00,view_provider,운동,P060,SU0148_4,mobile,A
E001249,U0148,2026-02-04 12:02:00,start_request,운동,P060,SU0148_4,mobile,A
E001250,U0148,2026-03-17 15:03:00,visit,이사,P019,SU0148_5,mobile,A
E001251,U0148,2026-03-17 15:04:00,search,이사,P019,SU0148_5,mobile,A
E001252,U0149,2026-05-14 16:05:00,visit,과외,P013,SU0149_1,mobile,A
E001253,U0149,2026-05-14 16:06:00,search,과외,P013,SU0149_1,mobile,A
E001254,U0149,2026-05-31 18:00:00,visit,청소,P033,SU0149_2,mobile,A
E001255,U0149,2026-05-31 18:01:00,search,청소,P033,SU0149_2,mobile,A
E001256,U0149,2026-05-31 18:02:00,view_provider,청소,P033,SU0149_2,mobile,A
E001257,U0149,2026-04-18 20:03:00,visit,인테리어,P032,SU0149_3,mobile,B
E001258,U0149,2026-04-18 20:04:00,search,인테리어,P032,SU0149_3,mobile,B
E001259,U0149,2026-04-18 20:05:00,view_provider,인테리어,P032,SU0149_3,mobile,B
E001260,U0150,2026-02-18 21:06:00,visit,인테리어,P029,SU0150_1,mobile,B
E001261,U0150,2026-02-18 21:00:00,search,인테리어,P029,SU0150_1,mobile,B
E001262,U0150,2026-03-25 14:01:00,visit,이사,P033,SU0150_2,mobile,B
E001263,U0150,2026-02-08 19:02:00,visit,사진촬영,P015,SU0150_3,mobile,B
E001264,U0150,2026-02-08 19:03:00,search,사진촬영,P015,SU0150_3,mobile,B
E001265,U0150,2026-01-20 12:04:00,visit,운동,P067,SU0150_4,mobile,A
E001266,U0150,2026-01-20 12:05:00,search,운동,P067,SU0150_4,mobile,A
E001267,U0150,2026-01-20 12:06:00,view_provider,운동,P067,SU0150_4,mobile,A
E001268,U0150,2026-01-06 14:00:00,visit,과외,P052,SU0150_5,mobile,A
E001269,U0150,2026-01-06 14:01:00,search,과외,P052,SU0150_5,mobile,A
E001270,U0150,2026-01-06 14:02:00,view_provider,과외,P052,SU0150_5,mobile,A
E001271,U0150,2026-01-06 14:03:00,start_request,과외,P052,SU0150_5,mobile,A
E001272,U0150,2026-01-06 14:04:00,submit_request,과외,P052,SU0150_5,mobile,A
E001273,U0150,2026-01-06 15:30:00,view_quote,과외,P052,SU0150_5,mobile,A
E001274,U0151,2026-05-22 12:06:00,visit,청소,P070,SU0151_1,desktop,A
E001275,U0151,2026-05-22 12:00:00,search,청소,P070,SU0151_1,desktop,A
E001276,U0152,2026-01-27 16:01:00,visit,이사,P065,SU0152_1,desktop,B
E001277,U0152,2026-01-27 16:02:00,search,이사,P065,SU0152_1,desktop,B
E001278,U0152,2026-04-04 17:03:00,visit,사진촬영,P010,SU0152_2,mobile,A
E001279,U0152,2026-04-04 17:04:00,search,사진촬영,P010,SU0152_2,mobile,A
E001280,U0152,2026-02-14 13:05:00,visit,과외,P043,SU0152_3,mobile,A
E001281,U0152,2026-02-14 13:06:00,search,과외,P043,SU0152_3,mobile,A
E001282,U0152,2026-02-14 13:00:00,view_provider,과외,P043,SU0152_3,mobile,A
E001283,U0152,2026-03-30 11:01:00,visit,인테리어,P055,SU0152_4,mobile,B
E001284,U0152,2026-03-30 11:02:00,search,인테리어,P055,SU0152_4,mobile,B
E001285,U0152,2026-03-30 11:03:00,view_provider,인테리어,P055,SU0152_4,mobile,B
E001286,U0153,2026-04-21 13:04:00,visit,운동,P069,SU0153_1,desktop,B
E001287,U0153,2026-04-21 13:05:00,search,운동,P069,SU0153_1,desktop,B
E001288,U0153,2026-04-21 13:06:00,view_provider,운동,P069,SU0153_1,desktop,B
E001289,U0153,2026-04-01 12:00:00,visit,이사,P080,SU0153_2,mobile,A
E001290,U0153,2026-04-01 12:01:00,search,이사,P080,SU0153_2,mobile,A
E001291,U0154,2026-03-06 08:02:00,visit,이사,P079,SU0154_1,desktop,B
E001292,U0154,2026-03-24 15:03:00,visit,인테리어,P024,SU0154_2,mobile,B
E001293,U0154,2026-03-24 15:04:00,search,인테리어,P024,SU0154_2,mobile,B
E001294,U0154,2026-03-24 15:05:00,view_provider,인테리어,P024,SU0154_2,mobile,B
E001295,U0155,2026-03-22 09:06:00,visit,이사,P055,SU0155_1,mobile,B
E001296,U0155,2026-03-22 09:00:00,search,이사,P055,SU0155_1,mobile,B
E001297,U0155,2026-03-22 09:01:00,view_provider,이사,P055,SU0155_1,mobile,B
E001298,U0155,2026-02-18 21:02:00,visit,이사,P006,SU0155_2,mobile,B
E001299,U0155,2026-02-18 21:03:00,search,이사,P006,SU0155_2,mobile,B
E001300,U0155,2026-02-17 14:04:00,visit,사진촬영,P032,SU0155_3,mobile,B
E001301,U0155,2026-03-03 17:05:00,visit,과외,P016,SU0155_4,mobile,A
E001302,U0155,2026-03-03 17:06:00,search,과외,P016,SU0155_4,mobile,A
E001303,U0155,2026-03-09 12:00:00,visit,인테리어,P061,SU0155_5,mobile,B
E001304,U0155,2026-03-09 12:01:00,search,인테리어,P061,SU0155_5,mobile,B
E001305,U0156,2026-04-21 10:02:00,visit,운동,P030,SU0156_1,mobile,B
E001306,U0156,2026-04-21 10:03:00,search,운동,P030,SU0156_1,mobile,B
E001307,U0156,2026-04-20 13:04:00,visit,청소,P020,SU0156_2,desktop,B
E001308,U0156,2026-04-20 13:05:00,search,청소,P020,SU0156_2,desktop,B
E001309,U0156,2026-03-04 16:06:00,visit,과외,P063,SU0156_3,mobile,B
E001310,U0156,2026-03-04 16:00:00,search,과외,P063,SU0156_3,mobile,B
E001311,U0156,2026-04-25 17:01:00,visit,이사,P071,SU0156_4,mobile,B
E001312,U0156,2026-04-25 17:02:00,search,이사,P071,SU0156_4,mobile,B
E001313,U0157,2026-01-31 09:03:00,visit,과외,P054,SU0157_1,mobile,B
E001314,U0157,2026-01-31 09:04:00,search,과외,P054,SU0157_1,mobile,B
E001315,U0157,2026-01-31 09:05:00,view_provider,과외,P054,SU0157_1,mobile,B
E001316,U0157,2026-01-31 09:06:00,start_request,과외,P054,SU0157_1,mobile,B
E001317,U0157,2026-01-31 09:00:00,submit_request,과외,P054,SU0157_1,mobile,B
E001318,U0157,2026-01-31 10:37:00,view_quote,과외,P054,SU0157_1,mobile,B
E001319,U0157,2026-02-01 01:30:00,complete_transaction,과외,P054,SU0157_1,mobile,B
E001320,U0157,2026-02-10 01:30:00,write_review,과외,P054,SU0157_1,mobile,B
E001321,U0157,2026-03-08 21:04:00,visit,사진촬영,P047,SU0157_2,mobile,A
E001322,U0157,2026-03-08 21:05:00,search,사진촬영,P047,SU0157_2,mobile,A
E001323,U0157,2026-02-18 12:06:00,visit,사진촬영,P009,SU0157_3,mobile,B
E001324,U0157,2026-02-18 12:00:00,search,사진촬영,P009,SU0157_3,mobile,B
E001325,U0157,2026-02-18 12:01:00,view_provider,사진촬영,P009,SU0157_3,mobile,B
E001326,U0157,2026-02-18 12:02:00,start_request,사진촬영,P009,SU0157_3,mobile,B
E001327,U0157,2026-02-18 12:03:00,submit_request,사진촬영,P009,SU0157_3,mobile,B
E001328,U0157,2026-02-18 13:45:00,view_quote,사진촬영,P009,SU0157_3,mobile,B
E001329,U0157,2026-02-19 00:44:00,complete_transaction,사진촬영,P009,SU0157_3,mobile,B
E001330,U0158,2026-03-31 13:06:00,visit,인테리어,P048,SU0158_1,mobile,B
E001331,U0158,2026-03-31 13:00:00,search,인테리어,P048,SU0158_1,mobile,B
E001332,U0158,2026-03-31 13:01:00,view_provider,인테리어,P048,SU0158_1,mobile,B
E001333,U0159,2026-03-14 11:02:00,visit,인테리어,P054,SU0159_1,desktop,B
E001334,U0159,2026-03-14 11:03:00,search,인테리어,P054,SU0159_1,desktop,B
E001335,U0159,2026-03-14 11:04:00,view_provider,인테리어,P054,SU0159_1,desktop,B
E001336,U0160,2026-05-05 17:05:00,visit,사진촬영,P057,SU0160_1,mobile,A
E001337,U0160,2026-05-05 17:06:00,search,사진촬영,P057,SU0160_1,mobile,A
E001338,U0160,2026-05-05 17:00:00,view_provider,사진촬영,P057,SU0160_1,mobile,A
E001339,U0161,2026-05-30 10:01:00,visit,청소,P024,SU0161_1,mobile,B
E001340,U0161,2026-05-30 10:02:00,search,청소,P024,SU0161_1,mobile,B
E001341,U0161,2026-05-30 10:03:00,view_provider,청소,P024,SU0161_1,mobile,B
E001342,U0161,2026-05-08 13:04:00,visit,사진촬영,P043,SU0161_2,mobile,B
E001343,U0161,2026-05-08 13:05:00,search,사진촬영,P043,SU0161_2,mobile,B
E001344,U0161,2026-05-08 13:06:00,view_provider,사진촬영,P043,SU0161_2,mobile,B
E001345,U0161,2026-05-08 13:00:00,start_request,사진촬영,P043,SU0161_2,mobile,B
E001346,U0161,2026-05-08 13:01:00,submit_request,사진촬영,P043,SU0161_2,mobile,B
E001347,U0161,2026-05-08 13:42:00,view_quote,사진촬영,P043,SU0161_2,mobile,B
E001348,U0162,2026-03-04 19:03:00,visit,인테리어,P025,SU0162_1,mobile,B
E001349,U0163,2026-02-21 16:04:00,visit,사진촬영,P077,SU0163_1,mobile,B
E001350,U0163,2026-02-21 16:05:00,search,사진촬영,P077,SU0163_1,mobile,B
E001351,U0163,2026-02-21 16:06:00,view_provider,사진촬영,P077,SU0163_1,mobile,B
E001352,U0163,2026-02-21 16:00:00,start_request,사진촬영,P077,SU0163_1,mobile,B
E001353,U0163,2026-02-21 16:01:00,submit_request,사진촬영,P077,SU0163_1,mobile,B
E001354,U0163,2026-02-21 16:15:00,view_quote,사진촬영,P077,SU0163_1,mobile,B
E001355,U0163,2026-02-22 07:40:00,complete_transaction,사진촬영,P077,SU0163_1,mobile,B
E001356,U0163,2026-03-07 07:40:00,write_review,사진촬영,P077,SU0163_1,mobile,B
E001357,U0163,2026-04-08 09:05:00,visit,인테리어,P066,SU0163_2,mobile,A
E001358,U0163,2026-04-08 09:06:00,search,인테리어,P066,SU0163_2,mobile,A
E001359,U0163,2026-04-08 09:00:00,view_provider,인테리어,P066,SU0163_2,mobile,A
E001360,U0163,2026-04-08 09:01:00,start_request,인테리어,P066,SU0163_2,mobile,A
E001361,U0163,2026-04-08 09:02:00,submit_request,인테리어,P066,SU0163_2,mobile,A
E001362,U0163,2026-04-08 11:02:00,view_quote,인테리어,P066,SU0163_2,mobile,A
E001363,U0163,2026-03-21 12:04:00,visit,인테리어,P079,SU0163_3,mobile,B
E001364,U0163,2026-03-21 12:05:00,search,인테리어,P079,SU0163_3,mobile,B
E001365,U0163,2026-03-21 12:06:00,view_provider,인테리어,P079,SU0163_3,mobile,B
E001366,U0163,2026-03-21 12:00:00,start_request,인테리어,P079,SU0163_3,mobile,B
E001367,U0163,2026-03-21 12:01:00,submit_request,인테리어,P079,SU0163_3,mobile,B
E001368,U0163,2026-03-21 12:50:00,view_quote,인테리어,P079,SU0163_3,mobile,B
E001369,U0163,2026-03-21 22:29:00,complete_transaction,인테리어,P079,SU0163_3,mobile,B
E001370,U0163,2026-03-28 22:29:00,write_review,인테리어,P079,SU0163_3,mobile,B
E001371,U0163,2026-04-14 10:05:00,visit,과외,P047,SU0163_4,mobile,A
E001372,U0164,2026-02-12 14:06:00,visit,인테리어,P063,SU0164_1,mobile,B
E001373,U0164,2026-02-12 14:00:00,search,인테리어,P063,SU0164_1,mobile,B
E001374,U0164,2026-02-12 14:01:00,view_provider,인테리어,P063,SU0164_1,mobile,B
E001375,U0165,2026-04-14 13:02:00,visit,과외,P030,SU0165_1,desktop,A
E001376,U0165,2026-04-14 13:03:00,search,과외,P030,SU0165_1,desktop,A
E001377,U0165,2026-03-23 17:04:00,visit,운동,P078,SU0165_2,mobile,B
E001378,U0165,2026-03-23 17:05:00,search,운동,P078,SU0165_2,mobile,B
E001379,U0165,2026-03-23 17:06:00,view_provider,운동,P078,SU0165_2,mobile,B
E001380,U0165,2026-04-07 20:00:00,visit,이사,P037,SU0165_3,mobile,B
E001381,U0165,2026-04-07 20:01:00,search,이사,P037,SU0165_3,mobile,B
E001382,U0165,2026-03-02 13:02:00,visit,이사,P034,SU0165_4,desktop,B
E001383,U0165,2026-02-13 09:03:00,visit,청소,P075,SU0165_5,mobile,B
E001384,U0165,2026-02-13 09:04:00,search,청소,P075,SU0165_5,mobile,B
E001385,U0165,2026-02-13 09:05:00,view_provider,청소,P075,SU0165_5,mobile,B
E001386,U0166,2026-04-28 12:06:00,visit,청소,P035,SU0166_1,mobile,B
E001387,U0166,2026-04-28 12:00:00,search,청소,P035,SU0166_1,mobile,B
E001388,U0166,2026-04-28 12:01:00,view_provider,청소,P035,SU0166_1,mobile,B
E001389,U0166,2026-04-28 12:02:00,start_request,청소,P035,SU0166_1,mobile,B
E001390,U0166,2026-04-28 15:03:00,visit,사진촬영,P015,SU0166_2,mobile,A
E001391,U0166,2026-04-28 15:04:00,search,사진촬영,P015,SU0166_2,mobile,A
E001392,U0166,2026-04-28 15:05:00,view_provider,사진촬영,P015,SU0166_2,mobile,A
E001393,U0166,2026-05-31 15:06:00,visit,인테리어,P005,SU0166_3,mobile,B
E001394,U0166,2026-04-02 18:00:00,visit,인테리어,P004,SU0166_4,mobile,B
E001395,U0167,2026-02-24 12:01:00,visit,사진촬영,P007,SU0167_1,mobile,B
E001396,U0167,2026-03-31 12:02:00,visit,청소,P053,SU0167_2,mobile,B
E001397,U0167,2026-03-31 12:03:00,search,청소,P053,SU0167_2,mobile,B
E001398,U0167,2026-03-31 12:04:00,view_provider,청소,P053,SU0167_2,mobile,B
E001399,U0167,2026-03-31 12:05:00,start_request,청소,P053,SU0167_2,mobile,B
E001400,U0167,2026-03-31 12:06:00,submit_request,청소,P053,SU0167_2,mobile,B
E001401,U0167,2026-03-31 12:13:00,view_quote,청소,P053,SU0167_2,mobile,B
E001402,U0168,2026-02-23 22:01:00,visit,인테리어,P011,SU0168_1,mobile,B
E001403,U0168,2026-03-08 15:02:00,visit,과외,P024,SU0168_2,mobile,B
E001404,U0168,2026-03-08 15:03:00,search,과외,P024,SU0168_2,mobile,B
E001405,U0168,2026-03-24 17:04:00,visit,운동,P067,SU0168_3,mobile,B
E001406,U0168,2026-03-24 17:05:00,search,운동,P067,SU0168_3,mobile,B
E001407,U0168,2026-03-24 17:06:00,view_provider,운동,P067,SU0168_3,mobile,B
E001408,U0168,2026-03-24 17:00:00,start_request,운동,P067,SU0168_3,mobile,B
E001409,U0168,2026-03-24 17:01:00,submit_request,운동,P067,SU0168_3,mobile,B
E001410,U0168,2026-03-24 18:23:00,view_quote,운동,P067,SU0168_3,mobile,B
E001411,U0168,2026-03-24 22:42:00,complete_transaction,운동,P067,SU0168_3,mobile,B
E001412,U0168,2026-03-29 22:42:00,write_review,운동,P067,SU0168_3,mobile,B
E001413,U0169,2026-03-30 15:05:00,visit,과외,P072,SU0169_1,mobile,B
E001414,U0169,2026-03-30 15:06:00,search,과외,P072,SU0169_1,mobile,B
E001415,U0169,2026-03-30 15:00:00,view_provider,과외,P072,SU0169_1,mobile,B
E001416,U0170,2026-01-12 21:01:00,visit,청소,P078,SU0170_1,mobile,A
E001417,U0170,2026-01-30 11:02:00,visit,인테리어,P080,SU0170_2,mobile,A
E001418,U0170,2026-01-30 11:03:00,search,인테리어,P080,SU0170_2,mobile,A
E001419,U0170,2026-01-30 11:04:00,view_provider,인테리어,P080,SU0170_2,mobile,A
E001420,U0170,2026-01-30 11:05:00,start_request,인테리어,P080,SU0170_2,mobile,A
E001421,U0170,2026-01-30 11:06:00,submit_request,인테리어,P080,SU0170_2,mobile,A
E001422,U0170,2026-01-15 09:00:00,visit,운동,P006,SU0170_3,mobile,B
E001423,U0170,2026-01-22 19:01:00,visit,사진촬영,P026,SU0170_4,mobile,A
E001424,U0170,2026-01-22 19:02:00,search,사진촬영,P026,SU0170_4,mobile,A
E001425,U0170,2026-01-22 19:03:00,view_provider,사진촬영,P026,SU0170_4,mobile,A
E001426,U0170,2026-01-22 19:04:00,start_request,사진촬영,P026,SU0170_4,mobile,A
E001427,U0170,2026-01-22 19:05:00,submit_request,사진촬영,P026,SU0170_4,mobile,A
E001428,U0170,2026-01-22 22:58:00,view_quote,사진촬영,P026,SU0170_4,mobile,A
E001429,U0170,2026-01-23 09:20:00,complete_transaction,사진촬영,P026,SU0170_4,mobile,A
E001430,U0170,2026-01-30 09:20:00,write_review,사진촬영,P026,SU0170_4,mobile,A
E001431,U0171,2026-01-25 09:02:00,visit,이사,P078,SU0171_1,desktop,B
E001432,U0171,2026-01-25 09:03:00,search,이사,P078,SU0171_1,desktop,B
E001433,U0171,2026-01-25 09:04:00,view_provider,이사,P078,SU0171_1,desktop,B
E001434,U0171,2026-02-26 17:05:00,visit,운동,P015,SU0171_2,mobile,B
E001435,U0171,2026-02-26 17:06:00,search,운동,P015,SU0171_2,mobile,B
E001436,U0171,2026-02-26 17:00:00,view_provider,운동,P015,SU0171_2,mobile,B
E001437,U0171,2026-02-26 17:01:00,start_request,운동,P015,SU0171_2,mobile,B
E001438,U0171,2026-02-26 17:02:00,submit_request,운동,P015,SU0171_2,mobile,B
E001439,U0171,2026-02-26 18:50:00,view_quote,운동,P015,SU0171_2,mobile,B
E001440,U0172,2026-02-11 11:04:00,visit,인테리어,P009,SU0172_1,desktop,A
E001441,U0172,2026-02-11 11:05:00,search,인테리어,P009,SU0172_1,desktop,A
E001442,U0172,2026-02-11 11:06:00,view_provider,인테리어,P009,SU0172_1,desktop,A
E001443,U0172,2026-02-16 14:00:00,visit,운동,P047,SU0172_2,mobile,B
E001444,U0172,2026-02-16 14:01:00,search,운동,P047,SU0172_2,mobile,B
E001445,U0172,2026-02-16 14:02:00,view_provider,운동,P047,SU0172_2,mobile,B
E001446,U0172,2026-02-16 14:03:00,start_request,운동,P047,SU0172_2,mobile,B
E001447,U0172,2026-02-16 14:04:00,submit_request,운동,P047,SU0172_2,mobile,B
E001448,U0172,2026-02-16 15:05:00,view_quote,운동,P047,SU0172_2,mobile,B
E001449,U0172,2026-02-16 21:21:00,complete_transaction,운동,P047,SU0172_2,mobile,B
E001450,U0172,2026-01-12 09:00:00,visit,사진촬영,P012,SU0172_3,desktop,A
E001451,U0173,2026-05-16 20:01:00,visit,사진촬영,P033,SU0173_1,desktop,A
E001452,U0173,2026-05-16 20:02:00,search,사진촬영,P033,SU0173_1,desktop,A
E001453,U0173,2026-05-09 10:03:00,visit,인테리어,P059,SU0173_2,desktop,A
E001454,U0173,2026-04-04 10:04:00,visit,과외,P076,SU0173_3,mobile,A
E001455,U0174,2026-04-20 20:05:00,visit,이사,P041,SU0174_1,mobile,B
E001456,U0174,2026-04-20 20:06:00,search,이사,P041,SU0174_1,mobile,B
E001457,U0174,2026-04-07 18:00:00,visit,사진촬영,P061,SU0174_2,mobile,A
E001458,U0174,2026-04-07 18:01:00,search,사진촬영,P061,SU0174_2,mobile,A
E001459,U0174,2026-04-07 18:02:00,view_provider,사진촬영,P061,SU0174_2,mobile,A
E001460,U0174,2026-04-07 18:03:00,start_request,사진촬영,P061,SU0174_2,mobile,A
E001461,U0174,2026-04-07 18:04:00,submit_request,사진촬영,P061,SU0174_2,mobile,A
E001462,U0174,2026-04-07 18:13:00,view_quote,사진촬영,P061,SU0174_2,mobile,A
E001463,U0174,2026-04-08 18:00:00,complete_transaction,사진촬영,P061,SU0174_2,mobile,A
E001464,U0174,2026-04-22 12:00:00,visit,사진촬영,P015,SU0174_3,mobile,A
E001465,U0174,2026-04-22 12:01:00,search,사진촬영,P015,SU0174_3,mobile,A
E001466,U0174,2026-04-22 12:02:00,view_provider,사진촬영,P015,SU0174_3,mobile,A
E001467,U0174,2026-04-10 18:03:00,visit,과외,P011,SU0174_4,mobile,A
E001468,U0175,2026-04-05 19:04:00,visit,이사,P040,SU0175_1,mobile,A
E001469,U0176,2026-02-14 13:05:00,visit,청소,P043,SU0176_1,mobile,A
E001470,U0176,2026-04-13 14:06:00,visit,청소,P028,SU0176_2,desktop,A
E001471,U0176,2026-04-13 14:00:00,search,청소,P028,SU0176_2,desktop,A
E001472,U0176,2026-04-13 14:01:00,view_provider,청소,P028,SU0176_2,desktop,A
E001473,U0176,2026-04-13 14:02:00,start_request,청소,P028,SU0176_2,desktop,A
E001474,U0176,2026-04-13 14:03:00,submit_request,청소,P028,SU0176_2,desktop,A
E001475,U0177,2026-03-27 20:04:00,visit,이사,P023,SU0177_1,mobile,B
E001476,U0177,2026-03-09 18:05:00,visit,인테리어,P068,SU0177_2,mobile,A
E001477,U0177,2026-05-05 19:06:00,visit,청소,P054,SU0177_3,mobile,A
E001478,U0177,2026-05-18 15:00:00,visit,인테리어,P051,SU0177_4,desktop,B
E001479,U0178,2026-03-03 12:01:00,visit,과외,P053,SU0178_1,desktop,A
E001480,U0178,2026-03-03 12:02:00,search,과외,P053,SU0178_1,desktop,A
E001481,U0178,2026-03-03 12:03:00,view_provider,과외,P053,SU0178_1,desktop,A
E001482,U0178,2026-03-03 12:04:00,start_request,과외,P053,SU0178_1,desktop,A
E001483,U0178,2026-02-22 21:05:00,visit,과외,P077,SU0178_2,mobile,A
E001484,U0178,2026-03-18 08:06:00,visit,이사,P048,SU0178_3,desktop,A
E001485,U0178,2026-03-18 08:00:00,search,이사,P048,SU0178_3,desktop,A
E001486,U0178,2026-03-18 08:01:00,view_provider,이사,P048,SU0178_3,desktop,A
E001487,U0178,2026-02-25 18:02:00,visit,이사,P021,SU0178_4,mobile,A
E001488,U0179,2026-04-08 11:03:00,visit,운동,P056,SU0179_1,desktop,B
E001489,U0179,2026-04-08 11:04:00,search,운동,P056,SU0179_1,desktop,B
E001490,U0179,2026-04-07 17:05:00,visit,청소,P016,SU0179_2,mobile,A
E001491,U0180,2026-03-31 14:06:00,visit,과외,P067,SU0180_1,mobile,B
E001492,U0180,2026-03-31 14:00:00,search,과외,P067,SU0180_1,mobile,B
E001493,U0180,2026-03-31 14:01:00,view_provider,과외,P067,SU0180_1,mobile,B
E001494,U0180,2026-03-31 14:02:00,start_request,과외,P067,SU0180_1,mobile,B
E001495,U0180,2026-03-31 14:03:00,submit_request,과외,P067,SU0180_1,mobile,B
E001496,U0180,2026-03-31 15:02:00,view_quote,과외,P067,SU0180_1,mobile,B
E001497,U0180,2026-04-01 06:05:00,complete_transaction,과외,P067,SU0180_1,mobile,B
E001498,U0180,2026-04-06 06:05:00,write_review,과외,P067,SU0180_1,mobile,B
E001499,U0180,2026-03-27 13:00:00,visit,청소,P014,SU0180_2,mobile,B
E001500,U0180,2026-03-27 13:01:00,search,청소,P014,SU0180_2,mobile,B
E001501,U0181,2026-05-19 12:02:00,visit,인테리어,P016,SU0181_1,mobile,A
E001502,U0181,2026-05-19 12:03:00,search,인테리어,P016,SU0181_1,mobile,A
E001503,U0181,2026-05-02 14:04:00,visit,청소,P004,SU0181_2,mobile,A
E001504,U0181,2026-05-02 14:05:00,search,청소,P004,SU0181_2,mobile,A
E001505,U0181,2026-03-28 08:06:00,visit,사진촬영,P075,SU0181_3,mobile,B
E001506,U0181,2026-06-10 17:00:00,visit,사진촬영,P012,SU0181_4,mobile,B
E001507,U0181,2026-06-10 17:01:00,search,사진촬영,P012,SU0181_4,mobile,B
E001508,U0181,2026-04-20 14:02:00,visit,과외,P059,SU0181_5,mobile,B
E001509,U0181,2026-04-20 14:03:00,search,과외,P059,SU0181_5,mobile,B
E001510,U0182,2026-03-15 10:04:00,visit,청소,P011,SU0182_1,desktop,A
E001511,U0182,2026-03-20 12:05:00,visit,사진촬영,P039,SU0182_2,desktop,A
E001512,U0182,2026-03-20 12:06:00,search,사진촬영,P039,SU0182_2,desktop,A
E001513,U0182,2026-03-20 12:00:00,view_provider,사진촬영,P039,SU0182_2,desktop,A
E001514,U0182,2026-03-20 12:01:00,start_request,사진촬영,P039,SU0182_2,desktop,A
E001515,U0182,2026-03-20 12:02:00,submit_request,사진촬영,P039,SU0182_2,desktop,A
E001516,U0182,2026-03-26 10:03:00,visit,사진촬영,P075,SU0182_3,mobile,A
E001517,U0182,2026-03-26 10:04:00,search,사진촬영,P075,SU0182_3,mobile,A
E001518,U0182,2026-03-26 10:05:00,view_provider,사진촬영,P075,SU0182_3,mobile,A
E001519,U0182,2026-03-26 10:06:00,start_request,사진촬영,P075,SU0182_3,mobile,A
E001520,U0182,2026-03-26 10:00:00,submit_request,사진촬영,P075,SU0182_3,mobile,A
E001521,U0182,2026-03-26 10:36:00,view_quote,사진촬영,P075,SU0182_3,mobile,A
E001522,U0182,2026-03-26 15:00:00,complete_transaction,사진촬영,P075,SU0182_3,mobile,A
E001523,U0182,2026-02-20 10:03:00,visit,사진촬영,P042,SU0182_4,mobile,A
E001524,U0182,2026-02-20 10:04:00,search,사진촬영,P042,SU0182_4,mobile,A
E001525,U0182,2026-03-05 19:05:00,visit,이사,P074,SU0182_5,mobile,B
E001526,U0182,2026-03-05 19:06:00,search,이사,P074,SU0182_5,mobile,B
E001527,U0182,2026-03-05 19:00:00,view_provider,이사,P074,SU0182_5,mobile,B
E001528,U0183,2026-05-04 19:01:00,visit,청소,P008,SU0183_1,mobile,A
E001529,U0183,2026-05-04 19:02:00,search,청소,P008,SU0183_1,mobile,A
E001530,U0183,2026-03-06 21:03:00,visit,운동,P071,SU0183_2,mobile,B
E001531,U0183,2026-03-18 15:04:00,visit,이사,P074,SU0183_3,mobile,B
E001532,U0183,2026-03-18 15:05:00,search,이사,P074,SU0183_3,mobile,B
E001533,U0183,2026-03-14 11:06:00,visit,사진촬영,P078,SU0183_4,mobile,A
E001534,U0183,2026-03-14 11:00:00,search,사진촬영,P078,SU0183_4,mobile,A
E001535,U0183,2026-03-14 11:01:00,view_provider,사진촬영,P078,SU0183_4,mobile,A
E001536,U0184,2026-04-21 09:02:00,visit,과외,P051,SU0184_1,desktop,B
E001537,U0184,2026-04-21 09:03:00,search,과외,P051,SU0184_1,desktop,B
E001538,U0184,2026-04-21 09:04:00,view_provider,과외,P051,SU0184_1,desktop,B
E001539,U0185,2026-02-26 16:05:00,visit,과외,P009,SU0185_1,mobile,A
E001540,U0185,2026-02-26 16:06:00,search,과외,P009,SU0185_1,mobile,A
E001541,U0185,2026-02-26 16:00:00,view_provider,과외,P009,SU0185_1,mobile,A
E001542,U0185,2026-03-23 17:01:00,visit,이사,P039,SU0185_2,mobile,A
E001543,U0185,2026-03-23 17:02:00,search,이사,P039,SU0185_2,mobile,A
E001544,U0185,2026-03-23 17:03:00,view_provider,이사,P039,SU0185_2,mobile,A
E001545,U0185,2026-03-23 17:04:00,start_request,이사,P039,SU0185_2,mobile,A
E001546,U0185,2026-03-23 17:05:00,submit_request,이사,P039,SU0185_2,mobile,A
E001547,U0185,2026-03-23 17:50:00,view_quote,이사,P039,SU0185_2,mobile,A
E001548,U0185,2026-03-23 21:16:00,complete_transaction,이사,P039,SU0185_2,mobile,A
E001549,U0186,2026-04-09 13:01:00,visit,과외,P068,SU0186_1,mobile,B
E001550,U0187,2026-02-14 19:02:00,visit,과외,P024,SU0187_1,mobile,A
E001551,U0187,2026-02-14 19:03:00,search,과외,P024,SU0187_1,mobile,A
E001552,U0187,2026-02-13 17:04:00,visit,인테리어,P002,SU0187_2,mobile,B
E001553,U0187,2026-02-13 17:05:00,search,인테리어,P002,SU0187_2,mobile,B
E001554,U0187,2026-02-13 17:06:00,view_provider,인테리어,P002,SU0187_2,mobile,B
E001555,U0188,2026-03-25 19:00:00,visit,운동,P011,SU0188_1,mobile,A
E001556,U0188,2026-03-25 19:01:00,search,운동,P011,SU0188_1,mobile,A
E001557,U0188,2026-03-25 19:02:00,view_provider,운동,P011,SU0188_1,mobile,A
E001558,U0188,2026-03-25 19:03:00,start_request,운동,P011,SU0188_1,mobile,A
E001559,U0188,2026-03-25 19:04:00,submit_request,운동,P011,SU0188_1,mobile,A
E001560,U0188,2026-03-25 20:37:00,view_quote,운동,P011,SU0188_1,mobile,A
E001561,U0188,2026-02-27 10:06:00,visit,이사,P075,SU0188_2,mobile,B
E001562,U0188,2026-02-27 10:00:00,search,이사,P075,SU0188_2,mobile,B
E001563,U0188,2026-02-12 19:01:00,visit,이사,P050,SU0188_3,mobile,B
E001564,U0188,2026-02-12 19:02:00,search,이사,P050,SU0188_3,mobile,B
E001565,U0188,2026-02-08 10:03:00,visit,운동,P002,SU0188_4,mobile,A
E001566,U0188,2026-02-08 10:04:00,search,운동,P002,SU0188_4,mobile,A
E001567,U0188,2026-02-08 10:05:00,view_provider,운동,P002,SU0188_4,mobile,A
E001568,U0189,2026-03-10 18:06:00,visit,이사,P069,SU0189_1,desktop,A
E001569,U0189,2026-03-10 18:00:00,search,이사,P069,SU0189_1,desktop,A
E001570,U0189,2026-03-10 18:01:00,view_provider,이사,P069,SU0189_1,desktop,A
E001571,U0189,2026-03-18 19:02:00,visit,운동,P036,SU0189_2,mobile,B
E001572,U0189,2026-03-18 19:03:00,search,운동,P036,SU0189_2,mobile,B
E001573,U0189,2026-03-18 19:04:00,view_provider,운동,P036,SU0189_2,mobile,B
E001574,U0189,2026-02-23 14:05:00,visit,인테리어,P064,SU0189_3,mobile,B
E001575,U0189,2026-02-23 14:06:00,search,인테리어,P064,SU0189_3,mobile,B
E001576,U0189,2026-01-22 18:00:00,visit,사진촬영,P003,SU0189_4,mobile,A
E001577,U0189,2026-01-22 18:01:00,search,사진촬영,P003,SU0189_4,mobile,A
E001578,U0189,2026-01-22 18:02:00,view_provider,사진촬영,P003,SU0189_4,mobile,A
E001579,U0189,2026-01-22 18:03:00,start_request,사진촬영,P003,SU0189_4,mobile,A
E001580,U0189,2026-02-27 21:04:00,visit,인테리어,P044,SU0189_5,mobile,A
E001581,U0189,2026-02-27 21:05:00,search,인테리어,P044,SU0189_5,mobile,A
E001582,U0189,2026-02-27 21:06:00,view_provider,인테리어,P044,SU0189_5,mobile,A
E001583,U0190,2026-03-17 08:00:00,visit,과외,P057,SU0190_1,mobile,B
E001584,U0190,2026-03-17 08:01:00,search,과외,P057,SU0190_1,mobile,B
E001585,U0190,2026-03-17 08:02:00,view_provider,과외,P057,SU0190_1,mobile,B
E001586,U0190,2026-03-17 08:03:00,start_request,과외,P057,SU0190_1,mobile,B
E001587,U0191,2026-05-19 17:04:00,visit,사진촬영,P006,SU0191_1,mobile,A
E001588,U0191,2026-05-19 17:05:00,search,사진촬영,P006,SU0191_1,mobile,A
E001589,U0191,2026-05-19 17:06:00,view_provider,사진촬영,P006,SU0191_1,mobile,A
E001590,U0191,2026-05-19 17:00:00,start_request,사진촬영,P006,SU0191_1,mobile,A
E001591,U0191,2026-05-19 17:01:00,submit_request,사진촬영,P006,SU0191_1,mobile,A
E001592,U0191,2026-03-27 09:02:00,visit,청소,P052,SU0191_2,mobile,A
E001593,U0191,2026-03-27 09:03:00,search,청소,P052,SU0191_2,mobile,A
E001594,U0191,2026-03-27 09:04:00,view_provider,청소,P052,SU0191_2,mobile,A
E001595,U0191,2026-03-27 09:05:00,start_request,청소,P052,SU0191_2,mobile,A
E001596,U0191,2026-03-27 09:06:00,submit_request,청소,P052,SU0191_2,mobile,A
E001597,U0191,2026-03-27 09:55:00,view_quote,청소,P052,SU0191_2,mobile,A
E001598,U0191,2026-03-27 14:24:00,complete_transaction,청소,P052,SU0191_2,mobile,A
E001599,U0191,2026-04-17 17:02:00,visit,운동,P005,SU0191_3,mobile,A
E001600,U0191,2026-04-17 17:03:00,search,운동,P005,SU0191_3,mobile,A
E001601,U0191,2026-04-17 17:04:00,view_provider,운동,P005,SU0191_3,mobile,A
E001602,U0191,2026-04-17 17:05:00,start_request,운동,P005,SU0191_3,mobile,A
E001603,U0191,2026-04-17 17:06:00,submit_request,운동,P005,SU0191_3,mobile,A
E001604,U0191,2026-03-13 14:00:00,visit,운동,P048,SU0191_4,mobile,A
E001605,U0191,2026-03-13 14:01:00,search,운동,P048,SU0191_4,mobile,A
E001606,U0192,2026-04-30 19:02:00,visit,청소,P011,SU0192_1,mobile,B
E001607,U0192,2026-04-30 19:03:00,search,청소,P011,SU0192_1,mobile,B
E001608,U0192,2026-04-30 19:04:00,view_provider,청소,P011,SU0192_1,mobile,B
E001609,U0192,2026-04-30 19:05:00,start_request,청소,P011,SU0192_1,mobile,B
E001610,U0192,2026-04-30 19:06:00,submit_request,청소,P011,SU0192_1,mobile,B
E001611,U0192,2026-04-30 21:16:00,view_quote,청소,P011,SU0192_1,mobile,B
E001612,U0192,2026-03-31 18:01:00,visit,운동,P078,SU0192_2,desktop,B
E001613,U0192,2026-03-31 18:02:00,search,운동,P078,SU0192_2,desktop,B
E001614,U0192,2026-03-31 18:03:00,view_provider,운동,P078,SU0192_2,desktop,B
E001615,U0193,2026-05-07 16:04:00,visit,청소,P080,SU0193_1,desktop,B
E001616,U0193,2026-05-07 16:05:00,search,청소,P080,SU0193_1,desktop,B
E001617,U0193,2026-04-06 13:06:00,visit,사진촬영,P014,SU0193_2,mobile,B
E001618,U0193,2026-04-06 13:00:00,search,사진촬영,P014,SU0193_2,mobile,B
E001619,U0193,2026-04-06 13:01:00,view_provider,사진촬영,P014,SU0193_2,mobile,B
E001620,U0193,2026-04-06 13:02:00,start_request,사진촬영,P014,SU0193_2,mobile,B
E001621,U0193,2026-04-06 13:03:00,submit_request,사진촬영,P014,SU0193_2,mobile,B
E001622,U0193,2026-04-06 14:49:00,view_quote,사진촬영,P014,SU0193_2,mobile,B
E001623,U0193,2026-03-29 16:05:00,visit,사진촬영,P014,SU0193_3,mobile,B
E001624,U0193,2026-03-29 16:06:00,search,사진촬영,P014,SU0193_3,mobile,B
E001625,U0193,2026-04-18 20:00:00,visit,인테리어,P005,SU0193_4,desktop,A
E001626,U0193,2026-04-18 20:01:00,search,인테리어,P005,SU0193_4,desktop,A
E001627,U0194,2026-03-27 16:02:00,visit,청소,P034,SU0194_1,desktop,A
E001628,U0194,2026-03-27 16:03:00,search,청소,P034,SU0194_1,desktop,A
E001629,U0194,2026-03-27 16:04:00,view_provider,청소,P034,SU0194_1,desktop,A
E001630,U0195,2026-06-07 16:05:00,visit,이사,P079,SU0195_1,mobile,B
E001631,U0195,2026-06-07 16:06:00,search,이사,P079,SU0195_1,mobile,B
E001632,U0195,2026-04-05 11:00:00,visit,사진촬영,P011,SU0195_2,mobile,A
E001633,U0195,2026-04-23 08:01:00,visit,이사,P006,SU0195_3,desktop,B
E001634,U0195,2026-05-31 19:02:00,visit,인테리어,P080,SU0195_4,desktop,A
E001635,U0195,2026-05-31 19:03:00,search,인테리어,P080,SU0195_4,desktop,A
E001636,U0195,2026-05-31 19:04:00,view_provider,인테리어,P080,SU0195_4,desktop,A
E001637,U0195,2026-04-07 18:05:00,visit,운동,P072,SU0195_5,mobile,A
E001638,U0195,2026-04-07 18:06:00,search,운동,P072,SU0195_5,mobile,A
E001639,U0196,2026-01-13 21:00:00,visit,이사,P031,SU0196_1,mobile,A
E001640,U0196,2026-02-28 12:01:00,visit,사진촬영,P029,SU0196_2,mobile,B
E001641,U0196,2026-02-28 12:02:00,search,사진촬영,P029,SU0196_2,mobile,B
E001642,U0196,2026-02-09 22:03:00,visit,청소,P078,SU0196_3,mobile,B
E001643,U0196,2026-02-07 12:04:00,visit,운동,P016,SU0196_4,mobile,A
E001644,U0196,2026-02-07 12:05:00,search,운동,P016,SU0196_4,mobile,A
E001645,U0196,2026-02-07 12:06:00,view_provider,운동,P016,SU0196_4,mobile,A
E001646,U0196,2026-02-07 12:00:00,start_request,운동,P016,SU0196_4,mobile,A
E001647,U0196,2026-02-07 12:01:00,submit_request,운동,P016,SU0196_4,mobile,A
E001648,U0196,2026-02-04 19:02:00,visit,과외,P075,SU0196_5,mobile,B
E001649,U0196,2026-02-04 19:03:00,search,과외,P075,SU0196_5,mobile,B
E001650,U0196,2026-02-04 19:04:00,view_provider,과외,P075,SU0196_5,mobile,B
E001651,U0196,2026-02-04 19:05:00,start_request,과외,P075,SU0196_5,mobile,B
E001652,U0196,2026-02-04 19:06:00,submit_request,과외,P075,SU0196_5,mobile,B
E001653,U0197,2026-04-08 11:00:00,visit,사진촬영,P043,SU0197_1,mobile,A
E001654,U0197,2026-04-08 11:01:00,search,사진촬영,P043,SU0197_1,mobile,A
E001655,U0197,2026-04-08 11:02:00,view_provider,사진촬영,P043,SU0197_1,mobile,A
E001656,U0197,2026-02-03 21:03:00,visit,청소,P031,SU0197_2,desktop,B
E001657,U0197,2026-02-03 21:04:00,search,청소,P031,SU0197_2,desktop,B
E001658,U0197,2026-03-13 11:05:00,visit,청소,P060,SU0197_3,desktop,B
E001659,U0198,2026-03-31 14:06:00,visit,운동,P066,SU0198_1,mobile,A
E001660,U0198,2026-03-31 14:00:00,search,운동,P066,SU0198_1,mobile,A
E001661,U0198,2026-01-21 09:01:00,visit,인테리어,P053,SU0198_2,desktop,B
E001662,U0198,2026-01-21 09:02:00,search,인테리어,P053,SU0198_2,desktop,B
E001663,U0198,2026-01-21 09:03:00,view_provider,인테리어,P053,SU0198_2,desktop,B
E001664,U0198,2026-01-21 09:04:00,start_request,인테리어,P053,SU0198_2,desktop,B
E001665,U0198,2026-01-21 09:05:00,submit_request,인테리어,P053,SU0198_2,desktop,B
E001666,U0198,2026-01-21 10:34:00,view_quote,인테리어,P053,SU0198_2,desktop,B
E001667,U0198,2026-03-22 18:00:00,visit,운동,P067,SU0198_3,mobile,A
E001668,U0198,2026-03-22 18:01:00,search,운동,P067,SU0198_3,mobile,A
E001669,U0198,2026-03-22 18:02:00,view_provider,운동,P067,SU0198_3,mobile,A
E001670,U0198,2026-03-12 15:03:00,visit,운동,P040,SU0198_4,desktop,B
E001671,U0198,2026-03-12 15:04:00,search,운동,P040,SU0198_4,desktop,B
E001672,U0198,2026-03-12 15:05:00,view_provider,운동,P040,SU0198_4,desktop,B
E001673,U0198,2026-03-12 15:06:00,start_request,운동,P040,SU0198_4,desktop,B
E001674,U0198,2026-03-12 15:00:00,submit_request,운동,P040,SU0198_4,desktop,B
E001675,U0198,2026-02-18 18:01:00,visit,청소,P014,SU0198_5,mobile,A
E001676,U0198,2026-02-18 18:02:00,search,청소,P014,SU0198_5,mobile,A
E001677,U0198,2026-02-18 18:03:00,view_provider,청소,P014,SU0198_5,mobile,A
E001678,U0199,2026-03-13 19:04:00,visit,과외,P054,SU0199_1,mobile,B
E001679,U0199,2026-03-13 19:05:00,search,과외,P054,SU0199_1,mobile,B
E001680,U0199,2026-03-13 19:06:00,view_provider,과외,P054,SU0199_1,mobile,B
E001681,U0199,2026-03-13 19:00:00,start_request,과외,P054,SU0199_1,mobile,B
E001682,U0200,2026-06-06 15:01:00,visit,사진촬영,P038,SU0200_1,mobile,A
E001683,U0200,2026-06-06 15:02:00,search,사진촬영,P038,SU0200_1,mobile,A
E001684,U0200,2026-06-06 15:03:00,view_provider,사진촬영,P038,SU0200_1,mobile,A
E001685,U0200,2026-04-27 10:04:00,visit,과외,P009,SU0200_2,desktop,B
E001686,U0200,2026-04-27 10:05:00,search,과외,P009,SU0200_2,desktop,B
E001687,U0200,2026-04-27 10:06:00,view_provider,과외,P009,SU0200_2,desktop,B
E001688,U0201,2026-04-22 20:00:00,visit,사진촬영,P009,SU0201_1,mobile,A
E001689,U0201,2026-04-22 20:01:00,search,사진촬영,P009,SU0201_1,mobile,A
E001690,U0201,2026-04-10 16:02:00,visit,인테리어,P042,SU0201_2,mobile,B
E001691,U0201,2026-04-10 16:03:00,search,인테리어,P042,SU0201_2,mobile,B
E001692,U0201,2026-04-10 16:04:00,view_provider,인테리어,P042,SU0201_2,mobile,B
E001693,U0201,2026-02-22 18:05:00,visit,운동,P080,SU0201_3,mobile,B
E001694,U0201,2026-03-11 18:06:00,visit,청소,P011,SU0201_4,mobile,B
E001695,U0201,2026-03-11 18:00:00,search,청소,P011,SU0201_4,mobile,B
E001696,U0201,2026-03-11 18:01:00,view_provider,청소,P011,SU0201_4,mobile,B
E001697,U0201,2026-03-11 18:02:00,start_request,청소,P011,SU0201_4,mobile,B
E001698,U0201,2026-03-11 18:03:00,submit_request,청소,P011,SU0201_4,mobile,B
E001699,U0201,2026-03-11 18:13:00,view_quote,청소,P011,SU0201_4,mobile,B
E001700,U0202,2026-06-09 12:05:00,visit,이사,P025,SU0202_1,mobile,A
E001701,U0202,2026-05-24 13:06:00,visit,과외,P031,SU0202_2,mobile,A
E001702,U0202,2026-05-24 13:00:00,search,과외,P031,SU0202_2,mobile,A
E001703,U0202,2026-06-07 09:01:00,visit,청소,P078,SU0202_3,mobile,A
E001704,U0202,2026-05-03 15:02:00,visit,청소,P056,SU0202_4,mobile,B
E001705,U0203,2026-03-28 22:03:00,visit,청소,P017,SU0203_1,mobile,B
E001706,U0203,2026-03-28 22:04:00,search,청소,P017,SU0203_1,mobile,B
E001707,U0203,2026-04-20 14:05:00,visit,이사,P071,SU0203_2,mobile,A
E001708,U0203,2026-04-20 14:06:00,search,이사,P071,SU0203_2,mobile,A
E001709,U0203,2026-04-20 14:00:00,view_provider,이사,P071,SU0203_2,mobile,A
E001710,U0203,2026-04-04 16:01:00,visit,청소,P045,SU0203_3,mobile,B
E001711,U0203,2026-04-04 16:02:00,search,청소,P045,SU0203_3,mobile,B
E001712,U0203,2026-04-04 16:03:00,view_provider,청소,P045,SU0203_3,mobile,B
E001713,U0204,2026-05-05 19:04:00,visit,사진촬영,P020,SU0204_1,mobile,A
E001714,U0204,2026-05-05 19:05:00,search,사진촬영,P020,SU0204_1,mobile,A
E001715,U0204,2026-05-08 12:06:00,visit,이사,P045,SU0204_2,mobile,B
E001716,U0204,2026-05-08 17:00:00,visit,사진촬영,P020,SU0204_3,desktop,A
E001717,U0204,2026-05-08 17:01:00,search,사진촬영,P020,SU0204_3,desktop,A
E001718,U0204,2026-05-08 17:02:00,view_provider,사진촬영,P020,SU0204_3,desktop,A
E001719,U0204,2026-05-08 17:03:00,start_request,사진촬영,P020,SU0204_3,desktop,A
E001720,U0204,2026-05-08 17:04:00,submit_request,사진촬영,P020,SU0204_3,desktop,A
E001721,U0204,2026-05-08 18:52:00,view_quote,사진촬영,P020,SU0204_3,desktop,A
E001722,U0204,2026-05-20 20:06:00,visit,이사,P056,SU0204_4,mobile,B
E001723,U0204,2026-03-15 21:00:00,visit,청소,P038,SU0204_5,mobile,A
E001724,U0204,2026-03-15 21:01:00,search,청소,P038,SU0204_5,mobile,A
E001725,U0204,2026-03-15 21:02:00,view_provider,청소,P038,SU0204_5,mobile,A
E001726,U0205,2026-03-10 11:03:00,visit,과외,P041,SU0205_1,mobile,A
E001727,U0205,2026-03-10 11:04:00,search,과외,P041,SU0205_1,mobile,A
E001728,U0205,2026-04-16 16:05:00,visit,청소,P007,SU0205_2,mobile,A
E001729,U0205,2026-04-16 16:06:00,search,청소,P007,SU0205_2,mobile,A
E001730,U0205,2026-04-16 16:00:00,view_provider,청소,P007,SU0205_2,mobile,A
E001731,U0205,2026-03-07 10:01:00,visit,이사,P078,SU0205_3,mobile,B
E001732,U0205,2026-02-21 12:02:00,visit,과외,P050,SU0205_4,desktop,A
E001733,U0205,2026-02-21 12:03:00,search,과외,P050,SU0205_4,desktop,A
E001734,U0205,2026-02-21 12:04:00,view_provider,과외,P050,SU0205_4,desktop,A
E001735,U0205,2026-03-13 10:05:00,visit,사진촬영,P055,SU0205_5,desktop,A
E001736,U0205,2026-03-13 10:06:00,search,사진촬영,P055,SU0205_5,desktop,A
E001737,U0205,2026-03-13 10:00:00,view_provider,사진촬영,P055,SU0205_5,desktop,A
E001738,U0206,2026-03-05 10:01:00,visit,인테리어,P021,SU0206_1,mobile,B
E001739,U0206,2026-03-05 10:02:00,search,인테리어,P021,SU0206_1,mobile,B
E001740,U0206,2026-03-05 10:03:00,view_provider,인테리어,P021,SU0206_1,mobile,B
E001741,U0206,2026-03-05 10:04:00,start_request,인테리어,P021,SU0206_1,mobile,B
E001742,U0206,2026-03-05 10:05:00,submit_request,인테리어,P021,SU0206_1,mobile,B
E001743,U0206,2026-03-05 12:40:00,view_quote,인테리어,P021,SU0206_1,mobile,B
E001744,U0206,2026-03-19 22:00:00,visit,과외,P073,SU0206_2,mobile,A
E001745,U0206,2026-03-19 22:01:00,search,과외,P073,SU0206_2,mobile,A
E001746,U0206,2026-02-23 08:02:00,visit,사진촬영,P029,SU0206_3,mobile,B
E001747,U0206,2026-02-23 08:03:00,search,사진촬영,P029,SU0206_3,mobile,B
E001748,U0206,2026-02-23 08:04:00,view_provider,사진촬영,P029,SU0206_3,mobile,B
E001749,U0206,2026-02-23 08:05:00,start_request,사진촬영,P029,SU0206_3,mobile,B
E001750,U0206,2026-02-23 08:06:00,submit_request,사진촬영,P029,SU0206_3,mobile,B
E001751,U0206,2026-02-23 08:13:00,view_quote,사진촬영,P029,SU0206_3,mobile,B
E001752,U0206,2026-01-31 20:01:00,visit,과외,P061,SU0206_4,mobile,B
E001753,U0206,2026-01-31 20:02:00,search,과외,P061,SU0206_4,mobile,B
E001754,U0206,2026-01-31 20:03:00,view_provider,과외,P061,SU0206_4,mobile,B
E001755,U0206,2026-01-31 20:04:00,start_request,과외,P061,SU0206_4,mobile,B
E001756,U0206,2026-01-31 20:05:00,submit_request,과외,P061,SU0206_4,mobile,B
E001757,U0206,2026-01-31 21:01:00,view_quote,과외,P061,SU0206_4,mobile,B
E001758,U0206,2026-01-24 15:00:00,visit,사진촬영,P059,SU0206_5,desktop,A
E001759,U0207,2026-05-18 19:01:00,visit,청소,P059,SU0207_1,desktop,A
E001760,U0207,2026-05-18 19:02:00,search,청소,P059,SU0207_1,desktop,A
E001761,U0207,2026-05-18 19:03:00,view_provider,청소,P059,SU0207_1,desktop,A
E001762,U0207,2026-05-18 19:04:00,start_request,청소,P059,SU0207_1,desktop,A
E001763,U0207,2026-05-18 19:05:00,submit_request,청소,P059,SU0207_1,desktop,A
E001764,U0208,2026-06-07 14:06:00,visit,사진촬영,P014,SU0208_1,mobile,A
E001765,U0208,2026-06-07 14:00:00,search,사진촬영,P014,SU0208_1,mobile,A
E001766,U0208,2026-06-07 14:01:00,view_provider,사진촬영,P014,SU0208_1,mobile,A
E001767,U0208,2026-06-07 14:02:00,start_request,사진촬영,P014,SU0208_1,mobile,A
E001768,U0208,2026-06-07 14:03:00,submit_request,사진촬영,P014,SU0208_1,mobile,A
E001769,U0208,2026-06-07 15:30:00,view_quote,사진촬영,P014,SU0208_1,mobile,A
E001770,U0208,2026-06-08 02:02:00,complete_transaction,사진촬영,P014,SU0208_1,mobile,A
E001771,U0208,2026-06-15 02:02:00,write_review,사진촬영,P014,SU0208_1,mobile,A
E001772,U0208,2026-05-29 11:00:00,visit,이사,P003,SU0208_2,mobile,B
E001773,U0208,2026-05-29 11:01:00,search,이사,P003,SU0208_2,mobile,B
E001774,U0209,2026-02-01 21:02:00,visit,운동,P051,SU0209_1,mobile,A
E001775,U0209,2026-02-01 21:03:00,search,운동,P051,SU0209_1,mobile,A
E001776,U0209,2026-02-01 21:04:00,view_provider,운동,P051,SU0209_1,mobile,A
E001777,U0210,2026-04-05 15:05:00,visit,운동,P019,SU0210_1,mobile,B
E001778,U0211,2026-01-30 08:06:00,visit,과외,P002,SU0211_1,mobile,A
E001779,U0211,2026-01-30 08:00:00,search,과외,P002,SU0211_1,mobile,A
E001780,U0212,2026-04-27 13:01:00,visit,사진촬영,P006,SU0212_1,desktop,A
E001781,U0212,2026-04-27 13:02:00,search,사진촬영,P006,SU0212_1,desktop,A
E001782,U0212,2026-04-27 13:03:00,view_provider,사진촬영,P006,SU0212_1,desktop,A
E001783,U0212,2026-04-27 13:04:00,start_request,사진촬영,P006,SU0212_1,desktop,A
E001784,U0212,2026-04-27 13:05:00,submit_request,사진촬영,P006,SU0212_1,desktop,A
E001785,U0212,2026-04-27 15:19:00,view_quote,사진촬영,P006,SU0212_1,desktop,A
E001786,U0212,2026-03-21 08:00:00,visit,운동,P055,SU0212_2,mobile,A
E001787,U0212,2026-03-21 08:01:00,search,운동,P055,SU0212_2,mobile,A
E001788,U0212,2026-03-21 08:02:00,view_provider,운동,P055,SU0212_2,mobile,A
E001789,U0212,2026-05-03 13:03:00,visit,과외,P006,SU0212_3,mobile,A
E001790,U0212,2026-05-03 13:04:00,search,과외,P006,SU0212_3,mobile,A
E001791,U0212,2026-05-03 13:05:00,view_provider,과외,P006,SU0212_3,mobile,A
E001792,U0212,2026-05-03 13:06:00,start_request,과외,P006,SU0212_3,mobile,A
E001793,U0212,2026-04-26 12:00:00,visit,사진촬영,P058,SU0212_4,desktop,A
E001794,U0212,2026-03-06 09:01:00,visit,청소,P030,SU0212_5,mobile,B
E001795,U0212,2026-03-06 09:02:00,search,청소,P030,SU0212_5,mobile,B
E001796,U0212,2026-03-06 09:03:00,view_provider,청소,P030,SU0212_5,mobile,B
E001797,U0213,2026-04-26 14:04:00,visit,청소,P062,SU0213_1,mobile,B
E001798,U0214,2026-03-19 08:05:00,visit,이사,P005,SU0214_1,mobile,A
E001799,U0214,2026-03-19 08:06:00,search,이사,P005,SU0214_1,mobile,A
E001800,U0214,2026-03-19 08:00:00,view_provider,이사,P005,SU0214_1,mobile,A
E001801,U0214,2026-03-19 08:01:00,start_request,이사,P005,SU0214_1,mobile,A
E001802,U0214,2026-03-19 08:02:00,submit_request,이사,P005,SU0214_1,mobile,A
E001803,U0214,2026-03-19 09:35:00,view_quote,이사,P005,SU0214_1,mobile,A
E001804,U0214,2026-03-20 02:07:00,complete_transaction,이사,P005,SU0214_1,mobile,A
E001805,U0215,2026-03-29 12:05:00,visit,이사,P068,SU0215_1,desktop,A
E001806,U0215,2026-03-29 12:06:00,search,이사,P068,SU0215_1,desktop,A
E001807,U0215,2026-03-29 12:00:00,view_provider,이사,P068,SU0215_1,desktop,A
E001808,U0215,2026-03-29 12:01:00,start_request,이사,P068,SU0215_1,desktop,A
E001809,U0215,2026-03-29 12:02:00,submit_request,이사,P068,SU0215_1,desktop,A
E001810,U0215,2026-03-29 13:53:00,view_quote,이사,P068,SU0215_1,desktop,A
E001811,U0215,2026-05-02 17:04:00,visit,과외,P062,SU0215_2,mobile,B
E001812,U0216,2026-03-27 20:05:00,visit,이사,P058,SU0216_1,mobile,B
E001813,U0216,2026-03-27 20:06:00,search,이사,P058,SU0216_1,mobile,B
E001814,U0216,2026-03-27 20:00:00,view_provider,이사,P058,SU0216_1,mobile,B
E001815,U0216,2026-03-27 20:01:00,start_request,이사,P058,SU0216_1,mobile,B
E001816,U0216,2026-03-27 20:02:00,submit_request,이사,P058,SU0216_1,mobile,B
E001817,U0216,2026-02-16 10:03:00,visit,운동,P001,SU0216_2,mobile,B
E001818,U0216,2026-02-16 10:04:00,search,운동,P001,SU0216_2,mobile,B
E001819,U0216,2026-04-02 17:05:00,visit,인테리어,P049,SU0216_3,mobile,B
E001820,U0216,2026-04-02 17:06:00,search,인테리어,P049,SU0216_3,mobile,B
E001821,U0216,2026-02-21 13:00:00,visit,과외,P045,SU0216_4,mobile,A
E001822,U0216,2026-02-21 13:01:00,search,과외,P045,SU0216_4,mobile,A
E001823,U0216,2026-03-08 18:02:00,visit,인테리어,P029,SU0216_5,mobile,B
E001824,U0216,2026-03-08 18:03:00,search,인테리어,P029,SU0216_5,mobile,B
E001825,U0216,2026-03-08 18:04:00,view_provider,인테리어,P029,SU0216_5,mobile,B
E001826,U0217,2026-02-26 17:05:00,visit,운동,P016,SU0217_1,mobile,A
E001827,U0217,2026-02-26 17:06:00,search,운동,P016,SU0217_1,mobile,A
E001828,U0217,2026-03-06 19:00:00,visit,인테리어,P004,SU0217_2,mobile,B
E001829,U0217,2026-03-06 19:01:00,search,인테리어,P004,SU0217_2,mobile,B
E001830,U0217,2026-03-06 19:02:00,view_provider,인테리어,P004,SU0217_2,mobile,B
E001831,U0217,2026-03-06 19:03:00,start_request,인테리어,P004,SU0217_2,mobile,B
E001832,U0217,2026-03-06 19:04:00,submit_request,인테리어,P004,SU0217_2,mobile,B
E001833,U0217,2026-03-06 19:56:00,view_quote,인테리어,P004,SU0217_2,mobile,B
E001834,U0217,2026-01-12 15:06:00,visit,과외,P040,SU0217_3,mobile,A
E001835,U0217,2026-01-12 15:00:00,search,과외,P040,SU0217_3,mobile,A
E001836,U0218,2026-02-09 13:01:00,visit,청소,P024,SU0218_1,mobile,A
E001837,U0218,2026-02-09 13:02:00,search,청소,P024,SU0218_1,mobile,A
E001838,U0219,2026-03-09 13:03:00,visit,인테리어,P048,SU0219_1,mobile,A
E001839,U0219,2026-03-09 13:04:00,search,인테리어,P048,SU0219_1,mobile,A
E001840,U0219,2026-02-22 13:05:00,visit,이사,P044,SU0219_2,mobile,A
E001841,U0219,2026-02-22 13:06:00,search,이사,P044,SU0219_2,mobile,A
E001842,U0219,2026-02-22 13:00:00,view_provider,이사,P044,SU0219_2,mobile,A
E001843,U0219,2026-02-22 13:01:00,start_request,이사,P044,SU0219_2,mobile,A
E001844,U0219,2026-02-22 13:02:00,submit_request,이사,P044,SU0219_2,mobile,A
E001845,U0219,2026-02-22 13:13:00,view_quote,이사,P044,SU0219_2,mobile,A
E001846,U0219,2026-03-19 14:04:00,visit,과외,P073,SU0219_3,mobile,B
E001847,U0219,2026-03-19 14:05:00,search,과외,P073,SU0219_3,mobile,B
E001848,U0219,2026-03-19 14:06:00,view_provider,과외,P073,SU0219_3,mobile,B
E001849,U0219,2026-03-19 14:00:00,start_request,과외,P073,SU0219_3,mobile,B
E001850,U0219,2026-03-19 14:01:00,submit_request,과외,P073,SU0219_3,mobile,B
E001851,U0219,2026-04-16 15:02:00,visit,인테리어,P078,SU0219_4,mobile,B
E001852,U0219,2026-04-16 15:03:00,search,인테리어,P078,SU0219_4,mobile,B
E001853,U0219,2026-02-21 10:04:00,visit,인테리어,P008,SU0219_5,desktop,B
E001854,U0219,2026-02-21 10:05:00,search,인테리어,P008,SU0219_5,desktop,B
E001855,U0219,2026-02-21 10:06:00,view_provider,인테리어,P008,SU0219_5,desktop,B
E001856,U0220,2026-04-06 11:00:00,visit,과외,P035,SU0220_1,mobile,A
E001857,U0220,2026-06-04 22:01:00,visit,인테리어,P067,SU0220_2,mobile,A
E001858,U0220,2026-06-04 22:02:00,search,인테리어,P067,SU0220_2,mobile,A
E001859,U0220,2026-04-27 10:03:00,visit,인테리어,P005,SU0220_3,mobile,B
E001860,U0220,2026-04-28 10:04:00,visit,청소,P013,SU0220_4,mobile,B
E001861,U0220,2026-04-28 10:05:00,search,청소,P013,SU0220_4,mobile,B
E001862,U0220,2026-04-28 10:06:00,view_provider,청소,P013,SU0220_4,mobile,B
E001863,U0220,2026-04-28 10:00:00,start_request,청소,P013,SU0220_4,mobile,B
E001864,U0220,2026-04-28 10:01:00,submit_request,청소,P013,SU0220_4,mobile,B
E001865,U0220,2026-04-28 11:24:00,view_quote,청소,P013,SU0220_4,mobile,B
E001866,U0220,2026-04-29 03:13:00,complete_transaction,청소,P013,SU0220_4,mobile,B
E001867,U0220,2026-05-08 03:13:00,write_review,청소,P013,SU0220_4,mobile,B
E001868,U0220,2026-05-17 12:05:00,visit,운동,P032,SU0220_5,mobile,B
E001869,U0220,2026-05-17 12:06:00,search,운동,P032,SU0220_5,mobile,B
E001870,U0220,2026-05-17 12:00:00,view_provider,운동,P032,SU0220_5,mobile,B
E001871,U0221,2026-02-02 13:01:00,visit,과외,P072,SU0221_1,mobile,B
E001872,U0221,2026-03-27 22:02:00,visit,사진촬영,P052,SU0221_2,desktop,A
E001873,U0221,2026-03-27 17:03:00,visit,운동,P023,SU0221_3,desktop,B
E001874,U0221,2026-03-27 17:04:00,search,운동,P023,SU0221_3,desktop,B
E001875,U0221,2026-03-27 17:05:00,view_provider,운동,P023,SU0221_3,desktop,B
E001876,U0221,2026-03-27 17:06:00,start_request,운동,P023,SU0221_3,desktop,B
E001877,U0221,2026-03-27 17:00:00,submit_request,운동,P023,SU0221_3,desktop,B
E001878,U0221,2026-03-27 17:29:00,view_quote,운동,P023,SU0221_3,desktop,B
E001879,U0221,2026-03-27 22:31:00,complete_transaction,운동,P023,SU0221_3,desktop,B
E001880,U0221,2026-03-28 22:31:00,write_review,운동,P023,SU0221_3,desktop,B
E001881,U0221,2026-03-29 21:04:00,visit,청소,P012,SU0221_4,mobile,B
E001882,U0221,2026-03-29 21:05:00,search,청소,P012,SU0221_4,mobile,B
E001883,U0221,2026-03-23 15:06:00,visit,인테리어,P049,SU0221_5,mobile,A
E001884,U0222,2026-03-05 09:00:00,visit,인테리어,P048,SU0222_1,mobile,B
E001885,U0222,2026-03-05 09:01:00,search,인테리어,P048,SU0222_1,mobile,B
E001886,U0222,2026-03-05 09:02:00,view_provider,인테리어,P048,SU0222_1,mobile,B
E001887,U0222,2026-03-05 09:03:00,start_request,인테리어,P048,SU0222_1,mobile,B
E001888,U0222,2026-03-05 09:04:00,submit_request,인테리어,P048,SU0222_1,mobile,B
E001889,U0222,2026-03-05 09:53:00,view_quote,인테리어,P048,SU0222_1,mobile,B
E001890,U0222,2026-04-19 21:06:00,visit,과외,P022,SU0222_2,mobile,A
E001891,U0222,2026-04-19 21:00:00,search,과외,P022,SU0222_2,mobile,A
E001892,U0223,2026-05-13 22:01:00,visit,사진촬영,P008,SU0223_1,mobile,B
E001893,U0223,2026-05-13 22:02:00,search,사진촬영,P008,SU0223_1,mobile,B
E001894,U0223,2026-05-21 22:03:00,visit,과외,P059,SU0223_2,mobile,B
E001895,U0223,2026-04-29 17:04:00,visit,사진촬영,P009,SU0223_3,mobile,B
E001896,U0223,2026-04-29 17:05:00,search,사진촬영,P009,SU0223_3,mobile,B
E001897,U0223,2026-04-29 17:06:00,view_provider,사진촬영,P009,SU0223_3,mobile,B
E001898,U0223,2026-04-29 17:00:00,start_request,사진촬영,P009,SU0223_3,mobile,B
E001899,U0224,2026-02-28 20:01:00,visit,과외,P046,SU0224_1,mobile,A
E001900,U0224,2026-02-28 20:02:00,search,과외,P046,SU0224_1,mobile,A
E001901,U0224,2026-02-28 20:03:00,view_provider,과외,P046,SU0224_1,mobile,A
E001902,U0225,2026-04-03 17:04:00,visit,과외,P019,SU0225_1,mobile,A
E001903,U0225,2026-04-03 17:05:00,search,과외,P019,SU0225_1,mobile,A
E001904,U0225,2026-03-28 08:06:00,visit,이사,P078,SU0225_2,mobile,B
E001905,U0225,2026-03-28 08:00:00,search,이사,P078,SU0225_2,mobile,B
E001906,U0225,2026-03-28 08:01:00,view_provider,이사,P078,SU0225_2,mobile,B
E001907,U0225,2026-03-28 11:02:00,visit,이사,P066,SU0225_3,mobile,A
E001908,U0225,2026-04-04 17:03:00,visit,과외,P061,SU0225_4,mobile,A
E001909,U0225,2026-04-04 17:04:00,search,과외,P061,SU0225_4,mobile,A
E001910,U0225,2026-04-04 17:05:00,view_provider,과외,P061,SU0225_4,mobile,A
E001911,U0225,2026-05-15 13:06:00,visit,이사,P034,SU0225_5,mobile,A
E001912,U0225,2026-05-15 13:00:00,search,이사,P034,SU0225_5,mobile,A
E001913,U0225,2026-05-15 13:01:00,view_provider,이사,P034,SU0225_5,mobile,A
E001914,U0226,2026-03-29 14:02:00,visit,운동,P038,SU0226_1,mobile,A
E001915,U0227,2026-03-26 12:03:00,visit,이사,P009,SU0227_1,mobile,A
E001916,U0227,2026-03-26 12:04:00,search,이사,P009,SU0227_1,mobile,A
E001917,U0227,2026-05-03 22:05:00,visit,청소,P017,SU0227_2,mobile,A
E001918,U0227,2026-05-03 22:06:00,search,청소,P017,SU0227_2,mobile,A
E001919,U0227,2026-03-30 15:00:00,visit,과외,P040,SU0227_3,mobile,B
E001920,U0227,2026-03-30 15:01:00,search,과외,P040,SU0227_3,mobile,B
E001921,U0227,2026-03-30 15:02:00,view_provider,과외,P040,SU0227_3,mobile,B
E001922,U0227,2026-03-30 15:03:00,start_request,과외,P040,SU0227_3,mobile,B
E001923,U0227,2026-05-02 18:04:00,visit,청소,P028,SU0227_4,mobile,B
E001924,U0227,2026-05-06 11:05:00,visit,청소,P074,SU0227_5,mobile,A
E001925,U0227,2026-05-06 11:06:00,search,청소,P074,SU0227_5,mobile,A
E001926,U0227,2026-05-06 11:00:00,view_provider,청소,P074,SU0227_5,mobile,A
E001927,U0227,2026-05-06 11:01:00,start_request,청소,P074,SU0227_5,mobile,A
E001928,U0227,2026-05-06 11:02:00,submit_request,청소,P074,SU0227_5,mobile,A
E001929,U0227,2026-05-06 13:02:00,view_quote,청소,P074,SU0227_5,mobile,A
E001930,U0228,2026-03-25 09:04:00,visit,인테리어,P070,SU0228_1,desktop,A
E001931,U0228,2026-03-25 09:05:00,search,인테리어,P070,SU0228_1,desktop,A
E001932,U0228,2026-03-25 09:06:00,view_provider,인테리어,P070,SU0228_1,desktop,A
E001933,U0228,2026-04-13 20:00:00,visit,운동,P066,SU0228_2,mobile,A
E001934,U0228,2026-04-13 20:01:00,search,운동,P066,SU0228_2,mobile,A
E001935,U0228,2026-04-13 20:02:00,view_provider,운동,P066,SU0228_2,mobile,A
E001936,U0228,2026-03-06 13:03:00,visit,운동,P010,SU0228_3,mobile,A
E001937,U0228,2026-03-06 13:04:00,search,운동,P010,SU0228_3,mobile,A
E001938,U0228,2026-03-06 13:05:00,view_provider,운동,P010,SU0228_3,mobile,A
E001939,U0228,2026-05-11 19:06:00,visit,운동,P038,SU0228_4,mobile,B
E001940,U0228,2026-05-11 19:00:00,search,운동,P038,SU0228_4,mobile,B
E001941,U0228,2026-05-11 19:01:00,view_provider,운동,P038,SU0228_4,mobile,B
E001942,U0229,2026-03-17 18:02:00,visit,운동,P022,SU0229_1,mobile,A
E001943,U0229,2026-03-17 18:03:00,search,운동,P022,SU0229_1,mobile,A
E001944,U0229,2026-04-28 17:04:00,visit,사진촬영,P063,SU0229_2,mobile,B
E001945,U0229,2026-04-28 17:05:00,search,사진촬영,P063,SU0229_2,mobile,B
E001946,U0229,2026-04-14 16:06:00,visit,인테리어,P010,SU0229_3,mobile,B
E001947,U0229,2026-04-14 16:00:00,search,인테리어,P010,SU0229_3,mobile,B
E001948,U0229,2026-04-14 16:01:00,view_provider,인테리어,P010,SU0229_3,mobile,B
E001949,U0229,2026-04-14 16:02:00,start_request,인테리어,P010,SU0229_3,mobile,B
E001950,U0229,2026-04-14 16:03:00,submit_request,인테리어,P010,SU0229_3,mobile,B
E001951,U0230,2026-03-20 19:04:00,visit,청소,P078,SU0230_1,desktop,B
E001952,U0230,2026-03-20 19:05:00,search,청소,P078,SU0230_1,desktop,B
E001953,U0230,2026-03-20 19:06:00,view_provider,청소,P078,SU0230_1,desktop,B
E001954,U0230,2026-02-05 13:00:00,visit,이사,P053,SU0230_2,desktop,B
E001955,U0230,2026-02-05 13:01:00,search,이사,P053,SU0230_2,desktop,B
E001956,U0230,2026-01-23 08:02:00,visit,인테리어,P036,SU0230_3,mobile,A
E001957,U0230,2026-01-23 08:03:00,search,인테리어,P036,SU0230_3,mobile,A
E001958,U0230,2026-02-14 09:04:00,visit,이사,P022,SU0230_4,desktop,B
E001959,U0231,2026-02-14 21:05:00,visit,사진촬영,P021,SU0231_1,mobile,A
E001960,U0231,2026-02-14 21:06:00,search,사진촬영,P021,SU0231_1,mobile,A
E001961,U0232,2026-03-30 19:00:00,visit,이사,P017,SU0232_1,mobile,B
E001962,U0232,2026-03-30 19:01:00,search,이사,P017,SU0232_1,mobile,B
E001963,U0233,2026-02-23 19:02:00,visit,이사,P028,SU0233_1,desktop,A
E001964,U0233,2026-02-23 19:03:00,search,이사,P028,SU0233_1,desktop,A
E001965,U0233,2026-02-23 19:04:00,view_provider,이사,P028,SU0233_1,desktop,A
E001966,U0233,2026-02-23 19:05:00,start_request,이사,P028,SU0233_1,desktop,A
E001967,U0233,2026-02-23 19:06:00,submit_request,이사,P028,SU0233_1,desktop,A
E001968,U0233,2026-02-23 22:30:00,view_quote,이사,P028,SU0233_1,desktop,A
E001969,U0233,2026-02-24 05:36:00,complete_transaction,이사,P028,SU0233_1,desktop,A
E001970,U0233,2026-01-23 19:02:00,visit,청소,P041,SU0233_2,mobile,A
E001971,U0233,2026-01-23 19:03:00,search,청소,P041,SU0233_2,mobile,A
E001972,U0233,2026-01-23 19:04:00,view_provider,청소,P041,SU0233_2,mobile,A
E001973,U0233,2026-03-17 19:05:00,visit,이사,P072,SU0233_3,mobile,A
E001974,U0233,2026-03-17 19:06:00,search,이사,P072,SU0233_3,mobile,A
E001975,U0233,2026-03-17 19:00:00,view_provider,이사,P072,SU0233_3,mobile,A
E001976,U0233,2026-03-16 22:01:00,visit,청소,P005,SU0233_4,mobile,B
E001977,U0233,2026-03-16 22:02:00,search,청소,P005,SU0233_4,mobile,B
E001978,U0233,2026-01-30 11:03:00,visit,청소,P068,SU0233_5,mobile,B
E001979,U0233,2026-01-30 11:04:00,search,청소,P068,SU0233_5,mobile,B
E001980,U0234,2026-05-04 10:05:00,visit,인테리어,P071,SU0234_1,mobile,A
E001981,U0234,2026-05-04 10:06:00,search,인테리어,P071,SU0234_1,mobile,A
E001982,U0234,2026-05-04 10:00:00,view_provider,인테리어,P071,SU0234_1,mobile,A
E001983,U0235,2026-04-02 14:01:00,visit,사진촬영,P056,SU0235_1,mobile,B
E001984,U0235,2026-04-02 14:02:00,search,사진촬영,P056,SU0235_1,mobile,B
E001985,U0235,2026-03-26 12:03:00,visit,운동,P003,SU0235_2,mobile,B
E001986,U0235,2026-03-26 12:04:00,search,운동,P003,SU0235_2,mobile,B
E001987,U0235,2026-03-26 12:05:00,view_provider,운동,P003,SU0235_2,mobile,B
E001988,U0235,2026-03-01 14:06:00,visit,사진촬영,P061,SU0235_3,desktop,A
E001989,U0236,2026-05-20 17:00:00,visit,인테리어,P060,SU0236_1,mobile,A
E001990,U0236,2026-05-20 17:01:00,search,인테리어,P060,SU0236_1,mobile,A
E001991,U0236,2026-05-20 17:02:00,view_provider,인테리어,P060,SU0236_1,mobile,A
E001992,U0236,2026-04-13 20:03:00,visit,사진촬영,P027,SU0236_2,mobile,B
E001993,U0236,2026-04-13 20:04:00,search,사진촬영,P027,SU0236_2,mobile,B
E001994,U0236,2026-04-13 20:05:00,view_provider,사진촬영,P027,SU0236_2,mobile,B
E001995,U0236,2026-05-23 22:06:00,visit,운동,P028,SU0236_3,mobile,B
E001996,U0236,2026-05-23 22:00:00,search,운동,P028,SU0236_3,mobile,B
E001997,U0236,2026-05-23 22:01:00,view_provider,운동,P028,SU0236_3,mobile,B
E001998,U0236,2026-05-23 22:02:00,start_request,운동,P028,SU0236_3,mobile,B
E001999,U0236,2026-05-23 22:03:00,submit_request,운동,P028,SU0236_3,mobile,B
E002000,U0236,2026-05-24 00:00:00,view_quote,운동,P028,SU0236_3,mobile,B
E002001,U0236,2026-05-24 06:32:00,complete_transaction,운동,P028,SU0236_3,mobile,B
E002002,U0236,2026-05-28 06:32:00,write_review,운동,P028,SU0236_3,mobile,B
E002003,U0236,2026-03-06 15:00:00,visit,운동,P033,SU0236_4,mobile,A
E002004,U0236,2026-03-06 15:01:00,search,운동,P033,SU0236_4,mobile,A
E002005,U0236,2026-05-02 09:02:00,visit,이사,P033,SU0236_5,desktop,B
E002006,U0236,2026-05-02 09:03:00,search,이사,P033,SU0236_5,desktop,B
E002007,U0237,2026-03-28 12:04:00,visit,이사,P001,SU0237_1,mobile,B
E002008,U0237,2026-03-02 22:05:00,visit,인테리어,P042,SU0237_2,mobile,B
E002009,U0237,2026-03-02 22:06:00,search,인테리어,P042,SU0237_2,mobile,B
E002010,U0238,2026-02-12 17:00:00,visit,사진촬영,P052,SU0238_1,desktop,B
E002011,U0238,2026-02-12 17:01:00,search,사진촬영,P052,SU0238_1,desktop,B
E002012,U0238,2026-02-12 17:02:00,view_provider,사진촬영,P052,SU0238_1,desktop,B
E002013,U0238,2026-03-06 19:03:00,visit,청소,P031,SU0238_2,mobile,B
E002014,U0238,2026-03-06 19:04:00,search,청소,P031,SU0238_2,mobile,B
E002015,U0238,2026-03-06 19:05:00,view_provider,청소,P031,SU0238_2,mobile,B
E002016,U0238,2026-04-14 09:06:00,visit,청소,P002,SU0238_3,mobile,A
E002017,U0238,2026-02-21 12:00:00,visit,운동,P053,SU0238_4,desktop,B
E002018,U0238,2026-02-21 12:01:00,search,운동,P053,SU0238_4,desktop,B
E002019,U0238,2026-02-21 12:02:00,view_provider,운동,P053,SU0238_4,desktop,B
E002020,U0238,2026-02-21 12:03:00,start_request,운동,P053,SU0238_4,desktop,B
E002021,U0238,2026-02-21 12:04:00,submit_request,운동,P053,SU0238_4,desktop,B
E002022,U0238,2026-02-21 12:53:00,view_quote,운동,P053,SU0238_4,desktop,B
E002023,U0238,2026-02-22 05:00:00,complete_transaction,운동,P053,SU0238_4,desktop,B
E002024,U0238,2026-03-07 05:00:00,write_review,운동,P053,SU0238_4,desktop,B
E002025,U0239,2026-03-26 18:01:00,visit,운동,P065,SU0239_1,mobile,A
E002026,U0239,2026-02-12 08:02:00,visit,과외,P020,SU0239_2,mobile,A
E002027,U0239,2026-02-12 08:03:00,search,과외,P020,SU0239_2,mobile,A
E002028,U0240,2026-03-08 13:04:00,visit,과외,P080,SU0240_1,mobile,B
E002029,U0240,2026-03-08 13:05:00,search,과외,P080,SU0240_1,mobile,B
E002030,U0241,2026-03-25 15:06:00,visit,인테리어,P004,SU0241_1,mobile,B
E002031,U0241,2026-03-25 15:00:00,search,인테리어,P004,SU0241_1,mobile,B
E002032,U0242,2026-05-03 13:01:00,visit,인테리어,P037,SU0242_1,mobile,A
E002033,U0242,2026-05-03 13:02:00,search,인테리어,P037,SU0242_1,mobile,A
E002034,U0242,2026-05-03 20:03:00,visit,과외,P037,SU0242_2,mobile,B
E002035,U0242,2026-05-03 20:04:00,search,과외,P037,SU0242_2,mobile,B
E002036,U0242,2026-03-21 16:05:00,visit,인테리어,P074,SU0242_3,mobile,A
E002037,U0242,2026-02-26 09:06:00,visit,과외,P037,SU0242_4,mobile,A
E002038,U0242,2026-02-26 09:00:00,search,과외,P037,SU0242_4,mobile,A
E002039,U0242,2026-02-26 09:01:00,view_provider,과외,P037,SU0242_4,mobile,A
E002040,U0242,2026-02-26 09:02:00,start_request,과외,P037,SU0242_4,mobile,A
E002041,U0242,2026-02-26 09:03:00,submit_request,과외,P037,SU0242_4,mobile,A
E002042,U0242,2026-02-26 11:43:00,view_quote,과외,P037,SU0242_4,mobile,A
E002043,U0242,2026-03-07 13:05:00,visit,사진촬영,P051,SU0242_5,desktop,B
E002044,U0242,2026-03-07 13:06:00,search,사진촬영,P051,SU0242_5,desktop,B
E002045,U0242,2026-03-07 13:00:00,view_provider,사진촬영,P051,SU0242_5,desktop,B
E002046,U0242,2026-03-07 13:01:00,start_request,사진촬영,P051,SU0242_5,desktop,B
E002047,U0242,2026-03-07 13:02:00,submit_request,사진촬영,P051,SU0242_5,desktop,B
E002048,U0242,2026-03-07 14:00:00,view_quote,사진촬영,P051,SU0242_5,desktop,B
E002049,U0242,2026-03-07 21:47:00,complete_transaction,사진촬영,P051,SU0242_5,desktop,B
E002050,U0243,2026-01-14 16:05:00,visit,인테리어,P065,SU0243_1,mobile,B
E002051,U0244,2026-04-05 09:06:00,visit,인테리어,P079,SU0244_1,mobile,B
E002052,U0244,2026-04-16 13:00:00,visit,이사,P024,SU0244_2,mobile,B
E002053,U0244,2026-04-16 13:01:00,search,이사,P024,SU0244_2,mobile,B
E002054,U0244,2026-04-16 13:02:00,view_provider,이사,P024,SU0244_2,mobile,B
E002055,U0244,2026-04-16 13:03:00,start_request,이사,P024,SU0244_2,mobile,B
E002056,U0244,2026-04-16 13:04:00,submit_request,이사,P024,SU0244_2,mobile,B
E002057,U0244,2026-04-16 13:13:00,view_quote,이사,P024,SU0244_2,mobile,B
E002058,U0244,2026-03-14 08:06:00,visit,과외,P022,SU0244_3,desktop,B
E002059,U0244,2026-03-14 08:00:00,search,과외,P022,SU0244_3,desktop,B
E002060,U0244,2026-03-14 08:01:00,view_provider,과외,P022,SU0244_3,desktop,B
E002061,U0244,2026-05-11 12:02:00,visit,사진촬영,P023,SU0244_4,mobile,A
E002062,U0244,2026-05-11 12:03:00,search,사진촬영,P023,SU0244_4,mobile,A
E002063,U0244,2026-05-11 12:04:00,view_provider,사진촬영,P023,SU0244_4,mobile,A
E002064,U0244,2026-05-15 18:05:00,visit,인테리어,P026,SU0244_5,mobile,A
E002065,U0244,2026-05-15 18:06:00,search,인테리어,P026,SU0244_5,mobile,A
E002066,U0245,2026-03-19 13:00:00,visit,청소,P028,SU0245_1,mobile,B
E002067,U0245,2026-04-04 08:01:00,visit,인테리어,P043,SU0245_2,mobile,A
E002068,U0245,2026-04-04 08:02:00,search,인테리어,P043,SU0245_2,mobile,A
E002069,U0245,2026-04-04 08:03:00,view_provider,인테리어,P043,SU0245_2,mobile,A
E002070,U0245,2026-03-20 13:04:00,visit,청소,P031,SU0245_3,mobile,A
E002071,U0245,2026-03-20 13:05:00,search,청소,P031,SU0245_3,mobile,A
E002072,U0245,2026-03-20 13:06:00,view_provider,청소,P031,SU0245_3,mobile,A
E002073,U0245,2026-03-20 13:00:00,start_request,청소,P031,SU0245_3,mobile,A
E002074,U0245,2026-03-20 13:01:00,submit_request,청소,P031,SU0245_3,mobile,A
E002075,U0245,2026-03-02 13:02:00,visit,과외,P064,SU0245_4,mobile,A
E002076,U0245,2026-03-02 13:03:00,search,과외,P064,SU0245_4,mobile,A
E002077,U0245,2026-03-13 16:04:00,visit,인테리어,P062,SU0245_5,mobile,A
E002078,U0245,2026-03-13 16:05:00,search,인테리어,P062,SU0245_5,mobile,A
E002079,U0245,2026-03-13 16:06:00,view_provider,인테리어,P062,SU0245_5,mobile,A
E002080,U0246,2026-01-31 15:00:00,visit,사진촬영,P031,SU0246_1,desktop,A
E002081,U0246,2026-01-31 15:01:00,search,사진촬영,P031,SU0246_1,desktop,A
E002082,U0246,2026-03-10 18:02:00,visit,과외,P069,SU0246_2,mobile,B
E002083,U0246,2026-03-10 18:03:00,search,과외,P069,SU0246_2,mobile,B
E002084,U0246,2026-03-10 18:04:00,view_provider,과외,P069,SU0246_2,mobile,B
E002085,U0246,2026-03-10 18:05:00,start_request,과외,P069,SU0246_2,mobile,B
E002086,U0246,2026-03-10 18:06:00,submit_request,과외,P069,SU0246_2,mobile,B
E002087,U0246,2026-03-10 18:52:00,view_quote,과외,P069,SU0246_2,mobile,B
E002088,U0246,2026-03-10 19:37:00,complete_transaction,과외,P069,SU0246_2,mobile,B
E002089,U0246,2026-03-26 12:02:00,visit,과외,P038,SU0246_3,mobile,A
E002090,U0246,2026-03-26 12:03:00,search,과외,P038,SU0246_3,mobile,A
E002091,U0246,2026-03-26 12:04:00,view_provider,과외,P038,SU0246_3,mobile,A
E002092,U0247,2026-04-28 09:05:00,visit,운동,P061,SU0247_1,mobile,A
E002093,U0247,2026-04-28 09:06:00,search,운동,P061,SU0247_1,mobile,A
E002094,U0247,2026-03-31 14:00:00,visit,사진촬영,P013,SU0247_2,mobile,A
E002095,U0247,2026-04-29 21:01:00,visit,사진촬영,P059,SU0247_3,desktop,B
E002096,U0247,2026-03-21 13:02:00,visit,이사,P049,SU0247_4,mobile,B
E002097,U0247,2026-03-21 13:03:00,search,이사,P049,SU0247_4,mobile,B
E002098,U0247,2026-03-21 13:04:00,view_provider,이사,P049,SU0247_4,mobile,B
E002099,U0248,2026-03-06 22:05:00,visit,사진촬영,P030,SU0248_1,mobile,A
E002100,U0248,2026-03-06 22:06:00,search,사진촬영,P030,SU0248_1,mobile,A
E002101,U0248,2026-03-06 22:00:00,view_provider,사진촬영,P030,SU0248_1,mobile,A
E002102,U0248,2026-03-06 22:01:00,start_request,사진촬영,P030,SU0248_1,mobile,A
E002103,U0248,2026-03-06 22:02:00,submit_request,사진촬영,P030,SU0248_1,mobile,A
E002104,U0248,2026-03-07 01:09:00,view_quote,사진촬영,P030,SU0248_1,mobile,A
E002105,U0248,2026-03-11 13:04:00,visit,청소,P007,SU0248_2,mobile,A
E002106,U0248,2026-03-11 13:05:00,search,청소,P007,SU0248_2,mobile,A
E002107,U0248,2026-03-11 13:06:00,view_provider,청소,P007,SU0248_2,mobile,A
E002108,U0248,2026-03-11 13:00:00,start_request,청소,P007,SU0248_2,mobile,A
E002109,U0248,2026-03-11 13:01:00,submit_request,청소,P007,SU0248_2,mobile,A
E002110,U0249,2026-04-26 12:02:00,visit,과외,P010,SU0249_1,mobile,A
E002111,U0249,2026-04-26 12:03:00,search,과외,P010,SU0249_1,mobile,A
E002112,U0249,2026-04-26 12:04:00,view_provider,과외,P010,SU0249_1,mobile,A
E002113,U0249,2026-04-26 12:05:00,start_request,과외,P010,SU0249_1,mobile,A
E002114,U0249,2026-04-26 12:06:00,submit_request,과외,P010,SU0249_1,mobile,A
E002115,U0249,2026-04-26 15:09:00,view_quote,과외,P010,SU0249_1,mobile,A
E002116,U0249,2026-03-19 20:01:00,visit,운동,P075,SU0249_2,desktop,B
E002117,U0249,2026-03-19 20:02:00,search,운동,P075,SU0249_2,desktop,B
E002118,U0249,2026-03-19 20:03:00,view_provider,운동,P075,SU0249_2,desktop,B
E002119,U0250,2026-01-26 17:04:00,visit,과외,P026,SU0250_1,mobile,B
E002120,U0250,2026-01-26 17:05:00,search,과외,P026,SU0250_1,mobile,B
E002121,U0250,2026-01-26 17:06:00,view_provider,과외,P026,SU0250_1,mobile,B
E002122,U0250,2026-01-20 16:00:00,visit,청소,P070,SU0250_2,desktop,B
E002123,U0250,2026-01-20 16:01:00,search,청소,P070,SU0250_2,desktop,B
E002124,U0250,2026-01-20 16:02:00,view_provider,청소,P070,SU0250_2,desktop,B
E002125,U0250,2026-03-12 12:03:00,visit,청소,P039,SU0250_3,desktop,A
E002126,U0251,2026-03-22 22:04:00,visit,인테리어,P030,SU0251_1,mobile,A
E002127,U0251,2026-03-22 22:05:00,search,인테리어,P030,SU0251_1,mobile,A
E002128,U0251,2026-03-06 09:06:00,visit,운동,P065,SU0251_2,mobile,B
E002129,U0251,2026-03-06 09:00:00,search,운동,P065,SU0251_2,mobile,B
E002130,U0251,2026-03-06 09:01:00,view_provider,운동,P065,SU0251_2,mobile,B
E002131,U0251,2026-03-06 19:02:00,visit,청소,P064,SU0251_3,mobile,A
E002132,U0251,2026-03-06 19:03:00,search,청소,P064,SU0251_3,mobile,A
E002133,U0251,2026-03-06 19:04:00,view_provider,청소,P064,SU0251_3,mobile,A
E002134,U0251,2026-03-06 19:05:00,start_request,청소,P064,SU0251_3,mobile,A
E002135,U0251,2026-02-26 09:06:00,visit,이사,P004,SU0251_4,mobile,B
E002136,U0252,2026-03-31 12:00:00,visit,운동,P055,SU0252_1,mobile,B
E002137,U0252,2026-04-25 16:01:00,visit,인테리어,P006,SU0252_2,mobile,A
E002138,U0252,2026-04-25 16:02:00,search,인테리어,P006,SU0252_2,mobile,A
E002139,U0252,2026-04-25 16:03:00,view_provider,인테리어,P006,SU0252_2,mobile,A
E002140,U0252,2026-04-11 22:04:00,visit,과외,P062,SU0252_3,mobile,B
E002141,U0252,2026-04-11 22:05:00,search,과외,P062,SU0252_3,mobile,B
E002142,U0252,2026-04-21 21:06:00,visit,사진촬영,P048,SU0252_4,desktop,A
E002143,U0252,2026-04-21 21:00:00,search,사진촬영,P048,SU0252_4,desktop,A
E002144,U0252,2026-02-23 08:01:00,visit,과외,P022,SU0252_5,mobile,A
E002145,U0252,2026-02-23 08:02:00,search,과외,P022,SU0252_5,mobile,A
E002146,U0253,2026-02-14 13:03:00,visit,이사,P063,SU0253_1,mobile,B
E002147,U0253,2026-02-14 13:04:00,search,이사,P063,SU0253_1,mobile,B
E002148,U0253,2026-02-14 13:05:00,view_provider,이사,P063,SU0253_1,mobile,B
E002149,U0253,2026-03-26 10:06:00,visit,인테리어,P048,SU0253_2,mobile,B
E002150,U0253,2026-03-26 10:00:00,search,인테리어,P048,SU0253_2,mobile,B
E002151,U0253,2026-03-26 10:01:00,view_provider,인테리어,P048,SU0253_2,mobile,B
E002152,U0254,2026-02-22 16:02:00,visit,운동,P003,SU0254_1,desktop,B
E002153,U0254,2026-02-14 08:03:00,visit,운동,P051,SU0254_2,desktop,B
E002154,U0254,2026-02-14 08:04:00,search,운동,P051,SU0254_2,desktop,B
E002155,U0254,2026-04-19 12:05:00,visit,사진촬영,P051,SU0254_3,mobile,B
E002156,U0254,2026-04-19 12:06:00,search,사진촬영,P051,SU0254_3,mobile,B
E002157,U0254,2026-04-19 12:00:00,view_provider,사진촬영,P051,SU0254_3,mobile,B
E002158,U0254,2026-04-19 12:01:00,start_request,사진촬영,P051,SU0254_3,mobile,B
E002159,U0254,2026-04-19 12:02:00,submit_request,사진촬영,P051,SU0254_3,mobile,B
E002160,U0254,2026-04-19 13:03:00,view_quote,사진촬영,P051,SU0254_3,mobile,B
E002161,U0254,2026-02-03 21:04:00,visit,운동,P043,SU0254_4,desktop,A
E002162,U0255,2026-04-29 09:05:00,visit,사진촬영,P042,SU0255_1,mobile,B
E002163,U0255,2026-04-29 14:06:00,visit,사진촬영,P065,SU0255_2,mobile,A
E002164,U0255,2026-04-29 14:00:00,search,사진촬영,P065,SU0255_2,mobile,A
E002165,U0255,2026-04-29 14:01:00,view_provider,사진촬영,P065,SU0255_2,mobile,A
E002166,U0256,2026-03-02 08:02:00,visit,과외,P058,SU0256_1,mobile,B
E002167,U0256,2026-03-02 08:03:00,search,과외,P058,SU0256_1,mobile,B
E002168,U0256,2026-03-02 08:04:00,view_provider,과외,P058,SU0256_1,mobile,B
E002169,U0256,2026-03-02 08:05:00,start_request,과외,P058,SU0256_1,mobile,B
E002170,U0256,2026-03-02 08:06:00,submit_request,과외,P058,SU0256_1,mobile,B
E002171,U0257,2026-05-05 13:00:00,visit,사진촬영,P039,SU0257_1,mobile,A
E002172,U0257,2026-05-05 13:01:00,search,사진촬영,P039,SU0257_1,mobile,A
E002173,U0257,2026-05-05 13:02:00,view_provider,사진촬영,P039,SU0257_1,mobile,A
E002174,U0257,2026-04-12 22:03:00,visit,사진촬영,P065,SU0257_2,mobile,A
E002175,U0257,2026-04-12 22:04:00,search,사진촬영,P065,SU0257_2,mobile,A
E002176,U0257,2026-04-12 22:05:00,view_provider,사진촬영,P065,SU0257_2,mobile,A
E002177,U0257,2026-04-12 22:06:00,start_request,사진촬영,P065,SU0257_2,mobile,A
E002178,U0257,2026-04-12 22:00:00,submit_request,사진촬영,P065,SU0257_2,mobile,A
E002179,U0257,2026-04-12 22:22:00,view_quote,사진촬영,P065,SU0257_2,mobile,A
E002180,U0257,2026-03-11 17:02:00,visit,청소,P016,SU0257_3,mobile,A
E002181,U0257,2026-03-20 22:03:00,visit,사진촬영,P013,SU0257_4,mobile,A
E002182,U0257,2026-03-20 22:04:00,search,사진촬영,P013,SU0257_4,mobile,A
E002183,U0257,2026-03-20 22:05:00,view_provider,사진촬영,P013,SU0257_4,mobile,A
E002184,U0257,2026-03-28 11:06:00,visit,인테리어,P030,SU0257_5,mobile,A
E002185,U0257,2026-03-28 11:00:00,search,인테리어,P030,SU0257_5,mobile,A
E002186,U0258,2026-03-22 10:01:00,visit,사진촬영,P047,SU0258_1,mobile,A
E002187,U0258,2026-03-22 10:02:00,search,사진촬영,P047,SU0258_1,mobile,A
E002188,U0258,2026-03-22 10:03:00,view_provider,사진촬영,P047,SU0258_1,mobile,A
E002189,U0258,2026-03-22 10:04:00,start_request,사진촬영,P047,SU0258_1,mobile,A
E002190,U0258,2026-03-22 10:05:00,submit_request,사진촬영,P047,SU0258_1,mobile,A
E002191,U0259,2026-02-26 22:06:00,visit,과외,P035,SU0259_1,mobile,A
E002192,U0259,2026-02-26 22:00:00,search,과외,P035,SU0259_1,mobile,A
E002193,U0259,2026-02-26 22:01:00,view_provider,과외,P035,SU0259_1,mobile,A
E002194,U0260,2026-03-13 19:02:00,visit,과외,P037,SU0260_1,mobile,A
E002195,U0260,2026-03-13 19:03:00,search,과외,P037,SU0260_1,mobile,A
E002196,U0260,2026-05-12 19:04:00,visit,운동,P021,SU0260_2,desktop,B
E002197,U0260,2026-05-12 19:05:00,search,운동,P021,SU0260_2,desktop,B
E002198,U0260,2026-04-21 19:06:00,visit,이사,P060,SU0260_3,mobile,A
E002199,U0260,2026-04-21 19:00:00,search,이사,P060,SU0260_3,mobile,A
E002200,U0260,2026-04-21 19:01:00,view_provider,이사,P060,SU0260_3,mobile,A
E002201,U0260,2026-03-08 16:02:00,visit,사진촬영,P040,SU0260_4,mobile,B
E002202,U0260,2026-03-08 16:03:00,search,사진촬영,P040,SU0260_4,mobile,B
E002203,U0260,2026-03-08 16:04:00,view_provider,사진촬영,P040,SU0260_4,mobile,B
E002204,U0260,2026-03-08 16:05:00,start_request,사진촬영,P040,SU0260_4,mobile,B
E002205,U0260,2026-03-08 16:06:00,submit_request,사진촬영,P040,SU0260_4,mobile,B
E002206,U0260,2026-03-08 17:27:00,view_quote,사진촬영,P040,SU0260_4,mobile,B
E002207,U0261,2026-03-17 19:01:00,visit,이사,P029,SU0261_1,mobile,A
E002208,U0261,2026-03-17 19:02:00,search,이사,P029,SU0261_1,mobile,A
E002209,U0261,2026-03-17 19:03:00,view_provider,이사,P029,SU0261_1,mobile,A
E002210,U0261,2026-03-17 19:04:00,start_request,이사,P029,SU0261_1,mobile,A
E002211,U0261,2026-04-27 16:05:00,visit,운동,P055,SU0261_2,mobile,B
E002212,U0261,2026-05-16 16:06:00,visit,과외,P036,SU0261_3,mobile,B
E002213,U0261,2026-05-16 16:00:00,search,과외,P036,SU0261_3,mobile,B
E002214,U0261,2026-05-16 16:01:00,view_provider,과외,P036,SU0261_3,mobile,B
E002215,U0261,2026-05-16 16:02:00,start_request,과외,P036,SU0261_3,mobile,B
E002216,U0261,2026-04-28 21:03:00,visit,이사,P024,SU0261_4,desktop,B
E002217,U0261,2026-04-28 21:04:00,search,이사,P024,SU0261_4,desktop,B
E002218,U0261,2026-04-07 14:05:00,visit,이사,P078,SU0261_5,mobile,A
E002219,U0261,2026-04-07 14:06:00,search,이사,P078,SU0261_5,mobile,A
E002220,U0261,2026-04-07 14:00:00,view_provider,이사,P078,SU0261_5,mobile,A
E002221,U0261,2026-04-07 14:01:00,start_request,이사,P078,SU0261_5,mobile,A
E002222,U0261,2026-04-07 14:02:00,submit_request,이사,P078,SU0261_5,mobile,A
E002223,U0261,2026-04-07 15:28:00,view_quote,이사,P078,SU0261_5,mobile,A
E002224,U0261,2026-04-08 05:59:00,complete_transaction,이사,P078,SU0261_5,mobile,A
E002225,U0262,2026-02-17 09:05:00,visit,운동,P069,SU0262_1,mobile,A
E002226,U0262,2026-02-12 13:06:00,visit,운동,P025,SU0262_2,mobile,B
E002227,U0262,2026-01-18 22:00:00,visit,사진촬영,P047,SU0262_3,desktop,A
E002228,U0263,2026-04-06 22:01:00,visit,과외,P016,SU0263_1,mobile,B
E002229,U0263,2026-04-06 22:02:00,search,과외,P016,SU0263_1,mobile,B
E002230,U0263,2026-04-06 22:03:00,view_provider,과외,P016,SU0263_1,mobile,B
E002231,U0263,2026-03-14 08:04:00,visit,사진촬영,P005,SU0263_2,mobile,A
E002232,U0263,2026-03-14 08:05:00,search,사진촬영,P005,SU0263_2,mobile,A
E002233,U0263,2026-03-14 08:06:00,view_provider,사진촬영,P005,SU0263_2,mobile,A
E002234,U0263,2026-03-14 08:00:00,start_request,사진촬영,P005,SU0263_2,mobile,A
E002235,U0263,2026-03-14 08:01:00,submit_request,사진촬영,P005,SU0263_2,mobile,A
E002236,U0263,2026-02-11 17:02:00,visit,사진촬영,P029,SU0263_3,mobile,A
E002237,U0263,2026-02-05 22:03:00,visit,사진촬영,P047,SU0263_4,mobile,A
E002238,U0263,2026-02-05 22:04:00,search,사진촬영,P047,SU0263_4,mobile,A
E002239,U0264,2026-04-22 11:05:00,visit,청소,P004,SU0264_1,mobile,A
E002240,U0264,2026-04-22 11:06:00,search,청소,P004,SU0264_1,mobile,A
E002241,U0264,2026-04-22 11:00:00,view_provider,청소,P004,SU0264_1,mobile,A
E002242,U0264,2026-04-22 15:01:00,visit,과외,P022,SU0264_2,mobile,A
E002243,U0265,2026-04-24 22:02:00,visit,인테리어,P011,SU0265_1,desktop,A
E002244,U0265,2026-04-24 22:03:00,search,인테리어,P011,SU0265_1,desktop,A
E002245,U0265,2026-04-24 22:04:00,view_provider,인테리어,P011,SU0265_1,desktop,A
E002246,U0265,2026-04-24 22:05:00,start_request,인테리어,P011,SU0265_1,desktop,A
E002247,U0265,2026-04-24 22:06:00,submit_request,인테리어,P011,SU0265_1,desktop,A
E002248,U0265,2026-04-25 01:09:00,view_quote,인테리어,P011,SU0265_1,desktop,A
E002249,U0265,2026-05-26 08:01:00,visit,청소,P072,SU0265_2,mobile,A
E002250,U0265,2026-05-26 08:02:00,search,청소,P072,SU0265_2,mobile,A
E002251,U0265,2026-06-14 17:03:00,visit,사진촬영,P049,SU0265_3,desktop,B
E002252,U0265,2026-06-14 17:04:00,search,사진촬영,P049,SU0265_3,desktop,B
E002253,U0266,2026-05-07 12:05:00,visit,이사,P016,SU0266_1,mobile,A
E002254,U0266,2026-05-07 12:06:00,search,이사,P016,SU0266_1,mobile,A
E002255,U0266,2026-05-07 12:00:00,view_provider,이사,P016,SU0266_1,mobile,A
E002256,U0267,2026-04-07 09:01:00,visit,운동,P003,SU0267_1,mobile,B
E002257,U0268,2026-04-18 12:02:00,visit,청소,P018,SU0268_1,mobile,B
E002258,U0268,2026-04-18 12:03:00,search,청소,P018,SU0268_1,mobile,B
E002259,U0269,2026-05-12 13:04:00,visit,인테리어,P051,SU0269_1,mobile,A
E002260,U0269,2026-05-12 13:05:00,search,인테리어,P051,SU0269_1,mobile,A
E002261,U0269,2026-05-12 13:06:00,view_provider,인테리어,P051,SU0269_1,mobile,A
E002262,U0269,2026-05-03 18:00:00,visit,운동,P003,SU0269_2,desktop,A
E002263,U0270,2026-03-10 20:01:00,visit,운동,P078,SU0270_1,mobile,B
E002264,U0270,2026-03-10 20:02:00,search,운동,P078,SU0270_1,mobile,B
E002265,U0271,2026-03-16 18:03:00,visit,인테리어,P049,SU0271_1,mobile,A
E002266,U0271,2026-04-08 18:04:00,visit,과외,P005,SU0271_2,desktop,A
E002267,U0271,2026-04-08 18:05:00,search,과외,P005,SU0271_2,desktop,A
E002268,U0271,2026-04-08 18:06:00,view_provider,과외,P005,SU0271_2,desktop,A
E002269,U0272,2026-01-15 08:00:00,visit,사진촬영,P026,SU0272_1,mobile,A
E002270,U0272,2026-01-15 08:01:00,search,사진촬영,P026,SU0272_1,mobile,A
E002271,U0272,2026-03-17 16:02:00,visit,사진촬영,P028,SU0272_2,mobile,A
E002272,U0272,2026-03-17 16:03:00,search,사진촬영,P028,SU0272_2,mobile,A
E002273,U0272,2026-01-09 13:04:00,visit,과외,P053,SU0272_3,mobile,A
E002274,U0272,2026-01-09 13:05:00,search,과외,P053,SU0272_3,mobile,A
E002275,U0272,2026-01-09 13:06:00,view_provider,과외,P053,SU0272_3,mobile,A
E002276,U0272,2026-01-09 13:00:00,start_request,과외,P053,SU0272_3,mobile,A
E002277,U0272,2026-01-09 13:01:00,submit_request,과외,P053,SU0272_3,mobile,A
E002278,U0272,2026-03-03 13:02:00,visit,운동,P076,SU0272_4,mobile,A
E002279,U0272,2026-03-03 13:03:00,search,운동,P076,SU0272_4,mobile,A
E002280,U0272,2026-03-03 13:04:00,view_provider,운동,P076,SU0272_4,mobile,A
E002281,U0272,2026-03-03 13:05:00,start_request,운동,P076,SU0272_4,mobile,A
E002282,U0272,2026-03-07 10:06:00,visit,인테리어,P052,SU0272_5,desktop,B
E002283,U0272,2026-03-07 10:00:00,search,인테리어,P052,SU0272_5,desktop,B
E002284,U0273,2026-02-14 17:01:00,visit,이사,P037,SU0273_1,mobile,A
E002285,U0273,2026-02-14 17:02:00,search,이사,P037,SU0273_1,mobile,A
E002286,U0273,2026-02-14 17:03:00,view_provider,이사,P037,SU0273_1,mobile,A
E002287,U0273,2026-02-14 17:04:00,start_request,이사,P037,SU0273_1,mobile,A
E002288,U0273,2026-02-14 17:05:00,submit_request,이사,P037,SU0273_1,mobile,A
E002289,U0273,2026-02-14 18:07:00,view_quote,이사,P037,SU0273_1,mobile,A
E002290,U0273,2026-02-15 15:14:00,complete_transaction,이사,P037,SU0273_1,mobile,A
E002291,U0273,2026-02-20 15:14:00,write_review,이사,P037,SU0273_1,mobile,A
E002292,U0273,2026-02-07 16:02:00,visit,이사,P067,SU0273_2,desktop,B
E002293,U0273,2026-02-07 16:03:00,search,이사,P067,SU0273_2,desktop,B
E002294,U0273,2026-02-07 16:04:00,view_provider,이사,P067,SU0273_2,desktop,B
E002295,U0273,2026-02-07 16:05:00,start_request,이사,P067,SU0273_2,desktop,B
E002296,U0273,2026-02-07 16:06:00,submit_request,이사,P067,SU0273_2,desktop,B
E002297,U0273,2026-03-20 18:00:00,visit,인테리어,P028,SU0273_3,desktop,A
E002298,U0273,2026-03-20 18:01:00,search,인테리어,P028,SU0273_3,desktop,A
E002299,U0273,2026-03-20 18:02:00,view_provider,인테리어,P028,SU0273_3,desktop,A
E002300,U0273,2026-03-20 18:03:00,start_request,인테리어,P028,SU0273_3,desktop,A
E002301,U0273,2026-02-17 14:04:00,visit,과외,P023,SU0273_4,mobile,B
E002302,U0274,2026-05-18 22:05:00,visit,과외,P003,SU0274_1,desktop,A
E002303,U0274,2026-05-18 22:06:00,search,과외,P003,SU0274_1,desktop,A
E002304,U0274,2026-05-18 22:00:00,view_provider,과외,P003,SU0274_1,desktop,A
E002305,U0275,2026-02-11 13:01:00,visit,이사,P059,SU0275_1,mobile,B
E002306,U0275,2026-02-11 13:02:00,search,이사,P059,SU0275_1,mobile,B
E002307,U0275,2026-02-11 13:03:00,view_provider,이사,P059,SU0275_1,mobile,B
E002308,U0275,2026-02-11 13:04:00,start_request,이사,P059,SU0275_1,mobile,B
E002309,U0275,2026-02-11 13:05:00,submit_request,이사,P059,SU0275_1,mobile,B
E002310,U0275,2026-04-03 16:06:00,visit,청소,P040,SU0275_2,mobile,B
E002311,U0275,2026-04-03 16:00:00,search,청소,P040,SU0275_2,mobile,B
E002312,U0275,2026-04-03 16:01:00,view_provider,청소,P040,SU0275_2,mobile,B
E002313,U0276,2026-03-30 15:02:00,visit,운동,P062,SU0276_1,desktop,A
E002314,U0276,2026-03-30 15:03:00,search,운동,P062,SU0276_1,desktop,A
E002315,U0276,2026-03-30 15:04:00,view_provider,운동,P062,SU0276_1,desktop,A
E002316,U0276,2026-03-30 15:05:00,start_request,운동,P062,SU0276_1,desktop,A
E002317,U0276,2026-04-19 14:06:00,visit,사진촬영,P073,SU0276_2,mobile,B
E002318,U0276,2026-04-23 16:00:00,visit,청소,P066,SU0276_3,mobile,B
E002319,U0276,2026-04-23 16:01:00,search,청소,P066,SU0276_3,mobile,B
E002320,U0276,2026-02-24 14:02:00,visit,과외,P033,SU0276_4,mobile,A
E002321,U0276,2026-02-24 14:03:00,search,과외,P033,SU0276_4,mobile,A
E002322,U0277,2026-02-17 15:04:00,visit,청소,P019,SU0277_1,mobile,B
E002323,U0277,2026-02-17 15:05:00,search,청소,P019,SU0277_1,mobile,B
E002324,U0277,2026-02-17 15:06:00,view_provider,청소,P019,SU0277_1,mobile,B
E002325,U0277,2026-02-17 15:00:00,start_request,청소,P019,SU0277_1,mobile,B
E002326,U0277,2026-02-17 15:01:00,submit_request,청소,P019,SU0277_1,mobile,B
E002327,U0277,2026-02-17 16:15:00,view_quote,청소,P019,SU0277_1,mobile,B
E002328,U0277,2026-04-29 21:03:00,visit,과외,P032,SU0277_2,mobile,B
E002329,U0278,2026-05-25 16:04:00,visit,과외,P021,SU0278_1,mobile,B
E002330,U0278,2026-05-25 16:05:00,search,과외,P021,SU0278_1,mobile,B
E002331,U0278,2026-05-25 16:06:00,view_provider,과외,P021,SU0278_1,mobile,B
E002332,U0278,2026-04-22 19:00:00,visit,인테리어,P073,SU0278_2,mobile,B
E002333,U0278,2026-04-04 19:01:00,visit,운동,P008,SU0278_3,mobile,B
E002334,U0278,2026-05-03 14:02:00,visit,이사,P010,SU0278_4,mobile,B
E002335,U0278,2026-05-03 14:03:00,search,이사,P010,SU0278_4,mobile,B
E002336,U0278,2026-05-03 14:04:00,view_provider,이사,P010,SU0278_4,mobile,B
E002337,U0278,2026-05-03 14:05:00,start_request,이사,P010,SU0278_4,mobile,B
E002338,U0278,2026-05-03 14:06:00,submit_request,이사,P010,SU0278_4,mobile,B
E002339,U0278,2026-05-03 14:13:00,view_quote,이사,P010,SU0278_4,mobile,B
E002340,U0278,2026-04-24 10:01:00,visit,이사,P048,SU0278_5,desktop,B
E002341,U0278,2026-04-24 10:02:00,search,이사,P048,SU0278_5,desktop,B
E002342,U0279,2026-02-26 10:03:00,visit,사진촬영,P001,SU0279_1,mobile,B
E002343,U0279,2026-02-26 10:04:00,search,사진촬영,P001,SU0279_1,mobile,B
E002344,U0279,2026-02-26 10:05:00,view_provider,사진촬영,P001,SU0279_1,mobile,B
E002345,U0279,2026-01-13 13:06:00,visit,사진촬영,P059,SU0279_2,mobile,B
E002346,U0279,2026-01-13 13:00:00,search,사진촬영,P059,SU0279_2,mobile,B
E002347,U0279,2026-01-13 13:01:00,view_provider,사진촬영,P059,SU0279_2,mobile,B
E002348,U0279,2026-03-07 17:02:00,visit,과외,P030,SU0279_3,mobile,A
E002349,U0279,2026-03-07 17:03:00,search,과외,P030,SU0279_3,mobile,A
E002350,U0279,2026-03-07 17:04:00,view_provider,과외,P030,SU0279_3,mobile,A
E002351,U0279,2026-03-07 17:05:00,start_request,과외,P030,SU0279_3,mobile,A
E002352,U0279,2026-03-07 17:06:00,submit_request,과외,P030,SU0279_3,mobile,A
E002353,U0279,2026-03-07 17:13:00,view_quote,과외,P030,SU0279_3,mobile,A
E002354,U0279,2026-02-14 20:01:00,visit,청소,P029,SU0279_4,mobile,B
E002355,U0279,2026-02-14 20:02:00,search,청소,P029,SU0279_4,mobile,B
E002356,U0279,2026-02-14 20:03:00,view_provider,청소,P029,SU0279_4,mobile,B
E002357,U0279,2026-02-20 22:04:00,visit,과외,P001,SU0279_5,mobile,A
E002358,U0280,2026-01-30 16:05:00,visit,과외,P015,SU0280_1,desktop,A
E002359,U0280,2026-01-30 16:06:00,search,과외,P015,SU0280_1,desktop,A
E002360,U0280,2026-01-30 16:00:00,view_provider,과외,P015,SU0280_1,desktop,A
E002361,U0281,2026-01-28 15:01:00,visit,과외,P022,SU0281_1,mobile,A
E002362,U0281,2026-01-28 15:02:00,search,과외,P022,SU0281_1,mobile,A
E002363,U0281,2026-04-07 08:03:00,visit,인테리어,P014,SU0281_2,mobile,B
E002364,U0282,2026-03-06 20:04:00,visit,청소,P038,SU0282_1,mobile,A
E002365,U0282,2026-03-20 22:05:00,visit,이사,P061,SU0282_2,mobile,A
E002366,U0283,2026-05-15 12:06:00,visit,운동,P041,SU0283_1,mobile,A
E002367,U0283,2026-05-15 12:00:00,search,운동,P041,SU0283_1,mobile,A
E002368,U0283,2026-03-03 16:01:00,visit,이사,P030,SU0283_2,mobile,A
E002369,U0283,2026-03-30 22:02:00,visit,운동,P068,SU0283_3,mobile,A
E002370,U0283,2026-03-30 22:03:00,search,운동,P068,SU0283_3,mobile,A
E002371,U0283,2026-03-30 22:04:00,view_provider,운동,P068,SU0283_3,mobile,A
E002372,U0283,2026-03-30 22:05:00,start_request,운동,P068,SU0283_3,mobile,A
E002373,U0283,2026-03-30 22:06:00,submit_request,운동,P068,SU0283_3,mobile,A
E002374,U0283,2026-03-31 00:48:00,view_quote,운동,P068,SU0283_3,mobile,A
E002375,U0283,2026-04-17 21:01:00,visit,과외,P050,SU0283_4,mobile,A
E002376,U0283,2026-04-17 21:02:00,search,과외,P050,SU0283_4,mobile,A
E002377,U0283,2026-04-17 21:03:00,view_provider,과외,P050,SU0283_4,mobile,A
E002378,U0283,2026-04-17 21:04:00,start_request,과외,P050,SU0283_4,mobile,A
E002379,U0283,2026-04-17 21:05:00,submit_request,과외,P050,SU0283_4,mobile,A
E002380,U0283,2026-04-17 21:26:00,view_quote,과외,P050,SU0283_4,mobile,A
E002381,U0283,2026-04-18 19:03:00,complete_transaction,과외,P050,SU0283_4,mobile,A
E002382,U0283,2026-04-21 19:03:00,write_review,과외,P050,SU0283_4,mobile,A
E002383,U0283,2026-04-26 08:02:00,visit,이사,P027,SU0283_5,desktop,B
E002384,U0284,2026-02-22 09:03:00,visit,이사,P022,SU0284_1,desktop,B
E002385,U0284,2026-02-22 09:04:00,search,이사,P022,SU0284_1,desktop,B
E002386,U0284,2026-03-16 15:05:00,visit,인테리어,P073,SU0284_2,mobile,A
E002387,U0284,2026-03-16 15:06:00,search,인테리어,P073,SU0284_2,mobile,A
E002388,U0284,2026-03-16 15:00:00,view_provider,인테리어,P073,SU0284_2,mobile,A
E002389,U0284,2026-03-16 15:01:00,start_request,인테리어,P073,SU0284_2,mobile,A
E002390,U0284,2026-03-31 18:02:00,visit,운동,P024,SU0284_3,mobile,B
E002391,U0285,2026-02-10 12:03:00,visit,인테리어,P026,SU0285_1,desktop,A
E002392,U0285,2026-04-21 09:04:00,visit,이사,P010,SU0285_2,mobile,A
E002393,U0285,2026-04-21 09:05:00,search,이사,P010,SU0285_2,mobile,A
E002394,U0285,2026-04-24 08:06:00,visit,인테리어,P051,SU0285_3,desktop,A
E002395,U0285,2026-04-24 08:00:00,search,인테리어,P051,SU0285_3,desktop,A
E002396,U0285,2026-04-28 17:01:00,visit,청소,P018,SU0285_4,mobile,A
E002397,U0286,2026-06-06 17:02:00,visit,청소,P058,SU0286_1,mobile,A
E002398,U0286,2026-06-06 17:03:00,search,청소,P058,SU0286_1,mobile,A
E002399,U0286,2026-05-10 10:04:00,visit,사진촬영,P064,SU0286_2,mobile,B
E002400,U0286,2026-05-10 10:05:00,search,사진촬영,P064,SU0286_2,mobile,B
E002401,U0286,2026-04-25 19:06:00,visit,인테리어,P026,SU0286_3,mobile,A
E002402,U0287,2026-03-21 08:00:00,visit,운동,P018,SU0287_1,desktop,B
E002403,U0287,2026-03-21 08:01:00,search,운동,P018,SU0287_1,desktop,B
E002404,U0287,2026-02-25 14:02:00,visit,과외,P048,SU0287_2,desktop,A
E002405,U0287,2026-02-25 14:03:00,search,과외,P048,SU0287_2,desktop,A
E002406,U0287,2026-02-25 14:04:00,view_provider,과외,P048,SU0287_2,desktop,A
E002407,U0287,2026-04-03 08:05:00,visit,사진촬영,P056,SU0287_3,mobile,B
E002408,U0287,2026-04-03 08:06:00,search,사진촬영,P056,SU0287_3,mobile,B
E002409,U0287,2026-02-18 19:00:00,visit,청소,P060,SU0287_4,mobile,A
E002410,U0287,2026-02-18 19:01:00,search,청소,P060,SU0287_4,mobile,A
E002411,U0287,2026-02-17 13:02:00,visit,이사,P041,SU0287_5,mobile,B
E002412,U0288,2026-03-18 12:03:00,visit,운동,P037,SU0288_1,mobile,A
E002413,U0288,2026-03-18 12:04:00,search,운동,P037,SU0288_1,mobile,A
E002414,U0288,2026-03-18 12:05:00,view_provider,운동,P037,SU0288_1,mobile,A
E002415,U0288,2026-04-04 21:06:00,visit,사진촬영,P004,SU0288_2,desktop,A
E002416,U0288,2026-04-04 21:00:00,search,사진촬영,P004,SU0288_2,desktop,A
E002417,U0288,2026-04-02 17:01:00,visit,인테리어,P029,SU0288_3,mobile,A
E002418,U0288,2026-04-02 17:02:00,search,인테리어,P029,SU0288_3,mobile,A
E002419,U0289,2026-04-04 15:03:00,visit,과외,P008,SU0289_1,desktop,A
E002420,U0289,2026-04-04 15:04:00,search,과외,P008,SU0289_1,desktop,A
E002421,U0289,2026-04-17 18:05:00,visit,청소,P021,SU0289_2,mobile,A
E002422,U0289,2026-04-17 18:06:00,search,청소,P021,SU0289_2,mobile,A
E002423,U0289,2026-03-20 18:00:00,visit,운동,P068,SU0289_3,mobile,A
E002424,U0289,2026-03-20 18:01:00,search,운동,P068,SU0289_3,mobile,A
E002425,U0289,2026-03-20 18:02:00,view_provider,운동,P068,SU0289_3,mobile,A
E002426,U0290,2026-04-16 22:03:00,visit,운동,P014,SU0290_1,mobile,A
E002427,U0290,2026-04-16 22:04:00,search,운동,P014,SU0290_1,mobile,A
E002428,U0290,2026-04-25 17:05:00,visit,운동,P075,SU0290_2,mobile,B
E002429,U0291,2026-04-20 13:06:00,visit,과외,P051,SU0291_1,mobile,B
E002430,U0291,2026-04-20 13:00:00,search,과외,P051,SU0291_1,mobile,B
E002431,U0291,2026-06-01 17:01:00,visit,과외,P028,SU0291_2,mobile,A
E002432,U0291,2026-06-01 17:02:00,search,과외,P028,SU0291_2,mobile,A
E002433,U0291,2026-03-30 21:03:00,visit,인테리어,P078,SU0291_3,desktop,B
E002434,U0291,2026-03-30 21:04:00,search,인테리어,P078,SU0291_3,desktop,B
E002435,U0292,2026-03-29 08:05:00,visit,운동,P067,SU0292_1,mobile,A
E002436,U0292,2026-03-29 08:06:00,search,운동,P067,SU0292_1,mobile,A
E002437,U0292,2026-03-29 08:00:00,view_provider,운동,P067,SU0292_1,mobile,A
E002438,U0292,2026-03-29 08:01:00,start_request,운동,P067,SU0292_1,mobile,A
E002439,U0292,2026-03-29 08:02:00,submit_request,운동,P067,SU0292_1,mobile,A
E002440,U0292,2026-03-29 09:53:00,view_quote,운동,P067,SU0292_1,mobile,A
E002441,U0292,2026-03-19 12:04:00,visit,이사,P054,SU0292_2,mobile,B
E002442,U0292,2026-03-19 12:05:00,search,이사,P054,SU0292_2,mobile,B
E002443,U0292,2026-03-19 12:06:00,view_provider,이사,P054,SU0292_2,mobile,B
E002444,U0292,2026-04-14 16:00:00,visit,사진촬영,P052,SU0292_3,mobile,B
E002445,U0292,2026-04-14 16:01:00,search,사진촬영,P052,SU0292_3,mobile,B
E002446,U0292,2026-04-14 16:02:00,view_provider,사진촬영,P052,SU0292_3,mobile,B
E002447,U0292,2026-04-14 16:03:00,start_request,사진촬영,P052,SU0292_3,mobile,B
E002448,U0292,2026-04-14 16:04:00,submit_request,사진촬영,P052,SU0292_3,mobile,B
E002449,U0292,2026-04-14 18:05:00,view_quote,사진촬영,P052,SU0292_3,mobile,B
E002450,U0292,2026-04-15 06:23:00,complete_transaction,사진촬영,P052,SU0292_3,mobile,B
E002451,U0292,2026-04-18 06:23:00,write_review,사진촬영,P052,SU0292_3,mobile,B
E002452,U0292,2026-04-01 19:01:00,visit,운동,P037,SU0292_4,mobile,A
E002453,U0293,2026-03-31 16:02:00,visit,과외,P064,SU0293_1,mobile,B
E002454,U0293,2026-03-31 16:03:00,search,과외,P064,SU0293_1,mobile,B
E002455,U0293,2026-03-31 16:04:00,view_provider,과외,P064,SU0293_1,mobile,B
E002456,U0293,2026-04-25 10:05:00,visit,운동,P053,SU0293_2,mobile,A
E002457,U0293,2026-04-25 10:06:00,search,운동,P053,SU0293_2,mobile,A
E002458,U0294,2026-03-13 13:00:00,visit,인테리어,P060,SU0294_1,mobile,A
E002459,U0294,2026-03-13 13:01:00,search,인테리어,P060,SU0294_1,mobile,A
E002460,U0294,2026-03-13 13:02:00,view_provider,인테리어,P060,SU0294_1,mobile,A
E002461,U0294,2026-03-13 13:03:00,start_request,인테리어,P060,SU0294_1,mobile,A
E002462,U0294,2026-02-06 17:04:00,visit,사진촬영,P018,SU0294_2,mobile,B
E002463,U0294,2026-02-06 17:05:00,search,사진촬영,P018,SU0294_2,mobile,B
E002464,U0295,2026-03-14 16:06:00,visit,운동,P036,SU0295_1,mobile,B
E002465,U0296,2026-04-24 21:00:00,visit,과외,P004,SU0296_1,mobile,B
E002466,U0296,2026-04-24 21:01:00,search,과외,P004,SU0296_1,mobile,B
E002467,U0296,2026-04-24 21:02:00,view_provider,과외,P004,SU0296_1,mobile,B
E002468,U0296,2026-04-24 13:03:00,visit,운동,P076,SU0296_2,mobile,B
E002469,U0296,2026-04-24 13:04:00,search,운동,P076,SU0296_2,mobile,B
E002470,U0296,2026-04-24 13:05:00,view_provider,운동,P076,SU0296_2,mobile,B
E002471,U0296,2026-03-10 09:06:00,visit,과외,P021,SU0296_3,mobile,B
E002472,U0296,2026-03-10 09:00:00,search,과외,P021,SU0296_3,mobile,B
E002473,U0296,2026-03-10 09:01:00,view_provider,과외,P021,SU0296_3,mobile,B
E002474,U0296,2026-03-10 09:02:00,start_request,과외,P021,SU0296_3,mobile,B
E002475,U0297,2026-05-11 21:03:00,visit,과외,P036,SU0297_1,desktop,A
E002476,U0297,2026-05-11 21:04:00,search,과외,P036,SU0297_1,desktop,A
E002477,U0297,2026-03-24 19:05:00,visit,이사,P024,SU0297_2,mobile,B
E002478,U0297,2026-03-24 19:06:00,search,이사,P024,SU0297_2,mobile,B
E002479,U0298,2026-03-17 18:00:00,visit,사진촬영,P068,SU0298_1,mobile,B
E002480,U0298,2026-03-17 18:01:00,search,사진촬영,P068,SU0298_1,mobile,B
E002481,U0298,2026-03-17 18:02:00,view_provider,사진촬영,P068,SU0298_1,mobile,B
E002482,U0298,2026-03-17 18:03:00,start_request,사진촬영,P068,SU0298_1,mobile,B
E002483,U0298,2026-03-17 18:04:00,submit_request,사진촬영,P068,SU0298_1,mobile,B
E002484,U0298,2026-03-17 19:29:00,view_quote,사진촬영,P068,SU0298_1,mobile,B
E002485,U0298,2026-02-28 08:06:00,visit,과외,P008,SU0298_2,mobile,A
E002486,U0299,2026-02-23 18:00:00,visit,과외,P009,SU0299_1,mobile,A
E002487,U0299,2026-03-22 13:01:00,visit,이사,P076,SU0299_2,mobile,B
E002488,U0299,2026-03-22 13:02:00,search,이사,P076,SU0299_2,mobile,B
E002489,U0299,2026-02-05 17:03:00,visit,이사,P065,SU0299_3,mobile,B
E002490,U0299,2026-02-05 17:04:00,search,이사,P065,SU0299_3,mobile,B
E002491,U0299,2026-02-24 22:05:00,visit,운동,P037,SU0299_4,mobile,B
E002492,U0299,2026-02-24 22:06:00,search,운동,P037,SU0299_4,mobile,B
E002493,U0299,2026-02-24 22:00:00,view_provider,운동,P037,SU0299_4,mobile,B
E002494,U0299,2026-03-13 17:01:00,visit,이사,P074,SU0299_5,mobile,B
E002495,U0300,2026-01-16 10:02:00,visit,사진촬영,P036,SU0300_1,mobile,B
E002496,U0300,2026-01-16 10:03:00,search,사진촬영,P036,SU0300_1,mobile,B
E002497,U0300,2026-01-16 10:04:00,view_provider,사진촬영,P036,SU0300_1,mobile,B
E002498,U0300,2026-01-16 10:05:00,start_request,사진촬영,P036,SU0300_1,mobile,B
E002499,U0300,2026-01-16 10:06:00,submit_request,사진촬영,P036,SU0300_1,mobile,B
E002500,U0300,2026-01-16 10:13:00,view_quote,사진촬영,P036,SU0300_1,mobile,B
E002501,U0300,2026-02-03 12:01:00,visit,운동,P006,SU0300_2,mobile,B
E002502,U0300,2026-02-03 12:02:00,search,운동,P006,SU0300_2,mobile,B
E002503,U0300,2026-02-03 12:03:00,view_provider,운동,P006,SU0300_2,mobile,B
E002504,U0300,2026-02-03 12:04:00,start_request,운동,P006,SU0300_2,mobile,B
E002505,U0300,2026-02-03 12:05:00,submit_request,운동,P006,SU0300_2,mobile,B
E002506,U0300,2026-02-03 14:34:00,view_quote,운동,P006,SU0300_2,mobile,B
E002507,U0300,2026-01-10 21:00:00,visit,과외,P004,SU0300_3,desktop,A
E002508,U0300,2026-01-10 21:01:00,search,과외,P004,SU0300_3,desktop,A
E002509,U0300,2026-01-10 21:02:00,view_provider,과외,P004,SU0300_3,desktop,A
E002510,U0301,2026-04-02 19:03:00,visit,인테리어,P070,SU0301_1,mobile,A
E002511,U0301,2026-04-02 19:04:00,search,인테리어,P070,SU0301_1,mobile,A
E002512,U0302,2026-04-22 12:05:00,visit,청소,P073,SU0302_1,mobile,A
E002513,U0302,2026-04-22 12:06:00,search,청소,P073,SU0302_1,mobile,A
E002514,U0302,2026-04-22 12:00:00,view_provider,청소,P073,SU0302_1,mobile,A
E002515,U0302,2026-04-22 12:01:00,start_request,청소,P073,SU0302_1,mobile,A
E002516,U0302,2026-04-22 12:02:00,submit_request,청소,P073,SU0302_1,mobile,A
E002517,U0302,2026-04-22 12:13:00,view_quote,청소,P073,SU0302_1,mobile,A
E002518,U0302,2026-03-19 19:04:00,visit,청소,P078,SU0302_2,desktop,A
E002519,U0302,2026-03-19 19:05:00,search,청소,P078,SU0302_2,desktop,A
E002520,U0302,2026-03-19 19:06:00,view_provider,청소,P078,SU0302_2,desktop,A
E002521,U0302,2026-04-06 09:00:00,visit,청소,P053,SU0302_3,mobile,A
E002522,U0302,2026-04-06 09:01:00,search,청소,P053,SU0302_3,mobile,A
E002523,U0302,2026-04-22 17:02:00,visit,청소,P043,SU0302_4,desktop,A
E002524,U0302,2026-04-22 17:03:00,search,청소,P043,SU0302_4,desktop,A
E002525,U0302,2026-04-22 17:04:00,view_provider,청소,P043,SU0302_4,desktop,A
E002526,U0303,2026-02-07 16:05:00,visit,이사,P006,SU0303_1,desktop,B
E002527,U0303,2026-02-07 16:06:00,search,이사,P006,SU0303_1,desktop,B
E002528,U0304,2026-05-24 22:00:00,visit,과외,P054,SU0304_1,desktop,A
E002529,U0304,2026-05-24 22:01:00,search,과외,P054,SU0304_1,desktop,A
E002530,U0304,2026-04-06 08:02:00,visit,인테리어,P013,SU0304_2,desktop,A
E002531,U0304,2026-04-06 08:03:00,search,인테리어,P013,SU0304_2,desktop,A
E002532,U0304,2026-04-06 08:04:00,view_provider,인테리어,P013,SU0304_2,desktop,A
E002533,U0305,2026-05-01 19:05:00,visit,사진촬영,P058,SU0305_1,mobile,B
E002534,U0305,2026-03-14 14:06:00,visit,인테리어,P053,SU0305_2,mobile,B
E002535,U0305,2026-03-14 14:00:00,search,인테리어,P053,SU0305_2,mobile,B
E002536,U0305,2026-04-24 09:01:00,visit,이사,P023,SU0305_3,mobile,A
E002537,U0305,2026-04-24 09:02:00,search,이사,P023,SU0305_3,mobile,A
E002538,U0305,2026-04-22 12:03:00,visit,청소,P045,SU0305_4,mobile,B
E002539,U0305,2026-04-22 12:04:00,search,청소,P045,SU0305_4,mobile,B
E002540,U0305,2026-04-22 12:05:00,view_provider,청소,P045,SU0305_4,mobile,B
E002541,U0305,2026-04-22 12:06:00,start_request,청소,P045,SU0305_4,mobile,B
E002542,U0305,2026-04-22 12:00:00,submit_request,청소,P045,SU0305_4,mobile,B
E002543,U0305,2026-04-22 12:22:00,view_quote,청소,P045,SU0305_4,mobile,B
E002544,U0305,2026-04-22 16:36:00,complete_transaction,청소,P045,SU0305_4,mobile,B
E002545,U0305,2026-04-24 16:36:00,write_review,청소,P045,SU0305_4,mobile,B
E002546,U0305,2026-03-10 19:04:00,visit,사진촬영,P001,SU0305_5,mobile,A
E002547,U0306,2026-03-06 18:05:00,visit,인테리어,P023,SU0306_1,mobile,B
E002548,U0306,2026-03-19 18:06:00,visit,과외,P029,SU0306_2,mobile,A
E002549,U0306,2026-01-21 18:00:00,visit,청소,P023,SU0306_3,mobile,A
E002550,U0306,2026-01-21 18:01:00,search,청소,P023,SU0306_3,mobile,A
E002551,U0306,2026-01-21 18:02:00,view_provider,청소,P023,SU0306_3,mobile,A
E002552,U0306,2026-03-08 15:03:00,visit,인테리어,P068,SU0306_4,mobile,A
E002553,U0306,2026-03-08 15:04:00,search,인테리어,P068,SU0306_4,mobile,A
E002554,U0306,2026-03-08 15:05:00,view_provider,인테리어,P068,SU0306_4,mobile,A
E002555,U0306,2026-01-16 18:06:00,visit,청소,P020,SU0306_5,desktop,B
E002556,U0307,2026-04-14 14:00:00,visit,사진촬영,P032,SU0307_1,mobile,A
E002557,U0307,2026-03-05 21:01:00,visit,과외,P078,SU0307_2,desktop,B
E002558,U0307,2026-02-13 17:02:00,visit,사진촬영,P068,SU0307_3,desktop,B
E002559,U0307,2026-02-13 17:03:00,search,사진촬영,P068,SU0307_3,desktop,B
E002560,U0308,2026-02-26 13:04:00,visit,사진촬영,P042,SU0308_1,mobile,A
E002561,U0308,2026-02-26 13:05:00,search,사진촬영,P042,SU0308_1,mobile,A
E002562,U0308,2026-02-26 13:06:00,view_provider,사진촬영,P042,SU0308_1,mobile,A
E002563,U0308,2026-02-26 13:00:00,start_request,사진촬영,P042,SU0308_1,mobile,A
E002564,U0308,2026-05-09 16:01:00,visit,청소,P072,SU0308_2,mobile,A
E002565,U0309,2026-01-30 18:02:00,visit,과외,P044,SU0309_1,desktop,A
E002566,U0309,2026-01-30 18:03:00,search,과외,P044,SU0309_1,desktop,A
E002567,U0310,2026-02-23 18:04:00,visit,청소,P055,SU0310_1,mobile,A
E002568,U0310,2026-02-23 18:05:00,search,청소,P055,SU0310_1,mobile,A
E002569,U0310,2026-01-10 10:06:00,visit,운동,P024,SU0310_2,mobile,A
E002570,U0310,2026-01-10 10:00:00,search,운동,P024,SU0310_2,mobile,A
E002571,U0310,2026-01-10 10:01:00,view_provider,운동,P024,SU0310_2,mobile,A
E002572,U0310,2026-01-18 14:02:00,visit,과외,P020,SU0310_3,mobile,B
E002573,U0310,2026-02-09 12:03:00,visit,사진촬영,P070,SU0310_4,mobile,B
E002574,U0310,2026-02-09 12:04:00,search,사진촬영,P070,SU0310_4,mobile,B
E002575,U0310,2026-02-09 12:05:00,view_provider,사진촬영,P070,SU0310_4,mobile,B
E002576,U0310,2026-02-09 12:06:00,start_request,사진촬영,P070,SU0310_4,mobile,B
E002577,U0310,2026-02-09 12:00:00,submit_request,사진촬영,P070,SU0310_4,mobile,B
E002578,U0310,2026-02-09 12:13:00,view_quote,사진촬영,P070,SU0310_4,mobile,B
E002579,U0310,2026-02-09 17:28:00,complete_transaction,사진촬영,P070,SU0310_4,mobile,B
E002580,U0310,2026-02-20 17:28:00,write_review,사진촬영,P070,SU0310_4,mobile,B
E002581,U0310,2026-03-21 14:04:00,visit,과외,P075,SU0310_5,mobile,B
E002582,U0311,2026-03-24 16:05:00,visit,과외,P056,SU0311_1,mobile,A
E002583,U0311,2026-04-30 19:06:00,visit,운동,P062,SU0311_2,mobile,B
E002584,U0311,2026-04-30 19:00:00,search,운동,P062,SU0311_2,mobile,B
E002585,U0311,2026-04-30 19:01:00,view_provider,운동,P062,SU0311_2,mobile,B
E002586,U0311,2026-04-15 21:02:00,visit,청소,P052,SU0311_3,mobile,A
E002587,U0311,2026-04-13 14:03:00,visit,사진촬영,P030,SU0311_4,mobile,A
E002588,U0311,2026-04-13 14:04:00,search,사진촬영,P030,SU0311_4,mobile,A
E002589,U0311,2026-04-13 14:05:00,view_provider,사진촬영,P030,SU0311_4,mobile,A
E002590,U0312,2026-04-04 10:06:00,visit,인테리어,P078,SU0312_1,mobile,A
E002591,U0313,2026-02-19 19:00:00,visit,청소,P065,SU0313_1,desktop,A
E002592,U0314,2026-02-11 18:01:00,visit,인테리어,P025,SU0314_1,mobile,A
E002593,U0314,2026-02-11 18:02:00,search,인테리어,P025,SU0314_1,mobile,A
E002594,U0314,2026-04-07 22:03:00,visit,이사,P014,SU0314_2,mobile,A
E002595,U0314,2026-04-07 22:04:00,search,이사,P014,SU0314_2,mobile,A
E002596,U0314,2026-04-07 22:05:00,view_provider,이사,P014,SU0314_2,mobile,A
E002597,U0314,2026-04-07 22:06:00,start_request,이사,P014,SU0314_2,mobile,A
E002598,U0314,2026-02-03 14:00:00,visit,청소,P001,SU0314_3,mobile,B
E002599,U0314,2026-02-03 14:01:00,search,청소,P001,SU0314_3,mobile,B
E002600,U0314,2026-02-03 14:02:00,view_provider,청소,P001,SU0314_3,mobile,B
E002601,U0314,2026-03-30 10:03:00,visit,운동,P015,SU0314_4,mobile,A
E002602,U0314,2026-03-30 10:04:00,search,운동,P015,SU0314_4,mobile,A
E002603,U0314,2026-03-30 10:05:00,view_provider,운동,P015,SU0314_4,mobile,A
E002604,U0314,2026-03-30 10:06:00,start_request,운동,P015,SU0314_4,mobile,A
E002605,U0315,2026-02-06 17:00:00,visit,과외,P049,SU0315_1,mobile,B
E002606,U0315,2026-02-11 10:01:00,visit,운동,P075,SU0315_2,desktop,A
E002607,U0315,2026-02-11 10:02:00,search,운동,P075,SU0315_2,desktop,A
E002608,U0315,2026-02-11 10:03:00,view_provider,운동,P075,SU0315_2,desktop,A
E002609,U0315,2026-02-11 10:04:00,start_request,운동,P075,SU0315_2,desktop,A
E002610,U0315,2026-02-11 10:05:00,submit_request,운동,P075,SU0315_2,desktop,A
E002611,U0315,2026-02-11 11:40:00,view_quote,운동,P075,SU0315_2,desktop,A
E002612,U0315,2026-02-12 10:11:00,complete_transaction,운동,P075,SU0315_2,desktop,A
E002613,U0315,2026-02-25 10:11:00,write_review,운동,P075,SU0315_2,desktop,A
E002614,U0315,2026-02-08 17:02:00,visit,사진촬영,P036,SU0315_3,mobile,B
E002615,U0315,2026-04-04 10:03:00,visit,운동,P065,SU0315_4,mobile,A
E002616,U0315,2026-04-04 10:04:00,search,운동,P065,SU0315_4,mobile,A
E002617,U0315,2026-04-04 10:05:00,view_provider,운동,P065,SU0315_4,mobile,A
E002618,U0316,2026-03-26 10:06:00,visit,이사,P024,SU0316_1,mobile,A
E002619,U0316,2026-03-26 10:00:00,search,이사,P024,SU0316_1,mobile,A
E002620,U0316,2026-03-26 10:01:00,view_provider,이사,P024,SU0316_1,mobile,A
E002621,U0316,2026-05-13 11:02:00,visit,사진촬영,P017,SU0316_2,desktop,B
E002622,U0316,2026-05-13 11:03:00,search,사진촬영,P017,SU0316_2,desktop,B
E002623,U0316,2026-05-13 11:04:00,view_provider,사진촬영,P017,SU0316_2,desktop,B
E002624,U0317,2026-04-17 21:05:00,visit,이사,P050,SU0317_1,desktop,A
E002625,U0317,2026-04-17 21:06:00,search,이사,P050,SU0317_1,desktop,A
E002626,U0317,2026-04-17 21:00:00,view_provider,이사,P050,SU0317_1,desktop,A
E002627,U0317,2026-04-17 21:01:00,start_request,이사,P050,SU0317_1,desktop,A
E002628,U0317,2026-04-17 21:02:00,submit_request,이사,P050,SU0317_1,desktop,A
E002629,U0317,2026-04-17 23:17:00,view_quote,이사,P050,SU0317_1,desktop,A
E002630,U0318,2026-04-08 18:04:00,visit,운동,P056,SU0318_1,desktop,B
E002631,U0318,2026-04-08 18:05:00,search,운동,P056,SU0318_1,desktop,B
E002632,U0318,2026-03-23 18:06:00,visit,운동,P019,SU0318_2,mobile,B
E002633,U0318,2026-03-23 18:00:00,search,운동,P019,SU0318_2,mobile,B
E002634,U0318,2026-04-30 17:01:00,visit,이사,P046,SU0318_3,mobile,A
E002635,U0318,2026-04-30 17:02:00,search,이사,P046,SU0318_3,mobile,A
E002636,U0318,2026-04-07 21:03:00,visit,인테리어,P018,SU0318_4,mobile,A
E002637,U0318,2026-05-23 13:04:00,visit,운동,P034,SU0318_5,mobile,A
E002638,U0318,2026-05-23 13:05:00,search,운동,P034,SU0318_5,mobile,A
E002639,U0319,2026-03-29 09:06:00,visit,인테리어,P074,SU0319_1,desktop,A
E002640,U0319,2026-03-29 09:00:00,search,인테리어,P074,SU0319_1,desktop,A
E002641,U0319,2026-03-29 09:01:00,view_provider,인테리어,P074,SU0319_1,desktop,A
E002642,U0319,2026-03-29 09:02:00,start_request,인테리어,P074,SU0319_1,desktop,A
E002643,U0319,2026-03-29 09:03:00,submit_request,인테리어,P074,SU0319_1,desktop,A
E002644,U0319,2026-05-06 20:04:00,visit,이사,P057,SU0319_2,mobile,B
E002645,U0319,2026-05-06 20:05:00,search,이사,P057,SU0319_2,mobile,B
E002646,U0319,2026-05-06 20:06:00,view_provider,이사,P057,SU0319_2,mobile,B
E002647,U0319,2026-05-06 20:00:00,start_request,이사,P057,SU0319_2,mobile,B
E002648,U0319,2026-05-06 20:01:00,submit_request,이사,P057,SU0319_2,mobile,B
E002649,U0319,2026-05-06 20:26:00,view_quote,이사,P057,SU0319_2,mobile,B
E002650,U0319,2026-05-31 17:03:00,visit,이사,P019,SU0319_3,mobile,B
E002651,U0319,2026-05-31 17:04:00,search,이사,P019,SU0319_3,mobile,B
E002652,U0319,2026-05-31 17:05:00,view_provider,이사,P019,SU0319_3,mobile,B
E002653,U0319,2026-06-02 22:06:00,visit,이사,P076,SU0319_4,mobile,B
E002654,U0319,2026-04-11 12:00:00,visit,과외,P012,SU0319_5,mobile,A
E002655,U0320,2026-04-14 17:01:00,visit,청소,P019,SU0320_1,mobile,B
E002656,U0320,2026-04-14 17:02:00,search,청소,P019,SU0320_1,mobile,B
E002657,U0321,2026-01-29 09:03:00,visit,사진촬영,P075,SU0321_1,mobile,B
E002658,U0321,2026-01-29 09:04:00,search,사진촬영,P075,SU0321_1,mobile,B
E002659,U0321,2026-01-29 09:05:00,view_provider,사진촬영,P075,SU0321_1,mobile,B
E002660,U0321,2026-03-23 10:06:00,visit,사진촬영,P023,SU0321_2,desktop,A
E002661,U0321,2026-03-23 10:00:00,search,사진촬영,P023,SU0321_2,desktop,A
E002662,U0321,2026-03-23 10:01:00,view_provider,사진촬영,P023,SU0321_2,desktop,A
E002663,U0321,2026-03-23 10:02:00,start_request,사진촬영,P023,SU0321_2,desktop,A
E002664,U0321,2026-03-23 10:03:00,submit_request,사진촬영,P023,SU0321_2,desktop,A
E002665,U0321,2026-03-23 12:13:00,view_quote,사진촬영,P023,SU0321_2,desktop,A
E002666,U0321,2026-03-18 20:05:00,visit,청소,P056,SU0321_3,mobile,B
E002667,U0321,2026-03-18 20:06:00,search,청소,P056,SU0321_3,mobile,B
E002668,U0321,2026-03-31 08:00:00,visit,인테리어,P041,SU0321_4,mobile,A
E002669,U0321,2026-03-03 22:01:00,visit,사진촬영,P054,SU0321_5,desktop,B
E002670,U0321,2026-03-03 22:02:00,search,사진촬영,P054,SU0321_5,desktop,B
E002671,U0322,2026-03-16 13:03:00,visit,사진촬영,P040,SU0322_1,mobile,A
E002672,U0322,2026-03-28 21:04:00,visit,이사,P053,SU0322_2,mobile,A
E002673,U0322,2026-03-12 21:05:00,visit,운동,P026,SU0322_3,mobile,A
E002674,U0322,2026-03-12 21:06:00,search,운동,P026,SU0322_3,mobile,A
E002675,U0322,2026-03-12 21:00:00,view_provider,운동,P026,SU0322_3,mobile,A
E002676,U0322,2026-03-12 21:01:00,start_request,운동,P026,SU0322_3,mobile,A
E002677,U0322,2026-03-12 21:02:00,submit_request,운동,P026,SU0322_3,mobile,A
E002678,U0322,2026-02-26 09:03:00,visit,과외,P059,SU0322_4,mobile,A
E002679,U0322,2026-01-18 14:04:00,visit,운동,P001,SU0322_5,mobile,B
E002680,U0322,2026-01-18 14:05:00,search,운동,P001,SU0322_5,mobile,B
E002681,U0322,2026-01-18 14:06:00,view_provider,운동,P001,SU0322_5,mobile,B
E002682,U0322,2026-01-18 14:00:00,start_request,운동,P001,SU0322_5,mobile,B
E002683,U0322,2026-01-18 14:01:00,submit_request,운동,P001,SU0322_5,mobile,B
E002684,U0322,2026-01-18 16:54:00,view_quote,운동,P001,SU0322_5,mobile,B
E002685,U0323,2026-04-26 19:03:00,visit,운동,P010,SU0323_1,mobile,A
E002686,U0323,2026-04-26 19:04:00,search,운동,P010,SU0323_1,mobile,A
E002687,U0323,2026-04-19 20:05:00,visit,사진촬영,P024,SU0323_2,mobile,A
E002688,U0323,2026-04-19 20:06:00,search,사진촬영,P024,SU0323_2,mobile,A
E002689,U0323,2026-04-19 20:00:00,view_provider,사진촬영,P024,SU0323_2,mobile,A
E002690,U0323,2026-03-25 21:01:00,visit,청소,P070,SU0323_3,mobile,B
E002691,U0323,2026-03-25 21:02:00,search,청소,P070,SU0323_3,mobile,B
E002692,U0323,2026-03-25 21:03:00,view_provider,청소,P070,SU0323_3,mobile,B
E002693,U0323,2026-03-25 21:04:00,start_request,청소,P070,SU0323_3,mobile,B
E002694,U0324,2026-05-01 21:05:00,visit,운동,P018,SU0324_1,mobile,A
E002695,U0324,2026-05-08 19:06:00,visit,과외,P024,SU0324_2,mobile,A
E002696,U0324,2026-05-08 19:00:00,search,과외,P024,SU0324_2,mobile,A
E002697,U0324,2026-05-08 19:01:00,view_provider,과외,P024,SU0324_2,mobile,A
E002698,U0324,2026-05-08 19:02:00,start_request,과외,P024,SU0324_2,mobile,A
E002699,U0324,2026-05-08 19:03:00,submit_request,과외,P024,SU0324_2,mobile,A
E002700,U0324,2026-05-08 19:37:00,view_quote,과외,P024,SU0324_2,mobile,A
E002701,U0324,2026-05-01 10:05:00,visit,이사,P046,SU0324_3,mobile,B
E002702,U0325,2026-04-14 15:06:00,visit,이사,P051,SU0325_1,mobile,A
E002703,U0325,2026-04-14 15:00:00,search,이사,P051,SU0325_1,mobile,A
E002704,U0325,2026-03-30 14:01:00,visit,사진촬영,P059,SU0325_2,mobile,B
E002705,U0325,2026-03-30 14:02:00,search,사진촬영,P059,SU0325_2,mobile,B
E002706,U0326,2026-03-15 20:03:00,visit,청소,P034,SU0326_1,mobile,B
E002707,U0326,2026-03-15 20:04:00,search,청소,P034,SU0326_1,mobile,B
E002708,U0327,2026-03-01 14:05:00,visit,과외,P031,SU0327_1,desktop,B
E002709,U0327,2026-03-01 14:06:00,search,과외,P031,SU0327_1,desktop,B
E002710,U0327,2026-03-06 13:00:00,visit,이사,P010,SU0327_2,mobile,A
E002711,U0327,2026-03-06 13:01:00,search,이사,P010,SU0327_2,mobile,A
E002712,U0327,2026-03-06 13:02:00,view_provider,이사,P010,SU0327_2,mobile,A
E002713,U0327,2026-03-06 16:03:00,visit,인테리어,P018,SU0327_3,desktop,B
E002714,U0327,2026-03-06 16:04:00,search,인테리어,P018,SU0327_3,desktop,B
E002715,U0327,2026-03-06 16:05:00,view_provider,인테리어,P018,SU0327_3,desktop,B
E002716,U0328,2026-02-18 12:06:00,visit,청소,P068,SU0328_1,mobile,A
E002717,U0328,2026-02-18 12:00:00,search,청소,P068,SU0328_1,mobile,A
E002718,U0329,2026-02-28 16:01:00,visit,과외,P047,SU0329_1,mobile,B
E002719,U0329,2026-02-28 16:02:00,search,과외,P047,SU0329_1,mobile,B
E002720,U0329,2026-02-28 16:03:00,view_provider,과외,P047,SU0329_1,mobile,B
E002721,U0329,2026-02-15 08:04:00,visit,청소,P044,SU0329_2,mobile,B
E002722,U0330,2026-04-30 19:05:00,visit,과외,P041,SU0330_1,mobile,B
E002723,U0330,2026-04-07 18:06:00,visit,사진촬영,P079,SU0330_2,mobile,B
E002724,U0330,2026-04-07 18:00:00,search,사진촬영,P079,SU0330_2,mobile,B
E002725,U0330,2026-04-14 18:01:00,visit,사진촬영,P055,SU0330_3,mobile,A
E002726,U0330,2026-04-14 18:02:00,search,사진촬영,P055,SU0330_3,mobile,A
E002727,U0330,2026-04-14 18:03:00,view_provider,사진촬영,P055,SU0330_3,mobile,A
E002728,U0330,2026-04-10 17:04:00,visit,사진촬영,P075,SU0330_4,mobile,B
E002729,U0330,2026-04-10 17:05:00,search,사진촬영,P075,SU0330_4,mobile,B
E002730,U0330,2026-04-10 17:06:00,view_provider,사진촬영,P075,SU0330_4,mobile,B
E002731,U0331,2026-04-12 17:00:00,visit,사진촬영,P012,SU0331_1,mobile,A
E002732,U0331,2026-04-04 11:01:00,visit,인테리어,P078,SU0331_2,mobile,A
E002733,U0331,2026-04-04 11:02:00,search,인테리어,P078,SU0331_2,mobile,A
E002734,U0331,2026-02-19 14:03:00,visit,인테리어,P069,SU0331_3,desktop,B
E002735,U0331,2026-02-19 14:04:00,search,인테리어,P069,SU0331_3,desktop,B
E002736,U0332,2026-04-19 10:05:00,visit,이사,P058,SU0332_1,mobile,B
E002737,U0332,2026-04-19 10:06:00,search,이사,P058,SU0332_1,mobile,B
E002738,U0332,2026-04-19 10:00:00,view_provider,이사,P058,SU0332_1,mobile,B
E002739,U0332,2026-04-06 08:01:00,visit,청소,P035,SU0332_2,mobile,A
E002740,U0332,2026-02-11 22:02:00,visit,사진촬영,P048,SU0332_3,mobile,A
E002741,U0333,2026-02-12 15:03:00,visit,청소,P026,SU0333_1,desktop,B
E002742,U0333,2026-02-12 15:04:00,search,청소,P026,SU0333_1,desktop,B
E002743,U0333,2026-02-12 15:05:00,view_provider,청소,P026,SU0333_1,desktop,B
E002744,U0333,2026-03-07 17:06:00,visit,인테리어,P053,SU0333_2,desktop,A
E002745,U0333,2026-03-07 17:00:00,search,인테리어,P053,SU0333_2,desktop,A
E002746,U0333,2026-03-07 17:01:00,view_provider,인테리어,P053,SU0333_2,desktop,A
E002747,U0333,2026-03-21 18:02:00,visit,인테리어,P061,SU0333_3,mobile,A
E002748,U0334,2026-04-18 19:03:00,visit,청소,P013,SU0334_1,mobile,A
E002749,U0334,2026-04-21 14:04:00,visit,청소,P023,SU0334_2,desktop,A
E002750,U0334,2026-04-21 14:05:00,search,청소,P023,SU0334_2,desktop,A
E002751,U0334,2026-03-17 19:06:00,visit,인테리어,P031,SU0334_3,desktop,B
E002752,U0334,2026-05-16 08:00:00,visit,이사,P064,SU0334_4,mobile,A
E002753,U0334,2026-04-01 21:01:00,visit,과외,P001,SU0334_5,mobile,B
E002754,U0334,2026-04-01 21:02:00,search,과외,P001,SU0334_5,mobile,B
E002755,U0334,2026-04-01 21:03:00,view_provider,과외,P001,SU0334_5,mobile,B
E002756,U0335,2026-03-27 13:04:00,visit,청소,P074,SU0335_1,desktop,A
E002757,U0335,2026-03-27 13:05:00,search,청소,P074,SU0335_1,desktop,A
E002758,U0335,2026-03-27 13:06:00,view_provider,청소,P074,SU0335_1,desktop,A
E002759,U0336,2026-04-05 12:00:00,visit,인테리어,P049,SU0336_1,desktop,A
E002760,U0336,2026-04-09 12:01:00,visit,이사,P043,SU0336_2,mobile,A
E002761,U0336,2026-04-09 12:02:00,search,이사,P043,SU0336_2,mobile,A
E002762,U0336,2026-04-09 12:03:00,view_provider,이사,P043,SU0336_2,mobile,A
E002763,U0337,2026-04-15 10:04:00,visit,사진촬영,P045,SU0337_1,mobile,A
E002764,U0337,2026-04-15 10:05:00,search,사진촬영,P045,SU0337_1,mobile,A
E002765,U0337,2026-05-16 15:06:00,visit,과외,P029,SU0337_2,desktop,A
E002766,U0337,2026-04-16 18:00:00,visit,사진촬영,P060,SU0337_3,mobile,B
E002767,U0337,2026-04-16 18:01:00,search,사진촬영,P060,SU0337_3,mobile,B
E002768,U0337,2026-04-16 18:02:00,view_provider,사진촬영,P060,SU0337_3,mobile,B
E002769,U0337,2026-05-18 08:03:00,visit,운동,P051,SU0337_4,mobile,A
E002770,U0337,2026-05-26 09:04:00,visit,청소,P021,SU0337_5,mobile,B
E002771,U0337,2026-05-26 09:05:00,search,청소,P021,SU0337_5,mobile,B
E002772,U0338,2026-04-06 13:06:00,visit,인테리어,P041,SU0338_1,mobile,B
E002773,U0339,2026-03-19 17:00:00,visit,과외,P049,SU0339_1,mobile,A
E002774,U0339,2026-03-19 17:01:00,search,과외,P049,SU0339_1,mobile,A
E002775,U0339,2026-03-23 20:02:00,visit,청소,P029,SU0339_2,mobile,B
E002776,U0339,2026-03-23 20:03:00,search,청소,P029,SU0339_2,mobile,B
E002777,U0339,2026-03-31 12:04:00,visit,과외,P020,SU0339_3,desktop,A
E002778,U0339,2026-03-31 12:05:00,search,과외,P020,SU0339_3,desktop,A
E002779,U0339,2026-03-31 12:06:00,view_provider,과외,P020,SU0339_3,desktop,A
E002780,U0340,2026-06-08 14:00:00,visit,운동,P056,SU0340_1,desktop,A
E002781,U0340,2026-05-16 22:01:00,visit,운동,P041,SU0340_2,desktop,A
E002782,U0340,2026-05-16 22:02:00,search,운동,P041,SU0340_2,desktop,A
E002783,U0340,2026-05-16 22:03:00,view_provider,운동,P041,SU0340_2,desktop,A
E002784,U0340,2026-05-16 22:04:00,start_request,운동,P041,SU0340_2,desktop,A
E002785,U0340,2026-05-16 22:05:00,submit_request,운동,P041,SU0340_2,desktop,A
E002786,U0340,2026-05-16 23:29:00,view_quote,운동,P041,SU0340_2,desktop,A
E002787,U0341,2026-02-27 15:00:00,visit,사진촬영,P047,SU0341_1,mobile,A
E002788,U0341,2026-02-27 15:01:00,search,사진촬영,P047,SU0341_1,mobile,A
E002789,U0341,2026-02-27 15:02:00,view_provider,사진촬영,P047,SU0341_1,mobile,A
E002790,U0341,2026-02-28 15:03:00,visit,인테리어,P004,SU0341_2,desktop,A
E002791,U0341,2026-02-28 15:04:00,search,인테리어,P004,SU0341_2,desktop,A
E002792,U0342,2026-04-15 17:05:00,visit,운동,P052,SU0342_1,mobile,A
E002793,U0342,2026-04-15 17:06:00,search,운동,P052,SU0342_1,mobile,A
E002794,U0342,2026-04-15 17:00:00,view_provider,운동,P052,SU0342_1,mobile,A
E002795,U0342,2026-04-15 17:01:00,start_request,운동,P052,SU0342_1,mobile,A
E002796,U0342,2026-02-28 14:02:00,visit,인테리어,P052,SU0342_2,mobile,A
E002797,U0342,2026-03-20 11:03:00,visit,사진촬영,P013,SU0342_3,mobile,A
E002798,U0342,2026-03-20 11:04:00,search,사진촬영,P013,SU0342_3,mobile,A
E002799,U0342,2026-03-20 11:05:00,view_provider,사진촬영,P013,SU0342_3,mobile,A
E002800,U0342,2026-03-20 11:06:00,start_request,사진촬영,P013,SU0342_3,mobile,A
E002801,U0342,2026-03-20 11:00:00,submit_request,사진촬영,P013,SU0342_3,mobile,A
E002802,U0343,2026-05-02 10:01:00,visit,사진촬영,P059,SU0343_1,desktop,A
E002803,U0343,2026-05-02 10:02:00,search,사진촬영,P059,SU0343_1,desktop,A
E002804,U0343,2026-04-14 18:03:00,visit,과외,P066,SU0343_2,mobile,A
E002805,U0343,2026-03-17 14:04:00,visit,운동,P070,SU0343_3,mobile,A
E002806,U0343,2026-03-17 14:05:00,search,운동,P070,SU0343_3,mobile,A
E002807,U0343,2026-04-07 14:06:00,visit,청소,P006,SU0343_4,mobile,A
E002808,U0343,2026-04-07 14:00:00,search,청소,P006,SU0343_4,mobile,A
E002809,U0343,2026-04-07 14:01:00,view_provider,청소,P006,SU0343_4,mobile,A
E002810,U0343,2026-04-07 14:02:00,start_request,청소,P006,SU0343_4,mobile,A
E002811,U0343,2026-04-07 14:03:00,submit_request,청소,P006,SU0343_4,mobile,A
E002812,U0343,2026-04-07 16:31:00,view_quote,청소,P006,SU0343_4,mobile,A
E002813,U0343,2026-04-08 15:46:00,complete_transaction,청소,P006,SU0343_4,mobile,A
E002814,U0343,2026-04-13 15:46:00,write_review,청소,P006,SU0343_4,mobile,A
E002815,U0344,2026-04-08 12:00:00,visit,이사,P049,SU0344_1,desktop,B
E002816,U0344,2026-04-08 12:01:00,search,이사,P049,SU0344_1,desktop,B
E002817,U0344,2026-04-08 12:02:00,view_provider,이사,P049,SU0344_1,desktop,B
E002818,U0344,2026-04-08 12:03:00,start_request,이사,P049,SU0344_1,desktop,B
E002819,U0344,2026-04-08 12:04:00,submit_request,이사,P049,SU0344_1,desktop,B
E002820,U0344,2026-04-08 13:09:00,view_quote,이사,P049,SU0344_1,desktop,B
E002821,U0344,2026-04-08 22:21:00,complete_transaction,이사,P049,SU0344_1,desktop,B
E002822,U0345,2026-05-30 09:00:00,visit,과외,P053,SU0345_1,mobile,A
E002823,U0345,2026-05-30 09:01:00,search,과외,P053,SU0345_1,mobile,A
E002824,U0345,2026-05-17 09:02:00,visit,청소,P004,SU0345_2,desktop,A
E002825,U0345,2026-05-17 09:03:00,search,청소,P004,SU0345_2,desktop,A
E002826,U0345,2026-05-17 09:04:00,view_provider,청소,P004,SU0345_2,desktop,A
E002827,U0346,2026-03-27 11:05:00,visit,운동,P066,SU0346_1,mobile,B
E002828,U0346,2026-03-27 11:06:00,search,운동,P066,SU0346_1,mobile,B
E002829,U0346,2026-03-27 11:00:00,view_provider,운동,P066,SU0346_1,mobile,B
E002830,U0347,2026-06-08 14:01:00,visit,이사,P059,SU0347_1,desktop,A
E002831,U0347,2026-06-08 14:02:00,search,이사,P059,SU0347_1,desktop,A
E002832,U0347,2026-06-08 14:03:00,view_provider,이사,P059,SU0347_1,desktop,A
E002833,U0347,2026-06-01 15:04:00,visit,인테리어,P027,SU0347_2,mobile,B
E002834,U0348,2026-05-11 15:05:00,visit,이사,P012,SU0348_1,mobile,B
E002835,U0348,2026-05-11 15:06:00,search,이사,P012,SU0348_1,mobile,B
E002836,U0348,2026-05-11 15:00:00,view_provider,이사,P012,SU0348_1,mobile,B
E002837,U0349,2026-02-25 11:01:00,visit,운동,P028,SU0349_1,mobile,A
E002838,U0349,2026-02-25 11:02:00,search,운동,P028,SU0349_1,mobile,A
E002839,U0349,2026-02-25 11:03:00,view_provider,운동,P028,SU0349_1,mobile,A
E002840,U0349,2026-02-25 11:04:00,start_request,운동,P028,SU0349_1,mobile,A
E002841,U0349,2026-02-25 11:05:00,submit_request,운동,P028,SU0349_1,mobile,A
E002842,U0349,2026-02-25 11:32:00,view_quote,운동,P028,SU0349_1,mobile,A
E002843,U0350,2026-02-14 08:00:00,visit,운동,P003,SU0350_1,mobile,B
E002844,U0350,2026-02-14 08:01:00,search,운동,P003,SU0350_1,mobile,B
E002845,U0350,2026-02-14 08:02:00,view_provider,운동,P003,SU0350_1,mobile,B
E002846,U0350,2026-01-19 12:03:00,visit,과외,P068,SU0350_2,desktop,B
E002847,U0350,2026-01-19 12:04:00,search,과외,P068,SU0350_2,desktop,B
E002848,U0350,2026-03-25 22:05:00,visit,운동,P029,SU0350_3,mobile,B
E002849,U0350,2026-03-25 22:06:00,search,운동,P029,SU0350_3,mobile,B
E002850,U0350,2026-03-25 22:00:00,view_provider,운동,P029,SU0350_3,mobile,B
E002851,U0350,2026-03-25 22:01:00,start_request,운동,P029,SU0350_3,mobile,B
E002852,U0350,2026-03-25 22:02:00,submit_request,운동,P029,SU0350_3,mobile,B
E002853,U0350,2026-03-25 23:28:00,view_quote,운동,P029,SU0350_3,mobile,B
E002854,U0350,2026-03-26 08:17:00,complete_transaction,운동,P029,SU0350_3,mobile,B
E002855,U0351,2026-02-17 18:05:00,visit,인테리어,P054,SU0351_1,mobile,A
E002856,U0351,2026-02-17 18:06:00,search,인테리어,P054,SU0351_1,mobile,A
E002857,U0351,2026-02-17 18:00:00,view_provider,인테리어,P054,SU0351_1,mobile,A
E002858,U0351,2026-04-20 20:01:00,visit,청소,P063,SU0351_2,mobile,B
E002859,U0351,2026-04-20 20:02:00,search,청소,P063,SU0351_2,mobile,B
E002860,U0351,2026-04-15 11:03:00,visit,운동,P027,SU0351_3,mobile,A
E002861,U0351,2026-04-15 11:04:00,search,운동,P027,SU0351_3,mobile,A
E002862,U0351,2026-04-15 11:05:00,view_provider,운동,P027,SU0351_3,mobile,A
E002863,U0351,2026-04-15 11:06:00,start_request,운동,P027,SU0351_3,mobile,A
E002864,U0351,2026-04-15 11:00:00,submit_request,운동,P027,SU0351_3,mobile,A
E002865,U0351,2026-04-15 14:01:00,view_quote,운동,P027,SU0351_3,mobile,A
E002866,U0352,2026-02-05 19:02:00,visit,과외,P009,SU0352_1,desktop,B
E002867,U0352,2026-02-05 19:03:00,search,과외,P009,SU0352_1,desktop,B
E002868,U0352,2026-02-05 19:04:00,view_provider,과외,P009,SU0352_1,desktop,B
E002869,U0352,2026-02-05 19:05:00,start_request,과외,P009,SU0352_1,desktop,B
E002870,U0352,2026-02-18 18:06:00,visit,과외,P061,SU0352_2,mobile,A
E002871,U0352,2026-02-18 18:00:00,search,과외,P061,SU0352_2,mobile,A
E002872,U0352,2026-01-19 12:01:00,visit,사진촬영,P002,SU0352_3,mobile,A
E002873,U0352,2026-01-19 12:02:00,search,사진촬영,P002,SU0352_3,mobile,A
E002874,U0352,2026-01-15 11:03:00,visit,과외,P059,SU0352_4,mobile,A
E002875,U0352,2026-01-15 11:04:00,search,과외,P059,SU0352_4,mobile,A
E002876,U0352,2026-01-15 11:05:00,view_provider,과외,P059,SU0352_4,mobile,A
E002877,U0352,2026-02-23 20:06:00,visit,사진촬영,P019,SU0352_5,mobile,B
E002878,U0353,2026-03-12 13:00:00,visit,인테리어,P039,SU0353_1,mobile,A
E002879,U0353,2026-03-12 13:01:00,search,인테리어,P039,SU0353_1,mobile,A
E002880,U0353,2026-03-12 13:02:00,view_provider,인테리어,P039,SU0353_1,mobile,A
E002881,U0353,2026-03-12 13:03:00,start_request,인테리어,P039,SU0353_1,mobile,A
E002882,U0353,2026-03-12 13:04:00,submit_request,인테리어,P039,SU0353_1,mobile,A
E002883,U0353,2026-03-12 14:41:00,view_quote,인테리어,P039,SU0353_1,mobile,A
E002884,U0353,2026-03-30 08:06:00,visit,청소,P064,SU0353_2,desktop,B
E002885,U0353,2026-04-07 13:00:00,visit,사진촬영,P028,SU0353_3,desktop,B
E002886,U0354,2026-03-06 15:01:00,visit,사진촬영,P044,SU0354_1,desktop,B
E002887,U0354,2026-02-13 13:02:00,visit,청소,P033,SU0354_2,mobile,B
E002888,U0355,2026-05-14 21:03:00,visit,청소,P058,SU0355_1,desktop,B
E002889,U0355,2026-04-12 08:04:00,visit,청소,P053,SU0355_2,mobile,B
E002890,U0355,2026-04-12 08:05:00,search,청소,P053,SU0355_2,mobile,B
E002891,U0355,2026-04-12 08:06:00,view_provider,청소,P053,SU0355_2,mobile,B
E002892,U0355,2026-04-12 08:00:00,start_request,청소,P053,SU0355_2,mobile,B
E002893,U0355,2026-04-12 08:01:00,submit_request,청소,P053,SU0355_2,mobile,B
E002894,U0355,2026-04-12 11:09:00,view_quote,청소,P053,SU0355_2,mobile,B
E002895,U0355,2026-04-12 20:44:00,complete_transaction,청소,P053,SU0355_2,mobile,B
E002896,U0355,2026-04-14 20:44:00,write_review,청소,P053,SU0355_2,mobile,B
E002897,U0355,2026-03-30 16:05:00,visit,운동,P065,SU0355_3,mobile,B
E002898,U0355,2026-05-31 12:06:00,visit,과외,P016,SU0355_4,mobile,A
E002899,U0355,2026-05-31 12:00:00,search,과외,P016,SU0355_4,mobile,A
E002900,U0355,2026-05-31 12:01:00,view_provider,과외,P016,SU0355_4,mobile,A
E002901,U0355,2026-05-31 12:02:00,start_request,과외,P016,SU0355_4,mobile,A
E002902,U0356,2026-06-15 22:03:00,visit,이사,P026,SU0356_1,mobile,A
E002903,U0356,2026-06-15 22:04:00,search,이사,P026,SU0356_1,mobile,A
E002904,U0357,2026-03-02 08:05:00,visit,청소,P041,SU0357_1,mobile,A
E002905,U0357,2026-03-02 08:06:00,search,청소,P041,SU0357_1,mobile,A
E002906,U0357,2026-03-02 08:00:00,view_provider,청소,P041,SU0357_1,mobile,A
E002907,U0357,2026-03-16 16:01:00,visit,청소,P070,SU0357_2,mobile,A
E002908,U0357,2026-03-16 16:02:00,search,청소,P070,SU0357_2,mobile,A
E002909,U0357,2026-03-16 16:03:00,view_provider,청소,P070,SU0357_2,mobile,A
E002910,U0357,2026-03-16 08:04:00,visit,운동,P049,SU0357_3,mobile,A
E002911,U0358,2026-06-04 20:05:00,visit,인테리어,P010,SU0358_1,mobile,A
E002912,U0358,2026-06-04 20:06:00,search,인테리어,P010,SU0358_1,mobile,A
E002913,U0358,2026-06-04 20:00:00,view_provider,인테리어,P010,SU0358_1,mobile,A
E002914,U0358,2026-05-27 19:01:00,visit,인테리어,P003,SU0358_2,desktop,A
E002915,U0359,2026-01-26 11:02:00,visit,이사,P032,SU0359_1,mobile,B
E002916,U0359,2026-01-26 11:03:00,search,이사,P032,SU0359_1,mobile,B
E002917,U0359,2026-01-26 11:04:00,view_provider,이사,P032,SU0359_1,mobile,B
E002918,U0359,2026-01-26 11:05:00,start_request,이사,P032,SU0359_1,mobile,B
E002919,U0359,2026-01-26 11:06:00,submit_request,이사,P032,SU0359_1,mobile,B
E002920,U0359,2026-01-26 12:30:00,view_quote,이사,P032,SU0359_1,mobile,B
E002921,U0359,2026-01-28 18:01:00,visit,이사,P073,SU0359_2,desktop,A
E002922,U0359,2026-01-28 18:02:00,search,이사,P073,SU0359_2,desktop,A
E002923,U0359,2026-01-28 18:03:00,view_provider,이사,P073,SU0359_2,desktop,A
E002924,U0359,2026-01-28 18:04:00,start_request,이사,P073,SU0359_2,desktop,A
E002925,U0359,2026-01-28 18:05:00,submit_request,이사,P073,SU0359_2,desktop,A
E002926,U0359,2026-01-28 20:52:00,view_quote,이사,P073,SU0359_2,desktop,A
E002927,U0359,2026-01-29 13:49:00,complete_transaction,이사,P073,SU0359_2,desktop,A
E002928,U0359,2026-02-20 21:01:00,visit,운동,P038,SU0359_3,mobile,A
E002929,U0359,2026-02-20 21:02:00,search,운동,P038,SU0359_3,mobile,A
E002930,U0359,2026-02-20 21:03:00,view_provider,운동,P038,SU0359_3,mobile,A
E002931,U0359,2026-02-20 21:04:00,start_request,운동,P038,SU0359_3,mobile,A
E002932,U0359,2026-02-20 21:05:00,submit_request,운동,P038,SU0359_3,mobile,A
E002933,U0359,2026-03-16 13:06:00,visit,운동,P029,SU0359_4,mobile,B
E002934,U0359,2026-03-16 13:00:00,search,운동,P029,SU0359_4,mobile,B
E002935,U0360,2026-04-28 20:01:00,visit,과외,P077,SU0360_1,mobile,B
E002936,U0360,2026-04-28 20:02:00,search,과외,P077,SU0360_1,mobile,B
E002937,U0360,2026-03-10 17:03:00,visit,청소,P012,SU0360_2,mobile,A
E002938,U0361,2026-05-19 15:04:00,visit,운동,P076,SU0361_1,mobile,A
E002939,U0361,2026-05-19 15:05:00,search,운동,P076,SU0361_1,mobile,A
E002940,U0361,2026-05-19 15:06:00,view_provider,운동,P076,SU0361_1,mobile,A
E002941,U0361,2026-05-19 15:00:00,start_request,운동,P076,SU0361_1,mobile,A
E002942,U0361,2026-05-19 15:01:00,submit_request,운동,P076,SU0361_1,mobile,A
E002943,U0361,2026-05-11 15:02:00,visit,운동,P030,SU0361_2,mobile,B
E002944,U0361,2026-05-11 15:03:00,search,운동,P030,SU0361_2,mobile,B
E002945,U0361,2026-05-11 15:04:00,view_provider,운동,P030,SU0361_2,mobile,B
E002946,U0361,2026-05-11 15:05:00,start_request,운동,P030,SU0361_2,mobile,B
E002947,U0361,2026-05-11 15:06:00,submit_request,운동,P030,SU0361_2,mobile,B
E002948,U0361,2026-05-11 18:38:00,view_quote,운동,P030,SU0361_2,mobile,B
E002949,U0361,2026-05-12 10:18:00,complete_transaction,운동,P030,SU0361_2,mobile,B
E002950,U0361,2026-05-22 10:18:00,write_review,운동,P030,SU0361_2,mobile,B
E002951,U0361,2026-04-29 15:03:00,visit,사진촬영,P069,SU0361_3,desktop,A
E002952,U0361,2026-04-29 15:04:00,search,사진촬영,P069,SU0361_3,desktop,A
E002953,U0361,2026-04-29 15:05:00,view_provider,사진촬영,P069,SU0361_3,desktop,A
E002954,U0361,2026-04-29 15:06:00,start_request,사진촬영,P069,SU0361_3,desktop,A
E002955,U0361,2026-04-29 15:00:00,submit_request,사진촬영,P069,SU0361_3,desktop,A
E002956,U0361,2026-04-29 16:47:00,view_quote,사진촬영,P069,SU0361_3,desktop,A
E002957,U0361,2026-05-25 16:02:00,visit,이사,P052,SU0361_4,desktop,A
E002958,U0361,2026-05-04 15:03:00,visit,이사,P073,SU0361_5,mobile,B
E002959,U0361,2026-05-04 15:04:00,search,이사,P073,SU0361_5,mobile,B
E002960,U0362,2026-04-05 20:05:00,visit,청소,P063,SU0362_1,mobile,A
E002961,U0362,2026-03-31 20:06:00,visit,이사,P038,SU0362_2,desktop,B
E002962,U0362,2026-05-12 10:00:00,visit,이사,P003,SU0362_3,mobile,A
E002963,U0362,2026-05-12 10:01:00,search,이사,P003,SU0362_3,mobile,A
E002964,U0362,2026-05-26 09:02:00,visit,사진촬영,P044,SU0362_4,mobile,B
E002965,U0362,2026-05-26 09:03:00,search,사진촬영,P044,SU0362_4,mobile,B
E002966,U0362,2026-03-24 09:04:00,visit,사진촬영,P006,SU0362_5,desktop,A
E002967,U0363,2026-03-14 09:05:00,visit,과외,P050,SU0363_1,desktop,B
E002968,U0363,2026-03-14 09:06:00,search,과외,P050,SU0363_1,desktop,B
E002969,U0363,2026-03-10 21:00:00,visit,과외,P039,SU0363_2,mobile,A
E002970,U0364,2026-03-24 20:01:00,visit,사진촬영,P002,SU0364_1,mobile,A
E002971,U0364,2026-04-17 14:02:00,visit,과외,P008,SU0364_2,mobile,B
E002972,U0364,2026-04-17 14:03:00,search,과외,P008,SU0364_2,mobile,B
E002973,U0364,2026-04-17 16:04:00,visit,사진촬영,P029,SU0364_3,mobile,B
E002974,U0364,2026-04-17 16:05:00,search,사진촬영,P029,SU0364_3,mobile,B
E002975,U0364,2026-04-17 16:06:00,view_provider,사진촬영,P029,SU0364_3,mobile,B
E002976,U0365,2026-01-12 12:00:00,visit,청소,P006,SU0365_1,mobile,A
E002977,U0366,2026-04-09 13:01:00,visit,과외,P008,SU0366_1,mobile,A
E002978,U0366,2026-04-30 12:02:00,visit,사진촬영,P030,SU0366_2,mobile,B
E002979,U0366,2026-03-03 08:03:00,visit,과외,P067,SU0366_3,desktop,B
E002980,U0366,2026-03-03 08:04:00,search,과외,P067,SU0366_3,desktop,B
E002981,U0367,2026-03-09 10:05:00,visit,과외,P049,SU0367_1,mobile,A
E002982,U0367,2026-03-09 10:06:00,search,과외,P049,SU0367_1,mobile,A
E002983,U0367,2026-03-09 10:00:00,view_provider,과외,P049,SU0367_1,mobile,A
E002984,U0367,2026-03-09 10:01:00,start_request,과외,P049,SU0367_1,mobile,A
E002985,U0367,2026-03-09 10:02:00,submit_request,과외,P049,SU0367_1,mobile,A
E002986,U0367,2026-03-09 11:17:00,view_quote,과외,P049,SU0367_1,mobile,A
E002987,U0367,2026-03-10 01:39:00,complete_transaction,과외,P049,SU0367_1,mobile,A
E002988,U0367,2026-04-12 08:05:00,visit,사진촬영,P027,SU0367_2,mobile,B
E002989,U0367,2026-04-12 08:06:00,search,사진촬영,P027,SU0367_2,mobile,B
E002990,U0367,2026-04-12 08:00:00,view_provider,사진촬영,P027,SU0367_2,mobile,B
E002991,U0367,2026-04-12 08:01:00,start_request,사진촬영,P027,SU0367_2,mobile,B
E002992,U0367,2026-04-12 08:02:00,submit_request,사진촬영,P027,SU0367_2,mobile,B
E002993,U0367,2026-04-12 09:55:00,view_quote,사진촬영,P027,SU0367_2,mobile,B
E002994,U0367,2026-03-12 21:04:00,visit,인테리어,P003,SU0367_3,mobile,B
E002995,U0367,2026-03-12 21:05:00,search,인테리어,P003,SU0367_3,mobile,B
E002996,U0367,2026-03-12 21:06:00,view_provider,인테리어,P003,SU0367_3,mobile,B
E002997,U0367,2026-04-18 14:00:00,visit,청소,P032,SU0367_4,mobile,A
E002998,U0367,2026-04-18 14:01:00,search,청소,P032,SU0367_4,mobile,A
E002999,U0367,2026-04-18 14:02:00,view_provider,청소,P032,SU0367_4,mobile,A
E003000,U0367,2026-04-30 11:03:00,visit,운동,P046,SU0367_5,mobile,B
E003001,U0367,2026-04-30 11:04:00,search,운동,P046,SU0367_5,mobile,B
E003002,U0367,2026-04-30 11:05:00,view_provider,운동,P046,SU0367_5,mobile,B
E003003,U0368,2026-02-28 18:06:00,visit,사진촬영,P001,SU0368_1,mobile,A
E003004,U0368,2026-02-28 18:00:00,search,사진촬영,P001,SU0368_1,mobile,A
E003005,U0368,2026-02-28 18:01:00,view_provider,사진촬영,P001,SU0368_1,mobile,A
E003006,U0368,2026-02-09 10:02:00,visit,청소,P046,SU0368_2,mobile,B
E003007,U0368,2026-02-09 10:03:00,search,청소,P046,SU0368_2,mobile,B
E003008,U0368,2026-04-07 19:04:00,visit,사진촬영,P079,SU0368_3,desktop,A
E003009,U0368,2026-03-25 11:05:00,visit,과외,P049,SU0368_4,mobile,A
E003010,U0368,2026-03-25 11:06:00,search,과외,P049,SU0368_4,mobile,A
E003011,U0368,2026-03-21 08:00:00,visit,과외,P010,SU0368_5,mobile,B
E003012,U0368,2026-03-21 08:01:00,search,과외,P010,SU0368_5,mobile,B
E003013,U0368,2026-03-21 08:02:00,view_provider,과외,P010,SU0368_5,mobile,B
E003014,U0369,2026-01-27 22:03:00,visit,청소,P049,SU0369_1,desktop,A
E003015,U0369,2026-01-27 22:04:00,search,청소,P049,SU0369_1,desktop,A
E003016,U0369,2026-02-14 08:05:00,visit,사진촬영,P058,SU0369_2,mobile,A
E003017,U0369,2026-02-14 08:06:00,search,사진촬영,P058,SU0369_2,mobile,A
E003018,U0369,2026-02-14 08:00:00,view_provider,사진촬영,P058,SU0369_2,mobile,A
E003019,U0369,2026-02-14 08:01:00,start_request,사진촬영,P058,SU0369_2,mobile,A
E003020,U0369,2026-02-14 08:02:00,submit_request,사진촬영,P058,SU0369_2,mobile,A
E003021,U0369,2026-02-07 18:03:00,visit,과외,P004,SU0369_3,mobile,B
E003022,U0369,2026-02-07 18:04:00,search,과외,P004,SU0369_3,mobile,B
E003023,U0369,2026-02-07 18:05:00,view_provider,과외,P004,SU0369_3,mobile,B
E003024,U0369,2026-02-07 18:06:00,start_request,과외,P004,SU0369_3,mobile,B
E003025,U0369,2026-02-07 18:00:00,submit_request,과외,P004,SU0369_3,mobile,B
E003026,U0369,2026-03-22 16:01:00,visit,과외,P040,SU0369_4,mobile,B
E003027,U0369,2026-03-22 16:02:00,search,과외,P040,SU0369_4,mobile,B
E003028,U0369,2026-03-22 16:03:00,view_provider,과외,P040,SU0369_4,mobile,B
E003029,U0369,2026-03-22 16:04:00,start_request,과외,P040,SU0369_4,mobile,B
E003030,U0369,2026-03-22 16:05:00,submit_request,과외,P040,SU0369_4,mobile,B
E003031,U0369,2026-03-22 16:22:00,view_quote,과외,P040,SU0369_4,mobile,B
E003032,U0370,2026-05-27 22:00:00,visit,청소,P040,SU0370_1,mobile,B
E003033,U0370,2026-05-27 22:01:00,search,청소,P040,SU0370_1,mobile,B
E003034,U0370,2026-05-27 22:02:00,view_provider,청소,P040,SU0370_1,mobile,B
E003035,U0370,2026-05-27 22:03:00,start_request,청소,P040,SU0370_1,mobile,B
E003036,U0370,2026-05-27 22:04:00,submit_request,청소,P040,SU0370_1,mobile,B
E003037,U0370,2026-05-27 22:20:00,view_quote,청소,P040,SU0370_1,mobile,B
E003038,U0370,2026-05-11 19:06:00,visit,인테리어,P031,SU0370_2,mobile,B
E003039,U0370,2026-05-11 19:00:00,search,인테리어,P031,SU0370_2,mobile,B
E003040,U0370,2026-05-11 19:01:00,view_provider,인테리어,P031,SU0370_2,mobile,B
E003041,U0370,2026-04-30 11:02:00,visit,운동,P039,SU0370_3,mobile,A
E003042,U0370,2026-04-30 11:03:00,search,운동,P039,SU0370_3,mobile,A
E003043,U0370,2026-04-30 11:04:00,view_provider,운동,P039,SU0370_3,mobile,A
E003044,U0370,2026-04-25 15:05:00,visit,청소,P044,SU0370_4,mobile,B
E003045,U0370,2026-04-25 15:06:00,search,청소,P044,SU0370_4,mobile,B
E003046,U0370,2026-04-25 15:00:00,view_provider,청소,P044,SU0370_4,mobile,B
E003047,U0371,2026-03-22 21:01:00,visit,과외,P021,SU0371_1,mobile,A
E003048,U0371,2026-04-02 13:02:00,visit,운동,P011,SU0371_2,mobile,A
E003049,U0371,2026-01-31 21:03:00,visit,사진촬영,P078,SU0371_3,desktop,B
E003050,U0371,2026-01-31 21:04:00,search,사진촬영,P078,SU0371_3,desktop,B
E003051,U0371,2026-04-11 12:05:00,visit,청소,P027,SU0371_4,mobile,A
E003052,U0371,2026-02-03 21:06:00,visit,사진촬영,P002,SU0371_5,desktop,B
E003053,U0371,2026-02-03 21:00:00,search,사진촬영,P002,SU0371_5,desktop,B
E003054,U0371,2026-02-03 21:01:00,view_provider,사진촬영,P002,SU0371_5,desktop,B
E003055,U0372,2026-04-17 19:02:00,visit,사진촬영,P062,SU0372_1,mobile,A
E003056,U0372,2026-04-17 19:03:00,search,사진촬영,P062,SU0372_1,mobile,A
E003057,U0372,2026-03-09 19:04:00,visit,인테리어,P077,SU0372_2,mobile,B
E003058,U0372,2026-03-09 19:05:00,search,인테리어,P077,SU0372_2,mobile,B
E003059,U0372,2026-03-09 19:06:00,view_provider,인테리어,P077,SU0372_2,mobile,B
E003060,U0372,2026-03-09 19:00:00,start_request,인테리어,P077,SU0372_2,mobile,B
E003061,U0372,2026-03-09 19:01:00,submit_request,인테리어,P077,SU0372_2,mobile,B
E003062,U0372,2026-03-09 21:50:00,view_quote,인테리어,P077,SU0372_2,mobile,B
E003063,U0372,2026-04-09 11:03:00,visit,이사,P001,SU0372_3,mobile,A
E003064,U0372,2026-03-26 20:04:00,visit,이사,P017,SU0372_4,mobile,A
E003065,U0372,2026-03-26 20:05:00,search,이사,P017,SU0372_4,mobile,A
E003066,U0372,2026-03-26 20:06:00,view_provider,이사,P017,SU0372_4,mobile,A
E003067,U0373,2026-03-12 09:00:00,visit,운동,P057,SU0373_1,desktop,A
E003068,U0373,2026-03-12 09:01:00,search,운동,P057,SU0373_1,desktop,A
E003069,U0373,2026-03-12 09:02:00,view_provider,운동,P057,SU0373_1,desktop,A
E003070,U0373,2026-02-18 15:03:00,visit,사진촬영,P025,SU0373_2,mobile,B
E003071,U0373,2026-04-21 21:04:00,visit,청소,P050,SU0373_3,mobile,A
E003072,U0373,2026-02-09 10:05:00,visit,청소,P033,SU0373_4,desktop,A
E003073,U0373,2026-02-24 22:06:00,visit,과외,P039,SU0373_5,mobile,A
E003074,U0373,2026-02-24 22:00:00,search,과외,P039,SU0373_5,mobile,A
E003075,U0374,2026-02-08 16:01:00,visit,사진촬영,P033,SU0374_1,mobile,B
E003076,U0374,2026-03-07 20:02:00,visit,운동,P007,SU0374_2,mobile,A
E003077,U0374,2026-03-07 20:03:00,search,운동,P007,SU0374_2,mobile,A
E003078,U0374,2026-03-07 20:04:00,view_provider,운동,P007,SU0374_2,mobile,A
E003079,U0374,2026-02-13 17:05:00,visit,인테리어,P008,SU0374_3,desktop,B
E003080,U0374,2026-02-13 17:06:00,search,인테리어,P008,SU0374_3,desktop,B
E003081,U0374,2026-02-13 17:00:00,view_provider,인테리어,P008,SU0374_3,desktop,B
E003082,U0374,2026-02-13 17:01:00,start_request,인테리어,P008,SU0374_3,desktop,B
E003083,U0374,2026-02-13 17:02:00,submit_request,인테리어,P008,SU0374_3,desktop,B
E003084,U0375,2026-05-04 13:03:00,visit,사진촬영,P052,SU0375_1,mobile,B
E003085,U0375,2026-05-04 13:04:00,search,사진촬영,P052,SU0375_1,mobile,B
E003086,U0375,2026-05-04 13:05:00,view_provider,사진촬영,P052,SU0375_1,mobile,B
E003087,U0375,2026-05-04 13:06:00,start_request,사진촬영,P052,SU0375_1,mobile,B
E003088,U0375,2026-05-04 14:00:00,visit,사진촬영,P065,SU0375_2,desktop,A
E003089,U0375,2026-05-04 14:01:00,search,사진촬영,P065,SU0375_2,desktop,A
E003090,U0376,2026-01-31 14:02:00,visit,청소,P027,SU0376_1,mobile,B
E003091,U0376,2026-01-31 14:03:00,search,청소,P027,SU0376_1,mobile,B
E003092,U0376,2026-01-31 14:04:00,view_provider,청소,P027,SU0376_1,mobile,B
E003093,U0376,2026-01-31 14:05:00,start_request,청소,P027,SU0376_1,mobile,B
E003094,U0376,2026-01-31 14:06:00,submit_request,청소,P027,SU0376_1,mobile,B
E003095,U0376,2026-01-31 14:20:00,view_quote,청소,P027,SU0376_1,mobile,B
E003096,U0376,2026-01-31 15:04:00,complete_transaction,청소,P027,SU0376_1,mobile,B
E003097,U0377,2026-04-10 14:02:00,visit,운동,P044,SU0377_1,mobile,B
E003098,U0377,2026-04-10 14:03:00,search,운동,P044,SU0377_1,mobile,B
E003099,U0377,2026-04-10 14:04:00,view_provider,운동,P044,SU0377_1,mobile,B
E003100,U0377,2026-04-01 13:05:00,visit,이사,P058,SU0377_2,mobile,B
E003101,U0377,2026-04-01 13:06:00,search,이사,P058,SU0377_2,mobile,B
E003102,U0377,2026-05-25 18:00:00,visit,운동,P002,SU0377_3,desktop,A
E003103,U0377,2026-05-25 18:01:00,search,운동,P002,SU0377_3,desktop,A
E003104,U0377,2026-04-17 11:02:00,visit,운동,P014,SU0377_4,desktop,A
E003105,U0377,2026-04-17 11:03:00,search,운동,P014,SU0377_4,desktop,A
E003106,U0377,2026-04-17 11:04:00,view_provider,운동,P014,SU0377_4,desktop,A
E003107,U0377,2026-04-17 11:05:00,start_request,운동,P014,SU0377_4,desktop,A
E003108,U0377,2026-04-17 11:06:00,submit_request,운동,P014,SU0377_4,desktop,A
E003109,U0377,2026-04-17 11:43:00,view_quote,운동,P014,SU0377_4,desktop,A
E003110,U0378,2026-03-30 13:01:00,visit,운동,P033,SU0378_1,desktop,B
E003111,U0379,2026-04-16 22:02:00,visit,청소,P008,SU0379_1,desktop,B
E003112,U0379,2026-04-16 22:03:00,search,청소,P008,SU0379_1,desktop,B
E003113,U0379,2026-04-16 22:04:00,view_provider,청소,P008,SU0379_1,desktop,B
E003114,U0379,2026-02-05 10:05:00,visit,청소,P027,SU0379_2,mobile,B
E003115,U0379,2026-02-05 10:06:00,search,청소,P027,SU0379_2,mobile,B
E003116,U0379,2026-02-05 10:00:00,view_provider,청소,P027,SU0379_2,mobile,B
E003117,U0380,2026-01-26 15:01:00,visit,운동,P042,SU0380_1,desktop,A
E003118,U0380,2026-01-26 15:02:00,search,운동,P042,SU0380_1,desktop,A
E003119,U0380,2026-01-26 15:03:00,view_provider,운동,P042,SU0380_1,desktop,A
E003120,U0380,2026-03-30 14:04:00,visit,사진촬영,P021,SU0380_2,mobile,B
E003121,U0380,2026-02-09 18:05:00,visit,과외,P046,SU0380_3,desktop,A
E003122,U0380,2026-02-09 18:06:00,search,과외,P046,SU0380_3,desktop,A
E003123,U0381,2026-02-20 17:00:00,visit,과외,P043,SU0381_1,mobile,B
E003124,U0381,2026-02-20 17:01:00,search,과외,P043,SU0381_1,mobile,B
E003125,U0381,2026-02-20 17:02:00,view_provider,과외,P043,SU0381_1,mobile,B
E003126,U0381,2026-02-20 17:03:00,start_request,과외,P043,SU0381_1,mobile,B
E003127,U0381,2026-02-20 17:04:00,submit_request,과외,P043,SU0381_1,mobile,B
E003128,U0381,2026-02-20 18:22:00,view_quote,과외,P043,SU0381_1,mobile,B
E003129,U0381,2026-02-21 11:26:00,complete_transaction,과외,P043,SU0381_1,mobile,B
E003130,U0381,2026-03-04 16:00:00,visit,운동,P033,SU0381_2,mobile,B
E003131,U0381,2026-02-12 08:01:00,visit,청소,P039,SU0381_3,mobile,A
E003132,U0381,2026-02-12 08:02:00,search,청소,P039,SU0381_3,mobile,A
E003133,U0381,2026-02-12 08:03:00,view_provider,청소,P039,SU0381_3,mobile,A
E003134,U0381,2026-02-13 10:04:00,visit,이사,P036,SU0381_4,mobile,A
E003135,U0381,2026-02-13 10:05:00,search,이사,P036,SU0381_4,mobile,A
E003136,U0381,2026-02-13 10:06:00,view_provider,이사,P036,SU0381_4,mobile,A
E003137,U0382,2026-05-16 14:00:00,visit,사진촬영,P062,SU0382_1,mobile,B
E003138,U0382,2026-04-17 12:01:00,visit,인테리어,P045,SU0382_2,mobile,A
E003139,U0382,2026-05-06 18:02:00,visit,과외,P024,SU0382_3,mobile,A
E003140,U0382,2026-05-06 18:03:00,search,과외,P024,SU0382_3,mobile,A
E003141,U0382,2026-05-06 18:04:00,view_provider,과외,P024,SU0382_3,mobile,A
E003142,U0382,2026-05-06 18:05:00,start_request,과외,P024,SU0382_3,mobile,A
E003143,U0382,2026-05-06 18:06:00,submit_request,과외,P024,SU0382_3,mobile,A
E003144,U0382,2026-05-06 20:08:00,view_quote,과외,P024,SU0382_3,mobile,A
E003145,U0382,2026-04-17 09:01:00,visit,인테리어,P006,SU0382_4,mobile,A
E003146,U0382,2026-04-17 09:02:00,search,인테리어,P006,SU0382_4,mobile,A
E003147,U0382,2026-04-17 09:03:00,view_provider,인테리어,P006,SU0382_4,mobile,A
E003148,U0382,2026-04-25 21:04:00,visit,과외,P003,SU0382_5,mobile,A
E003149,U0383,2026-04-12 11:05:00,visit,사진촬영,P017,SU0383_1,mobile,B
E003150,U0383,2026-04-12 11:06:00,search,사진촬영,P017,SU0383_1,mobile,B
E003151,U0384,2026-04-10 09:00:00,visit,청소,P002,SU0384_1,mobile,B
E003152,U0384,2026-02-20 18:01:00,visit,인테리어,P072,SU0384_2,mobile,B
E003153,U0384,2026-02-20 18:02:00,search,인테리어,P072,SU0384_2,mobile,B
E003154,U0384,2026-03-06 13:03:00,visit,사진촬영,P080,SU0384_3,mobile,B
E003155,U0384,2026-03-06 13:04:00,search,사진촬영,P080,SU0384_3,mobile,B
E003156,U0385,2026-01-09 15:05:00,visit,청소,P077,SU0385_1,desktop,B
E003157,U0385,2026-02-03 10:06:00,visit,사진촬영,P034,SU0385_2,mobile,B
E003158,U0385,2026-02-03 10:00:00,search,사진촬영,P034,SU0385_2,mobile,B
E003159,U0385,2026-02-03 10:01:00,view_provider,사진촬영,P034,SU0385_2,mobile,B
E003160,U0385,2026-02-03 10:02:00,start_request,사진촬영,P034,SU0385_2,mobile,B
E003161,U0385,2026-02-05 11:03:00,visit,과외,P056,SU0385_3,mobile,B
E003162,U0385,2026-02-05 11:04:00,search,과외,P056,SU0385_3,mobile,B
E003163,U0385,2026-02-05 11:05:00,view_provider,과외,P056,SU0385_3,mobile,B
E003164,U0385,2026-02-22 14:06:00,visit,인테리어,P056,SU0385_4,mobile,A
E003165,U0385,2026-02-22 14:00:00,search,인테리어,P056,SU0385_4,mobile,A
E003166,U0385,2026-02-22 14:01:00,view_provider,인테리어,P056,SU0385_4,mobile,A
E003167,U0385,2026-02-22 14:02:00,start_request,인테리어,P056,SU0385_4,mobile,A
E003168,U0385,2026-02-22 14:03:00,submit_request,인테리어,P056,SU0385_4,mobile,A
E003169,U0385,2026-02-22 16:42:00,view_quote,인테리어,P056,SU0385_4,mobile,A
E003170,U0386,2026-02-09 12:05:00,visit,이사,P074,SU0386_1,desktop,A
E003171,U0386,2026-02-09 12:06:00,search,이사,P074,SU0386_1,desktop,A
E003172,U0386,2026-02-09 12:00:00,view_provider,이사,P074,SU0386_1,desktop,A
E003173,U0386,2026-03-29 09:01:00,visit,사진촬영,P046,SU0386_2,mobile,A
E003174,U0386,2026-01-18 09:02:00,visit,이사,P032,SU0386_3,mobile,B
E003175,U0387,2026-02-15 09:03:00,visit,사진촬영,P067,SU0387_1,desktop,A
E003176,U0387,2026-02-15 09:04:00,search,사진촬영,P067,SU0387_1,desktop,A
E003177,U0387,2026-01-23 09:05:00,visit,청소,P079,SU0387_2,desktop,A
E003178,U0387,2026-01-23 09:06:00,search,청소,P079,SU0387_2,desktop,A
E003179,U0387,2026-01-23 09:00:00,view_provider,청소,P079,SU0387_2,desktop,A
E003180,U0387,2026-01-23 09:01:00,start_request,청소,P079,SU0387_2,desktop,A
E003181,U0387,2026-01-23 09:02:00,submit_request,청소,P079,SU0387_2,desktop,A
E003182,U0387,2026-01-23 09:50:00,view_quote,청소,P079,SU0387_2,desktop,A
E003183,U0388,2026-04-04 09:04:00,visit,청소,P051,SU0388_1,mobile,B
E003184,U0388,2026-04-04 09:05:00,search,청소,P051,SU0388_1,mobile,B
E003185,U0388,2026-04-04 09:06:00,view_provider,청소,P051,SU0388_1,mobile,B
E003186,U0388,2026-03-27 10:00:00,visit,인테리어,P039,SU0388_2,mobile,B
E003187,U0388,2026-03-27 10:01:00,search,인테리어,P039,SU0388_2,mobile,B
E003188,U0388,2026-03-27 10:02:00,view_provider,인테리어,P039,SU0388_2,mobile,B
E003189,U0388,2026-05-20 17:03:00,visit,사진촬영,P045,SU0388_3,mobile,B
E003190,U0388,2026-05-20 17:04:00,search,사진촬영,P045,SU0388_3,mobile,B
E003191,U0389,2026-05-14 09:05:00,visit,청소,P053,SU0389_1,mobile,A
E003192,U0389,2026-05-14 09:06:00,search,청소,P053,SU0389_1,mobile,A
E003193,U0389,2026-05-14 09:00:00,view_provider,청소,P053,SU0389_1,mobile,A
E003194,U0389,2026-05-14 09:01:00,start_request,청소,P053,SU0389_1,mobile,A
E003195,U0389,2026-05-14 09:02:00,submit_request,청소,P053,SU0389_1,mobile,A
E003196,U0389,2026-05-14 13:37:00,view_quote,청소,P053,SU0389_1,mobile,A
E003197,U0389,2026-05-15 06:53:00,complete_transaction,청소,P053,SU0389_1,mobile,A
E003198,U0389,2026-06-09 20:05:00,visit,과외,P069,SU0389_2,mobile,A
E003199,U0389,2026-05-03 22:06:00,visit,청소,P061,SU0389_3,mobile,B
E003200,U0389,2026-04-14 17:00:00,visit,사진촬영,P040,SU0389_4,mobile,A
E003201,U0389,2026-04-14 17:01:00,search,사진촬영,P040,SU0389_4,mobile,A
E003202,U0389,2026-04-05 16:02:00,visit,인테리어,P015,SU0389_5,mobile,B
E003203,U0389,2026-04-05 16:03:00,search,인테리어,P015,SU0389_5,mobile,B
E003204,U0389,2026-04-05 16:04:00,view_provider,인테리어,P015,SU0389_5,mobile,B
E003205,U0389,2026-04-05 16:05:00,start_request,인테리어,P015,SU0389_5,mobile,B
E003206,U0390,2026-02-23 10:06:00,visit,인테리어,P047,SU0390_1,mobile,B
E003207,U0390,2026-02-02 18:00:00,visit,사진촬영,P051,SU0390_2,mobile,A
E003208,U0390,2026-02-02 18:01:00,search,사진촬영,P051,SU0390_2,mobile,A
E003209,U0390,2026-02-02 18:02:00,view_provider,사진촬영,P051,SU0390_2,mobile,A
E003210,U0390,2026-02-02 18:03:00,start_request,사진촬영,P051,SU0390_2,mobile,A
E003211,U0390,2026-02-02 18:04:00,submit_request,사진촬영,P051,SU0390_2,mobile,A
E003212,U0390,2026-02-02 20:33:00,view_quote,사진촬영,P051,SU0390_2,mobile,A
E003213,U0390,2026-01-18 21:06:00,visit,운동,P060,SU0390_3,mobile,B
E003214,U0390,2026-01-18 21:00:00,search,운동,P060,SU0390_3,mobile,B
E003215,U0390,2026-01-18 21:01:00,view_provider,운동,P060,SU0390_3,mobile,B
E003216,U0391,2026-04-30 22:02:00,visit,운동,P060,SU0391_1,mobile,B
E003217,U0391,2026-04-30 22:03:00,search,운동,P060,SU0391_1,mobile,B
E003218,U0391,2026-04-03 08:04:00,visit,사진촬영,P046,SU0391_2,desktop,B
E003219,U0391,2026-04-03 08:05:00,search,사진촬영,P046,SU0391_2,desktop,B
E003220,U0391,2026-04-26 10:06:00,visit,청소,P071,SU0391_3,mobile,B
E003221,U0392,2026-02-25 15:00:00,visit,과외,P003,SU0392_1,mobile,B
E003222,U0392,2026-02-25 15:01:00,search,과외,P003,SU0392_1,mobile,B
E003223,U0392,2026-03-29 20:02:00,visit,이사,P014,SU0392_2,mobile,A
E003224,U0392,2026-03-26 09:03:00,visit,과외,P037,SU0392_3,desktop,A
E003225,U0392,2026-03-26 09:04:00,search,과외,P037,SU0392_3,desktop,A
E003226,U0392,2026-03-26 09:05:00,view_provider,과외,P037,SU0392_3,desktop,A
E003227,U0392,2026-03-05 11:06:00,visit,과외,P067,SU0392_4,mobile,B
E003228,U0393,2026-04-20 22:00:00,visit,과외,P074,SU0393_1,desktop,B
E003229,U0393,2026-02-25 15:01:00,visit,사진촬영,P045,SU0393_2,mobile,B
E003230,U0393,2026-02-25 15:02:00,search,사진촬영,P045,SU0393_2,mobile,B
E003231,U0393,2026-02-25 15:03:00,view_provider,사진촬영,P045,SU0393_2,mobile,B
E003232,U0393,2026-03-11 14:04:00,visit,청소,P033,SU0393_3,mobile,A
E003233,U0393,2026-02-05 21:05:00,visit,이사,P049,SU0393_4,mobile,A
E003234,U0394,2026-05-03 15:06:00,visit,청소,P001,SU0394_1,mobile,A
E003235,U0394,2026-05-03 15:00:00,search,청소,P001,SU0394_1,mobile,A
E003236,U0394,2026-04-17 08:01:00,visit,사진촬영,P044,SU0394_2,mobile,B
E003237,U0394,2026-04-17 08:02:00,search,사진촬영,P044,SU0394_2,mobile,B
E003238,U0394,2026-04-17 08:03:00,view_provider,사진촬영,P044,SU0394_2,mobile,B
E003239,U0394,2026-04-17 08:04:00,start_request,사진촬영,P044,SU0394_2,mobile,B
E003240,U0394,2026-04-17 08:05:00,submit_request,사진촬영,P044,SU0394_2,mobile,B
E003241,U0394,2026-04-01 08:06:00,visit,이사,P041,SU0394_3,mobile,A
E003242,U0394,2026-04-11 21:00:00,visit,운동,P064,SU0394_4,mobile,B
E003243,U0394,2026-04-11 21:01:00,search,운동,P064,SU0394_4,mobile,B
E003244,U0395,2026-04-09 19:02:00,visit,운동,P001,SU0395_1,mobile,A
E003245,U0395,2026-04-09 19:03:00,search,운동,P001,SU0395_1,mobile,A
E003246,U0395,2026-03-27 09:04:00,visit,청소,P005,SU0395_2,desktop,B
E003247,U0395,2026-03-27 09:05:00,search,청소,P005,SU0395_2,desktop,B
E003248,U0395,2026-03-27 09:06:00,view_provider,청소,P005,SU0395_2,desktop,B
E003249,U0395,2026-05-17 20:00:00,visit,청소,P020,SU0395_3,mobile,A
E003250,U0395,2026-04-23 18:01:00,visit,이사,P015,SU0395_4,desktop,A
E003251,U0395,2026-04-23 18:02:00,search,이사,P015,SU0395_4,desktop,A
E003252,U0395,2026-04-23 18:03:00,view_provider,이사,P015,SU0395_4,desktop,A
E003253,U0395,2026-04-26 08:04:00,visit,과외,P015,SU0395_5,mobile,A
E003254,U0395,2026-04-26 08:05:00,search,과외,P015,SU0395_5,mobile,A
E003255,U0395,2026-04-26 08:06:00,view_provider,과외,P015,SU0395_5,mobile,A
E003256,U0396,2026-06-07 17:00:00,visit,운동,P065,SU0396_1,desktop,A
E003257,U0396,2026-05-12 14:01:00,visit,사진촬영,P050,SU0396_2,desktop,A
E003258,U0396,2026-04-19 12:02:00,visit,운동,P002,SU0396_3,mobile,B
E003259,U0396,2026-04-24 08:03:00,visit,인테리어,P069,SU0396_4,mobile,A
E003260,U0397,2026-01-08 08:04:00,visit,운동,P075,SU0397_1,mobile,A
E003261,U0397,2026-01-08 08:05:00,search,운동,P075,SU0397_1,mobile,A
E003262,U0397,2026-01-08 08:06:00,view_provider,운동,P075,SU0397_1,mobile,A
E003263,U0397,2026-02-05 18:00:00,visit,과외,P007,SU0397_2,mobile,B
E003264,U0397,2026-03-05 13:01:00,visit,인테리어,P037,SU0397_3,mobile,B
E003265,U0397,2026-03-05 13:02:00,search,인테리어,P037,SU0397_3,mobile,B
E003266,U0398,2026-03-14 12:03:00,visit,운동,P033,SU0398_1,mobile,A
E003267,U0398,2026-03-14 12:04:00,search,운동,P033,SU0398_1,mobile,A
E003268,U0398,2026-03-14 12:05:00,view_provider,운동,P033,SU0398_1,mobile,A
E003269,U0398,2026-01-22 17:06:00,visit,과외,P018,SU0398_2,mobile,A
E003270,U0398,2026-02-04 17:00:00,visit,이사,P067,SU0398_3,mobile,A
E003271,U0398,2026-02-04 17:01:00,search,이사,P067,SU0398_3,mobile,A
E003272,U0398,2026-02-04 17:02:00,view_provider,이사,P067,SU0398_3,mobile,A
E003273,U0398,2026-03-23 08:03:00,visit,청소,P023,SU0398_4,mobile,A
E003274,U0398,2026-03-23 08:04:00,search,청소,P023,SU0398_4,mobile,A
E003275,U0398,2026-03-23 08:05:00,view_provider,청소,P023,SU0398_4,mobile,A
E003276,U0398,2026-02-19 08:06:00,visit,운동,P021,SU0398_5,desktop,A
E003277,U0398,2026-02-19 08:00:00,search,운동,P021,SU0398_5,desktop,A
E003278,U0398,2026-02-19 08:01:00,view_provider,운동,P021,SU0398_5,desktop,A
E003279,U0398,2026-02-19 08:02:00,start_request,운동,P021,SU0398_5,desktop,A
E003280,U0398,2026-02-19 08:03:00,submit_request,운동,P021,SU0398_5,desktop,A
E003281,U0398,2026-02-19 10:44:00,view_quote,운동,P021,SU0398_5,desktop,A
E003282,U0398,2026-02-19 18:57:00,complete_transaction,운동,P021,SU0398_5,desktop,A
E003283,U0398,2026-03-04 18:57:00,write_review,운동,P021,SU0398_5,desktop,A
E003284,U0399,2026-02-26 09:00:00,visit,사진촬영,P060,SU0399_1,desktop,B
E003285,U0399,2026-02-26 09:01:00,search,사진촬영,P060,SU0399_1,desktop,B
E003286,U0399,2026-02-26 09:02:00,view_provider,사진촬영,P060,SU0399_1,desktop,B
E003287,U0399,2026-02-26 09:03:00,start_request,사진촬영,P060,SU0399_1,desktop,B
E003288,U0399,2026-02-26 09:04:00,submit_request,사진촬영,P060,SU0399_1,desktop,B
E003289,U0399,2026-02-26 11:30:00,view_quote,사진촬영,P060,SU0399_1,desktop,B
E003290,U0399,2026-02-16 19:06:00,visit,이사,P018,SU0399_2,mobile,B
E003291,U0399,2026-03-23 14:00:00,visit,청소,P047,SU0399_3,mobile,A
E003292,U0400,2026-04-15 14:01:00,visit,인테리어,P065,SU0400_1,mobile,A
E003293,U0400,2026-04-15 14:02:00,search,인테리어,P065,SU0400_1,mobile,A
E003294,U0400,2026-04-15 14:03:00,view_provider,인테리어,P065,SU0400_1,mobile,A
E003295,U0400,2026-04-16 20:04:00,visit,과외,P032,SU0400_2,mobile,A
E003296,U0400,2026-04-16 20:05:00,search,과외,P032,SU0400_2,mobile,A
E003297,U0400,2026-01-30 17:06:00,visit,과외,P061,SU0400_3,mobile,A
E003298,U0400,2026-01-30 17:00:00,search,과외,P061,SU0400_3,mobile,A
E003299,U0401,2026-05-19 13:01:00,visit,인테리어,P014,SU0401_1,mobile,B
E003300,U0401,2026-05-19 13:02:00,search,인테리어,P014,SU0401_1,mobile,B
E003301,U0401,2026-05-19 13:03:00,view_provider,인테리어,P014,SU0401_1,mobile,B
E003302,U0401,2026-05-26 08:04:00,visit,사진촬영,P034,SU0401_2,mobile,A
E003303,U0401,2026-05-26 08:05:00,search,사진촬영,P034,SU0401_2,mobile,A
E003304,U0402,2026-05-15 08:06:00,visit,사진촬영,P066,SU0402_1,mobile,A
E003305,U0402,2026-05-15 08:00:00,search,사진촬영,P066,SU0402_1,mobile,A
E003306,U0402,2026-05-15 08:01:00,view_provider,사진촬영,P066,SU0402_1,mobile,A
E003307,U0402,2026-03-30 18:02:00,visit,사진촬영,P042,SU0402_2,mobile,A
E003308,U0402,2026-03-30 18:03:00,search,사진촬영,P042,SU0402_2,mobile,A
E003309,U0402,2026-03-30 18:04:00,view_provider,사진촬영,P042,SU0402_2,mobile,A
E003310,U0402,2026-04-14 13:05:00,visit,과외,P019,SU0402_3,desktop,A
E003311,U0402,2026-05-09 19:06:00,visit,청소,P002,SU0402_4,mobile,B
E003312,U0402,2026-05-09 19:00:00,search,청소,P002,SU0402_4,mobile,B
E003313,U0402,2026-05-09 19:01:00,view_provider,청소,P002,SU0402_4,mobile,B
E003314,U0403,2026-03-13 22:02:00,visit,운동,P044,SU0403_1,desktop,B
E003315,U0403,2026-03-13 22:03:00,search,운동,P044,SU0403_1,desktop,B
E003316,U0403,2026-02-05 11:04:00,visit,과외,P017,SU0403_2,mobile,B
E003317,U0403,2026-02-05 11:05:00,search,과외,P017,SU0403_2,mobile,B
E003318,U0404,2026-03-30 16:06:00,visit,사진촬영,P064,SU0404_1,mobile,B
E003319,U0404,2026-03-30 16:00:00,search,사진촬영,P064,SU0404_1,mobile,B
E003320,U0404,2026-06-05 22:01:00,visit,사진촬영,P019,SU0404_2,mobile,A
E003321,U0404,2026-06-05 22:02:00,search,사진촬영,P019,SU0404_2,mobile,A
E003322,U0404,2026-06-05 22:03:00,view_provider,사진촬영,P019,SU0404_2,mobile,A
E003323,U0404,2026-06-05 22:04:00,start_request,사진촬영,P019,SU0404_2,mobile,A
E003324,U0404,2026-06-05 22:05:00,submit_request,사진촬영,P019,SU0404_2,mobile,A
E003325,U0404,2026-06-05 23:21:00,view_quote,사진촬영,P019,SU0404_2,mobile,A
E003326,U0404,2026-05-25 08:00:00,visit,청소,P008,SU0404_3,desktop,B
E003327,U0404,2026-05-25 08:01:00,search,청소,P008,SU0404_3,desktop,B
E003328,U0405,2026-03-23 15:02:00,visit,운동,P007,SU0405_1,mobile,A
E003329,U0405,2026-03-23 15:03:00,search,운동,P007,SU0405_1,mobile,A
E003330,U0405,2026-03-25 09:04:00,visit,이사,P011,SU0405_2,mobile,A
E003331,U0405,2026-03-16 18:05:00,visit,인테리어,P073,SU0405_3,mobile,B
E003332,U0405,2026-03-16 18:06:00,search,인테리어,P073,SU0405_3,mobile,B
E003333,U0405,2026-03-16 18:00:00,view_provider,인테리어,P073,SU0405_3,mobile,B
E003334,U0405,2026-03-16 18:01:00,start_request,인테리어,P073,SU0405_3,mobile,B
E003335,U0405,2026-04-17 17:02:00,visit,이사,P002,SU0405_4,mobile,B
E003336,U0405,2026-04-17 17:03:00,search,이사,P002,SU0405_4,mobile,B
E003337,U0406,2026-04-21 20:04:00,visit,과외,P025,SU0406_1,mobile,B
E003338,U0406,2026-03-03 10:05:00,visit,청소,P036,SU0406_2,mobile,A
E003339,U0406,2026-03-03 10:06:00,search,청소,P036,SU0406_2,mobile,A
E003340,U0406,2026-03-03 10:00:00,view_provider,청소,P036,SU0406_2,mobile,A
E003341,U0407,2026-03-30 08:01:00,visit,인테리어,P001,SU0407_1,mobile,B
E003342,U0407,2026-03-30 08:02:00,search,인테리어,P001,SU0407_1,mobile,B
E003343,U0407,2026-03-30 08:03:00,view_provider,인테리어,P001,SU0407_1,mobile,B
E003344,U0407,2026-03-30 18:04:00,visit,청소,P071,SU0407_2,mobile,B
E003345,U0407,2026-03-30 18:05:00,search,청소,P071,SU0407_2,mobile,B
E003346,U0407,2026-03-30 18:06:00,view_provider,청소,P071,SU0407_2,mobile,B
E003347,U0407,2026-03-08 20:00:00,visit,청소,P009,SU0407_3,mobile,A
E003348,U0407,2026-03-08 20:01:00,search,청소,P009,SU0407_3,mobile,A
E003349,U0408,2026-02-11 16:02:00,visit,사진촬영,P049,SU0408_1,desktop,B
E003350,U0408,2026-03-20 17:03:00,visit,과외,P045,SU0408_2,mobile,A
E003351,U0408,2026-03-20 17:04:00,search,과외,P045,SU0408_2,mobile,A
E003352,U0408,2026-03-20 17:05:00,view_provider,과외,P045,SU0408_2,mobile,A
E003353,U0408,2026-03-20 17:06:00,start_request,과외,P045,SU0408_2,mobile,A
E003354,U0408,2026-03-20 17:00:00,submit_request,과외,P045,SU0408_2,mobile,A
E003355,U0408,2026-03-20 19:35:00,view_quote,과외,P045,SU0408_2,mobile,A
E003356,U0409,2026-05-03 08:02:00,visit,운동,P018,SU0409_1,mobile,B
E003357,U0409,2026-05-03 08:03:00,search,운동,P018,SU0409_1,mobile,B
E003358,U0409,2026-05-03 08:04:00,view_provider,운동,P018,SU0409_1,mobile,B
E003359,U0409,2026-05-03 08:05:00,start_request,운동,P018,SU0409_1,mobile,B
E003360,U0409,2026-05-03 08:06:00,submit_request,운동,P018,SU0409_1,mobile,B
E003361,U0409,2026-05-03 08:31:00,view_quote,운동,P018,SU0409_1,mobile,B
E003362,U0409,2026-04-01 15:01:00,visit,청소,P004,SU0409_2,mobile,A
E003363,U0409,2026-04-01 15:02:00,search,청소,P004,SU0409_2,mobile,A
E003364,U0410,2026-02-15 19:03:00,visit,과외,P022,SU0410_1,mobile,B
E003365,U0410,2026-02-15 19:04:00,search,과외,P022,SU0410_1,mobile,B
E003366,U0410,2026-02-15 19:05:00,view_provider,과외,P022,SU0410_1,mobile,B
E003367,U0410,2026-01-15 16:06:00,visit,이사,P001,SU0410_2,desktop,A
E003368,U0410,2026-01-15 16:00:00,search,이사,P001,SU0410_2,desktop,A
E003369,U0410,2026-01-18 17:01:00,visit,인테리어,P047,SU0410_3,desktop,B
E003370,U0410,2026-01-18 17:02:00,search,인테리어,P047,SU0410_3,desktop,B
E003371,U0410,2026-03-01 16:03:00,visit,사진촬영,P028,SU0410_4,mobile,B
E003372,U0410,2026-03-01 16:04:00,search,사진촬영,P028,SU0410_4,mobile,B
E003373,U0410,2026-03-01 16:05:00,view_provider,사진촬영,P028,SU0410_4,mobile,B
E003374,U0410,2026-03-01 16:06:00,start_request,사진촬영,P028,SU0410_4,mobile,B
E003375,U0410,2026-03-01 16:00:00,submit_request,사진촬영,P028,SU0410_4,mobile,B
E003376,U0410,2026-03-01 16:13:00,view_quote,사진촬영,P028,SU0410_4,mobile,B
E003377,U0410,2026-03-02 15:22:00,complete_transaction,사진촬영,P028,SU0410_4,mobile,B
E003378,U0410,2026-03-15 15:22:00,write_review,사진촬영,P028,SU0410_4,mobile,B
E003379,U0410,2026-01-27 18:04:00,visit,운동,P034,SU0410_5,desktop,A
E003380,U0410,2026-01-27 18:05:00,search,운동,P034,SU0410_5,desktop,A
E003381,U0410,2026-01-27 18:06:00,view_provider,운동,P034,SU0410_5,desktop,A
E003382,U0411,2026-02-22 22:00:00,visit,운동,P071,SU0411_1,mobile,B
E003383,U0411,2026-02-22 22:01:00,search,운동,P071,SU0411_1,mobile,B
E003384,U0411,2026-02-22 22:02:00,view_provider,운동,P071,SU0411_1,mobile,B
E003385,U0412,2026-01-28 13:03:00,visit,이사,P077,SU0412_1,mobile,A
E003386,U0412,2026-01-28 13:04:00,search,이사,P077,SU0412_1,mobile,A
E003387,U0412,2026-01-29 14:05:00,visit,이사,P031,SU0412_2,mobile,B
E003388,U0412,2026-02-09 16:06:00,visit,인테리어,P015,SU0412_3,mobile,B
E003389,U0412,2026-02-09 16:00:00,search,인테리어,P015,SU0412_3,mobile,B
E003390,U0412,2026-02-09 16:01:00,view_provider,인테리어,P015,SU0412_3,mobile,B
E003391,U0412,2026-02-09 16:02:00,start_request,인테리어,P015,SU0412_3,mobile,B
E003392,U0412,2026-03-19 09:03:00,visit,인테리어,P042,SU0412_4,mobile,B
E003393,U0412,2026-03-19 10:04:00,visit,이사,P040,SU0412_5,mobile,B
E003394,U0412,2026-03-19 10:05:00,search,이사,P040,SU0412_5,mobile,B
E003395,U0413,2026-02-04 21:06:00,visit,이사,P053,SU0413_1,mobile,B
E003396,U0413,2026-02-04 21:00:00,search,이사,P053,SU0413_1,mobile,B
E003397,U0413,2026-02-04 21:01:00,view_provider,이사,P053,SU0413_1,mobile,B
E003398,U0414,2026-03-14 19:02:00,visit,과외,P075,SU0414_1,desktop,B
E003399,U0414,2026-03-14 19:03:00,search,과외,P075,SU0414_1,desktop,B
E003400,U0414,2026-03-14 19:04:00,view_provider,과외,P075,SU0414_1,desktop,B
E003401,U0414,2026-03-05 15:05:00,visit,사진촬영,P023,SU0414_2,mobile,A
E003402,U0414,2026-03-05 15:06:00,search,사진촬영,P023,SU0414_2,mobile,A
E003403,U0414,2026-03-05 15:00:00,view_provider,사진촬영,P023,SU0414_2,mobile,A
E003404,U0414,2026-02-15 08:01:00,visit,청소,P035,SU0414_3,desktop,A
E003405,U0414,2026-02-15 08:02:00,search,청소,P035,SU0414_3,desktop,A
E003406,U0414,2026-02-15 08:03:00,view_provider,청소,P035,SU0414_3,desktop,A
E003407,U0414,2026-02-15 08:04:00,start_request,청소,P035,SU0414_3,desktop,A
E003408,U0414,2026-02-15 08:05:00,submit_request,청소,P035,SU0414_3,desktop,A
E003409,U0414,2026-02-15 08:55:00,view_quote,청소,P035,SU0414_3,desktop,A
E003410,U0414,2026-02-15 22:00:00,complete_transaction,청소,P035,SU0414_3,desktop,A
E003411,U0414,2026-03-06 09:01:00,visit,이사,P031,SU0414_4,desktop,B
E003412,U0414,2026-03-06 09:02:00,search,이사,P031,SU0414_4,desktop,B
E003413,U0414,2026-01-20 12:03:00,visit,인테리어,P022,SU0414_5,mobile,A
E003414,U0414,2026-01-20 12:04:00,search,인테리어,P022,SU0414_5,mobile,A
E003415,U0414,2026-01-20 12:05:00,view_provider,인테리어,P022,SU0414_5,mobile,A
E003416,U0414,2026-01-20 12:06:00,start_request,인테리어,P022,SU0414_5,mobile,A
E003417,U0414,2026-01-20 12:00:00,submit_request,인테리어,P022,SU0414_5,mobile,A
E003418,U0414,2026-01-20 14:53:00,view_quote,인테리어,P022,SU0414_5,mobile,A
E003419,U0415,2026-03-16 19:02:00,visit,청소,P007,SU0415_1,mobile,A
E003420,U0415,2026-03-16 19:03:00,search,청소,P007,SU0415_1,mobile,A
E003421,U0415,2026-03-16 19:04:00,view_provider,청소,P007,SU0415_1,mobile,A
E003422,U0415,2026-01-25 08:05:00,visit,청소,P028,SU0415_2,mobile,A
E003423,U0415,2026-01-25 08:06:00,search,청소,P028,SU0415_2,mobile,A
E003424,U0416,2026-04-04 12:00:00,visit,사진촬영,P060,SU0416_1,mobile,A
E003425,U0416,2026-04-04 12:01:00,search,사진촬영,P060,SU0416_1,mobile,A
E003426,U0416,2026-04-04 12:02:00,view_provider,사진촬영,P060,SU0416_1,mobile,A
E003427,U0416,2026-04-04 12:03:00,start_request,사진촬영,P060,SU0416_1,mobile,A
E003428,U0416,2026-04-15 20:04:00,visit,사진촬영,P038,SU0416_2,desktop,B
E003429,U0416,2026-04-15 20:05:00,search,사진촬영,P038,SU0416_2,desktop,B
E003430,U0416,2026-04-15 20:06:00,view_provider,사진촬영,P038,SU0416_2,desktop,B
E003431,U0416,2026-04-15 20:00:00,start_request,사진촬영,P038,SU0416_2,desktop,B
E003432,U0417,2026-04-13 11:01:00,visit,이사,P059,SU0417_1,mobile,B
E003433,U0417,2026-05-05 12:02:00,visit,인테리어,P053,SU0417_2,desktop,A
E003434,U0417,2026-05-05 12:03:00,search,인테리어,P053,SU0417_2,desktop,A
E003435,U0417,2026-05-05 12:04:00,view_provider,인테리어,P053,SU0417_2,desktop,A
E003436,U0417,2026-05-05 12:05:00,start_request,인테리어,P053,SU0417_2,desktop,A
E003437,U0417,2026-05-05 12:06:00,submit_request,인테리어,P053,SU0417_2,desktop,A
E003438,U0417,2026-05-05 14:27:00,view_quote,인테리어,P053,SU0417_2,desktop,A
E003439,U0417,2026-05-06 05:08:00,complete_transaction,인테리어,P053,SU0417_2,desktop,A
E003440,U0417,2026-05-09 05:08:00,write_review,인테리어,P053,SU0417_2,desktop,A
E003441,U0417,2026-05-05 19:03:00,visit,청소,P029,SU0417_3,mobile,B
E003442,U0417,2026-05-05 19:04:00,search,청소,P029,SU0417_3,mobile,B
E003443,U0417,2026-04-02 20:05:00,visit,운동,P053,SU0417_4,desktop,A
E003444,U0417,2026-04-02 20:06:00,search,운동,P053,SU0417_4,desktop,A
E003445,U0417,2026-05-01 09:00:00,visit,인테리어,P004,SU0417_5,mobile,B
E003446,U0417,2026-05-01 09:01:00,search,인테리어,P004,SU0417_5,mobile,B
E003447,U0417,2026-05-01 09:02:00,view_provider,인테리어,P004,SU0417_5,mobile,B
E003448,U0417,2026-05-01 09:03:00,start_request,인테리어,P004,SU0417_5,mobile,B
E003449,U0417,2026-05-01 09:04:00,submit_request,인테리어,P004,SU0417_5,mobile,B
E003450,U0417,2026-05-01 10:38:00,view_quote,인테리어,P004,SU0417_5,mobile,B
E003451,U0418,2026-03-07 15:06:00,visit,청소,P022,SU0418_1,mobile,A
E003452,U0419,2026-03-25 17:00:00,visit,인테리어,P067,SU0419_1,mobile,B
E003453,U0419,2026-04-04 19:01:00,visit,인테리어,P006,SU0419_2,mobile,A
E003454,U0419,2026-04-04 19:02:00,search,인테리어,P006,SU0419_2,mobile,A
E003455,U0420,2026-03-20 13:03:00,visit,운동,P023,SU0420_1,desktop,B
E003456,U0420,2026-03-06 09:04:00,visit,이사,P042,SU0420_2,mobile,A
E003457,U0420,2026-03-06 09:05:00,search,이사,P042,SU0420_2,mobile,A
E003458,U0420,2026-03-06 09:06:00,view_provider,이사,P042,SU0420_2,mobile,A
E003459,U0420,2026-03-06 09:00:00,start_request,이사,P042,SU0420_2,mobile,A
E003460,U0420,2026-03-06 09:01:00,submit_request,이사,P042,SU0420_2,mobile,A
E003461,U0420,2026-03-06 09:13:00,view_quote,이사,P042,SU0420_2,mobile,A
E003462,U0420,2026-03-07 04:38:00,complete_transaction,이사,P042,SU0420_2,mobile,A
E003463,U0421,2026-04-03 22:04:00,visit,운동,P073,SU0421_1,mobile,A
E003464,U0421,2026-04-03 22:05:00,search,운동,P073,SU0421_1,mobile,A
E003465,U0422,2026-03-23 14:06:00,visit,과외,P031,SU0422_1,desktop,B
E003466,U0422,2026-05-09 09:00:00,visit,청소,P002,SU0422_2,mobile,A
E003467,U0422,2026-05-09 09:01:00,search,청소,P002,SU0422_2,mobile,A
E003468,U0422,2026-05-09 09:02:00,view_provider,청소,P002,SU0422_2,mobile,A
E003469,U0422,2026-05-09 09:03:00,start_request,청소,P002,SU0422_2,mobile,A
E003470,U0422,2026-04-19 11:04:00,visit,운동,P056,SU0422_3,desktop,B
E003471,U0422,2026-04-19 11:05:00,search,운동,P056,SU0422_3,desktop,B
E003472,U0422,2026-04-19 11:06:00,view_provider,운동,P056,SU0422_3,desktop,B
E003473,U0422,2026-04-19 11:00:00,start_request,운동,P056,SU0422_3,desktop,B
E003474,U0422,2026-04-19 11:01:00,submit_request,운동,P056,SU0422_3,desktop,B
E003475,U0422,2026-04-19 14:12:00,view_quote,운동,P056,SU0422_3,desktop,B
E003476,U0422,2026-04-21 11:03:00,visit,사진촬영,P063,SU0422_4,desktop,A
E003477,U0422,2026-04-21 11:04:00,search,사진촬영,P063,SU0422_4,desktop,A
E003478,U0422,2026-04-21 11:05:00,view_provider,사진촬영,P063,SU0422_4,desktop,A
E003479,U0423,2026-05-20 12:06:00,visit,과외,P043,SU0423_1,mobile,A
E003480,U0424,2026-04-30 20:00:00,visit,과외,P066,SU0424_1,mobile,A
E003481,U0424,2026-05-01 14:01:00,visit,이사,P047,SU0424_2,desktop,B
E003482,U0424,2026-05-01 14:02:00,search,이사,P047,SU0424_2,desktop,B
E003483,U0424,2026-05-01 14:03:00,view_provider,이사,P047,SU0424_2,desktop,B
E003484,U0424,2026-03-13 13:04:00,visit,사진촬영,P036,SU0424_3,mobile,B
E003485,U0424,2026-03-13 13:05:00,search,사진촬영,P036,SU0424_3,mobile,B
E003486,U0425,2026-02-17 08:06:00,visit,청소,P035,SU0425_1,mobile,A
E003487,U0426,2026-03-15 09:00:00,visit,사진촬영,P030,SU0426_1,mobile,A
E003488,U0426,2026-02-01 14:01:00,visit,사진촬영,P065,SU0426_2,mobile,B
E003489,U0426,2026-02-01 14:02:00,search,사진촬영,P065,SU0426_2,mobile,B
E003490,U0426,2026-02-01 14:03:00,view_provider,사진촬영,P065,SU0426_2,mobile,B
E003491,U0426,2026-02-01 14:04:00,start_request,사진촬영,P065,SU0426_2,mobile,B
E003492,U0426,2026-02-01 14:05:00,submit_request,사진촬영,P065,SU0426_2,mobile,B
E003493,U0426,2026-02-01 14:44:00,view_quote,사진촬영,P065,SU0426_2,mobile,B
E003494,U0426,2026-02-01 20:14:00,complete_transaction,사진촬영,P065,SU0426_2,mobile,B
E003495,U0426,2026-02-08 20:14:00,write_review,사진촬영,P065,SU0426_2,mobile,B
E003496,U0427,2026-05-10 21:02:00,visit,인테리어,P049,SU0427_1,desktop,A
E003497,U0427,2026-05-10 21:03:00,search,인테리어,P049,SU0427_1,desktop,A
E003498,U0428,2026-04-20 22:04:00,visit,운동,P002,SU0428_1,desktop,A
E003499,U0428,2026-04-14 15:05:00,visit,인테리어,P003,SU0428_2,mobile,B
E003500,U0429,2026-01-24 13:06:00,visit,과외,P021,SU0429_1,mobile,B
E003501,U0429,2026-01-24 13:00:00,search,과외,P021,SU0429_1,mobile,B
E003502,U0429,2026-03-04 15:01:00,visit,이사,P053,SU0429_2,mobile,B
E003503,U0429,2026-02-28 15:02:00,visit,인테리어,P069,SU0429_3,mobile,A
E003504,U0429,2026-02-28 15:03:00,search,인테리어,P069,SU0429_3,mobile,A
E003505,U0429,2026-02-28 15:04:00,view_provider,인테리어,P069,SU0429_3,mobile,A
E003506,U0430,2026-04-09 08:05:00,visit,과외,P005,SU0430_1,mobile,B
E003507,U0430,2026-04-09 08:06:00,search,과외,P005,SU0430_1,mobile,B
E003508,U0430,2026-04-09 08:00:00,view_provider,과외,P005,SU0430_1,mobile,B
E003509,U0430,2026-04-09 08:01:00,start_request,과외,P005,SU0430_1,mobile,B
E003510,U0430,2026-04-09 08:02:00,submit_request,과외,P005,SU0430_1,mobile,B
E003511,U0430,2026-04-09 10:06:00,view_quote,과외,P005,SU0430_1,mobile,B
E003512,U0430,2026-04-20 08:04:00,visit,과외,P055,SU0430_2,mobile,B
E003513,U0431,2026-02-10 19:05:00,visit,청소,P025,SU0431_1,mobile,B
E003514,U0431,2026-02-10 19:06:00,search,청소,P025,SU0431_1,mobile,B
E003515,U0431,2026-02-10 19:00:00,view_provider,청소,P025,SU0431_1,mobile,B
E003516,U0432,2026-05-15 22:01:00,visit,인테리어,P047,SU0432_1,mobile,B
E003517,U0432,2026-05-15 22:02:00,search,인테리어,P047,SU0432_1,mobile,B
E003518,U0432,2026-05-15 22:03:00,view_provider,인테리어,P047,SU0432_1,mobile,B
E003519,U0432,2026-05-15 22:04:00,start_request,인테리어,P047,SU0432_1,mobile,B
E003520,U0432,2026-04-28 18:05:00,visit,운동,P047,SU0432_2,mobile,B
E003521,U0432,2026-04-28 18:06:00,search,운동,P047,SU0432_2,mobile,B
E003522,U0432,2026-04-28 18:00:00,view_provider,운동,P047,SU0432_2,mobile,B
E003523,U0432,2026-04-28 18:01:00,start_request,운동,P047,SU0432_2,mobile,B
E003524,U0432,2026-04-28 18:02:00,submit_request,운동,P047,SU0432_2,mobile,B
E003525,U0432,2026-04-28 19:10:00,view_quote,운동,P047,SU0432_2,mobile,B
E003526,U0432,2026-04-29 13:18:00,complete_transaction,운동,P047,SU0432_2,mobile,B
E003527,U0432,2026-05-06 13:18:00,write_review,운동,P047,SU0432_2,mobile,B
E003528,U0432,2026-04-02 12:06:00,visit,인테리어,P078,SU0432_3,mobile,B
E003529,U0432,2026-04-02 12:00:00,search,인테리어,P078,SU0432_3,mobile,B
E003530,U0432,2026-03-14 22:01:00,visit,이사,P053,SU0432_4,mobile,A
E003531,U0432,2026-03-14 22:02:00,search,이사,P053,SU0432_4,mobile,A
E003532,U0432,2026-03-14 22:03:00,view_provider,이사,P053,SU0432_4,mobile,A
E003533,U0433,2026-03-24 17:04:00,visit,운동,P034,SU0433_1,mobile,A
E003534,U0433,2026-03-24 17:05:00,search,운동,P034,SU0433_1,mobile,A
E003535,U0433,2026-05-05 12:06:00,visit,이사,P040,SU0433_2,mobile,B
E003536,U0433,2026-05-05 12:00:00,search,이사,P040,SU0433_2,mobile,B
E003537,U0433,2026-06-03 15:01:00,visit,사진촬영,P076,SU0433_3,mobile,A
E003538,U0433,2026-06-03 15:02:00,search,사진촬영,P076,SU0433_3,mobile,A
E003539,U0434,2026-03-02 22:03:00,visit,인테리어,P056,SU0434_1,desktop,A
E003540,U0434,2026-03-02 22:04:00,search,인테리어,P056,SU0434_1,desktop,A
E003541,U0434,2026-03-02 22:05:00,view_provider,인테리어,P056,SU0434_1,desktop,A
E003542,U0434,2026-03-02 22:06:00,start_request,인테리어,P056,SU0434_1,desktop,A
E003543,U0434,2026-03-02 22:00:00,submit_request,인테리어,P056,SU0434_1,desktop,A
E003544,U0434,2026-03-02 23:31:00,view_quote,인테리어,P056,SU0434_1,desktop,A
E003545,U0434,2026-02-25 19:02:00,visit,사진촬영,P043,SU0434_2,mobile,B
E003546,U0434,2026-02-25 19:03:00,search,사진촬영,P043,SU0434_2,mobile,B
E003547,U0435,2026-04-06 17:04:00,visit,청소,P002,SU0435_1,mobile,B
E003548,U0435,2026-03-01 09:05:00,visit,과외,P076,SU0435_2,mobile,A
E003549,U0435,2026-03-01 09:06:00,search,과외,P076,SU0435_2,mobile,A
E003550,U0435,2026-03-01 09:00:00,view_provider,과외,P076,SU0435_2,mobile,A
E003551,U0436,2026-03-14 18:01:00,visit,사진촬영,P022,SU0436_1,mobile,A
E003552,U0436,2026-03-14 18:02:00,search,사진촬영,P022,SU0436_1,mobile,A
E003553,U0436,2026-03-14 18:03:00,view_provider,사진촬영,P022,SU0436_1,mobile,A
E003554,U0436,2026-03-14 18:04:00,start_request,사진촬영,P022,SU0436_1,mobile,A
E003555,U0437,2026-05-09 11:05:00,visit,청소,P032,SU0437_1,mobile,B
E003556,U0437,2026-05-09 11:06:00,search,청소,P032,SU0437_1,mobile,B
E003557,U0438,2026-04-04 12:00:00,visit,청소,P023,SU0438_1,mobile,B
E003558,U0438,2026-04-04 12:01:00,search,청소,P023,SU0438_1,mobile,B
E003559,U0438,2026-04-04 12:02:00,view_provider,청소,P023,SU0438_1,mobile,B
E003560,U0439,2026-02-12 20:03:00,visit,사진촬영,P063,SU0439_1,mobile,B
E003561,U0439,2026-02-12 20:04:00,search,사진촬영,P063,SU0439_1,mobile,B
E003562,U0439,2026-02-24 19:05:00,visit,이사,P030,SU0439_2,mobile,B
E003563,U0439,2026-02-24 19:06:00,search,이사,P030,SU0439_2,mobile,B
E003564,U0439,2026-01-21 15:00:00,visit,운동,P028,SU0439_3,mobile,B
E003565,U0439,2026-01-21 15:01:00,search,운동,P028,SU0439_3,mobile,B
E003566,U0439,2026-01-11 16:02:00,visit,과외,P063,SU0439_4,mobile,A
E003567,U0440,2026-03-14 10:03:00,visit,운동,P005,SU0440_1,mobile,A
E003568,U0440,2026-03-24 12:04:00,visit,사진촬영,P051,SU0440_2,mobile,B
E003569,U0440,2026-03-24 12:05:00,search,사진촬영,P051,SU0440_2,mobile,B
E003570,U0440,2026-03-03 14:06:00,visit,운동,P077,SU0440_3,mobile,A
E003571,U0440,2026-03-03 14:00:00,search,운동,P077,SU0440_3,mobile,A
E003572,U0441,2026-06-12 08:01:00,visit,운동,P028,SU0441_1,mobile,A
E003573,U0441,2026-06-12 08:02:00,search,운동,P028,SU0441_1,mobile,A
E003574,U0442,2026-02-14 19:03:00,visit,청소,P042,SU0442_1,desktop,B
E003575,U0442,2026-02-14 19:04:00,search,청소,P042,SU0442_1,desktop,B
E003576,U0442,2026-02-14 19:05:00,view_provider,청소,P042,SU0442_1,desktop,B
E003577,U0443,2026-03-07 11:06:00,visit,운동,P068,SU0443_1,mobile,A
E003578,U0443,2026-03-07 11:00:00,search,운동,P068,SU0443_1,mobile,A
E003579,U0443,2026-03-07 11:01:00,view_provider,운동,P068,SU0443_1,mobile,A
E003580,U0443,2026-02-12 10:02:00,visit,이사,P018,SU0443_2,mobile,B
E003581,U0443,2026-02-27 21:03:00,visit,이사,P032,SU0443_3,mobile,B
E003582,U0443,2026-03-17 14:04:00,visit,과외,P076,SU0443_4,desktop,B
E003583,U0443,2026-03-17 14:05:00,search,과외,P076,SU0443_4,desktop,B
E003584,U0443,2026-02-03 14:06:00,visit,사진촬영,P014,SU0443_5,desktop,B
E003585,U0444,2026-03-22 16:00:00,visit,인테리어,P042,SU0444_1,mobile,A
E003586,U0444,2026-03-17 16:01:00,visit,운동,P034,SU0444_2,mobile,B
E003587,U0444,2026-03-17 16:02:00,search,운동,P034,SU0444_2,mobile,B
E003588,U0444,2026-03-17 16:03:00,view_provider,운동,P034,SU0444_2,mobile,B
E003589,U0445,2026-03-20 14:04:00,visit,인테리어,P062,SU0445_1,mobile,A
E003590,U0445,2026-03-20 14:05:00,search,인테리어,P062,SU0445_1,mobile,A
E003591,U0445,2026-03-20 14:06:00,view_provider,인테리어,P062,SU0445_1,mobile,A
E003592,U0445,2026-04-07 10:00:00,visit,사진촬영,P046,SU0445_2,mobile,A
E003593,U0445,2026-04-07 10:01:00,search,사진촬영,P046,SU0445_2,mobile,A
E003594,U0445,2026-04-07 10:02:00,view_provider,사진촬영,P046,SU0445_2,mobile,A
E003595,U0445,2026-04-20 08:03:00,visit,과외,P069,SU0445_3,mobile,A
E003596,U0445,2026-04-20 08:04:00,search,과외,P069,SU0445_3,mobile,A
E003597,U0445,2026-03-04 18:05:00,visit,과외,P061,SU0445_4,desktop,A
E003598,U0445,2026-03-04 18:06:00,search,과외,P061,SU0445_4,desktop,A
E003599,U0445,2026-03-04 18:00:00,view_provider,과외,P061,SU0445_4,desktop,A
E003600,U0445,2026-03-04 18:01:00,start_request,과외,P061,SU0445_4,desktop,A
E003601,U0445,2026-04-19 19:02:00,visit,사진촬영,P079,SU0445_5,mobile,B
E003602,U0445,2026-04-19 19:03:00,search,사진촬영,P079,SU0445_5,mobile,B
E003603,U0446,2026-03-12 15:04:00,visit,인테리어,P004,SU0446_1,mobile,A
E003604,U0446,2026-03-12 15:05:00,search,인테리어,P004,SU0446_1,mobile,A
E003605,U0447,2026-04-01 21:06:00,visit,과외,P056,SU0447_1,desktop,A
E003606,U0447,2026-04-01 21:00:00,search,과외,P056,SU0447_1,desktop,A
E003607,U0447,2026-04-01 21:01:00,view_provider,과외,P056,SU0447_1,desktop,A
E003608,U0448,2026-04-15 18:02:00,visit,청소,P026,SU0448_1,mobile,B
E003609,U0448,2026-04-15 18:03:00,search,청소,P026,SU0448_1,mobile,B
E003610,U0448,2026-04-15 18:04:00,view_provider,청소,P026,SU0448_1,mobile,B
E003611,U0448,2026-04-16 17:05:00,visit,청소,P051,SU0448_2,mobile,B
E003612,U0448,2026-06-13 20:06:00,visit,인테리어,P073,SU0448_3,mobile,A
E003613,U0448,2026-06-06 19:00:00,visit,인테리어,P079,SU0448_4,mobile,A
E003614,U0448,2026-06-06 19:01:00,search,인테리어,P079,SU0448_4,mobile,A
E003615,U0449,2026-03-14 11:02:00,visit,청소,P019,SU0449_1,mobile,A
E003616,U0449,2026-03-23 15:03:00,visit,청소,P049,SU0449_2,mobile,A
E003617,U0449,2026-03-23 15:04:00,search,청소,P049,SU0449_2,mobile,A
E003618,U0450,2026-03-03 10:05:00,visit,과외,P049,SU0450_1,mobile,A
E003619,U0450,2026-02-12 19:06:00,visit,과외,P018,SU0450_2,mobile,B
E003620,U0450,2026-02-12 19:00:00,search,과외,P018,SU0450_2,mobile,B
E003621,U0450,2026-02-12 19:01:00,view_provider,과외,P018,SU0450_2,mobile,B
E003622,U0450,2026-02-12 19:02:00,start_request,과외,P018,SU0450_2,mobile,B
E003623,U0450,2026-02-12 19:03:00,submit_request,과외,P018,SU0450_2,mobile,B
E003624,U0450,2026-02-12 19:38:00,view_quote,과외,P018,SU0450_2,mobile,B
E003625,U0450,2026-02-18 10:05:00,visit,인테리어,P010,SU0450_3,desktop,A
E003626,U0450,2026-02-18 10:06:00,search,인테리어,P010,SU0450_3,desktop,A
E003627,U0450,2026-02-18 10:00:00,view_provider,인테리어,P010,SU0450_3,desktop,A
E003628,U0450,2026-03-03 20:01:00,visit,인테리어,P066,SU0450_4,desktop,B
E003629,U0450,2026-03-03 20:02:00,search,인테리어,P066,SU0450_4,desktop,B
E003630,U0451,2026-05-22 21:03:00,visit,운동,P039,SU0451_1,desktop,B
E003631,U0451,2026-05-22 21:04:00,search,운동,P039,SU0451_1,desktop,B
E003632,U0451,2026-05-22 21:05:00,view_provider,운동,P039,SU0451_1,desktop,B
E003633,U0451,2026-05-22 21:06:00,start_request,운동,P039,SU0451_1,desktop,B
E003634,U0451,2026-05-22 21:00:00,submit_request,운동,P039,SU0451_1,desktop,B
E003635,U0451,2026-05-22 21:56:00,view_quote,운동,P039,SU0451_1,desktop,B
E003636,U0451,2026-06-05 09:02:00,visit,사진촬영,P001,SU0451_2,mobile,B
E003637,U0451,2026-06-05 09:03:00,search,사진촬영,P001,SU0451_2,mobile,B
E003638,U0451,2026-05-24 10:04:00,visit,청소,P045,SU0451_3,desktop,B
E003639,U0451,2026-05-24 10:05:00,search,청소,P045,SU0451_3,desktop,B
E003640,U0451,2026-05-11 10:06:00,visit,운동,P069,SU0451_4,mobile,A
E003641,U0451,2026-05-11 10:00:00,search,운동,P069,SU0451_4,mobile,A
E003642,U0451,2026-05-11 10:01:00,view_provider,운동,P069,SU0451_4,mobile,A
E003643,U0451,2026-05-11 10:02:00,start_request,운동,P069,SU0451_4,mobile,A
E003644,U0451,2026-05-11 10:03:00,submit_request,운동,P069,SU0451_4,mobile,A
E003645,U0451,2026-05-11 11:24:00,view_quote,운동,P069,SU0451_4,mobile,A
E003646,U0451,2026-05-11 21:33:00,complete_transaction,운동,P069,SU0451_4,mobile,A
E003647,U0451,2026-05-15 21:33:00,write_review,운동,P069,SU0451_4,mobile,A
E003648,U0452,2026-06-12 08:00:00,visit,운동,P007,SU0452_1,desktop,B
E003649,U0452,2026-05-02 15:01:00,visit,인테리어,P003,SU0452_2,mobile,B
E003650,U0452,2026-05-02 15:02:00,search,인테리어,P003,SU0452_2,mobile,B
E003651,U0452,2026-05-02 15:03:00,view_provider,인테리어,P003,SU0452_2,mobile,B
E003652,U0452,2026-05-02 15:04:00,start_request,인테리어,P003,SU0452_2,mobile,B
E003653,U0452,2026-05-02 15:05:00,submit_request,인테리어,P003,SU0452_2,mobile,B
E003654,U0452,2026-05-02 17:05:00,view_quote,인테리어,P003,SU0452_2,mobile,B
E003655,U0452,2026-06-11 16:00:00,visit,청소,P041,SU0452_3,desktop,B
E003656,U0452,2026-06-11 16:01:00,search,청소,P041,SU0452_3,desktop,B
E003657,U0452,2026-06-11 16:02:00,view_provider,청소,P041,SU0452_3,desktop,B
E003658,U0452,2026-05-26 14:03:00,visit,과외,P013,SU0452_4,mobile,A
E003659,U0452,2026-05-26 14:04:00,search,과외,P013,SU0452_4,mobile,A
E003660,U0452,2026-05-26 14:05:00,view_provider,과외,P013,SU0452_4,mobile,A
E003661,U0453,2026-03-27 14:06:00,visit,인테리어,P068,SU0453_1,mobile,B
E003662,U0453,2026-04-29 17:00:00,visit,이사,P078,SU0453_2,mobile,B
E003663,U0454,2026-02-22 09:01:00,visit,이사,P046,SU0454_1,mobile,A
E003664,U0455,2026-04-27 11:02:00,visit,청소,P036,SU0455_1,mobile,A
E003665,U0455,2026-04-27 11:03:00,search,청소,P036,SU0455_1,mobile,A
E003666,U0455,2026-04-27 11:04:00,view_provider,청소,P036,SU0455_1,mobile,A
E003667,U0455,2026-04-27 11:05:00,start_request,청소,P036,SU0455_1,mobile,A
E003668,U0456,2026-03-29 13:06:00,visit,운동,P017,SU0456_1,mobile,A
E003669,U0456,2026-03-29 13:00:00,search,운동,P017,SU0456_1,mobile,A
E003670,U0456,2026-03-29 13:01:00,view_provider,운동,P017,SU0456_1,mobile,A
E003671,U0456,2026-03-29 13:02:00,start_request,운동,P017,SU0456_1,mobile,A
E003672,U0457,2026-03-24 18:03:00,visit,운동,P006,SU0457_1,mobile,A
E003673,U0457,2026-03-24 18:04:00,search,운동,P006,SU0457_1,mobile,A
E003674,U0457,2026-02-05 20:05:00,visit,사진촬영,P042,SU0457_2,desktop,A
E003675,U0457,2026-02-05 20:06:00,search,사진촬영,P042,SU0457_2,desktop,A
E003676,U0457,2026-02-05 20:00:00,view_provider,사진촬영,P042,SU0457_2,desktop,A
E003677,U0457,2026-02-05 20:01:00,start_request,사진촬영,P042,SU0457_2,desktop,A
E003678,U0457,2026-01-25 13:02:00,visit,사진촬영,P005,SU0457_3,mobile,A
E003679,U0457,2026-01-25 13:03:00,search,사진촬영,P005,SU0457_3,mobile,A
E003680,U0457,2026-01-25 13:04:00,view_provider,사진촬영,P005,SU0457_3,mobile,A
E003681,U0458,2026-04-14 08:05:00,visit,이사,P028,SU0458_1,mobile,A
E003682,U0458,2026-04-20 13:06:00,visit,과외,P047,SU0458_2,mobile,A
E003683,U0458,2026-04-20 13:00:00,search,과외,P047,SU0458_2,mobile,A
E003684,U0458,2026-04-20 13:01:00,view_provider,과외,P047,SU0458_2,mobile,A
E003685,U0458,2026-04-24 08:02:00,visit,운동,P010,SU0458_3,mobile,A
E003686,U0459,2026-03-25 10:03:00,visit,이사,P047,SU0459_1,mobile,A
E003687,U0459,2026-03-25 10:04:00,search,이사,P047,SU0459_1,mobile,A
E003688,U0459,2026-04-10 15:05:00,visit,사진촬영,P049,SU0459_2,mobile,A
E003689,U0459,2026-04-10 15:06:00,search,사진촬영,P049,SU0459_2,mobile,A
E003690,U0459,2026-04-10 15:00:00,view_provider,사진촬영,P049,SU0459_2,mobile,A
E003691,U0459,2026-05-16 17:01:00,visit,이사,P007,SU0459_3,mobile,A
E003692,U0459,2026-05-16 17:02:00,search,이사,P007,SU0459_3,mobile,A
E003693,U0459,2026-05-16 17:03:00,view_provider,이사,P007,SU0459_3,mobile,A
E003694,U0459,2026-04-06 19:04:00,visit,과외,P051,SU0459_4,mobile,B
E003695,U0459,2026-04-06 19:05:00,search,과외,P051,SU0459_4,mobile,B
E003696,U0459,2026-05-20 18:06:00,visit,운동,P032,SU0459_5,desktop,A
E003697,U0459,2026-05-20 18:00:00,search,운동,P032,SU0459_5,desktop,A
E003698,U0459,2026-05-20 18:01:00,view_provider,운동,P032,SU0459_5,desktop,A
E003699,U0459,2026-05-20 18:02:00,start_request,운동,P032,SU0459_5,desktop,A
E003700,U0459,2026-05-20 18:03:00,submit_request,운동,P032,SU0459_5,desktop,A
E003701,U0460,2026-01-31 11:04:00,visit,인테리어,P009,SU0460_1,mobile,B
E003702,U0460,2026-01-31 11:05:00,search,인테리어,P009,SU0460_1,mobile,B
E003703,U0460,2026-01-31 11:06:00,view_provider,인테리어,P009,SU0460_1,mobile,B
E003704,U0460,2026-03-17 12:00:00,visit,이사,P017,SU0460_2,mobile,B
E003705,U0460,2026-03-17 12:01:00,search,이사,P017,SU0460_2,mobile,B
E003706,U0460,2026-03-17 12:02:00,view_provider,이사,P017,SU0460_2,mobile,B
E003707,U0461,2026-05-07 22:03:00,visit,인테리어,P037,SU0461_1,mobile,B
E003708,U0461,2026-05-07 22:04:00,search,인테리어,P037,SU0461_1,mobile,B
E003709,U0461,2026-05-11 11:05:00,visit,인테리어,P005,SU0461_2,mobile,A
E003710,U0461,2026-05-11 11:06:00,search,인테리어,P005,SU0461_2,mobile,A
E003711,U0462,2026-01-21 11:00:00,visit,사진촬영,P071,SU0462_1,desktop,B
E003712,U0462,2026-03-24 11:01:00,visit,청소,P042,SU0462_2,desktop,A
E003713,U0462,2026-03-24 11:02:00,search,청소,P042,SU0462_2,desktop,A
E003714,U0462,2026-03-24 11:03:00,view_provider,청소,P042,SU0462_2,desktop,A
E003715,U0462,2026-03-24 11:04:00,start_request,청소,P042,SU0462_2,desktop,A
E003716,U0462,2026-02-12 09:05:00,visit,과외,P017,SU0462_3,desktop,B
E003717,U0462,2026-02-12 09:06:00,search,과외,P017,SU0462_3,desktop,B
E003718,U0462,2026-02-17 08:00:00,visit,사진촬영,P009,SU0462_4,mobile,B
E003719,U0462,2026-02-17 08:01:00,search,사진촬영,P009,SU0462_4,mobile,B
E003720,U0462,2026-02-17 08:02:00,view_provider,사진촬영,P009,SU0462_4,mobile,B
E003721,U0462,2026-02-17 08:03:00,start_request,사진촬영,P009,SU0462_4,mobile,B
E003722,U0462,2026-02-17 08:04:00,submit_request,사진촬영,P009,SU0462_4,mobile,B
E003723,U0462,2026-02-17 09:17:00,view_quote,사진촬영,P009,SU0462_4,mobile,B
E003724,U0462,2026-02-06 11:06:00,visit,운동,P033,SU0462_5,mobile,B
E003725,U0462,2026-02-06 11:00:00,search,운동,P033,SU0462_5,mobile,B
E003726,U0463,2026-05-25 20:01:00,visit,과외,P049,SU0463_1,desktop,B
E003727,U0463,2026-05-25 20:02:00,search,과외,P049,SU0463_1,desktop,B
E003728,U0463,2026-05-25 20:03:00,view_provider,과외,P049,SU0463_1,desktop,B
E003729,U0464,2026-04-05 15:04:00,visit,과외,P062,SU0464_1,mobile,A
E003730,U0464,2026-04-05 15:05:00,search,과외,P062,SU0464_1,mobile,A
E003731,U0465,2026-03-13 20:06:00,visit,과외,P012,SU0465_1,desktop,A
E003732,U0465,2026-01-09 15:00:00,visit,사진촬영,P032,SU0465_2,mobile,B
E003733,U0465,2026-01-09 15:01:00,search,사진촬영,P032,SU0465_2,mobile,B
E003734,U0465,2026-01-09 15:02:00,view_provider,사진촬영,P032,SU0465_2,mobile,B
E003735,U0466,2026-04-05 17:03:00,visit,이사,P075,SU0466_1,mobile,B
E003736,U0466,2026-05-03 12:04:00,visit,사진촬영,P053,SU0466_2,desktop,B
E003737,U0466,2026-05-03 12:05:00,search,사진촬영,P053,SU0466_2,desktop,B
E003738,U0466,2026-05-03 12:06:00,view_provider,사진촬영,P053,SU0466_2,desktop,B
E003739,U0466,2026-05-03 12:00:00,start_request,사진촬영,P053,SU0466_2,desktop,B
E003740,U0466,2026-05-22 13:01:00,visit,인테리어,P061,SU0466_3,desktop,B
E003741,U0466,2026-06-13 17:02:00,visit,인테리어,P015,SU0466_4,desktop,A
E003742,U0466,2026-06-13 17:03:00,search,인테리어,P015,SU0466_4,desktop,A
E003743,U0466,2026-06-13 17:04:00,view_provider,인테리어,P015,SU0466_4,desktop,A
E003744,U0467,2026-03-11 19:05:00,visit,인테리어,P056,SU0467_1,mobile,A
E003745,U0467,2026-03-21 17:06:00,visit,과외,P033,SU0467_2,mobile,A
E003746,U0468,2026-05-13 14:00:00,visit,과외,P049,SU0468_1,mobile,B
E003747,U0468,2026-05-13 14:01:00,search,과외,P049,SU0468_1,mobile,B
E003748,U0468,2026-05-13 14:02:00,view_provider,과외,P049,SU0468_1,mobile,B
E003749,U0468,2026-03-31 09:03:00,visit,과외,P071,SU0468_2,mobile,A
E003750,U0468,2026-03-31 09:04:00,search,과외,P071,SU0468_2,mobile,A
E003751,U0468,2026-05-05 11:05:00,visit,이사,P010,SU0468_3,desktop,A
E003752,U0468,2026-03-15 16:06:00,visit,인테리어,P063,SU0468_4,mobile,B
E003753,U0468,2026-03-15 16:00:00,search,인테리어,P063,SU0468_4,mobile,B
E003754,U0468,2026-02-26 20:01:00,visit,인테리어,P028,SU0468_5,desktop,A
E003755,U0469,2026-01-31 20:02:00,visit,인테리어,P004,SU0469_1,desktop,A
E003756,U0469,2026-04-04 13:03:00,visit,청소,P035,SU0469_2,mobile,B
E003757,U0469,2026-04-04 13:04:00,search,청소,P035,SU0469_2,mobile,B
E003758,U0469,2026-03-07 16:05:00,visit,인테리어,P069,SU0469_3,mobile,B
E003759,U0470,2026-04-12 16:06:00,visit,운동,P042,SU0470_1,mobile,A
E003760,U0470,2026-04-12 16:00:00,search,운동,P042,SU0470_1,mobile,A
E003761,U0470,2026-04-12 16:01:00,view_provider,운동,P042,SU0470_1,mobile,A
E003762,U0470,2026-04-04 18:02:00,visit,사진촬영,P065,SU0470_2,mobile,B
E003763,U0470,2026-04-04 18:03:00,search,사진촬영,P065,SU0470_2,mobile,B
E003764,U0470,2026-04-04 18:04:00,view_provider,사진촬영,P065,SU0470_2,mobile,B
E003765,U0471,2026-04-16 09:05:00,visit,사진촬영,P019,SU0471_1,mobile,A
E003766,U0471,2026-05-15 15:06:00,visit,청소,P070,SU0471_2,desktop,A
E003767,U0471,2026-05-15 15:00:00,search,청소,P070,SU0471_2,desktop,A
E003768,U0471,2026-05-15 15:01:00,view_provider,청소,P070,SU0471_2,desktop,A
E003769,U0472,2026-04-21 22:02:00,visit,이사,P027,SU0472_1,mobile,A
E003770,U0472,2026-04-21 22:03:00,search,이사,P027,SU0472_1,mobile,A
E003771,U0472,2026-04-05 19:04:00,visit,사진촬영,P054,SU0472_2,mobile,A
E003772,U0472,2026-04-05 19:05:00,search,사진촬영,P054,SU0472_2,mobile,A
E003773,U0472,2026-04-05 19:06:00,view_provider,사진촬영,P054,SU0472_2,mobile,A
E003774,U0472,2026-04-05 19:00:00,start_request,사진촬영,P054,SU0472_2,mobile,A
E003775,U0472,2026-04-13 14:01:00,visit,과외,P026,SU0472_3,mobile,A
E003776,U0472,2026-04-13 14:02:00,search,과외,P026,SU0472_3,mobile,A
E003777,U0473,2026-03-18 09:03:00,visit,청소,P034,SU0473_1,mobile,A
E003778,U0473,2026-03-18 09:04:00,search,청소,P034,SU0473_1,mobile,A
E003779,U0473,2026-03-18 09:05:00,view_provider,청소,P034,SU0473_1,mobile,A
E003780,U0473,2026-03-18 09:06:00,start_request,청소,P034,SU0473_1,mobile,A
E003781,U0473,2026-02-26 21:00:00,visit,과외,P024,SU0473_2,mobile,A
E003782,U0474,2026-02-21 09:01:00,visit,사진촬영,P034,SU0474_1,desktop,A
E003783,U0474,2026-02-21 09:02:00,search,사진촬영,P034,SU0474_1,desktop,A
E003784,U0474,2026-02-21 09:03:00,view_provider,사진촬영,P034,SU0474_1,desktop,A
E003785,U0474,2026-02-13 11:04:00,visit,운동,P061,SU0474_2,mobile,B
E003786,U0474,2026-02-13 11:05:00,search,운동,P061,SU0474_2,mobile,B
E003787,U0474,2026-04-07 09:06:00,visit,이사,P071,SU0474_3,mobile,B
E003788,U0474,2026-04-07 09:00:00,search,이사,P071,SU0474_3,mobile,B
E003789,U0475,2026-04-15 18:01:00,visit,인테리어,P071,SU0475_1,mobile,A
E003790,U0475,2026-04-15 18:02:00,search,인테리어,P071,SU0475_1,mobile,A
E003791,U0475,2026-04-15 18:03:00,view_provider,인테리어,P071,SU0475_1,mobile,A
E003792,U0475,2026-03-22 08:04:00,visit,운동,P054,SU0475_2,mobile,B
E003793,U0475,2026-04-02 16:05:00,visit,청소,P072,SU0475_3,mobile,B
E003794,U0476,2026-03-25 10:06:00,visit,운동,P020,SU0476_1,mobile,A
E003795,U0476,2026-03-25 10:00:00,search,운동,P020,SU0476_1,mobile,A
E003796,U0476,2026-03-25 10:01:00,view_provider,운동,P020,SU0476_1,mobile,A
E003797,U0476,2026-05-04 09:02:00,visit,운동,P035,SU0476_2,mobile,A
E003798,U0476,2026-05-04 09:03:00,search,운동,P035,SU0476_2,mobile,A
E003799,U0476,2026-05-04 09:04:00,view_provider,운동,P035,SU0476_2,mobile,A
E003800,U0476,2026-05-04 09:05:00,start_request,운동,P035,SU0476_2,mobile,A
E003801,U0476,2026-05-04 09:06:00,submit_request,운동,P035,SU0476_2,mobile,A
E003802,U0476,2026-05-04 10:48:00,view_quote,운동,P035,SU0476_2,mobile,A
E003803,U0476,2026-05-04 22:50:00,complete_transaction,운동,P035,SU0476_2,mobile,A
E003804,U0476,2026-05-05 22:50:00,write_review,운동,P035,SU0476_2,mobile,A
E003805,U0477,2026-04-01 09:03:00,visit,사진촬영,P064,SU0477_1,mobile,A
E003806,U0477,2026-04-01 09:04:00,search,사진촬영,P064,SU0477_1,mobile,A
E003807,U0477,2026-04-09 13:05:00,visit,운동,P019,SU0477_2,desktop,B
E003808,U0478,2026-02-09 08:06:00,visit,이사,P062,SU0478_1,mobile,A
E003809,U0478,2026-02-09 08:00:00,search,이사,P062,SU0478_1,mobile,A
E003810,U0478,2026-02-09 08:01:00,view_provider,이사,P062,SU0478_1,mobile,A
E003811,U0478,2026-02-09 08:02:00,start_request,이사,P062,SU0478_1,mobile,A
E003812,U0478,2026-02-09 08:03:00,submit_request,이사,P062,SU0478_1,mobile,A
E003813,U0478,2026-02-09 08:13:00,view_quote,이사,P062,SU0478_1,mobile,A
E003814,U0478,2026-02-22 10:05:00,visit,과외,P012,SU0478_2,mobile,B
E003815,U0478,2026-02-22 10:06:00,search,과외,P012,SU0478_2,mobile,B
E003816,U0478,2026-02-22 10:00:00,view_provider,과외,P012,SU0478_2,mobile,B
E003817,U0479,2026-03-17 21:01:00,visit,인테리어,P015,SU0479_1,mobile,B
E003818,U0479,2026-03-17 21:02:00,search,인테리어,P015,SU0479_1,mobile,B
E003819,U0479,2026-03-17 21:03:00,view_provider,인테리어,P015,SU0479_1,mobile,B
E003820,U0479,2026-03-16 16:04:00,visit,운동,P068,SU0479_2,mobile,B
E003821,U0479,2026-03-12 18:05:00,visit,과외,P064,SU0479_3,mobile,A
E003822,U0479,2026-04-26 21:06:00,visit,사진촬영,P072,SU0479_4,mobile,B
E003823,U0479,2026-04-26 21:00:00,search,사진촬영,P072,SU0479_4,mobile,B
E003824,U0480,2026-03-24 20:01:00,visit,인테리어,P016,SU0480_1,mobile,A
E003825,U0480,2026-03-24 20:02:00,search,인테리어,P016,SU0480_1,mobile,A
E003826,U0480,2026-02-20 08:03:00,visit,이사,P032,SU0480_2,desktop,A
E003827,U0480,2026-02-20 08:04:00,search,이사,P032,SU0480_2,desktop,A
E003828,U0480,2026-02-20 08:05:00,view_provider,이사,P032,SU0480_2,desktop,A
E003829,U0480,2026-02-20 08:06:00,start_request,이사,P032,SU0480_2,desktop,A
E003830,U0480,2026-02-20 08:00:00,submit_request,이사,P032,SU0480_2,desktop,A
E003831,U0480,2026-02-20 08:53:00,view_quote,이사,P032,SU0480_2,desktop,A
E003832,U0481,2026-01-30 08:02:00,visit,이사,P014,SU0481_1,mobile,A
E003833,U0481,2026-02-02 11:03:00,visit,청소,P069,SU0481_2,mobile,B
E003834,U0481,2026-02-02 11:04:00,search,청소,P069,SU0481_2,mobile,B
E003835,U0481,2026-02-02 11:05:00,view_provider,청소,P069,SU0481_2,mobile,B
E003836,U0481,2026-04-14 17:06:00,visit,운동,P065,SU0481_3,mobile,A
E003837,U0482,2026-05-13 12:00:00,visit,과외,P007,SU0482_1,mobile,B
E003838,U0482,2026-03-23 22:01:00,visit,과외,P038,SU0482_2,desktop,B
E003839,U0482,2026-03-23 22:02:00,search,과외,P038,SU0482_2,desktop,B
E003840,U0482,2026-05-21 09:03:00,visit,운동,P039,SU0482_3,mobile,A
E003841,U0482,2026-05-21 09:04:00,search,운동,P039,SU0482_3,mobile,A
E003842,U0482,2026-04-04 11:05:00,visit,운동,P037,SU0482_4,mobile,B
E003843,U0483,2026-01-27 22:06:00,visit,운동,P044,SU0483_1,mobile,B
E003844,U0483,2026-01-27 22:00:00,search,운동,P044,SU0483_1,mobile,B
E003845,U0483,2026-03-22 19:01:00,visit,인테리어,P011,SU0483_2,desktop,B
E003846,U0483,2026-03-22 19:02:00,search,인테리어,P011,SU0483_2,desktop,B
E003847,U0483,2026-01-29 21:03:00,visit,운동,P013,SU0483_3,mobile,A
E003848,U0483,2026-01-29 21:04:00,search,운동,P013,SU0483_3,mobile,A
E003849,U0483,2026-01-29 21:05:00,view_provider,운동,P013,SU0483_3,mobile,A
E003850,U0484,2026-04-19 09:06:00,visit,운동,P027,SU0484_1,mobile,A
E003851,U0484,2026-04-19 09:00:00,search,운동,P027,SU0484_1,mobile,A
E003852,U0484,2026-04-19 09:01:00,view_provider,운동,P027,SU0484_1,mobile,A
E003853,U0484,2026-04-19 09:02:00,start_request,운동,P027,SU0484_1,mobile,A
E003854,U0484,2026-04-19 09:03:00,submit_request,운동,P027,SU0484_1,mobile,A
E003855,U0484,2026-04-19 12:42:00,view_quote,운동,P027,SU0484_1,mobile,A
E003856,U0484,2026-04-19 16:05:00,visit,청소,P023,SU0484_2,mobile,A
E003857,U0484,2026-04-19 16:06:00,search,청소,P023,SU0484_2,mobile,A
E003858,U0484,2026-03-23 11:00:00,visit,청소,P032,SU0484_3,mobile,A
E003859,U0484,2026-03-23 11:01:00,search,청소,P032,SU0484_3,mobile,A
E003860,U0485,2026-02-27 13:02:00,visit,청소,P072,SU0485_1,mobile,A
E003861,U0485,2026-02-27 13:03:00,search,청소,P072,SU0485_1,mobile,A
E003862,U0485,2026-02-27 13:04:00,view_provider,청소,P072,SU0485_1,mobile,A
E003863,U0485,2026-02-27 13:05:00,start_request,청소,P072,SU0485_1,mobile,A
E003864,U0485,2026-02-27 13:06:00,submit_request,청소,P072,SU0485_1,mobile,A
E003865,U0485,2026-02-27 15:46:00,view_quote,청소,P072,SU0485_1,mobile,A
E003866,U0486,2026-02-12 13:01:00,visit,사진촬영,P064,SU0486_1,mobile,B
E003867,U0486,2026-02-12 13:02:00,search,사진촬영,P064,SU0486_1,mobile,B
E003868,U0486,2026-02-12 13:03:00,visit,사진촬영,P014,SU0486_2,mobile,B
E003869,U0486,2026-03-01 22:04:00,visit,운동,P056,SU0486_3,mobile,B
E003870,U0486,2026-03-01 22:05:00,search,운동,P056,SU0486_3,mobile,B
E003871,U0486,2026-03-01 22:06:00,view_provider,운동,P056,SU0486_3,mobile,B
E003872,U0486,2026-03-06 22:00:00,visit,운동,P068,SU0486_4,desktop,A
E003873,U0486,2026-03-06 22:01:00,search,운동,P068,SU0486_4,desktop,A
E003874,U0487,2026-03-17 08:02:00,visit,이사,P019,SU0487_1,mobile,A
E003875,U0487,2026-03-17 08:03:00,search,이사,P019,SU0487_1,mobile,A
E003876,U0487,2026-03-17 08:04:00,view_provider,이사,P019,SU0487_1,mobile,A
E003877,U0487,2026-03-17 08:05:00,start_request,이사,P019,SU0487_1,mobile,A
E003878,U0487,2026-03-17 08:06:00,submit_request,이사,P019,SU0487_1,mobile,A
E003879,U0487,2026-03-17 11:26:00,view_quote,이사,P019,SU0487_1,mobile,A
E003880,U0487,2026-03-18 17:01:00,visit,과외,P035,SU0487_2,mobile,A
E003881,U0487,2026-03-24 10:02:00,visit,이사,P028,SU0487_3,mobile,A
E003882,U0488,2026-04-30 22:03:00,visit,사진촬영,P049,SU0488_1,desktop,B
E003883,U0488,2026-04-30 22:04:00,search,사진촬영,P049,SU0488_1,desktop,B
E003884,U0488,2026-04-30 22:05:00,view_provider,사진촬영,P049,SU0488_1,desktop,B
E003885,U0488,2026-04-30 22:06:00,start_request,사진촬영,P049,SU0488_1,desktop,B
E003886,U0488,2026-04-30 22:00:00,submit_request,사진촬영,P049,SU0488_1,desktop,B
E003887,U0488,2026-05-01 02:05:00,view_quote,사진촬영,P049,SU0488_1,desktop,B
E003888,U0489,2026-03-31 10:02:00,visit,청소,P027,SU0489_1,mobile,A
E003889,U0489,2026-03-31 10:03:00,search,청소,P027,SU0489_1,mobile,A
E003890,U0489,2026-05-04 10:04:00,visit,청소,P046,SU0489_2,desktop,A
E003891,U0489,2026-05-04 10:05:00,search,청소,P046,SU0489_2,desktop,A
E003892,U0489,2026-05-04 10:06:00,view_provider,청소,P046,SU0489_2,desktop,A
E003893,U0489,2026-05-04 10:00:00,start_request,청소,P046,SU0489_2,desktop,A
E003894,U0489,2026-05-04 10:01:00,submit_request,청소,P046,SU0489_2,desktop,A
E003895,U0489,2026-05-04 10:13:00,view_quote,청소,P046,SU0489_2,desktop,A
E003896,U0489,2026-04-05 11:03:00,visit,운동,P009,SU0489_3,desktop,B
E003897,U0490,2026-03-06 12:04:00,visit,과외,P051,SU0490_1,desktop,A
E003898,U0490,2026-03-09 14:05:00,visit,인테리어,P046,SU0490_2,mobile,B
E003899,U0490,2026-03-09 14:06:00,search,인테리어,P046,SU0490_2,mobile,B
E003900,U0490,2026-03-09 14:00:00,view_provider,인테리어,P046,SU0490_2,mobile,B
E003901,U0490,2026-05-02 08:01:00,visit,운동,P006,SU0490_3,desktop,A
E003902,U0490,2026-05-02 08:02:00,search,운동,P006,SU0490_3,desktop,A
E003903,U0490,2026-05-02 08:03:00,view_provider,운동,P006,SU0490_3,desktop,A
E003904,U0491,2026-05-03 10:04:00,visit,과외,P037,SU0491_1,mobile,A
E003905,U0491,2026-05-03 10:05:00,search,과외,P037,SU0491_1,mobile,A
E003906,U0491,2026-05-03 10:06:00,view_provider,과외,P037,SU0491_1,mobile,A
E003907,U0491,2026-04-20 18:00:00,visit,이사,P037,SU0491_2,mobile,A
E003908,U0491,2026-04-20 18:01:00,search,이사,P037,SU0491_2,mobile,A
E003909,U0492,2026-04-23 20:02:00,visit,사진촬영,P042,SU0492_1,desktop,B
E003910,U0492,2026-04-23 20:03:00,search,사진촬영,P042,SU0492_1,desktop,B
E003911,U0492,2026-04-23 20:04:00,view_provider,사진촬영,P042,SU0492_1,desktop,B
E003912,U0492,2026-06-04 19:05:00,visit,사진촬영,P046,SU0492_2,mobile,A
E003913,U0492,2026-06-04 19:06:00,search,사진촬영,P046,SU0492_2,mobile,A
E003914,U0492,2026-06-04 19:00:00,view_provider,사진촬영,P046,SU0492_2,mobile,A
E003915,U0492,2026-04-02 16:01:00,visit,과외,P026,SU0492_3,mobile,B
E003916,U0492,2026-04-02 16:02:00,search,과외,P026,SU0492_3,mobile,B
E003917,U0492,2026-04-02 16:03:00,view_provider,과외,P026,SU0492_3,mobile,B
E003918,U0492,2026-04-03 16:04:00,visit,청소,P076,SU0492_4,mobile,B
E003919,U0492,2026-04-03 16:05:00,search,청소,P076,SU0492_4,mobile,B
E003920,U0492,2026-05-20 13:06:00,visit,사진촬영,P079,SU0492_5,mobile,B
E003921,U0492,2026-05-20 13:00:00,search,사진촬영,P079,SU0492_5,mobile,B
E003922,U0492,2026-05-20 13:01:00,view_provider,사진촬영,P079,SU0492_5,mobile,B
E003923,U0492,2026-05-20 13:02:00,start_request,사진촬영,P079,SU0492_5,mobile,B
E003924,U0492,2026-05-20 13:03:00,submit_request,사진촬영,P079,SU0492_5,mobile,B
E003925,U0492,2026-05-20 13:13:00,view_quote,사진촬영,P079,SU0492_5,mobile,B
E003926,U0493,2026-03-19 10:05:00,visit,청소,P040,SU0493_1,desktop,B
E003927,U0493,2026-03-19 10:06:00,search,청소,P040,SU0493_1,desktop,B
E003928,U0493,2026-03-19 10:00:00,view_provider,청소,P040,SU0493_1,desktop,B
E003929,U0493,2026-03-19 10:01:00,start_request,청소,P040,SU0493_1,desktop,B
E003930,U0493,2026-03-19 10:02:00,submit_request,청소,P040,SU0493_1,desktop,B
E003931,U0493,2026-04-04 12:03:00,visit,청소,P022,SU0493_2,mobile,B
E003932,U0493,2026-04-04 12:04:00,search,청소,P022,SU0493_2,mobile,B
E003933,U0493,2026-04-04 12:05:00,view_provider,청소,P022,SU0493_2,mobile,B
E003934,U0493,2026-03-13 20:06:00,visit,이사,P035,SU0493_3,mobile,B
E003935,U0493,2026-04-28 22:00:00,visit,운동,P030,SU0493_4,mobile,B
E003936,U0493,2026-04-28 22:01:00,search,운동,P030,SU0493_4,mobile,B
E003937,U0493,2026-04-28 22:02:00,view_provider,운동,P030,SU0493_4,mobile,B
E003938,U0493,2026-04-28 22:03:00,start_request,운동,P030,SU0493_4,mobile,B
E003939,U0494,2026-04-18 08:04:00,visit,청소,P040,SU0494_1,mobile,B
E003940,U0494,2026-04-18 08:05:00,search,청소,P040,SU0494_1,mobile,B
E003941,U0494,2026-04-17 08:06:00,visit,운동,P071,SU0494_2,mobile,A
E003942,U0494,2026-03-20 19:00:00,visit,이사,P032,SU0494_3,mobile,B
E003943,U0494,2026-03-20 19:01:00,search,이사,P032,SU0494_3,mobile,B
E003944,U0494,2026-03-20 19:02:00,view_provider,이사,P032,SU0494_3,mobile,B
E003945,U0494,2026-03-20 19:03:00,start_request,이사,P032,SU0494_3,mobile,B
E003946,U0494,2026-03-20 19:04:00,submit_request,이사,P032,SU0494_3,mobile,B
E003947,U0494,2026-02-27 19:05:00,visit,사진촬영,P045,SU0494_4,mobile,B
E003948,U0494,2026-02-27 19:06:00,search,사진촬영,P045,SU0494_4,mobile,B
E003949,U0495,2026-02-18 19:00:00,visit,인테리어,P007,SU0495_1,desktop,B
E003950,U0495,2026-02-18 19:01:00,search,인테리어,P007,SU0495_1,desktop,B
E003951,U0495,2026-04-08 09:02:00,visit,운동,P003,SU0495_2,mobile,B
E003952,U0495,2026-04-08 09:03:00,search,운동,P003,SU0495_2,mobile,B
E003953,U0495,2026-04-08 09:04:00,view_provider,운동,P003,SU0495_2,mobile,B
E003954,U0495,2026-04-08 09:05:00,start_request,운동,P003,SU0495_2,mobile,B
E003955,U0495,2026-02-09 12:06:00,visit,인테리어,P036,SU0495_3,mobile,A
E003956,U0495,2026-02-09 12:00:00,search,인테리어,P036,SU0495_3,mobile,A
E003957,U0495,2026-02-09 12:01:00,view_provider,인테리어,P036,SU0495_3,mobile,A
E003958,U0495,2026-04-01 21:02:00,visit,이사,P025,SU0495_4,mobile,A
E003959,U0496,2026-03-27 12:03:00,visit,운동,P022,SU0496_1,desktop,B
E003960,U0496,2026-03-27 12:04:00,search,운동,P022,SU0496_1,desktop,B
E003961,U0496,2026-03-27 12:05:00,view_provider,운동,P022,SU0496_1,desktop,B
E003962,U0496,2026-03-27 12:06:00,start_request,운동,P022,SU0496_1,desktop,B
E003963,U0497,2026-02-27 14:00:00,visit,과외,P019,SU0497_1,mobile,A
E003964,U0497,2026-02-27 14:01:00,search,과외,P019,SU0497_1,mobile,A
E003965,U0497,2026-02-12 17:02:00,visit,청소,P042,SU0497_2,desktop,B
E003966,U0497,2026-02-12 17:03:00,search,청소,P042,SU0497_2,desktop,B
E003967,U0497,2026-03-24 19:04:00,visit,인테리어,P049,SU0497_3,mobile,B
E003968,U0497,2026-03-24 19:05:00,search,인테리어,P049,SU0497_3,mobile,B
E003969,U0498,2026-02-07 09:06:00,visit,이사,P020,SU0498_1,mobile,A
E003970,U0499,2026-05-15 20:00:00,visit,사진촬영,P068,SU0499_1,mobile,A
E003971,U0500,2026-03-31 13:01:00,visit,운동,P056,SU0500_1,mobile,B
E003972,U0500,2026-03-31 13:02:00,search,운동,P056,SU0500_1,mobile,B
E003973,U0500,2026-03-07 13:03:00,visit,청소,P003,SU0500_2,mobile,B
E003974,U0500,2026-03-07 13:04:00,search,청소,P003,SU0500_2,mobile,B
E003975,U0500,2026-03-31 14:05:00,visit,운동,P017,SU0500_3,desktop,A
E003976,U0500,2026-03-31 14:06:00,search,운동,P017,SU0500_3,desktop,A
