date,campaign_id,channel,country,creative_type,spend,impressions,clicks
2026-01-01,C001,Meta,US,static,733.57,30019,465
2026-01-02,C001,Meta,US,static,1141.08,47406,728
2026-01-03,C001,Meta,US,static,726.91,41835,577
2026-01-04,C001,Meta,US,static,693.87,34615,545
2026-01-05,C001,Meta,US,static,909.93,50563,654
2026-01-06,C001,Meta,US,static,954.85,54421,706
2026-01-07,C001,Meta,US,static,1007.4,46268,709
2026-01-08,C001,Meta,US,static,752.43,37965,505
2026-01-09,C001,Meta,US,static,812.93,38182,562
2026-01-10,C001,Meta,US,static,1132.06,52935,697
2026-01-11,C001,Meta,US,static,805.14,42925,644
2026-01-12,C001,Meta,US,static,1090.86,65595,836
2026-01-13,C001,Meta,US,static,1182.64,54716,777
2026-01-14,C001,Meta,US,static,739.39,30148,495
2026-01-15,C001,Meta,US,static,858.35,42948,562
2026-01-16,C001,Meta,US,static,806.71,34459,493
2026-01-17,C001,Meta,US,static,1087.06,64553,850
2026-01-18,C001,Meta,US,static,826.69,32225,518
2026-01-19,C001,Meta,US,static,648.06,30600,485
2026-01-20,C001,Meta,US,static,1057.37,58666,810
2026-01-21,C001,Meta,US,static,955.69,47158,697
2026-01-22,C001,Meta,US,static,765.92,40319,524
2026-01-23,C001,Meta,US,static,1064.5,44012,704
2026-01-24,C001,Meta,US,static,840.52,40508,583
2026-01-25,C001,Meta,US,static,1382.69,68500,959
2026-01-26,C001,Meta,US,static,857.05,34113,558
2026-01-27,C001,Meta,US,static,889.78,37223,596
2026-01-28,C001,Meta,US,static,949.32,40806,650
2026-01-29,C001,Meta,US,static,901.54,36988,574
2026-01-30,C001,Meta,US,static,1261.36,62204,886
2026-01-31,C001,Meta,US,static,1338.09,63878,1042
2026-02-01,C001,Meta,US,static,823.87,41633,578
2026-02-02,C001,Meta,US,static,1219.33,51929,801
2026-02-03,C001,Meta,US,static,924.47,58870,740
2026-02-04,C001,Meta,US,static,987.5,39491,642
2026-02-05,C001,Meta,US,static,711.92,27300,461
2026-02-06,C001,Meta,US,static,772.85,31900,465
2026-02-07,C001,Meta,US,static,1200.12,55364,731
2026-02-08,C001,Meta,US,static,938.9,43286,622
2026-02-09,C001,Meta,US,static,1056.38,45609,714
2026-02-10,C001,Meta,US,static,1188.07,46445,765
2026-02-11,C001,Meta,US,static,791.17,41638,584
2026-02-12,C001,Meta,US,static,1046.93,57548,815
2026-02-13,C001,Meta,US,static,756.74,38396,571
2026-02-14,C001,Meta,US,static,942.24,52013,671
2026-02-15,C001,Meta,US,static,720.4,32886,498
2026-02-16,C001,Meta,US,static,687.76,33076,494
2026-02-17,C001,Meta,US,static,961.99,47171,696
2026-02-18,C001,Meta,US,static,747.05,31381,456
2026-02-19,C001,Meta,US,static,1032.56,39888,660
2026-02-20,C001,Meta,US,static,959.12,34248,579
2026-02-21,C001,Meta,US,static,1262.14,55664,894
2026-02-22,C001,Meta,US,static,848.03,35340,555
2026-02-23,C001,Meta,US,static,641.23,28304,440
2026-02-24,C001,Meta,US,static,1057.17,49567,709
2026-02-25,C001,Meta,US,static,1007.48,54288,714
2026-02-26,C001,Meta,US,static,821.88,48436,651
2026-02-27,C001,Meta,US,static,787.69,35695,485
2026-02-28,C001,Meta,US,static,759.58,35571,584
2026-03-01,C001,Meta,US,static,1074.07,41163,660
2026-01-01,C002,Meta,BR,playable,1233.36,121227,2258
2026-01-02,C002,Meta,BR,playable,767.18,59234,1167
2026-01-03,C002,Meta,BR,playable,959.9,77003,1629
2026-01-04,C002,Meta,BR,playable,1065.11,81446,1521
2026-01-05,C002,Meta,BR,playable,753.39,61442,1375
2026-01-06,C002,Meta,BR,playable,1086.19,79119,1583
2026-01-07,C002,Meta,BR,playable,1017.89,85254,1794
2026-01-08,C002,Meta,BR,playable,1210.66,85629,2066
2026-01-09,C002,Meta,BR,playable,746.09,47317,1048
2026-01-10,C002,Meta,BR,playable,755.11,48782,1160
2026-01-11,C002,Meta,BR,playable,1122.5,76927,1695
2026-01-12,C002,Meta,BR,playable,673.95,46511,973
2026-01-13,C002,Meta,BR,playable,831.14,64071,1391
2026-01-14,C002,Meta,BR,playable,642.67,49054,1137
2026-01-15,C002,Meta,BR,playable,1293.66,96363,2145
2026-01-16,C002,Meta,BR,playable,956.98,68109,1358
2026-01-17,C002,Meta,BR,playable,809.8,70390,1512
2026-01-18,C002,Meta,BR,playable,1184.82,67460,1668
2026-01-19,C002,Meta,BR,playable,827.19,74145,1483
2026-01-20,C002,Meta,BR,playable,1035.14,74812,1830
2026-01-21,C002,Meta,BR,playable,837.73,53231,1271
2026-01-22,C002,Meta,BR,playable,1039.47,77393,1667
2026-01-23,C002,Meta,BR,playable,986.26,79417,1565
2026-01-24,C002,Meta,BR,playable,1040.71,74779,1852
2026-01-25,C002,Meta,BR,playable,1322.55,88566,2057
2026-01-26,C002,Meta,BR,playable,681.35,57928,1112
2026-01-27,C002,Meta,BR,playable,898.11,59551,1460
2026-01-28,C002,Meta,BR,playable,936.7,65510,1605
2026-01-29,C002,Meta,BR,playable,1061.69,85551,1797
2026-01-30,C002,Meta,BR,playable,715.89,44492,1065
2026-01-31,C002,Meta,BR,playable,874.71,60816,1393
2026-02-01,C002,Meta,BR,playable,708.73,49020,1178
2026-02-02,C002,Meta,BR,playable,835.45,60105,1459
2026-02-03,C002,Meta,BR,playable,653.67,49914,1010
2026-02-04,C002,Meta,BR,playable,820.28,51013,1214
2026-02-05,C002,Meta,BR,playable,1104.83,63805,1577
2026-02-06,C002,Meta,BR,playable,676.09,50870,1116
2026-02-07,C002,Meta,BR,playable,1005.24,77678,1640
2026-02-08,C002,Meta,BR,playable,1225.4,84109,1812
2026-02-09,C002,Meta,BR,playable,711.72,50043,1170
2026-02-10,C002,Meta,BR,playable,1010.69,88782,1857
2026-02-11,C002,Meta,BR,playable,584.12,45790,876
2026-02-12,C002,Meta,BR,playable,817.84,56677,1362
2026-02-13,C002,Meta,BR,playable,895.18,57219,1314
2026-02-14,C002,Meta,BR,playable,824.38,68459,1377
2026-02-15,C002,Meta,BR,playable,1022.1,75759,1828
2026-02-16,C002,Meta,BR,playable,685.58,63752,1256
2026-02-17,C002,Meta,BR,playable,1011.6,80189,1579
2026-02-18,C002,Meta,BR,playable,1175.71,79471,1730
2026-02-19,C002,Meta,BR,playable,1041.83,77972,1681
2026-02-20,C002,Meta,BR,playable,1389.36,105491,2182
2026-02-21,C002,Meta,BR,playable,1142.45,82373,1864
2026-02-22,C002,Meta,BR,playable,858.62,58436,1359
2026-02-23,C002,Meta,BR,playable,1041.68,89233,1641
2026-02-24,C002,Meta,BR,playable,742.16,53748,1102
2026-02-25,C002,Meta,BR,playable,1143.74,67727,1619
2026-02-26,C002,Meta,BR,playable,665.97,52896,1098
2026-02-27,C002,Meta,BR,playable,975.77,69682,1591
2026-02-28,C002,Meta,BR,playable,656.87,56726,1168
2026-03-01,C002,Meta,BR,playable,1400.1,109060,2307
2026-01-01,C003,Meta,JP,static,686.19,27623,449
2026-01-02,C003,Meta,JP,static,933.44,47221,795
2026-01-03,C003,Meta,JP,static,1002.8,40243,673
2026-01-04,C003,Meta,JP,static,635.24,34423,487
2026-01-05,C003,Meta,JP,static,697.32,33557,566
2026-01-06,C003,Meta,JP,static,717.8,31351,520
2026-01-07,C003,Meta,JP,static,833.25,46393,672
2026-01-08,C003,Meta,JP,static,775.42,39701,625
2026-01-09,C003,Meta,JP,static,1169.73,59335,870
2026-01-10,C003,Meta,JP,static,1402.29,81634,1046
2026-01-11,C003,Meta,JP,static,1299.78,54465,915
2026-01-12,C003,Meta,JP,static,578.32,30675,470
2026-01-13,C003,Meta,JP,static,962.54,40154,639
2026-01-14,C003,Meta,JP,static,920.1,49939,642
2026-01-15,C003,Meta,JP,static,874.32,45791,654
2026-01-16,C003,Meta,JP,static,653.34,26884,448
2026-01-17,C003,Meta,JP,static,921.22,61826,780
2026-01-18,C003,Meta,JP,static,1004.36,39702,673
2026-01-19,C003,Meta,JP,static,727.85,43164,574
2026-01-20,C003,Meta,JP,static,1136.72,54550,905
2026-01-21,C003,Meta,JP,static,945.78,47305,756
2026-01-22,C003,Meta,JP,static,800.49,36510,589
2026-01-23,C003,Meta,JP,static,974.59,44350,692
2026-01-24,C003,Meta,JP,static,1106.7,67330,900
2026-01-25,C003,Meta,JP,static,805.21,36715,526
2026-01-26,C003,Meta,JP,static,1241.28,50973,831
2026-01-27,C003,Meta,JP,static,1134.6,54207,786
2026-01-28,C003,Meta,JP,static,908.16,45888,656
2026-01-29,C003,Meta,JP,static,1158.9,48403,804
2026-01-30,C003,Meta,JP,static,883.32,42272,602
2026-01-31,C003,Meta,JP,static,688.86,35481,557
2026-02-01,C003,Meta,JP,static,848.11,42669,584
2026-02-02,C003,Meta,JP,static,543.93,22562,354
2026-02-03,C003,Meta,JP,static,1019.82,52356,791
2026-02-04,C003,Meta,JP,static,820.68,41172,697
2026-02-05,C003,Meta,JP,static,906.59,43436,631
2026-02-06,C003,Meta,JP,static,961.02,41253,674
2026-02-07,C003,Meta,JP,static,825.83,39282,601
2026-02-08,C003,Meta,JP,static,825.69,51586,698
2026-02-09,C003,Meta,JP,static,928.25,44768,681
2026-02-10,C003,Meta,JP,static,994.59,60267,814
2026-02-11,C003,Meta,JP,static,1078.97,57895,887
2026-02-12,C003,Meta,JP,static,1062.42,50525,684
2026-02-13,C003,Meta,JP,static,1131.62,55098,741
2026-02-14,C003,Meta,JP,static,954.25,49835,746
2026-02-15,C003,Meta,JP,static,837.01,38630,561
2026-02-16,C003,Meta,JP,static,678.93,38354,580
2026-02-17,C003,Meta,JP,static,1209.21,78654,1049
2026-02-18,C003,Meta,JP,static,782.71,42021,616
2026-02-19,C003,Meta,JP,static,980.08,41524,670
2026-02-20,C003,Meta,JP,static,771.06,39020,632
2026-02-21,C003,Meta,JP,static,1244.37,48740,821
2026-02-22,C003,Meta,JP,static,1066.47,57360,905
2026-02-23,C003,Meta,JP,static,841.82,37680,630
2026-02-24,C003,Meta,JP,static,670.06,27722,469
2026-02-25,C003,Meta,JP,static,850.09,38386,570
2026-02-26,C003,Meta,JP,static,719.53,39511,504
2026-02-27,C003,Meta,JP,static,1116.32,60642,790
2026-02-28,C003,Meta,JP,static,682.26,35742,503
2026-03-01,C003,Meta,JP,static,1185.61,50659,844
2026-01-01,C004,Meta,KR,video,868.7,46160,787
2026-01-02,C004,Meta,KR,video,876.76,43079,776
2026-01-03,C004,Meta,KR,video,1029.99,55252,901
2026-01-04,C004,Meta,KR,video,950.8,51902,995
2026-01-05,C004,Meta,KR,video,980.17,66555,1104
2026-01-06,C004,Meta,KR,video,684.8,42036,761
2026-01-07,C004,Meta,KR,video,650.9,45098,698
2026-01-08,C004,Meta,KR,video,801.53,36028,744
2026-01-09,C004,Meta,KR,video,972.66,45790,900
2026-01-10,C004,Meta,KR,video,1227.83,60690,1126
2026-01-11,C004,Meta,KR,video,1008.89,53998,905
2026-01-12,C004,Meta,KR,video,852.69,47683,836
2026-01-13,C004,Meta,KR,video,773.94,38256,706
2026-01-14,C004,Meta,KR,video,784.66,46777,781
2026-01-15,C004,Meta,KR,video,945.27,66383,1053
2026-01-16,C004,Meta,KR,video,963.02,59182,1019
2026-01-17,C004,Meta,KR,video,1143.24,63749,1201
2026-01-18,C004,Meta,KR,video,948.05,63092,1091
2026-01-19,C004,Meta,KR,video,956.15,53701,992
2026-01-20,C004,Meta,KR,video,984.86,61140,1121
2026-01-21,C004,Meta,KR,video,1064.98,61819,958
2026-01-22,C004,Meta,KR,video,912.64,51703,1039
2026-01-23,C004,Meta,KR,video,807.08,48605,755
2026-01-24,C004,Meta,KR,video,858.75,47274,876
2026-01-25,C004,Meta,KR,video,1202.55,59366,1203
2026-01-26,C004,Meta,KR,video,1144.35,62112,1145
2026-01-27,C004,Meta,KR,video,788.39,55763,874
2026-01-28,C004,Meta,KR,video,674.6,36758,609
2026-01-29,C004,Meta,KR,video,767.54,38434,772
2026-01-30,C004,Meta,KR,video,1028.6,64326,1111
2026-01-31,C004,Meta,KR,video,770.13,45889,891
2026-02-01,C004,Meta,KR,video,1013.65,52902,883
2026-02-02,C004,Meta,KR,video,674.45,39216,663
2026-02-03,C004,Meta,KR,video,920.32,58223,912
2026-02-04,C004,Meta,KR,video,1046.04,51883,1006
2026-02-05,C004,Meta,KR,video,941.64,42247,874
2026-02-06,C004,Meta,KR,video,952.38,47370,909
2026-02-07,C004,Meta,KR,video,736.64,43400,716
2026-02-08,C004,Meta,KR,video,776.48,51887,808
2026-02-09,C004,Meta,KR,video,1170.58,62296,1213
2026-02-10,C004,Meta,KR,video,917.62,54915,903
2026-02-11,C004,Meta,KR,video,1045.03,50783,923
2026-02-12,C004,Meta,KR,video,762.6,45621,751
2026-02-13,C004,Meta,KR,video,1233.72,63596,1186
2026-02-14,C004,Meta,KR,video,982.85,55493,980
2026-02-15,C004,Meta,KR,video,918.95,48944,919
2026-02-16,C004,Meta,KR,video,1123.48,57823,1046
2026-02-17,C004,Meta,KR,video,941.66,46974,857
2026-02-18,C004,Meta,KR,video,868.01,56370,913
2026-02-19,C004,Meta,KR,video,691.08,29852,610
2026-02-20,C004,Meta,KR,video,848.97,44205,888
2026-02-21,C004,Meta,KR,video,1401.69,61469,1259
2026-02-22,C004,Meta,KR,video,996.95,49617,997
2026-02-23,C004,Meta,KR,video,1135.13,55611,1110
2026-02-24,C004,Meta,KR,video,1099.97,57704,1024
2026-02-25,C004,Meta,KR,video,804.99,41065,807
2026-02-26,C004,Meta,KR,video,728.14,40729,727
2026-02-27,C004,Meta,KR,video,1087.76,62349,1180
2026-02-28,C004,Meta,KR,video,900.16,42588,810
2026-03-01,C004,Meta,KR,video,995.31,52358,871
2026-01-01,C005,Meta,BR,static,802.24,83857,1184
2026-01-02,C005,Meta,BR,static,888.26,100460,1409
2026-01-03,C005,Meta,BR,static,874.28,92345,1306
2026-01-04,C005,Meta,BR,static,662.35,59586,958
2026-01-05,C005,Meta,BR,static,613.18,60064,872
2026-01-06,C005,Meta,BR,static,827.14,86154,1277
2026-01-07,C005,Meta,BR,static,1005.3,96008,1602
2026-01-08,C005,Meta,BR,static,831.41,79712,1272
2026-01-09,C005,Meta,BR,static,949.52,133541,1702
2026-01-10,C005,Meta,BR,static,1027.15,113738,1769
2026-01-11,C005,Meta,BR,static,666.07,74681,1090
2026-01-12,C005,Meta,BR,static,821.44,98955,1349
2026-01-13,C005,Meta,BR,static,969.68,103882,1652
2026-01-14,C005,Meta,BR,static,795.14,100602,1445
2026-01-15,C005,Meta,BR,static,737.77,82344,1226
2026-01-16,C005,Meta,BR,static,1251.82,174477,2287
2026-01-17,C005,Meta,BR,static,1173.31,136036,1938
2026-01-18,C005,Meta,BR,static,1113.45,128117,1692
2026-01-19,C005,Meta,BR,static,1013.8,144655,1918
2026-01-20,C005,Meta,BR,static,652.49,62731,1032
2026-01-21,C005,Meta,BR,static,876.42,113680,1569
2026-01-22,C005,Meta,BR,static,1104.48,126180,1771
2026-01-23,C005,Meta,BR,static,807.83,92331,1393
2026-01-24,C005,Meta,BR,static,1165.35,107484,1765
2026-01-25,C005,Meta,BR,static,750.66,72968,1171
2026-01-26,C005,Meta,BR,static,794.19,76762,1165
2026-01-27,C005,Meta,BR,static,809.19,73364,1168
2026-01-28,C005,Meta,BR,static,620.17,70244,979
2026-01-29,C005,Meta,BR,static,781.19,70122,1099
2026-01-30,C005,Meta,BR,static,1156.0,111810,1631
2026-01-31,C005,Meta,BR,static,831.16,97900,1294
2026-02-01,C005,Meta,BR,static,890.24,100534,1587
2026-02-02,C005,Meta,BR,static,897.21,102042,1401
2026-02-03,C005,Meta,BR,static,851.33,74240,1219
2026-02-04,C005,Meta,BR,static,1105.7,116826,1962
2026-02-05,C005,Meta,BR,static,803.02,78820,1218
2026-02-06,C005,Meta,BR,static,963.34,117632,1575
2026-02-07,C005,Meta,BR,static,702.19,66726,1062
2026-02-08,C005,Meta,BR,static,1035.03,101386,1602
2026-02-09,C005,Meta,BR,static,778.15,112517,1440
2026-02-10,C005,Meta,BR,static,660.96,91188,1175
2026-02-11,C005,Meta,BR,static,917.76,117495,1738
2026-02-12,C005,Meta,BR,static,808.66,103806,1392
2026-02-13,C005,Meta,BR,static,1238.79,111352,1852
2026-02-14,C005,Meta,BR,static,792.86,75091,1205
2026-02-15,C005,Meta,BR,static,1230.84,142460,1875
2026-02-16,C005,Meta,BR,static,697.21,95180,1250
2026-02-17,C005,Meta,BR,static,646.65,72818,1025
2026-02-18,C005,Meta,BR,static,1084.08,142670,1985
2026-02-19,C005,Meta,BR,static,630.27,56207,942
2026-02-20,C005,Meta,BR,static,1147.04,150091,1953
2026-02-21,C005,Meta,BR,static,853.65,99518,1404
2026-02-22,C005,Meta,BR,static,588.4,59960,837
2026-02-23,C005,Meta,BR,static,953.73,90885,1360
2026-02-24,C005,Meta,BR,static,897.29,84625,1362
2026-02-25,C005,Meta,BR,static,656.27,80947,1147
2026-02-26,C005,Meta,BR,static,755.79,78409,1217
2026-02-27,C005,Meta,BR,static,1101.69,123500,1856
2026-02-28,C005,Meta,BR,static,1022.69,101085,1558
2026-03-01,C005,Meta,BR,static,707.92,69709,1015
2026-01-01,C006,Meta,JP,video,1041.44,46865,785
2026-01-02,C006,Meta,JP,video,875.88,39625,621
2026-01-03,C006,Meta,JP,video,789.1,34761,557
2026-01-04,C006,Meta,JP,video,1405.22,57904,1092
2026-01-05,C006,Meta,JP,video,836.4,32454,540
2026-01-06,C006,Meta,JP,video,615.97,23694,475
2026-01-07,C006,Meta,JP,video,690.1,22792,445
2026-01-08,C006,Meta,JP,video,1064.9,38881,725
2026-01-09,C006,Meta,JP,video,852.76,28452,575
2026-01-10,C006,Meta,JP,video,1015.39,40700,752
2026-01-11,C006,Meta,JP,video,1181.43,48855,898
2026-01-12,C006,Meta,JP,video,1176.31,39738,820
2026-01-13,C006,Meta,JP,video,1029.38,49720,863
2026-01-14,C006,Meta,JP,video,884.04,38099,728
2026-01-15,C006,Meta,JP,video,785.85,34354,613
2026-01-16,C006,Meta,JP,video,854.99,32294,581
2026-01-17,C006,Meta,JP,video,1278.41,47688,854
2026-01-18,C006,Meta,JP,video,1181.73,48849,944
2026-01-19,C006,Meta,JP,video,910.2,36848,622
2026-01-20,C006,Meta,JP,video,774.7,35820,645
2026-01-21,C006,Meta,JP,video,860.35,30635,616
2026-01-22,C006,Meta,JP,video,842.63,29984,567
2026-01-23,C006,Meta,JP,video,861.68,39721,621
2026-01-24,C006,Meta,JP,video,691.97,27690,476
2026-01-25,C006,Meta,JP,video,851.79,39995,702
2026-01-26,C006,Meta,JP,video,829.65,39822,691
2026-01-27,C006,Meta,JP,video,1082.9,55106,859
2026-01-28,C006,Meta,JP,video,793.1,39264,609
2026-01-29,C006,Meta,JP,video,820.21,32735,544
2026-01-30,C006,Meta,JP,video,1047.72,34853,720
2026-01-31,C006,Meta,JP,video,982.16,37324,658
2026-02-01,C006,Meta,JP,video,992.65,44311,718
2026-02-02,C006,Meta,JP,video,942.62,41519,796
2026-02-03,C006,Meta,JP,video,885.08,41105,687
2026-02-04,C006,Meta,JP,video,1106.05,47664,816
2026-02-05,C006,Meta,JP,video,1304.66,57029,1106
2026-02-06,C006,Meta,JP,video,687.18,27949,533
2026-02-07,C006,Meta,JP,video,1001.59,51741,796
2026-02-08,C006,Meta,JP,video,1232.66,55725,894
2026-02-09,C006,Meta,JP,video,1369.38,53605,976
2026-02-10,C006,Meta,JP,video,1026.78,43724,780
2026-02-11,C006,Meta,JP,video,942.25,33009,676
2026-02-12,C006,Meta,JP,video,911.21,39666,654
2026-02-13,C006,Meta,JP,video,1371.03,58436,1072
2026-02-14,C006,Meta,JP,video,808.51,34432,704
2026-02-15,C006,Meta,JP,video,931.35,36639,611
2026-02-16,C006,Meta,JP,video,749.11,38011,611
2026-02-17,C006,Meta,JP,video,1074.56,40153,802
2026-02-18,C006,Meta,JP,video,921.26,35249,715
2026-02-19,C006,Meta,JP,video,754.48,36087,649
2026-02-20,C006,Meta,JP,video,950.68,38831,779
2026-02-21,C006,Meta,JP,video,666.3,23254,480
2026-02-22,C006,Meta,JP,video,672.74,30828,498
2026-02-23,C006,Meta,JP,video,803.4,37128,667
2026-02-24,C006,Meta,JP,video,951.68,29690,614
2026-02-25,C006,Meta,JP,video,1070.87,45755,877
2026-02-26,C006,Meta,JP,video,914.42,44914,729
2026-02-27,C006,Meta,JP,video,706.84,33881,576
2026-02-28,C006,Meta,JP,video,925.76,36056,658
2026-03-01,C006,Meta,JP,video,804.08,29505,528
2026-01-01,C007,Meta,IN,playable,943.48,93637,1897
2026-01-02,C007,Meta,IN,playable,920.5,95735,2189
2026-01-03,C007,Meta,IN,playable,1031.22,115679,2241
2026-01-04,C007,Meta,IN,playable,1009.58,131800,2572
2026-01-05,C007,Meta,IN,playable,1248.41,121991,2473
2026-01-06,C007,Meta,IN,playable,927.0,91722,2176
2026-01-07,C007,Meta,IN,playable,975.28,82503,1989
2026-01-08,C007,Meta,IN,playable,1209.6,126783,2747
2026-01-09,C007,Meta,IN,playable,707.5,75999,1629
2026-01-10,C007,Meta,IN,playable,798.31,83950,1580
2026-01-11,C007,Meta,IN,playable,552.17,57839,1263
2026-01-12,C007,Meta,IN,playable,1267.32,111270,2691
2026-01-13,C007,Meta,IN,playable,711.55,83883,1584
2026-01-14,C007,Meta,IN,playable,653.73,67544,1593
2026-01-15,C007,Meta,IN,playable,1054.65,115081,2448
2026-01-16,C007,Meta,IN,playable,816.65,98655,1909
2026-01-17,C007,Meta,IN,playable,1024.23,111890,2103
2026-01-18,C007,Meta,IN,playable,1110.34,111101,2655
2026-01-19,C007,Meta,IN,playable,820.29,99231,2121
2026-01-20,C007,Meta,IN,playable,855.54,73874,1736
2026-01-21,C007,Meta,IN,playable,1103.37,114299,2617
2026-01-22,C007,Meta,IN,playable,1024.43,116732,2207
2026-01-23,C007,Meta,IN,playable,1124.46,109632,2520
2026-01-24,C007,Meta,IN,playable,1004.18,102217,2048
2026-01-25,C007,Meta,IN,playable,1212.87,138834,2602
2026-01-26,C007,Meta,IN,playable,765.08,71960,1713
2026-01-27,C007,Meta,IN,playable,963.63,82473,1983
2026-01-28,C007,Meta,IN,playable,860.3,94094,2024
2026-01-29,C007,Meta,IN,playable,681.3,76483,1545
2026-01-30,C007,Meta,IN,playable,720.4,77810,1590
2026-01-31,C007,Meta,IN,playable,769.85,73011,1586
2026-02-01,C007,Meta,IN,playable,1024.06,132092,2659
2026-02-02,C007,Meta,IN,playable,1049.84,130134,2606
2026-02-03,C007,Meta,IN,playable,689.34,71573,1490
2026-02-04,C007,Meta,IN,playable,735.58,67508,1602
2026-02-05,C007,Meta,IN,playable,665.57,71199,1533
2026-02-06,C007,Meta,IN,playable,703.81,81764,1525
2026-02-07,C007,Meta,IN,playable,1021.07,99417,1977
2026-02-08,C007,Meta,IN,playable,1397.63,127533,2721
2026-02-09,C007,Meta,IN,playable,994.45,91869,2193
2026-02-10,C007,Meta,IN,playable,704.01,70869,1585
2026-02-11,C007,Meta,IN,playable,849.03,88456,1694
2026-02-12,C007,Meta,IN,playable,1061.25,92289,2133
2026-02-13,C007,Meta,IN,playable,958.62,112333,2128
2026-02-14,C007,Meta,IN,playable,764.43,73693,1821
2026-02-15,C007,Meta,IN,playable,1112.72,99209,2287
2026-02-16,C007,Meta,IN,playable,1061.24,124747,2738
2026-02-17,C007,Meta,IN,playable,646.61,76453,1441
2026-02-18,C007,Meta,IN,playable,1014.59,101630,2021
2026-02-19,C007,Meta,IN,playable,754.45,66389,1616
2026-02-20,C007,Meta,IN,playable,1071.8,111281,2530
2026-02-21,C007,Meta,IN,playable,1345.39,118646,2870
2026-02-22,C007,Meta,IN,playable,1016.57,107479,2425
2026-02-23,C007,Meta,IN,playable,722.98,69498,1724
2026-02-24,C007,Meta,IN,playable,721.75,75462,1438
2026-02-25,C007,Meta,IN,playable,1097.6,106578,2561
2026-02-26,C007,Meta,IN,playable,463.69,49068,1179
2026-02-27,C007,Meta,IN,playable,1018.42,106193,2450
2026-02-28,C007,Meta,IN,playable,1020.89,114576,2381
2026-03-01,C007,Meta,IN,playable,978.97,116295,2395
2026-01-01,C008,Meta,JP,playable,955.11,32335,648
2026-01-02,C008,Meta,JP,playable,1433.96,63924,1228
2026-01-03,C008,Meta,JP,playable,918.03,32078,612
2026-01-04,C008,Meta,JP,playable,916.06,27763,600
2026-01-05,C008,Meta,JP,playable,1112.58,37688,789
2026-01-06,C008,Meta,JP,playable,869.25,23047,560
2026-01-07,C008,Meta,JP,playable,812.92,25923,529
2026-01-08,C008,Meta,JP,playable,814.39,23864,551
2026-01-09,C008,Meta,JP,playable,995.72,43334,862
2026-01-10,C008,Meta,JP,playable,989.28,38493,810
2026-01-11,C008,Meta,JP,playable,745.51,33773,647
2026-01-12,C008,Meta,JP,playable,1007.98,35835,838
2026-01-13,C008,Meta,JP,playable,681.54,24959,540
2026-01-14,C008,Meta,JP,playable,1060.8,40161,801
2026-01-15,C008,Meta,JP,playable,996.94,32202,717
2026-01-16,C008,Meta,JP,playable,922.06,32087,733
2026-01-17,C008,Meta,JP,playable,1221.54,38563,851
2026-01-18,C008,Meta,JP,playable,1026.52,29897,694
2026-01-19,C008,Meta,JP,playable,729.44,23561,542
2026-01-20,C008,Meta,JP,playable,717.79,26101,511
2026-01-21,C008,Meta,JP,playable,917.33,32365,642
2026-01-22,C008,Meta,JP,playable,874.85,37182,721
2026-01-23,C008,Meta,JP,playable,959.52,39922,815
2026-01-24,C008,Meta,JP,playable,830.48,33606,652
2026-01-25,C008,Meta,JP,playable,935.41,32584,724
2026-01-26,C008,Meta,JP,playable,774.47,31308,664
2026-01-27,C008,Meta,JP,playable,662.64,24165,523
2026-01-28,C008,Meta,JP,playable,969.97,35799,732
2026-01-29,C008,Meta,JP,playable,1232.91,41757,1006
2026-01-30,C008,Meta,JP,playable,1309.07,43703,1080
2026-01-31,C008,Meta,JP,playable,1072.88,47140,917
2026-02-01,C008,Meta,JP,playable,1033.75,39636,816
2026-02-02,C008,Meta,JP,playable,808.56,27730,584
2026-02-03,C008,Meta,JP,playable,1057.91,39669,822
2026-02-04,C008,Meta,JP,playable,733.5,22143,525
2026-02-05,C008,Meta,JP,playable,1087.56,37351,910
2026-02-06,C008,Meta,JP,playable,931.07,37674,799
2026-02-07,C008,Meta,JP,playable,924.62,40033,794
2026-02-08,C008,Meta,JP,playable,931.53,30614,617
2026-02-09,C008,Meta,JP,playable,724.52,22999,570
2026-02-10,C008,Meta,JP,playable,1105.57,33171,789
2026-02-11,C008,Meta,JP,playable,808.53,30932,703
2026-02-12,C008,Meta,JP,playable,670.77,19613,472
2026-02-13,C008,Meta,JP,playable,890.01,39539,731
2026-02-14,C008,Meta,JP,playable,977.32,35352,735
2026-02-15,C008,Meta,JP,playable,1146.74,51824,953
2026-02-16,C008,Meta,JP,playable,758.82,30053,637
2026-02-17,C008,Meta,JP,playable,758.04,26893,637
2026-02-18,C008,Meta,JP,playable,810.85,29277,661
2026-02-19,C008,Meta,JP,playable,907.79,24592,591
2026-02-20,C008,Meta,JP,playable,1122.02,35676,883
2026-02-21,C008,Meta,JP,playable,837.19,24636,559
2026-02-22,C008,Meta,JP,playable,871.68,36823,679
2026-02-23,C008,Meta,JP,playable,841.24,34533,643
2026-02-24,C008,Meta,JP,playable,721.35,21290,518
2026-02-25,C008,Meta,JP,playable,1032.79,30672,728
2026-02-26,C008,Meta,JP,playable,771.83,27641,544
2026-02-27,C008,Meta,JP,playable,862.59,25868,583
2026-02-28,C008,Meta,JP,playable,987.45,32956,818
2026-03-01,C008,Meta,JP,playable,1001.92,29867,700
2026-01-01,C009,Google Ads,US,static,790.7,36679,476
2026-01-02,C009,Google Ads,US,static,766.43,44343,591
2026-01-03,C009,Google Ads,US,static,782.31,38857,505
2026-01-04,C009,Google Ads,US,static,1264.55,56063,835
2026-01-05,C009,Google Ads,US,static,878.71,46086,551
2026-01-06,C009,Google Ads,US,static,1138.76,61881,821
2026-01-07,C009,Google Ads,US,static,1066.74,71039,810
2026-01-08,C009,Google Ads,US,static,981.79,56444,770
2026-01-09,C009,Google Ads,US,static,1460.99,105260,1174
2026-01-10,C009,Google Ads,US,static,1165.71,63382,766
2026-01-11,C009,Google Ads,US,static,970.05,55522,756
2026-01-12,C009,Google Ads,US,static,859.84,53946,625
2026-01-13,C009,Google Ads,US,static,762.16,37789,467
2026-01-14,C009,Google Ads,US,static,899.89,48744,660
2026-01-15,C009,Google Ads,US,static,1304.63,62931,868
2026-01-16,C009,Google Ads,US,static,1039.91,58094,682
2026-01-17,C009,Google Ads,US,static,813.51,42864,503
2026-01-18,C009,Google Ads,US,static,950.49,48793,618
2026-01-19,C009,Google Ads,US,static,1055.18,49728,669
2026-01-20,C009,Google Ads,US,static,777.68,32506,479
2026-01-21,C009,Google Ads,US,static,748.38,36195,493
2026-01-22,C009,Google Ads,US,static,973.74,58107,787
2026-01-23,C009,Google Ads,US,static,617.81,33236,405
2026-01-24,C009,Google Ads,US,static,673.42,39844,473
2026-01-25,C009,Google Ads,US,static,940.31,47111,603
2026-01-26,C009,Google Ads,US,static,1155.31,52841,770
2026-01-27,C009,Google Ads,US,static,1350.01,81712,967
2026-01-28,C009,Google Ads,US,static,785.18,36846,535
2026-01-29,C009,Google Ads,US,static,862.06,41544,551
2026-01-30,C009,Google Ads,US,static,1077.17,70563,842
2026-01-31,C009,Google Ads,US,static,1174.95,53017,727
2026-02-01,C009,Google Ads,US,static,1230.1,59500,820
2026-02-02,C009,Google Ads,US,static,887.88,35951,538
2026-02-03,C009,Google Ads,US,static,968.33,63725,724
2026-02-04,C009,Google Ads,US,static,729.51,37331,452
2026-02-05,C009,Google Ads,US,static,1433.59,68608,999
2026-02-06,C009,Google Ads,US,static,796.85,43762,621
2026-02-07,C009,Google Ads,US,static,1066.26,52308,733
2026-02-08,C009,Google Ads,US,static,848.52,43538,537
2026-02-09,C009,Google Ads,US,static,917.35,49386,599
2026-02-10,C009,Google Ads,US,static,1044.86,55089,717
2026-02-11,C009,Google Ads,US,static,738.64,40581,578
2026-02-12,C009,Google Ads,US,static,993.7,54733,740
2026-02-13,C009,Google Ads,US,static,889.15,47839,588
2026-02-14,C009,Google Ads,US,static,1012.82,53431,761
2026-02-15,C009,Google Ads,US,static,1241.64,58741,851
2026-02-16,C009,Google Ads,US,static,745.78,36358,472
2026-02-17,C009,Google Ads,US,static,874.04,48027,648
2026-02-18,C009,Google Ads,US,static,1042.19,55435,797
2026-02-19,C009,Google Ads,US,static,846.77,43910,603
2026-02-20,C009,Google Ads,US,static,1056.06,55254,758
2026-02-21,C009,Google Ads,US,static,1179.26,76903,862
2026-02-22,C009,Google Ads,US,static,1041.41,65542,743
2026-02-23,C009,Google Ads,US,static,918.53,43446,626
2026-02-24,C009,Google Ads,US,static,1120.1,46042,678
2026-02-25,C009,Google Ads,US,static,784.4,39398,541
2026-02-26,C009,Google Ads,US,static,626.7,33420,481
2026-02-27,C009,Google Ads,US,static,1023.89,53894,797
2026-02-28,C009,Google Ads,US,static,960.88,52333,677
2026-03-01,C009,Google Ads,US,static,957.57,49590,597
2026-01-01,C010,Google Ads,BR,playable,828.51,75515,1377
2026-01-02,C010,Google Ads,BR,playable,897.52,68476,1324
2026-01-03,C010,Google Ads,BR,playable,649.72,50178,961
2026-01-04,C010,Google Ads,BR,playable,1061.18,101358,1968
2026-01-05,C010,Google Ads,BR,playable,979.63,96376,1777
2026-01-06,C010,Google Ads,BR,playable,756.52,67392,1100
2026-01-07,C010,Google Ads,BR,playable,832.82,71652,1434
2026-01-08,C010,Google Ads,BR,playable,709.39,75567,1275
2026-01-09,C010,Google Ads,BR,playable,1236.38,115987,2082
2026-01-10,C010,Google Ads,BR,playable,1080.41,79513,1706
2026-01-11,C010,Google Ads,BR,playable,928.38,63998,1305
2026-01-12,C010,Google Ads,BR,playable,955.8,81089,1446
2026-01-13,C010,Google Ads,BR,playable,1066.26,101321,1922
2026-01-14,C010,Google Ads,BR,playable,1044.74,94961,1960
2026-01-15,C010,Google Ads,BR,playable,816.93,73564,1440
2026-01-16,C010,Google Ads,BR,playable,938.38,78377,1381
2026-01-17,C010,Google Ads,BR,playable,678.92,58210,1006
2026-01-18,C010,Google Ads,BR,playable,905.1,60089,1299
2026-01-19,C010,Google Ads,BR,playable,849.74,74269,1244
2026-01-20,C010,Google Ads,BR,playable,1021.55,89746,1804
2026-01-21,C010,Google Ads,BR,playable,1036.32,80288,1465
2026-01-22,C010,Google Ads,BR,playable,963.42,76053,1664
2026-01-23,C010,Google Ads,BR,playable,1170.8,103117,1776
2026-01-24,C010,Google Ads,BR,playable,1169.45,110863,2051
2026-01-25,C010,Google Ads,BR,playable,953.09,75223,1551
2026-01-26,C010,Google Ads,BR,playable,934.44,80572,1611
2026-01-27,C010,Google Ads,BR,playable,868.09,76996,1411
2026-01-28,C010,Google Ads,BR,playable,967.98,84309,1401
2026-01-29,C010,Google Ads,BR,playable,1161.39,83775,1685
2026-01-30,C010,Google Ads,BR,playable,1094.02,109140,1865
2026-01-31,C010,Google Ads,BR,playable,892.01,81874,1428
2026-02-01,C010,Google Ads,BR,playable,1388.65,128634,2216
2026-02-02,C010,Google Ads,BR,playable,721.57,79979,1358
2026-02-03,C010,Google Ads,BR,playable,1230.96,109267,1981
2026-02-04,C010,Google Ads,BR,playable,1075.48,86434,1751
2026-02-05,C010,Google Ads,BR,playable,819.05,64427,1316
2026-02-06,C010,Google Ads,BR,playable,783.49,55554,1224
2026-02-07,C010,Google Ads,BR,playable,1158.48,79570,1745
2026-02-08,C010,Google Ads,BR,playable,973.3,86696,1421
2026-02-09,C010,Google Ads,BR,playable,1083.59,93193,2027
2026-02-10,C010,Google Ads,BR,playable,978.48,73488,1475
2026-02-11,C010,Google Ads,BR,playable,885.69,84694,1423
2026-02-12,C010,Google Ads,BR,playable,901.19,63095,1354
2026-02-13,C010,Google Ads,BR,playable,799.34,65634,1162
2026-02-14,C010,Google Ads,BR,playable,1254.54,124467,2116
2026-02-15,C010,Google Ads,BR,playable,1168.63,91153,1806
2026-02-16,C010,Google Ads,BR,playable,938.41,87792,1675
2026-02-17,C010,Google Ads,BR,playable,1220.74,93395,1712
2026-02-18,C010,Google Ads,BR,playable,1086.44,93250,1987
2026-02-19,C010,Google Ads,BR,playable,922.32,71941,1527
2026-02-20,C010,Google Ads,BR,playable,1154.74,103940,1817
2026-02-21,C010,Google Ads,BR,playable,1508.93,120580,2236
2026-02-22,C010,Google Ads,BR,playable,1225.18,104047,2094
2026-02-23,C010,Google Ads,BR,playable,1024.84,81273,1740
2026-02-24,C010,Google Ads,BR,playable,1041.3,92170,1775
2026-02-25,C010,Google Ads,BR,playable,1190.44,88613,1867
2026-02-26,C010,Google Ads,BR,playable,1219.34,94732,1795
2026-02-27,C010,Google Ads,BR,playable,700.18,59635,1143
2026-02-28,C010,Google Ads,BR,playable,1105.96,78661,1619
2026-03-01,C010,Google Ads,BR,playable,1061.65,111143,1990
2026-01-01,C011,Google Ads,JP,static,632.21,31882,455
2026-01-02,C011,Google Ads,JP,static,854.9,46196,641
2026-01-03,C011,Google Ads,JP,static,1004.41,71169,806
2026-01-04,C011,Google Ads,JP,static,1093.31,63064,848
2026-01-05,C011,Google Ads,JP,static,777.36,43886,596
2026-01-06,C011,Google Ads,JP,static,1230.9,65181,889
2026-01-07,C011,Google Ads,JP,static,749.66,35015,497
2026-01-08,C011,Google Ads,JP,static,883.18,52754,720
2026-01-09,C011,Google Ads,JP,static,1252.92,74681,1086
2026-01-10,C011,Google Ads,JP,static,772.15,36544,549
2026-01-11,C011,Google Ads,JP,static,846.75,36627,552
2026-01-12,C011,Google Ads,JP,static,903.1,49602,730
2026-01-13,C011,Google Ads,JP,static,1154.02,65006,837
2026-01-14,C011,Google Ads,JP,static,1168.33,62342,892
2026-01-15,C011,Google Ads,JP,static,842.78,58079,683
2026-01-16,C011,Google Ads,JP,static,911.75,47257,679
2026-01-17,C011,Google Ads,JP,static,1384.28,73361,919
2026-01-18,C011,Google Ads,JP,static,788.53,42666,629
2026-01-19,C011,Google Ads,JP,static,1332.17,84770,968
2026-01-20,C011,Google Ads,JP,static,904.4,42916,629
2026-01-21,C011,Google Ads,JP,static,768.28,40298,506
2026-01-22,C011,Google Ads,JP,static,1034.8,65863,799
2026-01-23,C011,Google Ads,JP,static,1170.93,65637,930
2026-01-24,C011,Google Ads,JP,static,1277.86,65856,941
2026-01-25,C011,Google Ads,JP,static,884.59,45283,586
2026-01-26,C011,Google Ads,JP,static,1004.41,51526,652
2026-01-27,C011,Google Ads,JP,static,1020.13,49750,731
2026-01-28,C011,Google Ads,JP,static,1344.24,64143,882
2026-01-29,C011,Google Ads,JP,static,830.51,44665,537
2026-01-30,C011,Google Ads,JP,static,833.23,59045,722
2026-01-31,C011,Google Ads,JP,static,887.21,52729,698
2026-02-01,C011,Google Ads,JP,static,1078.76,64140,875
2026-02-02,C011,Google Ads,JP,static,968.83,55869,681
2026-02-03,C011,Google Ads,JP,static,704.89,44162,604
2026-02-04,C011,Google Ads,JP,static,1063.46,58840,816
2026-02-05,C011,Google Ads,JP,static,1006.33,51990,754
2026-02-06,C011,Google Ads,JP,static,884.59,52350,616
2026-02-07,C011,Google Ads,JP,static,1193.51,64268,858
2026-02-08,C011,Google Ads,JP,static,811.78,45354,586
2026-02-09,C011,Google Ads,JP,static,920.1,47840,672
2026-02-10,C011,Google Ads,JP,static,896.86,50014,628
2026-02-11,C011,Google Ads,JP,static,993.37,51592,737
2026-02-12,C011,Google Ads,JP,static,1179.68,67708,900
2026-02-13,C011,Google Ads,JP,static,874.14,43812,612
2026-02-14,C011,Google Ads,JP,static,867.32,57024,679
2026-02-15,C011,Google Ads,JP,static,1310.17,67316,975
2026-02-16,C011,Google Ads,JP,static,1139.72,61778,819
2026-02-17,C011,Google Ads,JP,static,845.22,38942,561
2026-02-18,C011,Google Ads,JP,static,894.36,52337,588
2026-02-19,C011,Google Ads,JP,static,804.8,56876,664
2026-02-20,C011,Google Ads,JP,static,1244.04,75280,1031
2026-02-21,C011,Google Ads,JP,static,1026.04,58146,752
2026-02-22,C011,Google Ads,JP,static,1231.26,69370,1011
2026-02-23,C011,Google Ads,JP,static,1048.02,52961,680
2026-02-24,C011,Google Ads,JP,static,1048.34,66740,779
2026-02-25,C011,Google Ads,JP,static,784.9,53583,625
2026-02-26,C011,Google Ads,JP,static,851.13,46174,602
2026-02-27,C011,Google Ads,JP,static,1186.86,64662,935
2026-02-28,C011,Google Ads,JP,static,1055.92,54533,811
2026-03-01,C011,Google Ads,JP,static,808.04,46521,654
2026-01-01,C012,Google Ads,JP,playable,948.7,37626,822
2026-01-02,C012,Google Ads,JP,playable,1276.12,48467,1036
2026-01-03,C012,Google Ads,JP,playable,1375.35,57302,1133
2026-01-04,C012,Google Ads,JP,playable,1165.71,43568,941
2026-01-05,C012,Google Ads,JP,playable,887.55,37159,696
2026-01-06,C012,Google Ads,JP,playable,896.97,35794,771
2026-01-07,C012,Google Ads,JP,playable,991.46,40051,743
2026-01-08,C012,Google Ads,JP,playable,868.71,33123,591
2026-01-09,C012,Google Ads,JP,playable,1250.72,53649,883
2026-01-10,C012,Google Ads,JP,playable,1303.22,47538,941
2026-01-11,C012,Google Ads,JP,playable,982.03,45676,838
2026-01-12,C012,Google Ads,JP,playable,816.26,37149,690
2026-01-13,C012,Google Ads,JP,playable,783.65,25293,555
2026-01-14,C012,Google Ads,JP,playable,809.04,32239,653
2026-01-15,C012,Google Ads,JP,playable,714.47,26294,563
2026-01-16,C012,Google Ads,JP,playable,655.67,19702,424
2026-01-17,C012,Google Ads,JP,playable,861.72,27918,555
2026-01-18,C012,Google Ads,JP,playable,1263.33,48695,963
2026-01-19,C012,Google Ads,JP,playable,850.25,27089,562
2026-01-20,C012,Google Ads,JP,playable,1306.7,49676,1023
2026-01-21,C012,Google Ads,JP,playable,826.7,26926,577
2026-01-22,C012,Google Ads,JP,playable,1102.14,42248,861
2026-01-23,C012,Google Ads,JP,playable,847.97,33175,687
2026-01-24,C012,Google Ads,JP,playable,754.16,27258,566
2026-01-25,C012,Google Ads,JP,playable,1182.35,43071,942
2026-01-26,C012,Google Ads,JP,playable,890.25,33884,626
2026-01-27,C012,Google Ads,JP,playable,1007.42,42957,844
2026-01-28,C012,Google Ads,JP,playable,729.23,27304,514
2026-01-29,C012,Google Ads,JP,playable,885.43,33859,721
2026-01-30,C012,Google Ads,JP,playable,1072.47,44338,809
2026-01-31,C012,Google Ads,JP,playable,1039.41,32596,703
2026-02-01,C012,Google Ads,JP,playable,1202.16,42952,806
2026-02-02,C012,Google Ads,JP,playable,844.64,36775,601
2026-02-03,C012,Google Ads,JP,playable,980.42,42461,742
2026-02-04,C012,Google Ads,JP,playable,1169.01,38591,818
2026-02-05,C012,Google Ads,JP,playable,712.21,25613,474
2026-02-06,C012,Google Ads,JP,playable,931.69,36856,608
2026-02-07,C012,Google Ads,JP,playable,1245.05,46574,934
2026-02-08,C012,Google Ads,JP,playable,843.37,26983,547
2026-02-09,C012,Google Ads,JP,playable,921.56,43833,733
2026-02-10,C012,Google Ads,JP,playable,1028.51,38891,743
2026-02-11,C012,Google Ads,JP,playable,716.77,25704,530
2026-02-12,C012,Google Ads,JP,playable,741.38,31821,542
2026-02-13,C012,Google Ads,JP,playable,887.56,38033,686
2026-02-14,C012,Google Ads,JP,playable,1138.76,49084,822
2026-02-15,C012,Google Ads,JP,playable,953.35,33347,642
2026-02-16,C012,Google Ads,JP,playable,717.48,25018,470
2026-02-17,C012,Google Ads,JP,playable,677.32,26296,474
2026-02-18,C012,Google Ads,JP,playable,851.24,38024,700
2026-02-19,C012,Google Ads,JP,playable,1051.25,35094,752
2026-02-20,C012,Google Ads,JP,playable,946.39,32483,663
2026-02-21,C012,Google Ads,JP,playable,1102.05,45886,955
2026-02-22,C012,Google Ads,JP,playable,1221.44,47873,837
2026-02-23,C012,Google Ads,JP,playable,867.21,36584,646
2026-02-24,C012,Google Ads,JP,playable,971.04,33085,652
2026-02-25,C012,Google Ads,JP,playable,1035.41,42362,739
2026-02-26,C012,Google Ads,JP,playable,1135.66,44404,818
2026-02-27,C012,Google Ads,JP,playable,976.96,35113,743
2026-02-28,C012,Google Ads,JP,playable,1200.67,38881,792
2026-03-01,C012,Google Ads,JP,playable,967.24,30601,665
2026-01-01,C013,Google Ads,JP,video,835.54,33864,540
2026-01-02,C013,Google Ads,JP,video,912.91,34069,617
2026-01-03,C013,Google Ads,JP,video,1154.73,60659,979
2026-01-04,C013,Google Ads,JP,video,890.69,36277,598
2026-01-05,C013,Google Ads,JP,video,784.11,35066,599
2026-01-06,C013,Google Ads,JP,video,914.09,41211,689
2026-01-07,C013,Google Ads,JP,video,851.32,45403,674
2026-01-08,C013,Google Ads,JP,video,764.83,34421,563
2026-01-09,C013,Google Ads,JP,video,1049.2,57543,844
2026-01-10,C013,Google Ads,JP,video,1012.98,53070,741
2026-01-11,C013,Google Ads,JP,video,792.83,33504,605
2026-01-12,C013,Google Ads,JP,video,1200.22,53196,883
2026-01-13,C013,Google Ads,JP,video,868.67,43594,663
2026-01-14,C013,Google Ads,JP,video,1013.56,47083,734
2026-01-15,C013,Google Ads,JP,video,839.79,32722,548
2026-01-16,C013,Google Ads,JP,video,1150.3,63743,885
2026-01-17,C013,Google Ads,JP,video,832.01,44586,636
2026-01-18,C013,Google Ads,JP,video,1295.5,50427,847
2026-01-19,C013,Google Ads,JP,video,1328.92,68776,1058
2026-01-20,C013,Google Ads,JP,video,756.7,40063,622
2026-01-21,C013,Google Ads,JP,video,822.76,46939,716
2026-01-22,C013,Google Ads,JP,video,997.97,36156,647
2026-01-23,C013,Google Ads,JP,video,844.16,44781,726
2026-01-24,C013,Google Ads,JP,video,810.99,41185,576
2026-01-25,C013,Google Ads,JP,video,1153.5,53061,812
2026-01-26,C013,Google Ads,JP,video,1072.83,54148,873
2026-01-27,C013,Google Ads,JP,video,840.15,38308,543
2026-01-28,C013,Google Ads,JP,video,974.21,38376,676
2026-01-29,C013,Google Ads,JP,video,1157.2,53380,836
2026-01-30,C013,Google Ads,JP,video,1089.85,40471,705
2026-01-31,C013,Google Ads,JP,video,1075.95,44696,755
2026-02-01,C013,Google Ads,JP,video,722.71,32472,573
2026-02-02,C013,Google Ads,JP,video,658.44,31848,568
2026-02-03,C013,Google Ads,JP,video,879.14,44155,688
2026-02-04,C013,Google Ads,JP,video,741.69,34561,628
2026-02-05,C013,Google Ads,JP,video,980.61,46893,751
2026-02-06,C013,Google Ads,JP,video,1594.38,80224,1199
2026-02-07,C013,Google Ads,JP,video,799.26,31937,543
2026-02-08,C013,Google Ads,JP,video,1152.83,73204,1002
2026-02-09,C013,Google Ads,JP,video,1190.92,58370,942
2026-02-10,C013,Google Ads,JP,video,1063.7,44999,821
2026-02-11,C013,Google Ads,JP,video,829.05,31664,543
2026-02-12,C013,Google Ads,JP,video,956.15,46377,743
2026-02-13,C013,Google Ads,JP,video,992.44,48775,822
2026-02-14,C013,Google Ads,JP,video,1129.12,50021,847
2026-02-15,C013,Google Ads,JP,video,867.57,43197,620
2026-02-16,C013,Google Ads,JP,video,1108.35,48889,788
2026-02-17,C013,Google Ads,JP,video,781.26,41320,572
2026-02-18,C013,Google Ads,JP,video,1081.72,55112,768
2026-02-19,C013,Google Ads,JP,video,776.34,35745,545
2026-02-20,C013,Google Ads,JP,video,1122.85,59252,942
2026-02-21,C013,Google Ads,JP,video,825.01,37543,634
2026-02-22,C013,Google Ads,JP,video,750.23,38416,613
2026-02-23,C013,Google Ads,JP,video,972.55,41359,681
2026-02-24,C013,Google Ads,JP,video,1082.0,43709,740
2026-02-25,C013,Google Ads,JP,video,736.04,30944,496
2026-02-26,C013,Google Ads,JP,video,808.25,39476,641
2026-02-27,C013,Google Ads,JP,video,957.86,45863,797
2026-02-28,C013,Google Ads,JP,video,1157.12,46618,802
2026-03-01,C013,Google Ads,JP,video,943.27,40664,702
2026-01-01,C014,Google Ads,US,playable,1097.9,39822,742
2026-01-02,C014,Google Ads,US,playable,1079.42,45146,807
2026-01-03,C014,Google Ads,US,playable,988.36,28420,625
2026-01-04,C014,Google Ads,US,playable,930.55,27639,589
2026-01-05,C014,Google Ads,US,playable,803.38,27761,584
2026-01-06,C014,Google Ads,US,playable,700.12,28598,496
2026-01-07,C014,Google Ads,US,playable,1055.26,30088,663
2026-01-08,C014,Google Ads,US,playable,855.17,30389,608
2026-01-09,C014,Google Ads,US,playable,932.08,37362,732
2026-01-10,C014,Google Ads,US,playable,884.02,28453,592
2026-01-11,C014,Google Ads,US,playable,1078.69,42172,733
2026-01-12,C014,Google Ads,US,playable,605.0,24940,420
2026-01-13,C014,Google Ads,US,playable,1074.67,40495,701
2026-01-14,C014,Google Ads,US,playable,905.9,34799,725
2026-01-15,C014,Google Ads,US,playable,852.18,30122,648
2026-01-16,C014,Google Ads,US,playable,813.65,28198,561
2026-01-17,C014,Google Ads,US,playable,1093.62,48349,885
2026-01-18,C014,Google Ads,US,playable,897.46,25878,543
2026-01-19,C014,Google Ads,US,playable,1066.75,41739,694
2026-01-20,C014,Google Ads,US,playable,805.93,26311,528
2026-01-21,C014,Google Ads,US,playable,897.75,30307,654
2026-01-22,C014,Google Ads,US,playable,1208.91,39255,782
2026-01-23,C014,Google Ads,US,playable,689.81,22990,492
2026-01-24,C014,Google Ads,US,playable,936.24,32699,580
2026-01-25,C014,Google Ads,US,playable,975.55,29704,637
2026-01-26,C014,Google Ads,US,playable,1109.87,35623,681
2026-01-27,C014,Google Ads,US,playable,947.12,30816,585
2026-01-28,C014,Google Ads,US,playable,861.24,37730,630
2026-01-29,C014,Google Ads,US,playable,1216.53,37175,743
2026-01-30,C014,Google Ads,US,playable,1353.89,49357,975
2026-01-31,C014,Google Ads,US,playable,1207.87,47769,788
2026-02-01,C014,Google Ads,US,playable,1250.26,45563,855
2026-02-02,C014,Google Ads,US,playable,958.14,31936,579
2026-02-03,C014,Google Ads,US,playable,1033.15,33765,622
2026-02-04,C014,Google Ads,US,playable,941.81,26705,570
2026-02-05,C014,Google Ads,US,playable,921.83,33040,651
2026-02-06,C014,Google Ads,US,playable,999.06,39380,654
2026-02-07,C014,Google Ads,US,playable,1280.61,41274,891
2026-02-08,C014,Google Ads,US,playable,871.8,31240,620
2026-02-09,C014,Google Ads,US,playable,1174.54,42402,813
2026-02-10,C014,Google Ads,US,playable,917.27,29616,612
2026-02-11,C014,Google Ads,US,playable,865.48,33134,636
2026-02-12,C014,Google Ads,US,playable,918.31,27060,589
2026-02-13,C014,Google Ads,US,playable,918.93,30425,554
2026-02-14,C014,Google Ads,US,playable,825.23,26468,523
2026-02-15,C014,Google Ads,US,playable,1091.11,49276,876
2026-02-16,C014,Google Ads,US,playable,922.76,27853,587
2026-02-17,C014,Google Ads,US,playable,1017.85,38365,784
2026-02-18,C014,Google Ads,US,playable,1104.74,41504,882
2026-02-19,C014,Google Ads,US,playable,518.94,16420,321
2026-02-20,C014,Google Ads,US,playable,808.29,24555,493
2026-02-21,C014,Google Ads,US,playable,996.66,36013,721
2026-02-22,C014,Google Ads,US,playable,1071.43,40807,840
2026-02-23,C014,Google Ads,US,playable,893.49,35800,594
2026-02-24,C014,Google Ads,US,playable,774.31,29664,627
2026-02-25,C014,Google Ads,US,playable,909.18,32038,657
2026-02-26,C014,Google Ads,US,playable,897.46,29736,616
2026-02-27,C014,Google Ads,US,playable,1193.24,45812,805
2026-02-28,C014,Google Ads,US,playable,1148.17,36775,788
2026-03-01,C014,Google Ads,US,playable,906.72,28789,613
2026-01-01,C015,Google Ads,IN,video,722.3,106486,1807
2026-01-02,C015,Google Ads,IN,video,1245.62,232045,3194
2026-01-03,C015,Google Ads,IN,video,1193.55,177189,2908
2026-01-04,C015,Google Ads,IN,video,1243.34,173071,2602
2026-01-05,C015,Google Ads,IN,video,1093.83,143223,2314
2026-01-06,C015,Google Ads,IN,video,765.23,101011,1488
2026-01-07,C015,Google Ads,IN,video,971.67,116412,1889
2026-01-08,C015,Google Ads,IN,video,718.98,95372,1531
2026-01-09,C015,Google Ads,IN,video,806.9,111102,2032
2026-01-10,C015,Google Ads,IN,video,808.48,120631,1683
2026-01-11,C015,Google Ads,IN,video,836.46,115843,2085
2026-01-12,C015,Google Ads,IN,video,734.61,96715,1612
2026-01-13,C015,Google Ads,IN,video,1108.0,137826,2167
2026-01-14,C015,Google Ads,IN,video,847.17,128557,1812
2026-01-15,C015,Google Ads,IN,video,726.02,92856,1554
2026-01-16,C015,Google Ads,IN,video,1114.44,175844,2860
2026-01-17,C015,Google Ads,IN,video,1400.35,185489,2813
2026-01-18,C015,Google Ads,IN,video,1283.57,206613,3153
2026-01-19,C015,Google Ads,IN,video,997.33,119985,2197
2026-01-20,C015,Google Ads,IN,video,993.19,143480,2067
2026-01-21,C015,Google Ads,IN,video,898.74,100659,1837
2026-01-22,C015,Google Ads,IN,video,1093.04,155482,2759
2026-01-23,C015,Google Ads,IN,video,1079.16,123525,2166
2026-01-24,C015,Google Ads,IN,video,681.88,77484,1413
2026-01-25,C015,Google Ads,IN,video,811.83,103521,1756
2026-01-26,C015,Google Ads,IN,video,1136.59,161977,2277
2026-01-27,C015,Google Ads,IN,video,1038.7,175747,2576
2026-01-28,C015,Google Ads,IN,video,1032.94,126831,2220
2026-01-29,C015,Google Ads,IN,video,775.87,87879,1612
2026-01-30,C015,Google Ads,IN,video,907.54,114002,2094
2026-01-31,C015,Google Ads,IN,video,996.19,129672,2164
2026-02-01,C015,Google Ads,IN,video,974.09,153220,2528
2026-02-02,C015,Google Ads,IN,video,1091.44,152333,2460
2026-02-03,C015,Google Ads,IN,video,1021.66,181613,2573
2026-02-04,C015,Google Ads,IN,video,1030.78,162633,2505
2026-02-05,C015,Google Ads,IN,video,550.74,94169,1307
2026-02-06,C015,Google Ads,IN,video,886.82,116052,2006
2026-02-07,C015,Google Ads,IN,video,989.03,112347,1970
2026-02-08,C015,Google Ads,IN,video,1004.39,123385,2099
2026-02-09,C015,Google Ads,IN,video,986.98,144095,2105
2026-02-10,C015,Google Ads,IN,video,530.29,95046,1336
2026-02-11,C015,Google Ads,IN,video,694.31,116079,1579
2026-02-12,C015,Google Ads,IN,video,935.09,129766,1874
2026-02-13,C015,Google Ads,IN,video,1390.39,188659,3022
2026-02-14,C015,Google Ads,IN,video,972.24,139363,2372
2026-02-15,C015,Google Ads,IN,video,1298.28,174307,2582
2026-02-16,C015,Google Ads,IN,video,1064.18,195029,2742
2026-02-17,C015,Google Ads,IN,video,946.58,125944,1889
2026-02-18,C015,Google Ads,IN,video,731.78,107752,1889
2026-02-19,C015,Google Ads,IN,video,1030.18,149668,2132
2026-02-20,C015,Google Ads,IN,video,963.16,142784,2065
2026-02-21,C015,Google Ads,IN,video,1355.21,240493,3416
2026-02-22,C015,Google Ads,IN,video,868.52,135330,2030
2026-02-23,C015,Google Ads,IN,video,654.55,80169,1364
2026-02-24,C015,Google Ads,IN,video,848.78,136124,1880
2026-02-25,C015,Google Ads,IN,video,906.36,116086,2134
2026-02-26,C015,Google Ads,IN,video,1055.99,144422,2657
2026-02-27,C015,Google Ads,IN,video,880.05,118407,1972
2026-02-28,C015,Google Ads,IN,video,735.54,123716,1913
2026-03-01,C015,Google Ads,IN,video,937.39,124835,1830
2026-01-01,C016,Google Ads,IN,static,847.16,126492,1766
2026-01-02,C016,Google Ads,IN,static,920.52,148572,2047
2026-01-03,C016,Google Ads,IN,static,918.01,125821,1785
2026-01-04,C016,Google Ads,IN,static,856.34,162838,2025
2026-01-05,C016,Google Ads,IN,static,960.17,208743,2432
2026-01-06,C016,Google Ads,IN,static,1114.91,168237,2245
2026-01-07,C016,Google Ads,IN,static,930.65,164142,1836
2026-01-08,C016,Google Ads,IN,static,1071.72,167558,2390
2026-01-09,C016,Google Ads,IN,static,1354.52,186894,2741
2026-01-10,C016,Google Ads,IN,static,981.06,170357,2343
2026-01-11,C016,Google Ads,IN,static,1022.44,166670,2481
2026-01-12,C016,Google Ads,IN,static,1085.32,162690,2307
2026-01-13,C016,Google Ads,IN,static,651.7,133029,1485
2026-01-14,C016,Google Ads,IN,static,1153.88,175369,2444
2026-01-15,C016,Google Ads,IN,static,880.4,147387,2097
2026-01-16,C016,Google Ads,IN,static,1129.24,186605,2658
2026-01-17,C016,Google Ads,IN,static,1269.34,204396,2994
2026-01-18,C016,Google Ads,IN,static,919.37,167408,2059
2026-01-19,C016,Google Ads,IN,static,1077.96,213246,2417
2026-01-20,C016,Google Ads,IN,static,1122.11,214130,2494
2026-01-21,C016,Google Ads,IN,static,1068.01,191612,2569
2026-01-22,C016,Google Ads,IN,static,736.97,122564,1643
2026-01-23,C016,Google Ads,IN,static,1286.27,231905,3116
2026-01-24,C016,Google Ads,IN,static,1009.2,221187,2631
2026-01-25,C016,Google Ads,IN,static,1326.58,210860,3047
2026-01-26,C016,Google Ads,IN,static,856.18,138109,1804
2026-01-27,C016,Google Ads,IN,static,853.91,126210,1898
2026-01-28,C016,Google Ads,IN,static,952.8,179031,2477
2026-01-29,C016,Google Ads,IN,static,821.88,116750,1731
2026-01-30,C016,Google Ads,IN,static,1404.48,264998,3483
2026-01-31,C016,Google Ads,IN,static,1046.01,164851,2465
2026-02-01,C016,Google Ads,IN,static,1092.33,210255,2437
2026-02-02,C016,Google Ads,IN,static,1127.0,184740,2724
2026-02-03,C016,Google Ads,IN,static,1041.09,233132,2643
2026-02-04,C016,Google Ads,IN,static,830.01,139765,1903
2026-02-05,C016,Google Ads,IN,static,898.0,178225,2153
2026-02-06,C016,Google Ads,IN,static,1129.62,193471,2197
2026-02-07,C016,Google Ads,IN,static,919.42,139273,2074
2026-02-08,C016,Google Ads,IN,static,1005.63,182564,2479
2026-02-09,C016,Google Ads,IN,static,732.17,113271,1673
2026-02-10,C016,Google Ads,IN,static,1280.81,194390,2904
2026-02-11,C016,Google Ads,IN,static,937.13,138688,1970
2026-02-12,C016,Google Ads,IN,static,1141.17,196298,2619
2026-02-13,C016,Google Ads,IN,static,796.33,112028,1621
2026-02-14,C016,Google Ads,IN,static,1086.38,159431,2135
2026-02-15,C016,Google Ads,IN,static,843.05,135220,1729
2026-02-16,C016,Google Ads,IN,static,680.17,101857,1383
2026-02-17,C016,Google Ads,IN,static,780.91,109338,1560
2026-02-18,C016,Google Ads,IN,static,1358.59,251428,3382
2026-02-19,C016,Google Ads,IN,static,1019.62,163877,2268
2026-02-20,C016,Google Ads,IN,static,1126.57,191902,2872
2026-02-21,C016,Google Ads,IN,static,959.45,148485,2133
2026-02-22,C016,Google Ads,IN,static,1189.96,189467,2453
2026-02-23,C016,Google Ads,IN,static,778.9,165630,1914
2026-02-24,C016,Google Ads,IN,static,758.69,131372,1723
2026-02-25,C016,Google Ads,IN,static,936.24,142084,1870
2026-02-26,C016,Google Ads,IN,static,970.19,189294,2217
2026-02-27,C016,Google Ads,IN,static,1137.24,213514,2529
2026-02-28,C016,Google Ads,IN,static,831.61,136411,2051
2026-03-01,C016,Google Ads,IN,static,1147.32,211849,2749
2026-01-01,C017,TikTok,KR,playable,854.7,27269,850
2026-01-02,C017,TikTok,KR,playable,884.33,25821,802
2026-01-03,C017,TikTok,KR,playable,797.14,23930,814
2026-01-04,C017,TikTok,KR,playable,880.15,26402,820
2026-01-05,C017,TikTok,KR,playable,895.08,26005,817
2026-01-06,C017,TikTok,KR,playable,619.88,22218,602
2026-01-07,C017,TikTok,KR,playable,586.6,20095,552
2026-01-08,C017,TikTok,KR,playable,869.93,28532,930
2026-01-09,C017,TikTok,KR,playable,879.66,33815,1006
2026-01-10,C017,TikTok,KR,playable,1222.1,42541,1150
2026-01-11,C017,TikTok,KR,playable,896.65,25855,849
2026-01-12,C017,TikTok,KR,playable,658.31,17429,621
2026-01-13,C017,TikTok,KR,playable,878.13,29443,810
2026-01-14,C017,TikTok,KR,playable,625.4,23172,667
2026-01-15,C017,TikTok,KR,playable,775.02,27102,821
2026-01-16,C017,TikTok,KR,playable,981.37,28720,937
2026-01-17,C017,TikTok,KR,playable,922.68,32778,960
2026-01-18,C017,TikTok,KR,playable,984.33,36779,1018
2026-01-19,C017,TikTok,KR,playable,920.84,22780,809
2026-01-20,C017,TikTok,KR,playable,1077.13,29922,949
2026-01-21,C017,TikTok,KR,playable,798.85,21888,704
2026-01-22,C017,TikTok,KR,playable,753.3,23361,746
2026-01-23,C017,TikTok,KR,playable,659.61,19209,638
2026-01-24,C017,TikTok,KR,playable,1043.97,34820,1210
2026-01-25,C017,TikTok,KR,playable,880.14,28644,837
2026-01-26,C017,TikTok,KR,playable,1051.6,33796,973
2026-01-27,C017,TikTok,KR,playable,903.12,23225,814
2026-01-28,C017,TikTok,KR,playable,803.82,21138,736
2026-01-29,C017,TikTok,KR,playable,795.87,30084,870
2026-01-30,C017,TikTok,KR,playable,959.37,32171,979
2026-01-31,C017,TikTok,KR,playable,846.31,27436,921
2026-02-01,C017,TikTok,KR,playable,981.79,30163,956
2026-02-02,C017,TikTok,KR,playable,917.07,31863,1044
2026-02-03,C017,TikTok,KR,playable,800.82,29739,907
2026-02-04,C017,TikTok,KR,playable,799.17,25808,915
2026-02-05,C017,TikTok,KR,playable,1089.6,28503,1004
2026-02-06,C017,TikTok,KR,playable,699.34,23920,662
2026-02-07,C017,TikTok,KR,playable,764.25,19612,681
2026-02-08,C017,TikTok,KR,playable,751.21,20190,673
2026-02-09,C017,TikTok,KR,playable,1009.5,27883,896
2026-02-10,C017,TikTok,KR,playable,691.39,23829,723
2026-02-11,C017,TikTok,KR,playable,676.9,22861,632
2026-02-12,C017,TikTok,KR,playable,853.97,26796,789
2026-02-13,C017,TikTok,KR,playable,647.16,23886,741
2026-02-14,C017,TikTok,KR,playable,490.61,13333,446
2026-02-15,C017,TikTok,KR,playable,999.38,35146,1010
2026-02-16,C017,TikTok,KR,playable,654.73,23868,712
2026-02-17,C017,TikTok,KR,playable,845.95,29683,801
2026-02-18,C017,TikTok,KR,playable,637.79,22322,656
2026-02-19,C017,TikTok,KR,playable,905.82,28717,986
2026-02-20,C017,TikTok,KR,playable,802.15,22425,802
2026-02-21,C017,TikTok,KR,playable,949.2,29115,925
2026-02-22,C017,TikTok,KR,playable,849.0,24473,846
2026-02-23,C017,TikTok,KR,playable,796.95,29693,817
2026-02-24,C017,TikTok,KR,playable,739.08,22229,697
2026-02-25,C017,TikTok,KR,playable,778.89,27664,868
2026-02-26,C017,TikTok,KR,playable,971.41,31662,1077
2026-02-27,C017,TikTok,KR,playable,968.93,32079,1030
2026-02-28,C017,TikTok,KR,playable,1016.4,38558,1128
2026-03-01,C017,TikTok,KR,playable,605.39,15612,529
2026-01-01,C018,TikTok,US,static,683.54,28216,525
2026-01-02,C018,TikTok,US,static,893.91,31176,589
2026-01-03,C018,TikTok,US,static,941.18,27413,587
2026-01-04,C018,TikTok,US,static,656.35,26468,484
2026-01-05,C018,TikTok,US,static,834.67,34376,672
2026-01-06,C018,TikTok,US,static,704.93,19334,444
2026-01-07,C018,TikTok,US,static,1160.3,32787,725
2026-01-08,C018,TikTok,US,static,683.53,29191,534
2026-01-09,C018,TikTok,US,static,849.48,27544,582
2026-01-10,C018,TikTok,US,static,679.75,26639,528
2026-01-11,C018,TikTok,US,static,524.36,13930,323
2026-01-12,C018,TikTok,US,static,561.79,20185,387
2026-01-13,C018,TikTok,US,static,915.3,33232,661
2026-01-14,C018,TikTok,US,static,1153.3,34040,746
2026-01-15,C018,TikTok,US,static,882.42,25248,592
2026-01-16,C018,TikTok,US,static,953.84,28601,658
2026-01-17,C018,TikTok,US,static,719.76,22524,538
2026-01-18,C018,TikTok,US,static,792.61,24022,588
2026-01-19,C018,TikTok,US,static,700.66,18893,446
2026-01-20,C018,TikTok,US,static,749.07,23492,471
2026-01-21,C018,TikTok,US,static,772.5,23018,531
2026-01-22,C018,TikTok,US,static,622.27,20531,418
2026-01-23,C018,TikTok,US,static,729.29,25191,480
2026-01-24,C018,TikTok,US,static,933.82,29101,652
2026-01-25,C018,TikTok,US,static,995.19,34527,715
2026-01-26,C018,TikTok,US,static,1025.81,33893,776
2026-01-27,C018,TikTok,US,static,589.06,19237,374
2026-01-28,C018,TikTok,US,static,450.72,17330,353
2026-01-29,C018,TikTok,US,static,757.24,30072,554
2026-01-30,C018,TikTok,US,static,579.64,15168,363
2026-01-31,C018,TikTok,US,static,814.83,25087,501
2026-02-01,C018,TikTok,US,static,864.51,25714,523
2026-02-02,C018,TikTok,US,static,917.62,32256,587
2026-02-03,C018,TikTok,US,static,734.77,21827,528
2026-02-04,C018,TikTok,US,static,812.57,27221,618
2026-02-05,C018,TikTok,US,static,748.34,23046,478
2026-02-06,C018,TikTok,US,static,976.25,28226,680
2026-02-07,C018,TikTok,US,static,873.6,24876,555
2026-02-08,C018,TikTok,US,static,985.0,30893,730
2026-02-09,C018,TikTok,US,static,823.35,24737,570
2026-02-10,C018,TikTok,US,static,583.8,20312,439
2026-02-11,C018,TikTok,US,static,600.72,24606,452
2026-02-12,C018,TikTok,US,static,784.94,22442,526
2026-02-13,C018,TikTok,US,static,885.13,31021,681
2026-02-14,C018,TikTok,US,static,971.32,36024,717
2026-02-15,C018,TikTok,US,static,857.0,22061,515
2026-02-16,C018,TikTok,US,static,678.49,23750,490
2026-02-17,C018,TikTok,US,static,878.05,22070,541
2026-02-18,C018,TikTok,US,static,664.57,21752,467
2026-02-19,C018,TikTok,US,static,695.15,24973,481
2026-02-20,C018,TikTok,US,static,1226.65,38153,921
2026-02-21,C018,TikTok,US,static,739.92,26683,517
2026-02-22,C018,TikTok,US,static,1026.43,38751,738
2026-02-23,C018,TikTok,US,static,947.96,36649,724
2026-02-24,C018,TikTok,US,static,702.69,22805,559
2026-02-25,C018,TikTok,US,static,880.91,25552,541
2026-02-26,C018,TikTok,US,static,888.72,26690,607
2026-02-27,C018,TikTok,US,static,689.24,20733,469
2026-02-28,C018,TikTok,US,static,883.77,32172,607
2026-03-01,C018,TikTok,US,static,1111.53,37740,722
2026-01-01,C019,TikTok,BR,playable,925.55,45382,1341
2026-01-02,C019,TikTok,BR,playable,765.05,43557,1315
2026-01-03,C019,TikTok,BR,playable,795.43,38641,1245
2026-01-04,C019,TikTok,BR,playable,540.18,28512,838
2026-01-05,C019,TikTok,BR,playable,836.33,43838,1435
2026-01-06,C019,TikTok,BR,playable,814.33,35646,1221
2026-01-07,C019,TikTok,BR,playable,974.99,54728,1729
2026-01-08,C019,TikTok,BR,playable,767.84,40477,1082
2026-01-09,C019,TikTok,BR,playable,954.73,44502,1531
2026-01-10,C019,TikTok,BR,playable,800.45,33524,1181
2026-01-11,C019,TikTok,BR,playable,699.21,42756,1287
2026-01-12,C019,TikTok,BR,playable,852.39,39031,1225
2026-01-13,C019,TikTok,BR,playable,864.73,52440,1601
2026-01-14,C019,TikTok,BR,playable,732.37,44196,1383
2026-01-15,C019,TikTok,BR,playable,916.55,44947,1600
2026-01-16,C019,TikTok,BR,playable,926.36,48669,1481
2026-01-17,C019,TikTok,BR,playable,802.7,39403,1199
2026-01-18,C019,TikTok,BR,playable,700.4,36068,1016
2026-01-19,C019,TikTok,BR,playable,606.64,24272,861
2026-01-20,C019,TikTok,BR,playable,989.27,53721,1741
2026-01-21,C019,TikTok,BR,playable,774.48,39575,1189
2026-01-22,C019,TikTok,BR,playable,699.55,32433,1022
2026-01-23,C019,TikTok,BR,playable,856.52,54029,1546
2026-01-24,C019,TikTok,BR,playable,992.18,50267,1544
2026-01-25,C019,TikTok,BR,playable,813.38,37751,1179
2026-01-26,C019,TikTok,BR,playable,460.24,26130,735
2026-01-27,C019,TikTok,BR,playable,642.61,43403,1156
2026-01-28,C019,TikTok,BR,playable,859.15,45998,1463
2026-01-29,C019,TikTok,BR,playable,624.15,38446,1155
2026-01-30,C019,TikTok,BR,playable,1107.87,53180,1673
2026-01-31,C019,TikTok,BR,playable,1095.81,59259,1573
2026-02-01,C019,TikTok,BR,playable,958.51,38595,1384
2026-02-02,C019,TikTok,BR,playable,441.94,23129,703
2026-02-03,C019,TikTok,BR,playable,798.91,44905,1308
2026-02-04,C019,TikTok,BR,playable,913.17,55606,1540
2026-02-05,C019,TikTok,BR,playable,527.11,34635,929
2026-02-06,C019,TikTok,BR,playable,732.34,33760,1080
2026-02-07,C019,TikTok,BR,playable,1241.85,54665,1920
2026-02-08,C019,TikTok,BR,playable,926.79,52247,1730
2026-02-09,C019,TikTok,BR,playable,885.69,48099,1423
2026-02-10,C019,TikTok,BR,playable,833.16,48194,1574
2026-02-11,C019,TikTok,BR,playable,775.15,34517,1130
2026-02-12,C019,TikTok,BR,playable,659.11,34867,1099
2026-02-13,C019,TikTok,BR,playable,866.68,50541,1501
2026-02-14,C019,TikTok,BR,playable,1172.47,51900,1682
2026-02-15,C019,TikTok,BR,playable,680.42,31714,1064
2026-02-16,C019,TikTok,BR,playable,1153.4,59745,1938
2026-02-17,C019,TikTok,BR,playable,759.9,40046,1345
2026-02-18,C019,TikTok,BR,playable,715.0,33370,1059
2026-02-19,C019,TikTok,BR,playable,909.87,50134,1458
2026-02-20,C019,TikTok,BR,playable,736.58,34764,1093
2026-02-21,C019,TikTok,BR,playable,817.84,47611,1453
2026-02-22,C019,TikTok,BR,playable,1036.42,51436,1823
2026-02-23,C019,TikTok,BR,playable,1054.09,51841,1823
2026-02-24,C019,TikTok,BR,playable,907.8,57697,1549
2026-02-25,C019,TikTok,BR,playable,953.55,46500,1360
2026-02-26,C019,TikTok,BR,playable,1003.95,51168,1540
2026-02-27,C019,TikTok,BR,playable,932.39,57984,1678
2026-02-28,C019,TikTok,BR,playable,774.46,40580,1407
2026-03-01,C019,TikTok,BR,playable,1161.39,56073,1983
2026-01-01,C020,TikTok,JP,static,919.96,34507,715
2026-01-02,C020,TikTok,JP,static,1045.83,38764,803
2026-01-03,C020,TikTok,JP,static,958.15,36828,797
2026-01-04,C020,TikTok,JP,static,853.6,31457,718
2026-01-05,C020,TikTok,JP,static,878.22,34146,727
2026-01-06,C020,TikTok,JP,static,603.8,22534,500
2026-01-07,C020,TikTok,JP,static,752.16,29765,610
2026-01-08,C020,TikTok,JP,static,986.76,34315,657
2026-01-09,C020,TikTok,JP,static,1066.86,39526,843
2026-01-10,C020,TikTok,JP,static,921.29,35835,791
2026-01-11,C020,TikTok,JP,static,1001.98,33868,666
2026-01-12,C020,TikTok,JP,static,667.13,24958,576
2026-01-13,C020,TikTok,JP,static,847.97,23541,565
2026-01-14,C020,TikTok,JP,static,634.95,20687,453
2026-01-15,C020,TikTok,JP,static,722.22,20811,479
2026-01-16,C020,TikTok,JP,static,975.43,32855,655
2026-01-17,C020,TikTok,JP,static,694.06,26798,588
2026-01-18,C020,TikTok,JP,static,889.09,30734,690
2026-01-19,C020,TikTok,JP,static,945.66,38210,724
2026-01-20,C020,TikTok,JP,static,584.72,18027,418
2026-01-21,C020,TikTok,JP,static,903.71,33042,606
2026-01-22,C020,TikTok,JP,static,1120.93,43592,965
2026-01-23,C020,TikTok,JP,static,806.02,25041,541
2026-01-24,C020,TikTok,JP,static,827.16,28235,621
2026-01-25,C020,TikTok,JP,static,1344.0,45981,1012
2026-01-26,C020,TikTok,JP,static,746.25,32940,624
2026-01-27,C020,TikTok,JP,static,522.64,14955,363
2026-01-28,C020,TikTok,JP,static,742.42,29879,588
2026-01-29,C020,TikTok,JP,static,638.79,24049,556
2026-01-30,C020,TikTok,JP,static,1076.21,34556,799
2026-01-31,C020,TikTok,JP,static,925.97,32616,771
2026-02-01,C020,TikTok,JP,static,696.93,23148,476
2026-02-02,C020,TikTok,JP,static,1068.13,42833,890
2026-02-03,C020,TikTok,JP,static,793.14,30028,648
2026-02-04,C020,TikTok,JP,static,718.89,24003,488
2026-02-05,C020,TikTok,JP,static,552.89,19720,452
2026-02-06,C020,TikTok,JP,static,817.12,24105,577
2026-02-07,C020,TikTok,JP,static,790.39,28222,625
2026-02-08,C020,TikTok,JP,static,751.49,29453,628
2026-02-09,C020,TikTok,JP,static,846.57,36950,692
2026-02-10,C020,TikTok,JP,static,742.73,24127,565
2026-02-11,C020,TikTok,JP,static,924.86,31471,641
2026-02-12,C020,TikTok,JP,static,797.43,25188,562
2026-02-13,C020,TikTok,JP,static,793.04,25024,558
2026-02-14,C020,TikTok,JP,static,939.02,38689,775
2026-02-15,C020,TikTok,JP,static,707.9,27106,494
2026-02-16,C020,TikTok,JP,static,589.93,19620,435
2026-02-17,C020,TikTok,JP,static,1079.71,32498,792
2026-02-18,C020,TikTok,JP,static,1004.16,29971,652
2026-02-19,C020,TikTok,JP,static,576.05,18987,424
2026-02-20,C020,TikTok,JP,static,673.46,24184,527
2026-02-21,C020,TikTok,JP,static,688.93,30714,561
2026-02-22,C020,TikTok,JP,static,782.23,27946,588
2026-02-23,C020,TikTok,JP,static,521.57,18262,430
2026-02-24,C020,TikTok,JP,static,1120.48,41879,816
2026-02-25,C020,TikTok,JP,static,700.76,26634,534
2026-02-26,C020,TikTok,JP,static,665.4,19789,459
2026-02-27,C020,TikTok,JP,static,1191.45,36064,883
2026-02-28,C020,TikTok,JP,static,621.21,22711,464
2026-03-01,C020,TikTok,JP,static,796.83,27732,551
2026-01-01,C021,TikTok,BR,static,1061.63,80813,1698
2026-01-02,C021,TikTok,BR,static,1108.21,76300,1626
2026-01-03,C021,TikTok,BR,static,803.56,60323,1142
2026-01-04,C021,TikTok,BR,static,760.38,51519,1126
2026-01-05,C021,TikTok,BR,static,646.84,43803,998
2026-01-06,C021,TikTok,BR,static,850.8,77027,1526
2026-01-07,C021,TikTok,BR,static,1021.58,72550,1501
2026-01-08,C021,TikTok,BR,static,772.38,71499,1354
2026-01-09,C021,TikTok,BR,static,883.57,66422,1565
2026-01-10,C021,TikTok,BR,static,743.0,59617,1361
2026-01-11,C021,TikTok,BR,static,1024.62,64366,1538
2026-01-12,C021,TikTok,BR,static,918.53,78051,1577
2026-01-13,C021,TikTok,BR,static,1032.35,66311,1505
2026-01-14,C021,TikTok,BR,static,712.76,51087,1034
2026-01-15,C021,TikTok,BR,static,823.65,69447,1381
2026-01-16,C021,TikTok,BR,static,687.11,47588,1058
2026-01-17,C021,TikTok,BR,static,770.85,65074,1272
2026-01-18,C021,TikTok,BR,static,1022.83,65750,1558
2026-01-19,C021,TikTok,BR,static,931.17,78811,1738
2026-01-20,C021,TikTok,BR,static,965.13,93696,1702
2026-01-21,C021,TikTok,BR,static,1130.42,76471,1758
2026-01-22,C021,TikTok,BR,static,1091.44,80367,1769
2026-01-23,C021,TikTok,BR,static,877.53,60166,1364
2026-01-24,C021,TikTok,BR,static,741.59,71408,1375
2026-01-25,C021,TikTok,BR,static,807.96,67925,1530
2026-01-26,C021,TikTok,BR,static,1038.76,94974,1779
2026-01-27,C021,TikTok,BR,static,991.67,67897,1398
2026-01-28,C021,TikTok,BR,static,664.4,42341,997
2026-01-29,C021,TikTok,BR,static,944.0,59426,1384
2026-01-30,C021,TikTok,BR,static,1166.87,71589,1691
2026-01-31,C021,TikTok,BR,static,1119.98,76560,1596
2026-02-01,C021,TikTok,BR,static,1122.1,92680,1879
2026-02-02,C021,TikTok,BR,static,852.88,69834,1531
2026-02-03,C021,TikTok,BR,static,785.29,58225,1219
2026-02-04,C021,TikTok,BR,static,879.15,65056,1500
2026-02-05,C021,TikTok,BR,static,735.13,49528,1117
2026-02-06,C021,TikTok,BR,static,802.65,58426,1375
2026-02-07,C021,TikTok,BR,static,775.42,49644,1134
2026-02-08,C021,TikTok,BR,static,737.58,58411,1343
2026-02-09,C021,TikTok,BR,static,881.2,62738,1264
2026-02-10,C021,TikTok,BR,static,734.08,51622,1054
2026-02-11,C021,TikTok,BR,static,689.18,54206,1050
2026-02-12,C021,TikTok,BR,static,991.42,60100,1430
2026-02-13,C021,TikTok,BR,static,742.83,53656,1147
2026-02-14,C021,TikTok,BR,static,1074.89,80273,1968
2026-02-15,C021,TikTok,BR,static,994.72,71324,1527
2026-02-16,C021,TikTok,BR,static,1010.89,70977,1673
2026-02-17,C021,TikTok,BR,static,795.45,64263,1174
2026-02-18,C021,TikTok,BR,static,688.13,50019,1147
2026-02-19,C021,TikTok,BR,static,948.69,71674,1666
2026-02-20,C021,TikTok,BR,static,1232.88,80657,1771
2026-02-21,C021,TikTok,BR,static,961.42,84048,1823
2026-02-22,C021,TikTok,BR,static,850.41,66192,1302
2026-02-23,C021,TikTok,BR,static,1046.66,63967,1485
2026-02-24,C021,TikTok,BR,static,707.88,49759,1134
2026-02-25,C021,TikTok,BR,static,1118.89,81433,1916
2026-02-26,C021,TikTok,BR,static,1200.45,107305,1977
2026-02-27,C021,TikTok,BR,static,712.2,68164,1302
2026-02-28,C021,TikTok,BR,static,1011.74,67933,1531
2026-03-01,C021,TikTok,BR,static,1010.96,91001,1847
2026-01-01,C022,TikTok,BR,video,459.97,34424,863
2026-01-02,C022,TikTok,BR,video,1101.33,66804,1877
2026-01-03,C022,TikTok,BR,video,740.33,48379,1078
2026-01-04,C022,TikTok,BR,video,844.02,45549,1327
2026-01-05,C022,TikTok,BR,video,780.97,48122,1361
2026-01-06,C022,TikTok,BR,video,809.14,49361,1196
2026-01-07,C022,TikTok,BR,video,1204.94,72081,1944
2026-01-08,C022,TikTok,BR,video,911.05,58723,1580
2026-01-09,C022,TikTok,BR,video,770.94,49497,1217
2026-01-10,C022,TikTok,BR,video,1021.39,64451,1520
2026-01-11,C022,TikTok,BR,video,1093.38,85529,2039
2026-01-12,C022,TikTok,BR,video,827.75,61451,1563
2026-01-13,C022,TikTok,BR,video,775.67,46630,1110
2026-01-14,C022,TikTok,BR,video,610.92,39728,1132
2026-01-15,C022,TikTok,BR,video,744.63,36258,1070
2026-01-16,C022,TikTok,BR,video,901.64,49069,1403
2026-01-17,C022,TikTok,BR,video,1033.29,67225,1577
2026-01-18,C022,TikTok,BR,video,769.5,52110,1303
2026-01-19,C022,TikTok,BR,video,1036.75,59147,1596
2026-01-20,C022,TikTok,BR,video,725.64,41407,1071
2026-01-21,C022,TikTok,BR,video,990.51,65407,1680
2026-01-22,C022,TikTok,BR,video,521.3,41931,967
2026-01-23,C022,TikTok,BR,video,833.81,62695,1391
2026-01-24,C022,TikTok,BR,video,1093.47,66611,1973
2026-01-25,C022,TikTok,BR,video,985.9,48098,1413
2026-01-26,C022,TikTok,BR,video,865.1,47975,1244
2026-01-27,C022,TikTok,BR,video,690.04,46883,1285
2026-01-28,C022,TikTok,BR,video,830.67,62135,1509
2026-01-29,C022,TikTok,BR,video,854.4,70950,1620
2026-01-30,C022,TikTok,BR,video,947.34,53382,1572
2026-01-31,C022,TikTok,BR,video,681.03,43660,1015
2026-02-01,C022,TikTok,BR,video,640.66,35453,973
2026-02-02,C022,TikTok,BR,video,826.03,53907,1432
2026-02-03,C022,TikTok,BR,video,672.27,39216,1153
2026-02-04,C022,TikTok,BR,video,662.62,38173,1078
2026-02-05,C022,TikTok,BR,video,587.4,31776,877
2026-02-06,C022,TikTok,BR,video,729.25,40219,1042
2026-02-07,C022,TikTok,BR,video,1206.83,68935,1864
2026-02-08,C022,TikTok,BR,video,894.8,46894,1266
2026-02-09,C022,TikTok,BR,video,1004.91,62919,1567
2026-02-10,C022,TikTok,BR,video,888.46,63900,1431
2026-02-11,C022,TikTok,BR,video,662.29,41694,969
2026-02-12,C022,TikTok,BR,video,632.03,36769,1095
2026-02-13,C022,TikTok,BR,video,814.88,49992,1408
2026-02-14,C022,TikTok,BR,video,869.42,41767,1243
2026-02-15,C022,TikTok,BR,video,767.66,42097,1114
2026-02-16,C022,TikTok,BR,video,721.01,50101,1220
2026-02-17,C022,TikTok,BR,video,960.09,48368,1441
2026-02-18,C022,TikTok,BR,video,841.08,55616,1509
2026-02-19,C022,TikTok,BR,video,753.49,44308,1078
2026-02-20,C022,TikTok,BR,video,558.25,31751,784
2026-02-21,C022,TikTok,BR,video,817.15,52204,1200
2026-02-22,C022,TikTok,BR,video,893.37,59931,1622
2026-02-23,C022,TikTok,BR,video,839.35,41608,1217
2026-02-24,C022,TikTok,BR,video,708.77,36772,1001
2026-02-25,C022,TikTok,BR,video,752.98,40270,1178
2026-02-26,C022,TikTok,BR,video,684.72,38510,1035
2026-02-27,C022,TikTok,BR,video,560.51,30816,843
2026-02-28,C022,TikTok,BR,video,863.19,43186,1230
2026-03-01,C022,TikTok,BR,video,1060.4,64658,1568
2026-01-01,C023,TikTok,JP,video,693.54,21784,514
2026-01-02,C023,TikTok,JP,video,786.02,23347,517
2026-01-03,C023,TikTok,JP,video,865.72,22453,630
2026-01-04,C023,TikTok,JP,video,1046.4,32615,893
2026-01-05,C023,TikTok,JP,video,986.26,27168,785
2026-01-06,C023,TikTok,JP,video,902.52,23739,693
2026-01-07,C023,TikTok,JP,video,1088.06,30126,876
2026-01-08,C023,TikTok,JP,video,751.92,27597,646
2026-01-09,C023,TikTok,JP,video,982.72,26176,704
2026-01-10,C023,TikTok,JP,video,682.78,23278,515
2026-01-11,C023,TikTok,JP,video,913.37,29639,678
2026-01-12,C023,TikTok,JP,video,993.88,25946,666
2026-01-13,C023,TikTok,JP,video,897.1,23929,604
2026-01-14,C023,TikTok,JP,video,732.44,20753,558
2026-01-15,C023,TikTok,JP,video,712.04,22787,546
2026-01-16,C023,TikTok,JP,video,869.78,25157,733
2026-01-17,C023,TikTok,JP,video,771.33,20513,524
2026-01-18,C023,TikTok,JP,video,886.8,29154,683
2026-01-19,C023,TikTok,JP,video,918.14,25273,628
2026-01-20,C023,TikTok,JP,video,960.35,23714,636
2026-01-21,C023,TikTok,JP,video,609.18,13972,408
2026-01-22,C023,TikTok,JP,video,751.02,20815,591
2026-01-23,C023,TikTok,JP,video,1081.19,28905,737
2026-01-24,C023,TikTok,JP,video,939.73,22991,635
2026-01-25,C023,TikTok,JP,video,918.63,27632,798
2026-01-26,C023,TikTok,JP,video,1011.28,34477,853
2026-01-27,C023,TikTok,JP,video,1117.83,26069,755
2026-01-28,C023,TikTok,JP,video,750.44,25041,642
2026-01-29,C023,TikTok,JP,video,648.2,19199,473
2026-01-30,C023,TikTok,JP,video,1098.08,31444,890
2026-01-31,C023,TikTok,JP,video,960.32,32591,829
2026-02-01,C023,TikTok,JP,video,831.98,27290,716
2026-02-02,C023,TikTok,JP,video,907.98,22995,659
2026-02-03,C023,TikTok,JP,video,773.94,27486,661
2026-02-04,C023,TikTok,JP,video,786.32,20831,511
2026-02-05,C023,TikTok,JP,video,783.64,24002,558
2026-02-06,C023,TikTok,JP,video,743.54,20772,524
2026-02-07,C023,TikTok,JP,video,700.23,18513,525
2026-02-08,C023,TikTok,JP,video,664.96,21059,519
2026-02-09,C023,TikTok,JP,video,642.92,16283,459
2026-02-10,C023,TikTok,JP,video,685.32,19884,482
2026-02-11,C023,TikTok,JP,video,868.1,25857,635
2026-02-12,C023,TikTok,JP,video,611.43,14725,403
2026-02-13,C023,TikTok,JP,video,1126.93,31317,764
2026-02-14,C023,TikTok,JP,video,840.65,28221,691
2026-02-15,C023,TikTok,JP,video,731.79,20495,573
2026-02-16,C023,TikTok,JP,video,769.59,21771,642
2026-02-17,C023,TikTok,JP,video,536.5,14256,372
2026-02-18,C023,TikTok,JP,video,657.26,19419,531
2026-02-19,C023,TikTok,JP,video,618.78,16245,452
2026-02-20,C023,TikTok,JP,video,864.64,29972,686
2026-02-21,C023,TikTok,JP,video,924.97,25792,751
2026-02-22,C023,TikTok,JP,video,783.52,24171,587
2026-02-23,C023,TikTok,JP,video,984.88,27149,778
2026-02-24,C023,TikTok,JP,video,670.72,19804,446
2026-02-25,C023,TikTok,JP,video,991.46,29138,668
2026-02-26,C023,TikTok,JP,video,921.67,25437,746
2026-02-27,C023,TikTok,JP,video,787.26,21727,521
2026-02-28,C023,TikTok,JP,video,847.8,22438,641
2026-03-01,C023,TikTok,JP,video,1030.87,31946,715
2026-01-01,C024,TikTok,IN,static,714.25,63329,1397
2026-01-02,C024,TikTok,IN,static,893.06,105362,2134
2026-01-03,C024,TikTok,IN,static,638.33,62090,1348
2026-01-04,C024,TikTok,IN,static,694.28,71209,1589
2026-01-05,C024,TikTok,IN,static,816.8,93461,1769
2026-01-06,C024,TikTok,IN,static,1041.38,118575,2375
2026-01-07,C024,TikTok,IN,static,918.03,97312,2259
2026-01-08,C024,TikTok,IN,static,839.27,83911,1826
2026-01-09,C024,TikTok,IN,static,788.54,75211,1608
2026-01-10,C024,TikTok,IN,static,694.36,62347,1502
2026-01-11,C024,TikTok,IN,static,1224.17,113494,2564
2026-01-12,C024,TikTok,IN,static,1097.09,117502,2808
2026-01-13,C024,TikTok,IN,static,696.95,68548,1363
2026-01-14,C024,TikTok,IN,static,550.62,61440,1156
2026-01-15,C024,TikTok,IN,static,813.77,81717,1817
2026-01-16,C024,TikTok,IN,static,605.89,63500,1323
2026-01-17,C024,TikTok,IN,static,963.54,82146,1991
2026-01-18,C024,TikTok,IN,static,962.43,98152,2171
2026-01-19,C024,TikTok,IN,static,910.73,104954,2191
2026-01-20,C024,TikTok,IN,static,912.89,102368,1966
2026-01-21,C024,TikTok,IN,static,914.88,77292,1879
2026-01-22,C024,TikTok,IN,static,579.35,63376,1174
2026-01-23,C024,TikTok,IN,static,1078.91,134621,2464
2026-01-24,C024,TikTok,IN,static,855.69,83635,1937
2026-01-25,C024,TikTok,IN,static,846.69,77325,1713
2026-01-26,C024,TikTok,IN,static,943.92,101378,2033
2026-01-27,C024,TikTok,IN,static,981.7,117468,2371
2026-01-28,C024,TikTok,IN,static,835.5,80138,1946
2026-01-29,C024,TikTok,IN,static,874.59,85751,1836
2026-01-30,C024,TikTok,IN,static,834.76,80649,1974
2026-01-31,C024,TikTok,IN,static,1150.86,133915,3005
2026-02-01,C024,TikTok,IN,static,894.57,102055,1990
2026-02-02,C024,TikTok,IN,static,618.86,63113,1421
2026-02-03,C024,TikTok,IN,static,1020.83,88756,2077
2026-02-04,C024,TikTok,IN,static,847.88,91101,1895
2026-02-05,C024,TikTok,IN,static,679.56,59689,1356
2026-02-06,C024,TikTok,IN,static,1031.43,89503,2020
2026-02-07,C024,TikTok,IN,static,1154.23,111214,2264
2026-02-08,C024,TikTok,IN,static,879.15,85435,2030
2026-02-09,C024,TikTok,IN,static,754.25,78673,1476
2026-02-10,C024,TikTok,IN,static,791.14,80235,1877
2026-02-11,C024,TikTok,IN,static,728.75,66503,1535
2026-02-12,C024,TikTok,IN,static,831.58,92959,1685
2026-02-13,C024,TikTok,IN,static,1055.11,115761,2702
2026-02-14,C024,TikTok,IN,static,945.19,85094,1915
2026-02-15,C024,TikTok,IN,static,1053.37,100260,2287
2026-02-16,C024,TikTok,IN,static,700.06,73139,1683
2026-02-17,C024,TikTok,IN,static,674.67,73633,1689
2026-02-18,C024,TikTok,IN,static,813.72,85289,1925
2026-02-19,C024,TikTok,IN,static,526.49,56594,1282
2026-02-20,C024,TikTok,IN,static,976.16,111996,2458
2026-02-21,C024,TikTok,IN,static,1063.45,110469,2175
2026-02-22,C024,TikTok,IN,static,679.49,63058,1428
2026-02-23,C024,TikTok,IN,static,944.31,94924,2022
2026-02-24,C024,TikTok,IN,static,887.94,93118,2260
2026-02-25,C024,TikTok,IN,static,941.93,93636,1964
2026-02-26,C024,TikTok,IN,static,870.38,97172,2131
2026-02-27,C024,TikTok,IN,static,887.38,99105,1999
2026-02-28,C024,TikTok,IN,static,996.91,87020,1998
2026-03-01,C024,TikTok,IN,static,646.74,63050,1266
2026-01-01,C025,Unity Ads,KR,static,901.2,88237,972
2026-01-02,C025,Unity Ads,KR,static,707.08,54835,775
2026-01-03,C025,Unity Ads,KR,static,1014.28,90610,1078
2026-01-04,C025,Unity Ads,KR,static,756.45,60125,838
2026-01-05,C025,Unity Ads,KR,static,547.09,54767,619
2026-01-06,C025,Unity Ads,KR,static,835.06,81236,923
2026-01-07,C025,Unity Ads,KR,static,741.13,70915,848
2026-01-08,C025,Unity Ads,KR,static,833.71,79124,841
2026-01-09,C025,Unity Ads,KR,static,888.88,66972,819
2026-01-10,C025,Unity Ads,KR,static,901.34,71100,883
2026-01-11,C025,Unity Ads,KR,static,850.88,62817,811
2026-01-12,C025,Unity Ads,KR,static,617.92,39184,539
2026-01-13,C025,Unity Ads,KR,static,1031.86,95079,1033
2026-01-14,C025,Unity Ads,KR,static,568.18,43607,587
2026-01-15,C025,Unity Ads,KR,static,653.71,55625,598
2026-01-16,C025,Unity Ads,KR,static,971.13,60138,849
2026-01-17,C025,Unity Ads,KR,static,1092.38,86237,1000
2026-01-18,C025,Unity Ads,KR,static,694.01,55154,664
2026-01-19,C025,Unity Ads,KR,static,773.27,52423,695
2026-01-20,C025,Unity Ads,KR,static,462.25,30806,402
2026-01-21,C025,Unity Ads,KR,static,695.8,52965,678
2026-01-22,C025,Unity Ads,KR,static,645.0,46898,577
2026-01-23,C025,Unity Ads,KR,static,818.12,60145,711
2026-01-24,C025,Unity Ads,KR,static,675.58,53512,599
2026-01-25,C025,Unity Ads,KR,static,711.64,57697,740
2026-01-26,C025,Unity Ads,KR,static,762.42,58924,803
2026-01-27,C025,Unity Ads,KR,static,913.77,65210,918
2026-01-28,C025,Unity Ads,KR,static,745.69,64620,747
2026-01-29,C025,Unity Ads,KR,static,791.83,61846,756
2026-01-30,C025,Unity Ads,KR,static,706.8,68253,745
2026-01-31,C025,Unity Ads,KR,static,605.29,43863,537
2026-02-01,C025,Unity Ads,KR,static,643.37,62990,724
2026-02-02,C025,Unity Ads,KR,static,861.04,79426,905
2026-02-03,C025,Unity Ads,KR,static,720.57,55990,747
2026-02-04,C025,Unity Ads,KR,static,888.25,64491,809
2026-02-05,C025,Unity Ads,KR,static,408.78,31130,402
2026-02-06,C025,Unity Ads,KR,static,665.38,51403,622
2026-02-07,C025,Unity Ads,KR,static,819.91,72761,925
2026-02-08,C025,Unity Ads,KR,static,859.25,76537,856
2026-02-09,C025,Unity Ads,KR,static,635.02,47563,652
2026-02-10,C025,Unity Ads,KR,static,606.1,54092,661
2026-02-11,C025,Unity Ads,KR,static,645.96,57098,756
2026-02-12,C025,Unity Ads,KR,static,535.83,39187,514
2026-02-13,C025,Unity Ads,KR,static,864.99,74159,779
2026-02-14,C025,Unity Ads,KR,static,862.97,81540,920
2026-02-15,C025,Unity Ads,KR,static,723.18,64091,818
2026-02-16,C025,Unity Ads,KR,static,899.06,69523,938
2026-02-17,C025,Unity Ads,KR,static,500.74,41322,472
2026-02-18,C025,Unity Ads,KR,static,738.59,47994,645
2026-02-19,C025,Unity Ads,KR,static,659.53,51928,703
2026-02-20,C025,Unity Ads,KR,static,699.33,55770,673
2026-02-21,C025,Unity Ads,KR,static,726.48,51508,720
2026-02-22,C025,Unity Ads,KR,static,711.25,60052,763
2026-02-23,C025,Unity Ads,KR,static,508.05,36966,466
2026-02-24,C025,Unity Ads,KR,static,550.12,48484,624
2026-02-25,C025,Unity Ads,KR,static,602.25,54679,594
2026-02-26,C025,Unity Ads,KR,static,587.8,44571,537
2026-02-27,C025,Unity Ads,KR,static,1007.23,68092,888
2026-02-28,C025,Unity Ads,KR,static,732.82,59536,831
2026-03-01,C025,Unity Ads,KR,static,668.49,49719,676
2026-01-01,C026,Unity Ads,JP,video,692.91,33233,573
2026-01-02,C026,Unity Ads,JP,video,617.81,26596,442
2026-01-03,C026,Unity Ads,JP,video,592.58,29342,431
2026-01-04,C026,Unity Ads,JP,video,681.56,34474,552
2026-01-05,C026,Unity Ads,JP,video,916.64,38471,603
2026-01-06,C026,Unity Ads,JP,video,698.03,37388,605
2026-01-07,C026,Unity Ads,JP,video,659.93,30699,512
2026-01-08,C026,Unity Ads,JP,video,531.46,24874,404
2026-01-09,C026,Unity Ads,JP,video,851.35,34456,577
2026-01-10,C026,Unity Ads,JP,video,919.02,43529,646
2026-01-11,C026,Unity Ads,JP,video,668.17,34054,478
2026-01-12,C026,Unity Ads,JP,video,724.16,44924,588
2026-01-13,C026,Unity Ads,JP,video,848.72,49467,675
2026-01-14,C026,Unity Ads,JP,video,761.69,41277,576
2026-01-15,C026,Unity Ads,JP,video,1100.32,51218,715
2026-01-16,C026,Unity Ads,JP,video,790.99,34560,573
2026-01-17,C026,Unity Ads,JP,video,697.49,41405,562
2026-01-18,C026,Unity Ads,JP,video,1067.67,51927,876
2026-01-19,C026,Unity Ads,JP,video,693.74,27820,476
2026-01-20,C026,Unity Ads,JP,video,629.85,34940,537
2026-01-21,C026,Unity Ads,JP,video,699.13,43304,556
2026-01-22,C026,Unity Ads,JP,video,850.57,42474,694
2026-01-23,C026,Unity Ads,JP,video,650.89,29868,446
2026-01-24,C026,Unity Ads,JP,video,717.42,31346,518
2026-01-25,C026,Unity Ads,JP,video,608.4,28455,421
2026-01-26,C026,Unity Ads,JP,video,517.3,27276,382
2026-01-27,C026,Unity Ads,JP,video,980.3,49607,813
2026-01-28,C026,Unity Ads,JP,video,519.33,32063,449
2026-01-29,C026,Unity Ads,JP,video,409.99,15987,268
2026-01-30,C026,Unity Ads,JP,video,635.53,26278,423
2026-01-31,C026,Unity Ads,JP,video,766.29,33989,567
2026-02-01,C026,Unity Ads,JP,video,866.7,50760,657
2026-02-02,C026,Unity Ads,JP,video,692.66,33384,483
2026-02-03,C026,Unity Ads,JP,video,610.57,32444,440
2026-02-04,C026,Unity Ads,JP,video,735.2,36807,614
2026-02-05,C026,Unity Ads,JP,video,813.63,35434,553
2026-02-06,C026,Unity Ads,JP,video,797.0,38633,554
2026-02-07,C026,Unity Ads,JP,video,492.47,23588,359
2026-02-08,C026,Unity Ads,JP,video,767.94,33436,512
2026-02-09,C026,Unity Ads,JP,video,739.22,37265,489
2026-02-10,C026,Unity Ads,JP,video,641.32,32997,433
2026-02-11,C026,Unity Ads,JP,video,756.4,30261,494
2026-02-12,C026,Unity Ads,JP,video,624.22,39304,542
2026-02-13,C026,Unity Ads,JP,video,943.02,40287,671
2026-02-14,C026,Unity Ads,JP,video,903.17,53223,707
2026-02-15,C026,Unity Ads,JP,video,873.47,46422,618
2026-02-16,C026,Unity Ads,JP,video,588.55,28744,389
2026-02-17,C026,Unity Ads,JP,video,847.33,44073,641
2026-02-18,C026,Unity Ads,JP,video,664.7,25958,432
2026-02-19,C026,Unity Ads,JP,video,655.42,29347,502
2026-02-20,C026,Unity Ads,JP,video,598.38,34552,499
2026-02-21,C026,Unity Ads,JP,video,635.53,31929,461
2026-02-22,C026,Unity Ads,JP,video,682.28,32859,498
2026-02-23,C026,Unity Ads,JP,video,601.43,36772,488
2026-02-24,C026,Unity Ads,JP,video,831.25,42060,616
2026-02-25,C026,Unity Ads,JP,video,743.8,47448,615
2026-02-26,C026,Unity Ads,JP,video,701.13,36258,463
2026-02-27,C026,Unity Ads,JP,video,833.29,46995,668
2026-02-28,C026,Unity Ads,JP,video,652.41,34331,445
2026-03-01,C026,Unity Ads,JP,video,828.76,47821,649
2026-01-01,C027,Unity Ads,IN,playable,875.35,135294,2245
2026-01-02,C027,Unity Ads,IN,playable,804.34,102346,2090
2026-01-03,C027,Unity Ads,IN,playable,697.77,82359,1363
2026-01-04,C027,Unity Ads,IN,playable,741.71,89170,1591
2026-01-05,C027,Unity Ads,IN,playable,706.58,90096,1391
2026-01-06,C027,Unity Ads,IN,playable,809.97,104466,1659
2026-01-07,C027,Unity Ads,IN,playable,582.12,75414,1191
2026-01-08,C027,Unity Ads,IN,playable,659.61,74999,1335
2026-01-09,C027,Unity Ads,IN,playable,681.64,74205,1438
2026-01-10,C027,Unity Ads,IN,playable,916.02,132913,2252
2026-01-11,C027,Unity Ads,IN,playable,617.53,81953,1431
2026-01-12,C027,Unity Ads,IN,playable,783.45,90376,1682
2026-01-13,C027,Unity Ads,IN,playable,892.85,106386,1932
2026-01-14,C027,Unity Ads,IN,playable,600.21,58225,1160
2026-01-15,C027,Unity Ads,IN,playable,617.84,77729,1586
2026-01-16,C027,Unity Ads,IN,playable,914.28,119842,2287
2026-01-17,C027,Unity Ads,IN,playable,701.98,84007,1378
2026-01-18,C027,Unity Ads,IN,playable,917.76,102426,1875
2026-01-19,C027,Unity Ads,IN,playable,730.36,89806,1453
2026-01-20,C027,Unity Ads,IN,playable,710.02,89886,1732
2026-01-21,C027,Unity Ads,IN,playable,500.44,70717,1212
2026-01-22,C027,Unity Ads,IN,playable,838.99,91360,1687
2026-01-23,C027,Unity Ads,IN,playable,729.91,89465,1756
2026-01-24,C027,Unity Ads,IN,playable,884.74,88519,1816
2026-01-25,C027,Unity Ads,IN,playable,857.73,93324,1920
2026-01-26,C027,Unity Ads,IN,playable,624.05,77211,1308
2026-01-27,C027,Unity Ads,IN,playable,705.71,85748,1744
2026-01-28,C027,Unity Ads,IN,playable,884.48,106416,1993
2026-01-29,C027,Unity Ads,IN,playable,670.4,79629,1375
2026-01-30,C027,Unity Ads,IN,playable,692.72,86183,1590
2026-01-31,C027,Unity Ads,IN,playable,811.51,122446,1918
2026-02-01,C027,Unity Ads,IN,playable,631.95,80010,1276
2026-02-02,C027,Unity Ads,IN,playable,453.79,50734,935
2026-02-03,C027,Unity Ads,IN,playable,693.01,88047,1551
2026-02-04,C027,Unity Ads,IN,playable,794.76,87557,1598
2026-02-05,C027,Unity Ads,IN,playable,596.26,64448,1275
2026-02-06,C027,Unity Ads,IN,playable,887.68,101438,2056
2026-02-07,C027,Unity Ads,IN,playable,557.45,61780,1159
2026-02-08,C027,Unity Ads,IN,playable,839.38,108059,2053
2026-02-09,C027,Unity Ads,IN,playable,871.36,120695,2161
2026-02-10,C027,Unity Ads,IN,playable,882.59,126767,2036
2026-02-11,C027,Unity Ads,IN,playable,647.37,80087,1441
2026-02-12,C027,Unity Ads,IN,playable,863.91,107615,1794
2026-02-13,C027,Unity Ads,IN,playable,1119.59,122582,2204
2026-02-14,C027,Unity Ads,IN,playable,813.62,109521,1968
2026-02-15,C027,Unity Ads,IN,playable,1104.35,130255,2233
2026-02-16,C027,Unity Ads,IN,playable,676.83,70207,1430
2026-02-17,C027,Unity Ads,IN,playable,834.74,107639,1827
2026-02-18,C027,Unity Ads,IN,playable,961.27,121036,1920
2026-02-19,C027,Unity Ads,IN,playable,809.41,105860,1621
2026-02-20,C027,Unity Ads,IN,playable,573.61,72901,1430
2026-02-21,C027,Unity Ads,IN,playable,1008.06,113631,2019
2026-02-22,C027,Unity Ads,IN,playable,877.12,112982,2142
2026-02-23,C027,Unity Ads,IN,playable,684.67,76949,1354
2026-02-24,C027,Unity Ads,IN,playable,688.56,85626,1366
2026-02-25,C027,Unity Ads,IN,playable,596.46,67591,1350
2026-02-26,C027,Unity Ads,IN,playable,761.45,89710,1500
2026-02-27,C027,Unity Ads,IN,playable,565.77,54476,1096
2026-02-28,C027,Unity Ads,IN,playable,753.24,83138,1555
2026-03-01,C027,Unity Ads,IN,playable,741.93,97652,1577
2026-01-01,C028,Unity Ads,US,playable,1015.36,38636,664
2026-01-02,C028,Unity Ads,US,playable,605.27,25310,456
2026-01-03,C028,Unity Ads,US,playable,778.44,28991,471
2026-01-04,C028,Unity Ads,US,playable,992.88,37291,733
2026-01-05,C028,Unity Ads,US,playable,782.43,26196,503
2026-01-06,C028,Unity Ads,US,playable,874.92,28748,566
2026-01-07,C028,Unity Ads,US,playable,732.34,23041,458
2026-01-08,C028,Unity Ads,US,playable,774.01,23851,485
2026-01-09,C028,Unity Ads,US,playable,704.98,26127,443
2026-01-10,C028,Unity Ads,US,playable,657.19,25538,419
2026-01-11,C028,Unity Ads,US,playable,937.95,33379,654
2026-01-12,C028,Unity Ads,US,playable,907.47,31408,591
2026-01-13,C028,Unity Ads,US,playable,735.63,26089,478
2026-01-14,C028,Unity Ads,US,playable,647.38,26059,442
2026-01-15,C028,Unity Ads,US,playable,680.29,27464,521
2026-01-16,C028,Unity Ads,US,playable,757.07,35402,561
2026-01-17,C028,Unity Ads,US,playable,937.21,37741,649
2026-01-18,C028,Unity Ads,US,playable,1016.92,48079,789
2026-01-19,C028,Unity Ads,US,playable,655.9,26734,439
2026-01-20,C028,Unity Ads,US,playable,756.64,30907,532
2026-01-21,C028,Unity Ads,US,playable,1026.86,42708,763
2026-01-22,C028,Unity Ads,US,playable,818.16,32164,606
2026-01-23,C028,Unity Ads,US,playable,642.52,31147,517
2026-01-24,C028,Unity Ads,US,playable,953.38,42170,653
2026-01-25,C028,Unity Ads,US,playable,674.45,20425,412
2026-01-26,C028,Unity Ads,US,playable,721.27,28550,452
2026-01-27,C028,Unity Ads,US,playable,666.57,24329,428
2026-01-28,C028,Unity Ads,US,playable,772.66,30217,465
2026-01-29,C028,Unity Ads,US,playable,702.26,26502,501
2026-01-30,C028,Unity Ads,US,playable,836.97,28011,521
2026-01-31,C028,Unity Ads,US,playable,815.17,36051,647
2026-02-01,C028,Unity Ads,US,playable,950.35,35972,610
2026-02-02,C028,Unity Ads,US,playable,563.64,22237,443
2026-02-03,C028,Unity Ads,US,playable,752.48,30533,486
2026-02-04,C028,Unity Ads,US,playable,628.12,28644,483
2026-02-05,C028,Unity Ads,US,playable,685.34,25171,493
2026-02-06,C028,Unity Ads,US,playable,932.14,31072,641
2026-02-07,C028,Unity Ads,US,playable,647.08,24695,395
2026-02-08,C028,Unity Ads,US,playable,662.21,24071,411
2026-02-09,C028,Unity Ads,US,playable,872.82,29259,549
2026-02-10,C028,Unity Ads,US,playable,721.1,24139,451
2026-02-11,C028,Unity Ads,US,playable,838.65,33257,557
2026-02-12,C028,Unity Ads,US,playable,737.22,28690,580
2026-02-13,C028,Unity Ads,US,playable,539.29,27598,423
2026-02-14,C028,Unity Ads,US,playable,552.69,19575,397
2026-02-15,C028,Unity Ads,US,playable,830.33,29361,558
2026-02-16,C028,Unity Ads,US,playable,606.71,24833,382
2026-02-17,C028,Unity Ads,US,playable,661.2,27647,428
2026-02-18,C028,Unity Ads,US,playable,724.68,28626,532
2026-02-19,C028,Unity Ads,US,playable,549.67,18287,340
2026-02-20,C028,Unity Ads,US,playable,675.45,27547,465
2026-02-21,C028,Unity Ads,US,playable,689.17,28302,457
2026-02-22,C028,Unity Ads,US,playable,484.55,17375,313
2026-02-23,C028,Unity Ads,US,playable,774.11,31607,555
2026-02-24,C028,Unity Ads,US,playable,940.88,33118,595
2026-02-25,C028,Unity Ads,US,playable,642.31,19964,391
2026-02-26,C028,Unity Ads,US,playable,779.87,23512,477
2026-02-27,C028,Unity Ads,US,playable,1057.92,36688,742
2026-02-28,C028,Unity Ads,US,playable,591.21,21766,390
2026-03-01,C028,Unity Ads,US,playable,863.3,32433,651
2026-01-01,C029,Unity Ads,BR,video,535.36,72263,926
2026-01-02,C029,Unity Ads,BR,video,672.02,57046,947
2026-01-03,C029,Unity Ads,BR,video,827.47,101356,1388
2026-01-04,C029,Unity Ads,BR,video,726.79,67341,1088
2026-01-05,C029,Unity Ads,BR,video,566.76,53170,879
2026-01-06,C029,Unity Ads,BR,video,800.93,78254,1183
2026-01-07,C029,Unity Ads,BR,video,717.16,92427,1304
2026-01-08,C029,Unity Ads,BR,video,746.87,74024,1109
2026-01-09,C029,Unity Ads,BR,video,1033.96,140299,1877
2026-01-10,C029,Unity Ads,BR,video,665.49,94810,1239
2026-01-11,C029,Unity Ads,BR,video,726.3,82332,1304
2026-01-12,C029,Unity Ads,BR,video,982.42,89805,1381
2026-01-13,C029,Unity Ads,BR,video,652.23,79543,1043
2026-01-14,C029,Unity Ads,BR,video,690.17,75149,986
2026-01-15,C029,Unity Ads,BR,video,735.29,74890,1157
2026-01-16,C029,Unity Ads,BR,video,635.57,70706,1084
2026-01-17,C029,Unity Ads,BR,video,917.81,108831,1719
2026-01-18,C029,Unity Ads,BR,video,666.31,63037,1079
2026-01-19,C029,Unity Ads,BR,video,566.46,74951,1006
2026-01-20,C029,Unity Ads,BR,video,752.75,97442,1393
2026-01-21,C029,Unity Ads,BR,video,682.04,70952,1114
2026-01-22,C029,Unity Ads,BR,video,696.59,83032,1313
2026-01-23,C029,Unity Ads,BR,video,698.86,73986,1229
2026-01-24,C029,Unity Ads,BR,video,929.2,88331,1428
2026-01-25,C029,Unity Ads,BR,video,803.55,93734,1316
2026-01-26,C029,Unity Ads,BR,video,854.03,106818,1620
2026-01-27,C029,Unity Ads,BR,video,748.28,74768,1138
2026-01-28,C029,Unity Ads,BR,video,535.27,54766,879
2026-01-29,C029,Unity Ads,BR,video,777.28,87830,1237
2026-01-30,C029,Unity Ads,BR,video,900.18,120852,1689
2026-01-31,C029,Unity Ads,BR,video,947.17,126020,1675
2026-02-01,C029,Unity Ads,BR,video,636.09,79303,1086
2026-02-02,C029,Unity Ads,BR,video,700.71,63611,1025
2026-02-03,C029,Unity Ads,BR,video,783.09,83432,1359
2026-02-04,C029,Unity Ads,BR,video,638.06,57461,988
2026-02-05,C029,Unity Ads,BR,video,589.88,59999,898
2026-02-06,C029,Unity Ads,BR,video,856.63,94532,1502
2026-02-07,C029,Unity Ads,BR,video,843.63,72786,1185
2026-02-08,C029,Unity Ads,BR,video,711.68,69074,1111
2026-02-09,C029,Unity Ads,BR,video,806.59,80910,1381
2026-02-10,C029,Unity Ads,BR,video,529.08,71962,927
2026-02-11,C029,Unity Ads,BR,video,719.82,70283,1076
2026-02-12,C029,Unity Ads,BR,video,1035.08,96748,1572
2026-02-13,C029,Unity Ads,BR,video,801.45,97828,1336
2026-02-14,C029,Unity Ads,BR,video,732.35,79426,1342
2026-02-15,C029,Unity Ads,BR,video,600.84,88383,1136
2026-02-16,C029,Unity Ads,BR,video,676.65,69280,1032
2026-02-17,C029,Unity Ads,BR,video,601.3,65647,955
2026-02-18,C029,Unity Ads,BR,video,641.83,62980,996
2026-02-19,C029,Unity Ads,BR,video,686.63,84686,1174
2026-02-20,C029,Unity Ads,BR,video,823.62,79423,1243
2026-02-21,C029,Unity Ads,BR,video,1040.19,114739,1667
2026-02-22,C029,Unity Ads,BR,video,720.14,79930,1091
2026-02-23,C029,Unity Ads,BR,video,845.21,112554,1482
2026-02-24,C029,Unity Ads,BR,video,753.89,82998,1239
2026-02-25,C029,Unity Ads,BR,video,455.75,41795,657
2026-02-26,C029,Unity Ads,BR,video,816.27,102581,1349
2026-02-27,C029,Unity Ads,BR,video,1013.79,116190,1809
2026-02-28,C029,Unity Ads,BR,video,706.34,62539,1026
2026-03-01,C029,Unity Ads,BR,video,818.89,76281,1176
2026-01-01,C030,Unity Ads,BR,playable,562.17,52305,953
2026-01-02,C030,Unity Ads,BR,playable,932.7,90563,1664
2026-01-03,C030,Unity Ads,BR,playable,492.61,43904,901
2026-01-04,C030,Unity Ads,BR,playable,745.98,56927,1085
2026-01-05,C030,Unity Ads,BR,playable,736.74,59582,1126
2026-01-06,C030,Unity Ads,BR,playable,650.0,57602,952
2026-01-07,C030,Unity Ads,BR,playable,667.09,62731,1181
2026-01-08,C030,Unity Ads,BR,playable,907.1,91232,1492
2026-01-09,C030,Unity Ads,BR,playable,634.58,55900,1100
2026-01-10,C030,Unity Ads,BR,playable,533.46,41911,808
2026-01-11,C030,Unity Ads,BR,playable,712.84,69261,1123
2026-01-12,C030,Unity Ads,BR,playable,493.19,50505,802
2026-01-13,C030,Unity Ads,BR,playable,938.88,85774,1364
2026-01-14,C030,Unity Ads,BR,playable,601.88,58770,942
2026-01-15,C030,Unity Ads,BR,playable,881.81,86519,1440
2026-01-16,C030,Unity Ads,BR,playable,807.88,70154,1155
2026-01-17,C030,Unity Ads,BR,playable,731.08,66732,1277
2026-01-18,C030,Unity Ads,BR,playable,736.49,56919,1095
2026-01-19,C030,Unity Ads,BR,playable,511.8,50138,888
2026-01-20,C030,Unity Ads,BR,playable,672.83,63095,1161
2026-01-21,C030,Unity Ads,BR,playable,895.3,81741,1452
2026-01-22,C030,Unity Ads,BR,playable,687.54,62940,1210
2026-01-23,C030,Unity Ads,BR,playable,571.73,60399,946
2026-01-24,C030,Unity Ads,BR,playable,871.99,79581,1505
2026-01-25,C030,Unity Ads,BR,playable,848.61,65256,1286
2026-01-26,C030,Unity Ads,BR,playable,828.52,57970,1188
2026-01-27,C030,Unity Ads,BR,playable,647.12,63142,1217
2026-01-28,C030,Unity Ads,BR,playable,570.54,56765,984
2026-01-29,C030,Unity Ads,BR,playable,850.31,82688,1595
2026-01-30,C030,Unity Ads,BR,playable,937.3,80710,1483
2026-01-31,C030,Unity Ads,BR,playable,555.17,47722,892
2026-02-01,C030,Unity Ads,BR,playable,608.93,67183,1057
2026-02-02,C030,Unity Ads,BR,playable,576.92,51743,842
2026-02-03,C030,Unity Ads,BR,playable,486.86,45863,740
2026-02-04,C030,Unity Ads,BR,playable,526.33,52295,907
2026-02-05,C030,Unity Ads,BR,playable,767.18,78791,1365
2026-02-06,C030,Unity Ads,BR,playable,831.28,78539,1339
2026-02-07,C030,Unity Ads,BR,playable,843.78,68166,1277
2026-02-08,C030,Unity Ads,BR,playable,643.22,66295,1196
2026-02-09,C030,Unity Ads,BR,playable,779.71,62814,1227
2026-02-10,C030,Unity Ads,BR,playable,567.56,59389,1065
2026-02-11,C030,Unity Ads,BR,playable,820.15,69645,1333
2026-02-12,C030,Unity Ads,BR,playable,512.97,39559,817
2026-02-13,C030,Unity Ads,BR,playable,629.9,59824,927
2026-02-14,C030,Unity Ads,BR,playable,791.22,67289,1232
2026-02-15,C030,Unity Ads,BR,playable,854.67,91070,1567
2026-02-16,C030,Unity Ads,BR,playable,490.44,41238,832
2026-02-17,C030,Unity Ads,BR,playable,455.9,34752,662
2026-02-18,C030,Unity Ads,BR,playable,634.33,46046,913
2026-02-19,C030,Unity Ads,BR,playable,652.65,55036,1046
2026-02-20,C030,Unity Ads,BR,playable,636.63,59559,977
2026-02-21,C030,Unity Ads,BR,playable,639.98,57119,1002
2026-02-22,C030,Unity Ads,BR,playable,581.14,57347,1021
2026-02-23,C030,Unity Ads,BR,playable,807.83,84492,1365
2026-02-24,C030,Unity Ads,BR,playable,545.16,57005,917
2026-02-25,C030,Unity Ads,BR,playable,467.4,45150,844
2026-02-26,C030,Unity Ads,BR,playable,790.67,56386,1113
2026-02-27,C030,Unity Ads,BR,playable,731.35,59821,1027
2026-02-28,C030,Unity Ads,BR,playable,978.14,90407,1496
2026-03-01,C030,Unity Ads,BR,playable,890.31,103347,1679
2026-01-01,C031,Unity Ads,KR,video,934.61,57918,886
2026-01-02,C031,Unity Ads,KR,video,864.55,62152,897
2026-01-03,C031,Unity Ads,KR,video,948.65,67242,1029
2026-01-04,C031,Unity Ads,KR,video,763.34,57263,881
2026-01-05,C031,Unity Ads,KR,video,681.78,46610,788
2026-01-06,C031,Unity Ads,KR,video,630.15,39331,567
2026-01-07,C031,Unity Ads,KR,video,697.59,38696,661
2026-01-08,C031,Unity Ads,KR,video,652.03,36250,606
2026-01-09,C031,Unity Ads,KR,video,706.23,43778,673
2026-01-10,C031,Unity Ads,KR,video,900.76,52275,812
2026-01-11,C031,Unity Ads,KR,video,913.59,58248,848
2026-01-12,C031,Unity Ads,KR,video,975.53,54563,887
2026-01-13,C031,Unity Ads,KR,video,599.27,35231,607
2026-01-14,C031,Unity Ads,KR,video,534.19,40513,528
2026-01-15,C031,Unity Ads,KR,video,681.98,44192,749
2026-01-16,C031,Unity Ads,KR,video,583.07,38008,613
2026-01-17,C031,Unity Ads,KR,video,819.27,62194,943
2026-01-18,C031,Unity Ads,KR,video,973.62,64826,937
2026-01-19,C031,Unity Ads,KR,video,595.14,36248,559
2026-01-20,C031,Unity Ads,KR,video,857.17,52415,878
2026-01-21,C031,Unity Ads,KR,video,870.35,63579,984
2026-01-22,C031,Unity Ads,KR,video,705.04,51076,786
2026-01-23,C031,Unity Ads,KR,video,1133.58,93948,1227
2026-01-24,C031,Unity Ads,KR,video,602.89,42843,550
2026-01-25,C031,Unity Ads,KR,video,802.59,57498,766
2026-01-26,C031,Unity Ads,KR,video,835.55,58470,781
2026-01-27,C031,Unity Ads,KR,video,763.07,54979,855
2026-01-28,C031,Unity Ads,KR,video,485.98,28095,432
2026-01-29,C031,Unity Ads,KR,video,890.02,56358,793
2026-01-30,C031,Unity Ads,KR,video,828.28,61941,800
2026-01-31,C031,Unity Ads,KR,video,745.65,52059,870
2026-02-01,C031,Unity Ads,KR,video,546.63,33529,499
2026-02-02,C031,Unity Ads,KR,video,654.8,40152,641
2026-02-03,C031,Unity Ads,KR,video,1123.76,70716,1192
2026-02-04,C031,Unity Ads,KR,video,801.36,41194,706
2026-02-05,C031,Unity Ads,KR,video,811.55,45139,725
2026-02-06,C031,Unity Ads,KR,video,844.82,51229,847
2026-02-07,C031,Unity Ads,KR,video,991.51,54949,870
2026-02-08,C031,Unity Ads,KR,video,721.59,40774,628
2026-02-09,C031,Unity Ads,KR,video,531.42,42509,613
2026-02-10,C031,Unity Ads,KR,video,455.39,30088,453
2026-02-11,C031,Unity Ads,KR,video,672.64,38588,664
2026-02-12,C031,Unity Ads,KR,video,582.37,37316,536
2026-02-13,C031,Unity Ads,KR,video,633.76,44424,598
2026-02-14,C031,Unity Ads,KR,video,1006.11,58211,983
2026-02-15,C031,Unity Ads,KR,video,983.73,71674,998
2026-02-16,C031,Unity Ads,KR,video,555.75,29414,491
2026-02-17,C031,Unity Ads,KR,video,995.66,54474,927
2026-02-18,C031,Unity Ads,KR,video,689.77,36238,625
2026-02-19,C031,Unity Ads,KR,video,564.66,34558,587
2026-02-20,C031,Unity Ads,KR,video,646.02,47246,654
2026-02-21,C031,Unity Ads,KR,video,931.48,72052,1091
2026-02-22,C031,Unity Ads,KR,video,639.19,39491,561
2026-02-23,C031,Unity Ads,KR,video,763.37,46234,784
2026-02-24,C031,Unity Ads,KR,video,587.39,32942,518
2026-02-25,C031,Unity Ads,KR,video,894.35,75098,1047
2026-02-26,C031,Unity Ads,KR,video,776.46,50704,712
2026-02-27,C031,Unity Ads,KR,video,856.7,55038,746
2026-02-28,C031,Unity Ads,KR,video,489.09,30428,471
2026-03-01,C031,Unity Ads,KR,video,926.29,60834,1045
2026-01-01,C032,Unity Ads,JP,static,736.64,38974,488
2026-01-02,C032,Unity Ads,JP,static,664.07,45314,529
2026-01-03,C032,Unity Ads,JP,static,1027.83,68790,847
2026-01-04,C032,Unity Ads,JP,static,943.65,73005,810
2026-01-05,C032,Unity Ads,JP,static,699.64,44671,584
2026-01-06,C032,Unity Ads,JP,static,620.92,41613,511
2026-01-07,C032,Unity Ads,JP,static,583.26,34470,412
2026-01-08,C032,Unity Ads,JP,static,794.69,45403,559
2026-01-09,C032,Unity Ads,JP,static,541.55,38388,430
2026-01-10,C032,Unity Ads,JP,static,599.86,28604,397
2026-01-11,C032,Unity Ads,JP,static,881.9,58384,689
2026-01-12,C032,Unity Ads,JP,static,820.05,55658,585
2026-01-13,C032,Unity Ads,JP,static,530.53,35518,372
2026-01-14,C032,Unity Ads,JP,static,706.99,48501,508
2026-01-15,C032,Unity Ads,JP,static,916.35,45206,608
2026-01-16,C032,Unity Ads,JP,static,934.97,45877,610
2026-01-17,C032,Unity Ads,JP,static,896.95,66732,764
2026-01-18,C032,Unity Ads,JP,static,667.49,36273,462
2026-01-19,C032,Unity Ads,JP,static,871.63,54772,592
2026-01-20,C032,Unity Ads,JP,static,874.26,53299,602
2026-01-21,C032,Unity Ads,JP,static,872.0,44065,595
2026-01-22,C032,Unity Ads,JP,static,882.72,48568,643
2026-01-23,C032,Unity Ads,JP,static,487.41,29793,385
2026-01-24,C032,Unity Ads,JP,static,784.51,50031,667
2026-01-25,C032,Unity Ads,JP,static,965.98,59690,794
2026-01-26,C032,Unity Ads,JP,static,682.01,49424,582
2026-01-27,C032,Unity Ads,JP,static,554.47,36540,384
2026-01-28,C032,Unity Ads,JP,static,500.29,35667,388
2026-01-29,C032,Unity Ads,JP,static,835.54,47339,667
2026-01-30,C032,Unity Ads,JP,static,632.0,32468,418
2026-01-31,C032,Unity Ads,JP,static,853.29,62390,672
2026-02-01,C032,Unity Ads,JP,static,669.07,40206,491
2026-02-02,C032,Unity Ads,JP,static,695.87,37695,499
2026-02-03,C032,Unity Ads,JP,static,631.1,39680,428
2026-02-04,C032,Unity Ads,JP,static,532.11,38244,437
2026-02-05,C032,Unity Ads,JP,static,650.54,38532,523
2026-02-06,C032,Unity Ads,JP,static,681.28,43814,461
2026-02-07,C032,Unity Ads,JP,static,917.91,51842,687
2026-02-08,C032,Unity Ads,JP,static,649.18,42534,462
2026-02-09,C032,Unity Ads,JP,static,433.74,26959,303
2026-02-10,C032,Unity Ads,JP,static,533.41,38227,423
2026-02-11,C032,Unity Ads,JP,static,600.92,39201,469
2026-02-12,C032,Unity Ads,JP,static,507.71,31271,390
2026-02-13,C032,Unity Ads,JP,static,633.98,42308,461
2026-02-14,C032,Unity Ads,JP,static,947.28,55490,644
2026-02-15,C032,Unity Ads,JP,static,550.56,34953,434
2026-02-16,C032,Unity Ads,JP,static,674.43,43098,537
2026-02-17,C032,Unity Ads,JP,static,732.84,53690,576
2026-02-18,C032,Unity Ads,JP,static,565.4,27156,372
2026-02-19,C032,Unity Ads,JP,static,736.28,43391,557
2026-02-20,C032,Unity Ads,JP,static,985.08,46922,643
2026-02-21,C032,Unity Ads,JP,static,780.98,42689,524
2026-02-22,C032,Unity Ads,JP,static,649.04,40700,560
2026-02-23,C032,Unity Ads,JP,static,815.04,54534,635
2026-02-24,C032,Unity Ads,JP,static,848.68,57824,701
2026-02-25,C032,Unity Ads,JP,static,928.06,65696,762
2026-02-26,C032,Unity Ads,JP,static,544.67,31518,395
2026-02-27,C032,Unity Ads,JP,static,851.87,43770,582
2026-02-28,C032,Unity Ads,JP,static,903.57,54827,730
2026-03-01,C032,Unity Ads,JP,static,487.31,32770,390
2026-01-01,C033,AppLovin,IN,playable,818.7,75099,1700
2026-01-02,C033,AppLovin,IN,playable,796.17,73865,1608
2026-01-03,C033,AppLovin,IN,playable,884.57,80616,1816
2026-01-04,C033,AppLovin,IN,playable,895.51,95482,2240
2026-01-05,C033,AppLovin,IN,playable,848.94,90886,2090
2026-01-06,C033,AppLovin,IN,playable,1001.23,116509,2210
2026-01-07,C033,AppLovin,IN,playable,914.18,86687,1784
2026-01-08,C033,AppLovin,IN,playable,878.46,85398,1720
2026-01-09,C033,AppLovin,IN,playable,889.22,98159,1895
2026-01-10,C033,AppLovin,IN,playable,645.39,88464,1640
2026-01-11,C033,AppLovin,IN,playable,705.01,82501,1748
2026-01-12,C033,AppLovin,IN,playable,958.32,95961,2067
2026-01-13,C033,AppLovin,IN,playable,774.6,75821,1606
2026-01-14,C033,AppLovin,IN,playable,440.46,42737,882
2026-01-15,C033,AppLovin,IN,playable,753.7,76710,1501
2026-01-16,C033,AppLovin,IN,playable,903.45,125407,2326
2026-01-17,C033,AppLovin,IN,playable,819.63,113807,2037
2026-01-18,C033,AppLovin,IN,playable,593.18,57792,1215
2026-01-19,C033,AppLovin,IN,playable,807.28,102200,1827
2026-01-20,C033,AppLovin,IN,playable,847.61,110433,2102
2026-01-21,C033,AppLovin,IN,playable,487.48,57214,1194
2026-01-22,C033,AppLovin,IN,playable,987.71,111902,2010
2026-01-23,C033,AppLovin,IN,playable,831.2,74737,1726
2026-01-24,C033,AppLovin,IN,playable,500.8,54414,1084
2026-01-25,C033,AppLovin,IN,playable,427.16,39119,867
2026-01-26,C033,AppLovin,IN,playable,837.67,83751,1663
2026-01-27,C033,AppLovin,IN,playable,741.17,65778,1497
2026-01-28,C033,AppLovin,IN,playable,763.52,89843,1994
2026-01-29,C033,AppLovin,IN,playable,798.98,96520,2062
2026-01-30,C033,AppLovin,IN,playable,649.95,67366,1335
2026-01-31,C033,AppLovin,IN,playable,886.09,130654,2266
2026-02-01,C033,AppLovin,IN,playable,1032.56,124664,2511
2026-02-02,C033,AppLovin,IN,playable,960.0,110051,2006
2026-02-03,C033,AppLovin,IN,playable,929.37,104908,2037
2026-02-04,C033,AppLovin,IN,playable,593.22,65505,1149
2026-02-05,C033,AppLovin,IN,playable,880.79,98152,2266
2026-02-06,C033,AppLovin,IN,playable,1146.64,107288,2222
2026-02-07,C033,AppLovin,IN,playable,987.82,123212,2458
2026-02-08,C033,AppLovin,IN,playable,897.34,101248,2184
2026-02-09,C033,AppLovin,IN,playable,647.22,69218,1583
2026-02-10,C033,AppLovin,IN,playable,770.16,82331,1875
2026-02-11,C033,AppLovin,IN,playable,738.37,78023,1794
2026-02-12,C033,AppLovin,IN,playable,752.95,79164,1684
2026-02-13,C033,AppLovin,IN,playable,662.85,68158,1583
2026-02-14,C033,AppLovin,IN,playable,743.77,79324,1566
2026-02-15,C033,AppLovin,IN,playable,866.57,90772,1869
2026-02-16,C033,AppLovin,IN,playable,660.66,67164,1551
2026-02-17,C033,AppLovin,IN,playable,857.61,118938,2075
2026-02-18,C033,AppLovin,IN,playable,675.23,73831,1649
2026-02-19,C033,AppLovin,IN,playable,716.92,99548,1823
2026-02-20,C033,AppLovin,IN,playable,1042.18,123763,2401
2026-02-21,C033,AppLovin,IN,playable,965.12,88357,2041
2026-02-22,C033,AppLovin,IN,playable,661.16,71860,1595
2026-02-23,C033,AppLovin,IN,playable,871.24,86440,1783
2026-02-24,C033,AppLovin,IN,playable,747.34,74433,1470
2026-02-25,C033,AppLovin,IN,playable,616.96,64875,1252
2026-02-26,C033,AppLovin,IN,playable,721.07,86712,1706
2026-02-27,C033,AppLovin,IN,playable,688.35,66211,1447
2026-02-28,C033,AppLovin,IN,playable,1280.07,151730,3020
2026-03-01,C033,AppLovin,IN,playable,928.17,91001,1899
2026-01-01,C034,AppLovin,US,static,771.82,34699,486
2026-01-02,C034,AppLovin,US,static,663.81,29467,464
2026-01-03,C034,AppLovin,US,static,573.12,29230,421
2026-01-04,C034,AppLovin,US,static,550.81,26711,352
2026-01-05,C034,AppLovin,US,static,785.14,33013,507
2026-01-06,C034,AppLovin,US,static,1019.64,55046,787
2026-01-07,C034,AppLovin,US,static,1015.88,43286,677
2026-01-08,C034,AppLovin,US,static,830.44,42345,535
2026-01-09,C034,AppLovin,US,static,543.68,36200,429
2026-01-10,C034,AppLovin,US,static,772.84,39601,601
2026-01-11,C034,AppLovin,US,static,665.36,28925,437
2026-01-12,C034,AppLovin,US,static,715.77,36775,546
2026-01-13,C034,AppLovin,US,static,780.15,42936,603
2026-01-14,C034,AppLovin,US,static,643.2,26575,392
2026-01-15,C034,AppLovin,US,static,595.62,33233,465
2026-01-16,C034,AppLovin,US,static,766.03,44850,564
2026-01-17,C034,AppLovin,US,static,807.05,39976,534
2026-01-18,C034,AppLovin,US,static,842.71,34105,529
2026-01-19,C034,AppLovin,US,static,552.15,21108,333
2026-01-20,C034,AppLovin,US,static,977.68,49738,719
2026-01-21,C034,AppLovin,US,static,745.48,38345,543
2026-01-22,C034,AppLovin,US,static,722.04,37196,571
2026-01-23,C034,AppLovin,US,static,804.18,32071,497
2026-01-24,C034,AppLovin,US,static,783.08,39231,511
2026-01-25,C034,AppLovin,US,static,790.85,38555,523
2026-01-26,C034,AppLovin,US,static,472.08,22193,322
2026-01-27,C034,AppLovin,US,static,716.82,38748,530
2026-01-28,C034,AppLovin,US,static,747.97,34458,526
2026-01-29,C034,AppLovin,US,static,762.97,42480,538
2026-01-30,C034,AppLovin,US,static,895.94,37501,552
2026-01-31,C034,AppLovin,US,static,875.16,39905,547
2026-02-01,C034,AppLovin,US,static,813.76,40857,631
2026-02-02,C034,AppLovin,US,static,799.02,33236,506
2026-02-03,C034,AppLovin,US,static,705.26,36098,490
2026-02-04,C034,AppLovin,US,static,990.39,42419,639
2026-02-05,C034,AppLovin,US,static,882.5,45382,639
2026-02-06,C034,AppLovin,US,static,713.53,31634,502
2026-02-07,C034,AppLovin,US,static,691.99,28613,416
2026-02-08,C034,AppLovin,US,static,904.79,48603,579
2026-02-09,C034,AppLovin,US,static,739.39,41819,547
2026-02-10,C034,AppLovin,US,static,874.63,53294,701
2026-02-11,C034,AppLovin,US,static,797.46,46542,635
2026-02-12,C034,AppLovin,US,static,815.99,37498,573
2026-02-13,C034,AppLovin,US,static,925.15,47101,629
2026-02-14,C034,AppLovin,US,static,772.59,33756,510
2026-02-15,C034,AppLovin,US,static,726.3,39258,480
2026-02-16,C034,AppLovin,US,static,929.02,60537,752
2026-02-17,C034,AppLovin,US,static,829.44,46366,610
2026-02-18,C034,AppLovin,US,static,712.46,30961,432
2026-02-19,C034,AppLovin,US,static,812.04,34025,510
2026-02-20,C034,AppLovin,US,static,629.31,27755,390
2026-02-21,C034,AppLovin,US,static,777.12,41007,560
2026-02-22,C034,AppLovin,US,static,806.54,39278,491
2026-02-23,C034,AppLovin,US,static,991.22,53570,723
2026-02-24,C034,AppLovin,US,static,811.52,40147,489
2026-02-25,C034,AppLovin,US,static,819.13,44958,626
2026-02-26,C034,AppLovin,US,static,512.17,22911,364
2026-02-27,C034,AppLovin,US,static,859.99,42345,602
2026-02-28,C034,AppLovin,US,static,714.18,31439,442
2026-03-01,C034,AppLovin,US,static,1116.59,53265,780
2026-01-01,C035,AppLovin,BR,static,786.38,95387,1205
2026-01-02,C035,AppLovin,BR,static,667.07,68785,1070
2026-01-03,C035,AppLovin,BR,static,687.86,78936,1051
2026-01-04,C035,AppLovin,BR,static,909.75,96431,1409
2026-01-05,C035,AppLovin,BR,static,760.45,80770,1076
2026-01-06,C035,AppLovin,BR,static,932.71,102873,1608
2026-01-07,C035,AppLovin,BR,static,884.1,90577,1327
2026-01-08,C035,AppLovin,BR,static,596.8,58284,875
2026-01-09,C035,AppLovin,BR,static,1078.17,109580,1650
2026-01-10,C035,AppLovin,BR,static,997.79,119344,1644
2026-01-11,C035,AppLovin,BR,static,701.89,89935,1105
2026-01-12,C035,AppLovin,BR,static,488.06,68430,858
2026-01-13,C035,AppLovin,BR,static,673.4,77791,1219
2026-01-14,C035,AppLovin,BR,static,948.59,104664,1467
2026-01-15,C035,AppLovin,BR,static,815.95,99332,1317
2026-01-16,C035,AppLovin,BR,static,847.94,103260,1400
2026-01-17,C035,AppLovin,BR,static,716.26,85243,1081
2026-01-18,C035,AppLovin,BR,static,764.21,103641,1236
2026-01-19,C035,AppLovin,BR,static,660.87,101496,1212
2026-01-20,C035,AppLovin,BR,static,779.37,93899,1319
2026-01-21,C035,AppLovin,BR,static,1109.6,160675,2080
2026-01-22,C035,AppLovin,BR,static,600.03,59308,882
2026-01-23,C035,AppLovin,BR,static,1063.81,119847,1646
2026-01-24,C035,AppLovin,BR,static,687.13,89027,1093
2026-01-25,C035,AppLovin,BR,static,811.55,91978,1166
2026-01-26,C035,AppLovin,BR,static,791.99,104659,1296
2026-01-27,C035,AppLovin,BR,static,849.13,80001,1263
2026-01-28,C035,AppLovin,BR,static,667.86,84186,1120
2026-01-29,C035,AppLovin,BR,static,676.58,93110,1257
2026-01-30,C035,AppLovin,BR,static,919.16,109756,1369
2026-01-31,C035,AppLovin,BR,static,859.86,98299,1554
2026-02-01,C035,AppLovin,BR,static,1145.22,151743,2002
2026-02-02,C035,AppLovin,BR,static,712.36,87307,1077
2026-02-03,C035,AppLovin,BR,static,799.19,102759,1314
2026-02-04,C035,AppLovin,BR,static,676.82,86962,1172
2026-02-05,C035,AppLovin,BR,static,839.27,88002,1323
2026-02-06,C035,AppLovin,BR,static,496.85,54673,844
2026-02-07,C035,AppLovin,BR,static,994.72,139801,1839
2026-02-08,C035,AppLovin,BR,static,970.99,102492,1574
2026-02-09,C035,AppLovin,BR,static,616.23,55579,889
2026-02-10,C035,AppLovin,BR,static,680.0,77411,974
2026-02-11,C035,AppLovin,BR,static,930.58,91285,1441
2026-02-12,C035,AppLovin,BR,static,637.87,68567,1089
2026-02-13,C035,AppLovin,BR,static,1196.96,134307,1831
2026-02-14,C035,AppLovin,BR,static,980.63,96524,1450
2026-02-15,C035,AppLovin,BR,static,945.59,112679,1417
2026-02-16,C035,AppLovin,BR,static,732.47,89785,1349
2026-02-17,C035,AppLovin,BR,static,709.66,74978,1057
2026-02-18,C035,AppLovin,BR,static,654.04,78353,1117
2026-02-19,C035,AppLovin,BR,static,950.27,138789,1734
2026-02-20,C035,AppLovin,BR,static,471.29,45914,703
2026-02-21,C035,AppLovin,BR,static,571.04,67795,999
2026-02-22,C035,AppLovin,BR,static,785.25,84979,1347
2026-02-23,C035,AppLovin,BR,static,652.1,76668,1054
2026-02-24,C035,AppLovin,BR,static,837.65,120666,1433
2026-02-25,C035,AppLovin,BR,static,862.05,124942,1624
2026-02-26,C035,AppLovin,BR,static,946.67,119178,1594
2026-02-27,C035,AppLovin,BR,static,948.05,140948,1697
2026-02-28,C035,AppLovin,BR,static,612.38,93172,1113
2026-03-01,C035,AppLovin,BR,static,659.78,79355,1113
2026-01-01,C036,AppLovin,US,video,755.23,28643,502
2026-01-02,C036,AppLovin,US,video,636.63,24301,391
2026-01-03,C036,AppLovin,US,video,854.73,40379,637
2026-01-04,C036,AppLovin,US,video,566.92,18034,350
2026-01-05,C036,AppLovin,US,video,663.43,26211,510
2026-01-06,C036,AppLovin,US,video,504.79,18682,360
2026-01-07,C036,AppLovin,US,video,546.29,29408,425
2026-01-08,C036,AppLovin,US,video,900.15,33368,631
2026-01-09,C036,AppLovin,US,video,935.46,52038,752
2026-01-10,C036,AppLovin,US,video,745.54,27776,487
2026-01-11,C036,AppLovin,US,video,787.69,38891,625
2026-01-12,C036,AppLovin,US,video,756.31,29627,577
2026-01-13,C036,AppLovin,US,video,832.06,42637,671
2026-01-14,C036,AppLovin,US,video,843.99,37997,555
2026-01-15,C036,AppLovin,US,video,697.07,29613,472
2026-01-16,C036,AppLovin,US,video,1173.85,38889,733
2026-01-17,C036,AppLovin,US,video,772.88,28771,546
2026-01-18,C036,AppLovin,US,video,771.8,31065,492
2026-01-19,C036,AppLovin,US,video,526.19,20664,317
2026-01-20,C036,AppLovin,US,video,609.66,20092,367
2026-01-21,C036,AppLovin,US,video,619.66,27003,487
2026-01-22,C036,AppLovin,US,video,618.96,25712,421
2026-01-23,C036,AppLovin,US,video,1025.39,43950,793
2026-01-24,C036,AppLovin,US,video,788.2,33239,613
2026-01-25,C036,AppLovin,US,video,685.62,35440,543
2026-01-26,C036,AppLovin,US,video,673.02,30458,450
2026-01-27,C036,AppLovin,US,video,885.13,43879,649
2026-01-28,C036,AppLovin,US,video,551.23,22312,401
2026-01-29,C036,AppLovin,US,video,613.23,22409,387
2026-01-30,C036,AppLovin,US,video,958.61,47483,731
2026-01-31,C036,AppLovin,US,video,912.56,47176,732
2026-02-01,C036,AppLovin,US,video,556.41,26007,376
2026-02-02,C036,AppLovin,US,video,811.41,34312,556
2026-02-03,C036,AppLovin,US,video,724.01,34036,497
2026-02-04,C036,AppLovin,US,video,891.73,33841,598
2026-02-05,C036,AppLovin,US,video,820.13,31382,579
2026-02-06,C036,AppLovin,US,video,651.2,28748,457
2026-02-07,C036,AppLovin,US,video,1116.65,45983,671
2026-02-08,C036,AppLovin,US,video,837.68,31244,573
2026-02-09,C036,AppLovin,US,video,629.2,29210,487
2026-02-10,C036,AppLovin,US,video,861.55,34562,606
2026-02-11,C036,AppLovin,US,video,731.88,28607,447
2026-02-12,C036,AppLovin,US,video,759.68,28754,456
2026-02-13,C036,AppLovin,US,video,679.82,22673,432
2026-02-14,C036,AppLovin,US,video,723.34,28971,529
2026-02-15,C036,AppLovin,US,video,1081.74,49484,869
2026-02-16,C036,AppLovin,US,video,706.19,33837,523
2026-02-17,C036,AppLovin,US,video,639.62,24057,390
2026-02-18,C036,AppLovin,US,video,595.58,23610,397
2026-02-19,C036,AppLovin,US,video,729.03,26436,457
2026-02-20,C036,AppLovin,US,video,713.18,34091,545
2026-02-21,C036,AppLovin,US,video,555.06,18764,366
2026-02-22,C036,AppLovin,US,video,645.05,28192,457
2026-02-23,C036,AppLovin,US,video,650.4,28098,522
2026-02-24,C036,AppLovin,US,video,821.91,40511,651
2026-02-25,C036,AppLovin,US,video,694.31,25295,484
2026-02-26,C036,AppLovin,US,video,602.23,22104,387
2026-02-27,C036,AppLovin,US,video,607.07,21369,407
2026-02-28,C036,AppLovin,US,video,705.1,24326,436
2026-03-01,C036,AppLovin,US,video,709.06,29154,482
2026-01-01,C037,AppLovin,JP,static,842.57,57920,705
2026-01-02,C037,AppLovin,JP,static,1085.37,56040,731
2026-01-03,C037,AppLovin,JP,static,876.27,54469,663
2026-01-04,C037,AppLovin,JP,static,858.38,47543,672
2026-01-05,C037,AppLovin,JP,static,841.76,47284,680
2026-01-06,C037,AppLovin,JP,static,874.69,50540,711
2026-01-07,C037,AppLovin,JP,static,979.8,43464,694
2026-01-08,C037,AppLovin,JP,static,553.27,29537,379
2026-01-09,C037,AppLovin,JP,static,979.63,51381,712
2026-01-10,C037,AppLovin,JP,static,840.69,50211,664
2026-01-11,C037,AppLovin,JP,static,876.35,40163,589
2026-01-12,C037,AppLovin,JP,static,804.48,45617,625
2026-01-13,C037,AppLovin,JP,static,852.24,43071,606
2026-01-14,C037,AppLovin,JP,static,828.58,42149,650
2026-01-15,C037,AppLovin,JP,static,908.43,47988,655
2026-01-16,C037,AppLovin,JP,static,1043.59,52332,674
2026-01-17,C037,AppLovin,JP,static,944.95,55533,785
2026-01-18,C037,AppLovin,JP,static,961.93,55654,678
2026-01-19,C037,AppLovin,JP,static,754.97,35829,486
2026-01-20,C037,AppLovin,JP,static,764.03,42669,534
2026-01-21,C037,AppLovin,JP,static,1084.26,60524,885
2026-01-22,C037,AppLovin,JP,static,981.29,59335,810
2026-01-23,C037,AppLovin,JP,static,1078.19,56527,894
2026-01-24,C037,AppLovin,JP,static,566.29,31615,468
2026-01-25,C037,AppLovin,JP,static,914.3,56174,762
2026-01-26,C037,AppLovin,JP,static,588.24,37745,492
2026-01-27,C037,AppLovin,JP,static,834.93,45320,541
2026-01-28,C037,AppLovin,JP,static,803.64,40891,616
2026-01-29,C037,AppLovin,JP,static,943.96,48803,721
2026-01-30,C037,AppLovin,JP,static,813.48,55621,675
2026-01-31,C037,AppLovin,JP,static,893.41,44647,620
2026-02-01,C037,AppLovin,JP,static,993.35,43554,666
2026-02-02,C037,AppLovin,JP,static,621.92,34018,533
2026-02-03,C037,AppLovin,JP,static,721.94,32716,498
2026-02-04,C037,AppLovin,JP,static,669.88,35655,435
2026-02-05,C037,AppLovin,JP,static,605.33,33109,486
2026-02-06,C037,AppLovin,JP,static,743.97,35030,518
2026-02-07,C037,AppLovin,JP,static,801.88,40665,624
2026-02-08,C037,AppLovin,JP,static,870.77,40944,645
2026-02-09,C037,AppLovin,JP,static,598.42,31436,447
2026-02-10,C037,AppLovin,JP,static,547.92,23118,354
2026-02-11,C037,AppLovin,JP,static,617.81,36894,529
2026-02-12,C037,AppLovin,JP,static,649.51,37986,499
2026-02-13,C037,AppLovin,JP,static,370.51,24185,319
2026-02-14,C037,AppLovin,JP,static,660.14,38305,503
2026-02-15,C037,AppLovin,JP,static,723.81,39634,595
2026-02-16,C037,AppLovin,JP,static,822.26,51607,662
2026-02-17,C037,AppLovin,JP,static,727.6,34818,535
2026-02-18,C037,AppLovin,JP,static,634.62,34052,450
2026-02-19,C037,AppLovin,JP,static,647.02,29822,433
2026-02-20,C037,AppLovin,JP,static,865.24,54716,742
2026-02-21,C037,AppLovin,JP,static,698.4,39955,594
2026-02-22,C037,AppLovin,JP,static,922.58,47658,741
2026-02-23,C037,AppLovin,JP,static,796.64,46165,687
2026-02-24,C037,AppLovin,JP,static,913.43,50391,772
2026-02-25,C037,AppLovin,JP,static,643.02,35719,447
2026-02-26,C037,AppLovin,JP,static,877.72,48080,592
2026-02-27,C037,AppLovin,JP,static,706.23,33775,477
2026-02-28,C037,AppLovin,JP,static,793.02,54365,669
2026-03-01,C037,AppLovin,JP,static,561.38,34555,464
2026-01-01,C038,AppLovin,IN,video,674.9,86114,1659
2026-01-02,C038,AppLovin,IN,video,770.32,117804,1916
2026-01-03,C038,AppLovin,IN,video,1029.08,168893,2514
2026-01-04,C038,AppLovin,IN,video,505.37,66322,1265
2026-01-05,C038,AppLovin,IN,video,857.81,113428,1787
2026-01-06,C038,AppLovin,IN,video,601.96,80555,1498
2026-01-07,C038,AppLovin,IN,video,574.93,72846,1265
2026-01-08,C038,AppLovin,IN,video,401.75,48658,931
2026-01-09,C038,AppLovin,IN,video,1007.83,130127,2318
2026-01-10,C038,AppLovin,IN,video,1131.44,151067,2250
2026-01-11,C038,AppLovin,IN,video,695.08,78568,1457
2026-01-12,C038,AppLovin,IN,video,470.71,53536,925
2026-01-13,C038,AppLovin,IN,video,735.94,119751,1761
2026-01-14,C038,AppLovin,IN,video,780.94,136551,1978
2026-01-15,C038,AppLovin,IN,video,616.19,71152,1194
2026-01-16,C038,AppLovin,IN,video,1128.76,157669,2487
2026-01-17,C038,AppLovin,IN,video,1009.37,126146,2311
2026-01-18,C038,AppLovin,IN,video,910.36,111340,2017
2026-01-19,C038,AppLovin,IN,video,688.16,82614,1578
2026-01-20,C038,AppLovin,IN,video,927.4,115953,2056
2026-01-21,C038,AppLovin,IN,video,511.19,67825,1172
2026-01-22,C038,AppLovin,IN,video,727.5,99655,1552
2026-01-23,C038,AppLovin,IN,video,815.63,95082,1605
2026-01-24,C038,AppLovin,IN,video,975.39,140679,2520
2026-01-25,C038,AppLovin,IN,video,734.86,95769,1561
2026-01-26,C038,AppLovin,IN,video,593.47,106826,1547
2026-01-27,C038,AppLovin,IN,video,683.41,82971,1423
2026-01-28,C038,AppLovin,IN,video,673.37,88753,1449
2026-01-29,C038,AppLovin,IN,video,900.09,114966,2231
2026-01-30,C038,AppLovin,IN,video,865.33,122815,1969
2026-01-31,C038,AppLovin,IN,video,1063.58,144141,2416
2026-02-01,C038,AppLovin,IN,video,558.85,89465,1361
2026-02-02,C038,AppLovin,IN,video,1002.26,135714,2361
2026-02-03,C038,AppLovin,IN,video,748.0,97276,1610
2026-02-04,C038,AppLovin,IN,video,884.61,140472,2207
2026-02-05,C038,AppLovin,IN,video,761.74,89026,1566
2026-02-06,C038,AppLovin,IN,video,979.76,157454,2540
2026-02-07,C038,AppLovin,IN,video,949.52,122131,1872
2026-02-08,C038,AppLovin,IN,video,754.38,126065,1879
2026-02-09,C038,AppLovin,IN,video,594.03,70089,1154
2026-02-10,C038,AppLovin,IN,video,771.4,117008,1821
2026-02-11,C038,AppLovin,IN,video,940.98,131685,2066
2026-02-12,C038,AppLovin,IN,video,740.67,98595,1838
2026-02-13,C038,AppLovin,IN,video,625.92,106152,1551
2026-02-14,C038,AppLovin,IN,video,1007.88,108568,1961
2026-02-15,C038,AppLovin,IN,video,1231.92,128866,2468
2026-02-16,C038,AppLovin,IN,video,900.4,125725,2331
2026-02-17,C038,AppLovin,IN,video,655.16,82317,1458
2026-02-18,C038,AppLovin,IN,video,760.54,84062,1491
2026-02-19,C038,AppLovin,IN,video,741.4,81845,1470
2026-02-20,C038,AppLovin,IN,video,872.27,102251,1706
2026-02-21,C038,AppLovin,IN,video,479.63,69037,1168
2026-02-22,C038,AppLovin,IN,video,719.14,82881,1617
2026-02-23,C038,AppLovin,IN,video,662.88,73481,1413
2026-02-24,C038,AppLovin,IN,video,687.11,82578,1603
2026-02-25,C038,AppLovin,IN,video,579.81,65048,1166
2026-02-26,C038,AppLovin,IN,video,771.3,102406,1771
2026-02-27,C038,AppLovin,IN,video,867.46,101888,1699
2026-02-28,C038,AppLovin,IN,video,953.23,122652,2235
2026-03-01,C038,AppLovin,IN,video,846.11,128408,2043
2026-01-01,C039,AppLovin,KR,static,621.33,45320,605
2026-01-02,C039,AppLovin,KR,static,736.81,67681,804
2026-01-03,C039,AppLovin,KR,static,1057.38,95019,1243
2026-01-04,C039,AppLovin,KR,static,991.69,83856,1103
2026-01-05,C039,AppLovin,KR,static,604.97,47268,563
2026-01-06,C039,AppLovin,KR,static,629.72,38713,551
2026-01-07,C039,AppLovin,KR,static,932.97,63489,859
2026-01-08,C039,AppLovin,KR,static,742.43,67922,825
2026-01-09,C039,AppLovin,KR,static,747.29,66855,810
2026-01-10,C039,AppLovin,KR,static,554.73,39373,510
2026-01-11,C039,AppLovin,KR,static,705.36,56441,682
2026-01-12,C039,AppLovin,KR,static,558.48,43375,586
2026-01-13,C039,AppLovin,KR,static,823.01,67519,852
2026-01-14,C039,AppLovin,KR,static,878.91,65823,781
2026-01-15,C039,AppLovin,KR,static,700.69,42566,628
2026-01-16,C039,AppLovin,KR,static,915.64,57698,798
2026-01-17,C039,AppLovin,KR,static,1109.08,101416,1203
2026-01-18,C039,AppLovin,KR,static,895.03,64499,997
2026-01-19,C039,AppLovin,KR,static,724.74,56626,702
2026-01-20,C039,AppLovin,KR,static,848.52,69891,904
2026-01-21,C039,AppLovin,KR,static,841.47,47654,762
2026-01-22,C039,AppLovin,KR,static,802.68,62263,866
2026-01-23,C039,AppLovin,KR,static,664.14,43588,688
2026-01-24,C039,AppLovin,KR,static,1116.55,69333,1043
2026-01-25,C039,AppLovin,KR,static,727.0,41283,658
2026-01-26,C039,AppLovin,KR,static,830.01,58054,889
2026-01-27,C039,AppLovin,KR,static,860.89,61941,791
2026-01-28,C039,AppLovin,KR,static,470.22,38558,530
2026-01-29,C039,AppLovin,KR,static,1043.14,72468,1068
2026-01-30,C039,AppLovin,KR,static,703.27,50422,645
2026-01-31,C039,AppLovin,KR,static,696.81,43296,661
2026-02-01,C039,AppLovin,KR,static,993.03,76716,1152
2026-02-02,C039,AppLovin,KR,static,1066.05,84336,1130
2026-02-03,C039,AppLovin,KR,static,776.85,64512,767
2026-02-04,C039,AppLovin,KR,static,595.32,41286,561
2026-02-05,C039,AppLovin,KR,static,770.91,55532,725
2026-02-06,C039,AppLovin,KR,static,934.29,64934,853
2026-02-07,C039,AppLovin,KR,static,865.23,56742,792
2026-02-08,C039,AppLovin,KR,static,614.77,40767,639
2026-02-09,C039,AppLovin,KR,static,663.88,44444,712
2026-02-10,C039,AppLovin,KR,static,710.87,53313,746
2026-02-11,C039,AppLovin,KR,static,770.07,55788,684
2026-02-12,C039,AppLovin,KR,static,632.32,44156,699
2026-02-13,C039,AppLovin,KR,static,936.77,71394,1017
2026-02-14,C039,AppLovin,KR,static,979.19,89686,1111
2026-02-15,C039,AppLovin,KR,static,1083.4,79591,1044
2026-02-16,C039,AppLovin,KR,static,979.64,68679,905
2026-02-17,C039,AppLovin,KR,static,980.15,72797,1080
2026-02-18,C039,AppLovin,KR,static,671.56,53457,761
2026-02-19,C039,AppLovin,KR,static,705.35,44805,625
2026-02-20,C039,AppLovin,KR,static,640.93,49945,605
2026-02-21,C039,AppLovin,KR,static,1093.78,85754,1201
2026-02-22,C039,AppLovin,KR,static,968.84,77090,977
2026-02-23,C039,AppLovin,KR,static,668.74,54420,780
2026-02-24,C039,AppLovin,KR,static,1021.9,87530,1136
2026-02-25,C039,AppLovin,KR,static,829.32,56485,843
2026-02-26,C039,AppLovin,KR,static,589.51,44184,586
2026-02-27,C039,AppLovin,KR,static,692.21,44282,679
2026-02-28,C039,AppLovin,KR,static,827.1,55942,732
2026-03-01,C039,AppLovin,KR,static,1009.67,63699,980
2026-01-01,C040,AppLovin,BR,video,705.62,71734,1259
2026-01-02,C040,AppLovin,BR,video,785.43,70063,1181
2026-01-03,C040,AppLovin,BR,video,673.99,72212,1107
2026-01-04,C040,AppLovin,BR,video,1020.26,125404,1815
2026-01-05,C040,AppLovin,BR,video,762.91,70987,1310
2026-01-06,C040,AppLovin,BR,video,504.4,40598,727
2026-01-07,C040,AppLovin,BR,video,946.29,92160,1436
2026-01-08,C040,AppLovin,BR,video,756.65,78016,1374
2026-01-09,C040,AppLovin,BR,video,783.24,70184,1108
2026-01-10,C040,AppLovin,BR,video,587.41,53585,905
2026-01-11,C040,AppLovin,BR,video,1039.8,77245,1486
2026-01-12,C040,AppLovin,BR,video,656.55,62009,960
2026-01-13,C040,AppLovin,BR,video,729.72,61706,1184
2026-01-14,C040,AppLovin,BR,video,708.17,82166,1284
2026-01-15,C040,AppLovin,BR,video,777.16,76341,1262
2026-01-16,C040,AppLovin,BR,video,595.55,45625,853
2026-01-17,C040,AppLovin,BR,video,813.23,98423,1496
2026-01-18,C040,AppLovin,BR,video,981.27,77749,1486
2026-01-19,C040,AppLovin,BR,video,725.05,63059,1144
2026-01-20,C040,AppLovin,BR,video,1060.23,124026,1859
2026-01-21,C040,AppLovin,BR,video,622.76,55982,944
2026-01-22,C040,AppLovin,BR,video,758.24,65503,1215
2026-01-23,C040,AppLovin,BR,video,549.42,62929,1006
2026-01-24,C040,AppLovin,BR,video,879.0,88670,1427
2026-01-25,C040,AppLovin,BR,video,604.66,48143,918
2026-01-26,C040,AppLovin,BR,video,1079.6,88770,1674
2026-01-27,C040,AppLovin,BR,video,854.69,73659,1356
2026-01-28,C040,AppLovin,BR,video,1043.72,97545,1698
2026-01-29,C040,AppLovin,BR,video,680.9,67078,1220
2026-01-30,C040,AppLovin,BR,video,771.66,74650,1288
2026-01-31,C040,AppLovin,BR,video,780.71,64372,1196
2026-02-01,C040,AppLovin,BR,video,909.58,109051,1591
2026-02-02,C040,AppLovin,BR,video,626.54,49351,879
2026-02-03,C040,AppLovin,BR,video,859.92,77847,1385
2026-02-04,C040,AppLovin,BR,video,386.4,32355,581
2026-02-05,C040,AppLovin,BR,video,835.36,64405,1174
2026-02-06,C040,AppLovin,BR,video,742.07,62163,1156
2026-02-07,C040,AppLovin,BR,video,1214.01,109287,1988
2026-02-08,C040,AppLovin,BR,video,692.47,63968,1026
2026-02-09,C040,AppLovin,BR,video,979.13,83490,1420
2026-02-10,C040,AppLovin,BR,video,845.99,71869,1202
2026-02-11,C040,AppLovin,BR,video,632.25,60822,1087
2026-02-12,C040,AppLovin,BR,video,708.5,64617,1201
2026-02-13,C040,AppLovin,BR,video,666.22,56216,977
2026-02-14,C040,AppLovin,BR,video,700.15,66335,1073
2026-02-15,C040,AppLovin,BR,video,684.42,61409,1045
2026-02-16,C040,AppLovin,BR,video,950.28,81362,1426
2026-02-17,C040,AppLovin,BR,video,603.4,56578,871
2026-02-18,C040,AppLovin,BR,video,762.49,63376,1168
2026-02-19,C040,AppLovin,BR,video,711.38,62257,1215
2026-02-20,C040,AppLovin,BR,video,770.73,73899,1314
2026-02-21,C040,AppLovin,BR,video,954.78,79516,1469
2026-02-22,C040,AppLovin,BR,video,817.73,84270,1403
2026-02-23,C040,AppLovin,BR,video,813.35,77212,1158
2026-02-24,C040,AppLovin,BR,video,1017.12,96690,1660
2026-02-25,C040,AppLovin,BR,video,1001.72,100058,1899
2026-02-26,C040,AppLovin,BR,video,1017.35,105995,1758
2026-02-27,C040,AppLovin,BR,video,832.86,72270,1344
2026-02-28,C040,AppLovin,BR,video,962.66,81323,1420
2026-03-01,C040,AppLovin,BR,video,1020.87,84081,1478
